v -5.08831263 -7.39083862 -20.78617096
v -8.88568878 -9.30310249 -12.72115803
v 7.23590803 5.16499996 -18.57157516
v -6.36359024 6.33628798 -4.14839125
v -7.86727333 -4.13850403 24.09250832
v 0.66107661 -9.01688004 -19.20454597
v -12.64090729 1.07332098 -9.29502201
v 7.71992159 7.54401255 0.15096557
v 8.93090820 -1.26403546 12.69706726
v 4.68244219 -9.37256241 6.07661486
v -3.12997603 3.74854326 24.11680031
v 6.36273670 -12.80110741 12.66464615
v 5.99500942 -1.48732197 -24.15439034
v 12.74871063 3.07998872 6.90531969
v 2.95115590 -6.47877169 7.03129148
v 4.78447437 12.55664158 12.67262554
v 7.66014767 12.56557465 0.83899313
v -9.25065613 2.31868649 -7.28077602
v -9.25848579 7.52494097 0.38268366
v 0.34770262 1.65394628 7.63771343
v 0.34293476 -9.03851128 16.09384346
v 1.97740805 -5.41990471 24.11689949
v -6.98958540 -12.80010319 -12.70484638
v 12.73947620 -4.64244223 12.66845989
v -12.62489700 -12.80266285 2.13565087
v 8.94832325 -0.00647425 16.03085709
v 6.36238575 -4.10527992 -6.54361439
v -5.00123644 7.21558189 -16.01675415
v 8.55856323 -2.78623819 24.10154152
v -12.64085674 9.16222477 8.65412140
v -3.20054030 -8.38416004 -24.13416481
v 0.52120262 3.33499408 -7.67304564
v 9.56247425 -12.80331516 12.65977764
v -6.56424189 -6.10326481 12.69862366
v 9.66365337 12.58524895 -11.30184078
v 9.84096718 6.46281195 -12.72110748
v -1.77183783 -4.89182615 24.11680031
v 8.36308098 -3.30412841 16.01941490
v -5.63952732 -1.67246556 -24.15423965
v 9.48463249 -7.45839167 12.68341637
v -4.66397285 -7.67133951 20.69357491
v 6.70953608 5.77383089 24.09898186
v -10.85250664 -12.80241203 -12.69977760
v -7.98591805 3.66332412 -24.13546944
v 12.73922539 -3.74221969 -12.70484638
v 3.14016414 -12.80617619 -7.02883244
v 6.84825563 -5.84544897 24.10063934
v 12.74986553 12.56672955 3.66864395
v -2.15100837 12.55965233 12.67096996
v -9.32448292 -4.85368347 12.68361664
v -12.62564945 5.43917704 -5.27857542
v 12.75317764 2.16435838 -7.35199308
v -5.46030617 -12.81937599 -9.57286263
v 4.75365877 7.43545580 -24.13572121
v -12.64100742 -9.97261047 4.11857939
v 7.63078737 -4.78286839 -24.13953400
v 9.50641441 -2.56701684 -7.27701187
v -9.00704288 5.68113327 4.96033287
v -6.06692886 -9.74064159 -4.58854008
v -8.58270359 -2.28079462 20.16855812
v -1.13083649 -8.98792171 -12.73445702
v -12.64090729 5.85448265 9.30937576
v 0.31021217 -3.53920913 -7.67997169
v 12.76371670 6.15094328 8.82571411
v 9.36659050 -12.81947613 8.16122437
v 11.28397369 12.55960274 12.67132092
v 12.74620152 12.56893730 7.12323618
v -8.31309319 -3.23838210 -12.73340321
v -12.62444496 -2.22503567 7.35149097
v -3.50703859 -6.75927258 6.72895908
v 8.40684509 -3.29072809 -12.72974014
v -5.89026690 -6.71485615 -24.13647270
v -9.44518471 4.59345865 -12.72130775
v -9.55083084 12.58529854 4.81850147
v 12.75217342 -6.02336550 -4.90065956
v -7.84433746 9.31193542 -12.72095680
v 12.76386738 -10.98670959 3.59953499
v 2.90523386 -0.96737409 7.59660959
v 5.96549892 12.56517315 -4.88128710
v 3.74307275 7.99525261 -19.28519821
v 5.19611645 7.16820431 20.87384987
v 0.67156589 -2.93916106 -24.15449142
v 8.95183659 -0.94222993 -15.64405823
v 3.49840617 12.56597614 -6.85844421
v 3.47371364 8.11640644 17.97654533
v 3.75396347 -3.72876930 6.70286131
v 2.50167203 -8.68950367 -22.49753380
v -0.10920914 -2.61318994 7.61593199
v -3.90277100 12.58534908 9.84724140
v 0.78132713 8.78867531 -12.73445702
v -7.94401073 -4.03250694 -16.01088142
v -1.27397275 -5.74607658 -24.15439034
v 2.62207317 -0.31171781 -24.15439034
v 2.13048148 8.56031990 -22.49015617
v -7.57101345 -9.41331577 0.26022488
v 12.74494648 12.57004166 -3.04340148
v 9.54285049 0.94278198 -7.60489035
v -12.60808372 12.55362988 12.66068077
v 7.84795094 -4.44545412 20.80042458
v -6.04996538 1.53590405 7.42466545
v 9.20383072 8.75655460 12.68351650
v -3.15823174 5.85142136 -6.97894526
v 1.44536483 -1.77640498 24.11689949
v -12.62243748 -3.50688791 12.66504765
v 3.94046235 4.12721205 -24.15413857
v -5.83395576 -6.79375172 -15.94915104
v 12.74223614 -1.34759855 12.66815948
v 6.20830822 6.01468277 4.58738565
v -7.82260609 4.02859259 -20.84930801
v -2.21248865 8.47133636 24.10023689
v 8.96353054 -0.06860702 22.54757118
v 5.69724369 -12.80276299 -5.22627926
v 6.63811874 5.91997814 -12.73405552
v -9.81637573 -12.81947613 3.92826653
v -9.06134701 -12.81927490 -9.31193542
v 9.54531002 4.65800047 -5.98677826
v -2.51261306 12.56838512 7.16193104
v 6.72629881 12.58534908 9.32207394
v 12.74022865 2.21881247 12.66876125
v 5.08008146 0.85329676 24.11680031
v -12.62439537 12.56577587 9.88744164
v 6.57548380 12.58539867 -8.40824986
v -8.10948086 3.42834377 18.79320526
v -7.23691177 -7.43801546 2.29479718
v 7.10060120 -5.56956530 17.50477791
v 1.97274053 -6.70808077 -24.15439034
v -3.27988744 -3.46518183 6.84574652
v 6.90557051 -10.07549572 3.38186955
v 8.76207542 -1.93540061 19.28344154
v -8.68870068 -1.74870121 12.70519829
v 1.33811307 12.56216240 12.66901207
v 12.74494648 -5.02753496 -5.88444519
v 12.76371670 10.81863022 1.07322061
v -7.79620695 -4.30076218 -24.13431549
v -5.93413115 -6.68870831 24.09772873
v 8.78536320 1.59492517 19.32650375
v -12.62740612 2.42729354 7.21708775
v -3.20345116 -12.80773163 -6.98250866
v 6.26426792 6.09162140 -4.51436234
v -10.91097641 -12.81947613 -0.83467698
v 4.24179125 12.56768227 -12.70640278
v -3.19361424 -4.64540339 -6.95134211
v 9.28503513 6.96554518 2.83778119
v 8.88910103 -1.37294352 -24.13557053
v 12.75117016 -7.40278339 -2.39587569
v -12.62645245 3.03597379 -6.98597193
v -3.08023953 -8.45321846 15.90227509
v -9.86922359 12.56748199 -12.70409393
v 5.75777054 -6.96539450 -16.07707977
v -12.62128353 12.56958961 -6.53116798
v 3.00847077 12.56768227 7.05648613
v 3.08726597 -12.79679108 12.66514778
v 8.38230324 -3.28345084 -21.22205544
v -12.62429523 4.78833866 5.87064314
v 12.74379253 -12.80291367 9.60794449
v -1.27758622 9.20799637 -7.56288290
v -5.14181280 12.56989098 -5.63089514
v -6.61598587 5.79531097 -12.73887444
v -12.62253857 9.49848461 12.66534901
v -3.81162953 -4.31019735 -24.15439034
v 12.74605083 9.31093216 12.66489697
v 12.74439430 7.50842905 -0.78619534
v 0.38855565 6.33939934 -7.67871714
v 12.74720478 12.56968975 10.90154076
v 12.76361656 9.32709217 5.30949116
v -5.94321537 0.78955793 -7.63244343
v 0.46022415 8.80072021 16.06945229
v -6.00032902 -2.67467022 -7.24022436
v 6.16986418 0.71608269 7.60127687
v -4.07120228 -8.30958080 -6.45121861
v 8.75670528 -1.95432150 -18.31355858
v -1.06624448 8.73427105 -14.51703548
v -12.62188530 -12.80175972 -7.76418734
v -3.11180782 -12.79523563 12.66735649
v -9.72237301 12.58529854 8.14150047
v -12.60938931 -12.79302692 12.65380573
v -4.49473858 7.55078793 -12.73611355
v -7.19646025 12.56316566 2.40927601
v -12.62434483 -12.79960155 -4.43772507
v 10.03343868 12.58544922 3.47411513
v -2.06819820 -0.49711233 24.11680031
v 12.76361656 -8.84348011 6.46190834
v -5.28931570 12.58539867 -9.39856052
v -1.40792453 9.22942638 7.49854183
v -12.62675381 6.67099190 3.55316138
v -10.69371223 12.58534908 -3.00400400
v 3.13082910 -6.20569849 -6.98541975
v -12.64090729 -11.02691078 -2.72114420
v 3.10924816 -1.89565170 -7.42692375
v -8.76568890 1.25354624 12.69887447
v 1.22278094 12.56120872 -12.70750618
v 7.08002424 12.57310295 -12.69852257
v 9.56884766 12.58529854 -8.03414822
v -7.06983614 12.56783295 -12.70339108
v 12.75051785 -0.21028781 7.63133955
v 0.41590813 0.13329938 -7.65462685
v 1.58288002 6.55114269 -24.15439034
v -5.76228762 -12.80512238 -4.99927902
v -7.19691181 8.92995453 -2.41901231
v -1.46333218 5.17102242 -24.15449142
v -12.62319088 -12.80175972 6.19059181
v -8.61512470 -12.81947613 7.46928215
v 12.74720478 -12.80090618 -11.20261860
v 12.74479580 -12.80266285 -4.07983446
v 8.02626896 -4.12103891 -15.39648056
v 3.74984813 5.59777117 -6.73021364
v -9.25682926 -0.98940665 -7.63324642
v -4.61714745 -12.80923748 6.03049231
v -9.07565022 7.01748991 -2.76812029
v 10.73115253 -2.49549890 7.25578260
v -0.26378822 -8.97427082 -24.13441467
v 8.94511127 0.02278536 -20.92895699
v -9.55253696 -6.49182034 -4.22874212
v 8.81141090 12.58544922 6.48946142
v -9.44152069 -6.22160816 4.57117510
v 6.35867167 3.47125435 -6.76830626
v -5.85282660 -6.01016617 -4.88776112
v -6.04193497 6.41172028 12.69531059
v 7.34155369 -12.80366707 -2.38910031
v 4.44465113 -12.80155849 -12.70088196
v -1.54277980 12.58539867 -10.72944641
v 6.83786678 -9.11856079 -3.56159282
v 12.76371670 -9.60935020 -5.74768257
v 7.70416212 -12.80587482 0.68356085
v 6.64544582 -12.81942558 -9.07504845
v -12.62464619 0.95437539 7.57718658
v 12.70133305 -12.79759407 -12.69571209
v 8.52413464 2.75226092 -12.73455811
v 5.85006618 6.65277338 -21.05206871
v 1.98242688 9.20699215 7.39570665
v 6.64660025 5.88288927 17.72721291
v -5.86597586 -6.76775408 17.45639801
v -1.05846536 -8.97010517 -15.96516037
v 4.02457762 -8.08363438 24.09998703
v -6.67395306 5.70818472 20.34998703
v -3.43923450 8.08242989 12.69746876
v 3.57117891 4.28414965 24.11649895
v 6.76479292 9.61617565 -12.72110748
v 5.50371885 1.68295491 -24.15439034
v -9.04036808 -3.73178053 6.71621132
v -8.84327984 -8.87670517 12.68356705
v 9.98631191 12.58524895 9.57406807
v 12.76371670 9.34034157 8.83198738
v 12.74936295 5.15601635 -12.70113277
v 12.76371670 -9.32894897 -9.44618893
v -9.25958920 5.11837530 -5.58617783
v 8.68117237 2.00877547 -24.13787842
v 11.02670956 -12.81937599 -1.11798835
v -12.62549973 7.09974813 -2.57474589
v 12.76361656 9.70425510 -3.36048961
v 7.91841507 -4.34106302 12.69787025
v -12.62815952 -9.76086712 -12.69049263
v -12.62780762 12.56512356 6.60027695
v -8.84684277 -0.22976077 -12.73571205
v -1.43753552 -10.99900627 -7.53297091
v -0.07483034 5.53890038 24.11689949
v 5.09202623 8.96684265 -5.76775789
v -12.64090729 9.13166046 1.36772394
v -7.38546848 -4.99059629 -22.46541214
v 8.73793507 2.03452206 12.69797039
v -9.41421890 12.56186104 12.67001629
v 12.74710464 4.66066027 -6.01809597
v -12.64100742 10.64939594 -3.21112990
v -8.11269283 -3.66076446 16.44776917
v -6.92956018 5.41006804 -17.61845398
v 9.47740555 -5.86095715 -5.07767248
v -12.61942673 -0.52506709 -12.70559978
v -5.40640402 -9.36669064 5.32108450
v -6.33217239 6.04579973 -24.13913345
v 7.44885588 -5.09609175 -18.18552971
v 8.64358139 2.32320356 -17.67245674
v -12.62032986 -12.80311489 9.66621304
v -7.33196783 4.79235363 24.09963608
v -12.61972809 12.57004166 -9.63745499
v -6.77392721 12.56005383 -3.43496847
v -5.05292988 9.13938904 5.65905046
v -3.87707472 7.87530327 20.65789032
v -12.62203598 0.16787893 -7.65522909
v 12.74685383 -5.01127386 5.86974001
v 0.38243273 12.57034302 -7.68609476
v -12.62168503 -9.83705330 12.66344166
v 12.74770737 8.61979294 -12.70815849
v 4.78116179 7.43490362 15.85238838
v 12.74032974 -12.80462074 -7.78898001
v 12.74655247 -7.76559258 0.50213116
v 3.73745179 12.58529854 9.89220905
v 0.40014908 -9.03293991 24.10189438
v 8.38205147 -9.39725494 -12.72100735
v -12.64095688 -5.68841076 9.36478329
v 6.13327742 -6.19952536 -4.69544077
v 8.25111103 3.37178183 16.07963943
v -5.18100977 12.58534908 7.68142700
v -5.24891424 7.01106596 24.09888268
v -9.29000378 3.06412935 6.91490555
v 5.41262770 7.00127888 -16.16385460
v 12.74494648 -6.86526966 -12.70469570
v 12.76371670 1.80325556 9.37035465
v 2.42704248 -8.70661831 -16.02930069
v 12.75051785 7.16112804 2.42046785
v 7.19605875 8.82074547 2.69439411
v -2.01509929 -12.80738068 7.35204315
v -12.62640285 -7.70416212 1.11914265
v -9.45637703 -12.80206108 12.66339111
v -3.98347330 7.79409933 -24.13381386
v -6.51947403 -12.79613876 3.88691163
v 8.41311836 -12.80261326 -12.70319080
v 5.20023155 12.57014179 5.63641596
v 7.43124008 12.56662846 -2.07346797
v 4.32073689 7.68328428 24.10053825
v -5.99631405 4.01519203 -6.45257330
v -7.57623291 12.56386852 -0.68727475
v -6.78757858 6.77086592 3.38473034
v 8.57979298 -12.81947613 -7.52469015
v 8.23635578 3.40525723 -21.08318520
v -4.87832594 -9.42455769 -12.72120762
v -2.47908759 2.43452048 -7.23018646
v 12.73972702 2.17655420 -12.70514774
v 7.50105143 4.78733492 -15.51703167
v 12.76361656 -6.41483212 9.31675339
v 3.00671411 12.58539867 -9.91785526
v -5.42788458 1.07733607 24.11664963
v 8.94390678 -12.81942558 3.93629670
v -1.95577693 -1.30122483 -24.15449142
v 12.74454498 -6.92042637 3.46467972
v 0.73475260 -12.81927490 -9.33025455
v 7.95871592 12.56010437 12.67016697
v -8.77015591 -1.19869065 -24.13572121
v 6.38612461 -0.50193042 -7.65417528
v 1.18358409 -9.48257446 -7.55053663
v -6.19064236 -12.80271339 12.66439533
v 6.84624815 12.56452084 3.51170611
v -7.80333376 4.07436371 15.14267921
v -8.92092037 8.91539955 12.68341637
v -11.43574238 9.44066811 -12.72090626
v -9.17502308 -0.23698783 7.59706116
v -3.61213231 -8.22902870 -17.54974747
v -2.98267412 2.97785592 7.00398922
v -12.61957741 -6.90466738 -12.70559978
v 1.27713454 8.67103481 24.10023689
v -3.07522082 -8.43600368 24.09782791
v -4.92294312 7.26837969 -19.32028008
v 6.45809412 3.81027460 6.54762936
v 12.74504757 -8.19991970 12.66780758
v -12.64090729 9.43655205 4.93011999
v -6.22351551 6.19822073 16.09258842
v -8.75826168 1.15798819 -22.48824883
v 5.65709352 -12.80517197 5.20434713
v -12.62610149 2.87411737 -12.70319080
v 1.97535026 -8.85311699 12.69837189
v -5.22291660 5.16118526 5.51460934
v 12.76361656 -9.93341351 9.64227295
v 7.18220711 8.93090820 -2.78056693
v -8.24769878 3.09885931 -12.73937607
v -0.49400070 8.79765892 12.69761944
v 7.85537863 4.19752550 20.81984711
v -12.62655354 -6.67816877 3.91933322
v -7.48895597 9.03213692 1.14815140
v -5.79892445 1.11000848 -24.15423965
v -5.86798334 12.56692982 4.83024549
v 9.68162060 4.76038408 5.86527348
v 7.35299683 4.97584105 -24.13521767
v 3.99762630 -3.94713736 -24.15449142
v -10.03343868 12.58534908 1.33284330
v -1.54127407 10.60442734 -12.72115803
v 12.74389267 -12.80241203 2.65384221
v 9.25958920 -7.72654629 0.05179404
v -5.49227571 -12.81942558 9.35158443
v -3.92144108 -8.10636902 12.69736862
v -12.62484646 6.61764193 -12.70329094
v 12.76361656 -3.11075401 8.88920212
v 0.06459198 12.56938934 7.65131426
v -3.07431746 -12.79879856 -12.70444489
v 12.74670315 -2.49163437 -7.31063795
v -4.44535398 9.13447094 -6.19701624
v -1.27698398 8.70767212 19.12098312
v -8.50978088 2.23502302 24.09506798
v -4.93975592 -2.74438143 24.11680031
v 9.53321457 12.58539867 -4.65092373
v -5.78763247 12.56437016 12.67127037
v -8.71153641 1.42032099 -19.21824837
v -7.22908258 -12.80321503 -2.37243795
v 12.76361656 9.26139641 -9.90470600
v 9.76091766 10.24533272 -12.72105694
v -9.13336658 -4.05609560 -6.57523298
v 3.91842961 7.92002106 -12.73952675
v -1.16486394 -8.95650387 20.83891869
v 12.76386738 -11.09988403 -1.45294321
v -3.01609921 8.24769878 15.70870018
v -12.64090729 -8.63163662 7.53292084
v 5.40193748 -7.23294687 -24.13597107
v 3.72129107 -8.23836327 15.97394371
v -2.21680498 1.56410968 -24.15439034
v 2.16757035 9.20026684 -7.38220596
v 12.74389267 5.87912512 12.66795826
v -1.00978303 8.72242737 -24.13456535
v 7.33181763 -7.38295889 2.41309023
v -10.88101387 -7.71530390 -1.03874147
v 0.97555476 2.46252537 -24.15439034
v 12.74329090 -0.62830383 -12.70449543
v 12.74494648 6.59806871 -3.73479176
v -0.49826667 -6.27425528 -7.61392403
v 7.39590740 4.98944187 12.70012856
v -12.64095688 6.33081722 -9.06240082
v -2.07979155 -9.63379097 7.29954672
v -12.62680435 -5.13990593 -5.81453323
v -12.64095688 9.12242603 -5.97322750
v -12.64085674 -9.35298920 -7.79675913
v 0.30950952 -9.03891277 19.28444672
v -9.07384396 5.53358078 12.68371773
v -2.93891001 -0.19051373 7.59821558
v 7.10050058 -2.79301357 7.16870642
v 0.36496729 5.51591444 7.64212990
v 4.26773834 -7.96534061 -19.20876312
v 7.40127754 -7.45377445 -2.20827293
v 11.06751251 12.58524895 -0.61279571
v 3.76610899 6.17357826 6.68529510
v -7.16584539 -5.32028151 20.37347603
v -12.62705517 12.56512356 -0.46318525
v 2.85439348 8.37683201 12.69606400
v -12.64080620 9.62721634 -9.67625046
v 9.31233692 -5.76193619 5.13965464
v -12.61822224 2.83522177 12.66680431
v -8.22601700 3.15351415 -16.01304054
v -6.81834364 -5.80017948 -12.73581219
v 12.75192261 5.72384357 4.96510077
v -12.61782074 -6.82015038 12.66926289
v 5.41333008 7.03219509 12.69556141
v 4.49343395 -9.52282524 -6.24755526
v -12.62213707 -12.80065536 -11.18555450
v 9.52026558 0.88125145 7.57884264
v -2.61675310 -1.17194045 -7.60985899
v 5.34592772 -7.32509232 12.69490910
v 9.11851120 7.14963484 -2.41715550
v 12.74835968 12.56662846 -9.65200996
v -8.84132290 0.27066401 16.57810783
v -0.51648492 -6.29804468 7.57467747
v 1.38217807 8.68774700 20.89608383
v 5.81086922 -5.85106993 5.03601646
v 3.57368827 1.72712040 -7.40609550
v 2.16556287 -8.78531265 21.02692413
v -2.37926340 8.45106030 -20.82772827
v 0.79176623 1.90844965 24.11680031
v -1.81334341 -8.82536316 -20.77804184
v 6.92554522 -5.81754446 -12.73571205
v 1.31156349 -9.47379208 7.49558067
v -8.73251534 12.58524895 -9.37120724
v 8.47891521 2.75180912 24.10079002
v 6.61749125 -6.15239906 15.80882549
v -2.57288885 8.39906597 -17.66432571
v -7.40368652 12.58524895 9.90515804
v 12.73972702 12.54233742 -12.69541073
v -12.62931347 12.56366730 3.08616185
v 2.79321432 -12.80537319 7.14100266
v -8.79439640 -0.94975811 24.09647369
v -2.71798253 12.56833553 -7.17628479
v 12.76361656 5.43300390 -9.39595032
v 2.09158587 8.57291698 -16.08014107
v -12.61505985 -3.77418947 -12.70605087
v -8.78410816 12.58529854 -6.31495810
v 5.41624117 -7.23595810 20.79701233
v 6.34712839 -6.43039036 -21.01156616
v -8.59946632 -2.21580100 -19.14622879
v -5.70035553 -5.85282660 5.03757238
v 7.74371052 -10.91187954 12.68351650
v -12.62283897 6.09553576 12.66615200
v -8.79108429 0.92225510 20.74742699
v 12.73019123 -12.79307747 12.65696716
v 4.56901693 -7.83460093 -12.73787022
v -4.14036131 12.56271362 -12.70740604
v 1.90995526 -8.87284088 -12.73265076
v 12.73666573 -9.86184597 -12.70820904
v 0.15317383 -12.79945087 12.66605091
v -7.28639746 -7.45241928 -2.22749496
v -3.07732868 6.49237251 6.97382641
v 12.76371670 -0.20963536 -9.34992790
v -12.62499714 -4.93669462 5.95475864
v -8.84137249 -0.45359933 -15.96631527
v -7.57412529 -12.80306435 0.68973398
v 12.76371670 -5.93006611 -9.47886086
v -1.10202861 -8.97492313 12.69987774
v 0.68406272 -12.80005360 -12.70439529
v 8.99118423 -0.40541884 -12.73445702
v -12.62063122 -0.26564521 12.66675377
v 0.46203092 -12.81962681 9.34711742
v 5.11516285 9.21893692 5.72655344
v -4.37458849 4.06241894 -24.15439034
v 3.07532120 2.86714125 7.01964808
v 0.32516819 8.80639172 -19.20148468
v 12.76361656 8.47916603 -6.75681305
v -6.12850952 -1.97419596 7.38732529
v -9.36975193 -12.81947613 -5.60816002
v -7.03134155 -5.51205015 -19.22843552
v 12.74795818 12.56692982 -6.44183302
v -12.62590122 -2.65921235 -7.23701239
v -12.61852360 12.53797150 -12.69370461
v 12.74223614 -12.80492115 6.11751842
v 4.96379614 -2.89875960 24.11689949
v -12.64085674 -6.19114399 -9.38154602
v 6.02005291 -12.81947613 9.14395618
v -12.62831020 -6.98627281 -3.40821838
v -0.94905549 -7.35430145 -24.15439034
v 0.69374901 -7.58792686 -24.15423965
v -1.77249038 -8.82676792 -24.13431549
v 1.78011894 -8.86802292 -17.62698555
v 0.67016065 -9.01467228 -15.95868683
v 0.02238386 -9.03339195 -17.57489204
v -1.80912757 -8.82375622 -17.60791588
v -1.08401108 -8.96157265 -19.18969154
v -1.78202605 -8.82737064 -14.32320976
v 0.00165620 -9.02686787 -14.35824108
v 0.44812885 -9.05291557 -12.73480892
v -0.35533118 -10.97064972 -12.72125816
v -1.24963152 -12.79874802 -12.70469570
v -2.19788408 -10.75860500 -12.72120762
v -3.95200562 -10.93346024 -12.72110748
v -2.78653932 -8.61015606 -12.73380470
v -7.85813904 -7.57377386 -12.72150898
v -5.66100788 -6.97748995 -12.73365402
v -6.73267269 -9.07058144 -12.72115803
v -5.92780733 -12.81937599 -11.22791386
v -7.16062593 -12.81942558 -8.72368145
v -7.61000967 -12.81932545 -10.70445251
v -4.94070959 -12.79829693 -12.70650291
v -4.03878069 -12.81942558 -10.89953327
v 6.39977551 -12.80331516 -12.70098209
v 7.38973427 -12.81927490 -10.97361088
v 5.45799732 -12.81937599 -10.74415112
v 4.58673334 -9.61281300 -12.72115803
v 6.37237310 -9.11645317 -12.72105694
v 5.41031885 -11.14299488 -12.72090626
v 7.29176760 -11.01305866 -12.72090626
v 5.02924109 -7.51329708 -14.43116379
v 3.46929717 -8.35284233 -14.43688488
v 4.25664663 -7.97317028 -16.01078224
v 5.06176281 -7.49166632 -17.63080025
v 5.69784594 -7.01623535 -19.29332924
v 6.43952465 -6.33955002 -17.68389893
v 3.46001244 -8.35605431 -17.60510445
v 5.79320335 -6.93949747 -22.52498627
v 4.92951775 -7.57733727 -20.87791634
v 4.31642056 -7.94110012 -22.47504807
v -8.11786175 -3.64154243 -22.41863823
v -8.62029457 -2.12194943 -22.41557693
v -8.39710808 -2.86975098 -24.13391304
v -5.32153606 -7.21578264 -22.49115944
v -4.58758640 -7.69427538 -24.13607216
v -4.03702402 -8.02953148 -22.45663071
v -5.08203888 -7.39374924 -17.57097626
v -6.32926130 -6.31847095 -17.60028648
v -5.82527351 -6.79982424 -19.19516182
v -7.49477768 -4.83436108 -17.62317276
v -7.00564528 -5.54843616 -15.99261379
v -6.37312603 -6.27596188 -14.34619522
v -7.51977158 -4.79225349 -14.39256954
v -10.96522903 -6.17086792 -12.72115803
v -12.61912537 -5.19451046 -12.70304012
v -10.14611053 -4.57353401 -12.72135830
v -10.61381245 -3.01635027 -12.72140884
v -8.69713211 -1.81730819 -12.73531055
v -8.84087086 0.50960916 -14.40511608
v -8.77256489 -1.32827616 -14.37389946
v -8.58631706 -2.26061893 -15.95858574
v -8.28137493 -3.23752880 -14.40145302
v -8.73467255 1.33921719 -12.73470879
v -7.90817642 3.86011124 -14.37957096
v -8.54049587 2.22403193 -14.33665943
v -12.61852360 -2.15848637 -12.70650291
v -10.70480347 -1.33705902 -12.72140884
v -12.64090729 -4.59606838 -10.51273441
v -12.64085674 -4.36856604 -8.54275417
v -12.64090729 -2.66568661 -9.21878624
v -10.14932251 -11.12633324 -12.72100735
v -12.61139679 -11.28392315 -12.70715523
v -10.92854214 -9.51835918 -12.72105694
v -9.42696667 -12.81932545 -11.16844082
v -10.95624542 -12.81927490 -10.48267174
v -12.59899998 -12.79051781 -12.69445801
v -6.32880974 -11.19117546 -4.20435095
v -4.60801315 -12.80050468 -6.10085583
v -5.18944120 -11.10801411 -5.56821012
v -6.83801746 -9.05647850 -3.30995011
v -7.38165426 -9.42064285 -1.74558949
v -7.13698769 -11.00377369 -2.56912470
v -10.94861698 -3.34989977 -6.92424059
v -12.62630272 -3.96144080 -6.63555908
v -10.89346027 -4.69257975 -6.13834620
v -3.79401374 -6.28830814 -6.59937334
v -2.89830804 -7.74416208 -7.08022499
v -2.16621542 -6.25714111 -7.30215645
v -2.54127049 -9.51303864 -7.20770264
v -1.34157598 -8.00579262 -7.55184174
v -0.45962191 -9.45948792 -7.62411261
v 0.38634738 -7.83665848 -7.67916870
v -0.17299810 -12.80436897 -7.66817760
v 0.31247061 -11.17165279 -7.67279482
v 3.66347456 -12.81937599 -10.77060032
v 2.76259971 -12.81947613 -9.09226227
v 10.98670959 -12.81942558 -4.96188879
v 10.87122726 -12.81937599 -7.03445339
v 12.74278831 -12.80421925 -5.94030428
v 12.76386738 -11.11569309 -4.92434835
v 12.76386738 -10.96608257 -3.21168208
v 12.74389267 -12.80261326 -2.33489728
v 12.76371670 -11.19785118 -6.83289814
v 12.76371670 -11.13677216 -8.78922749
v 12.76371670 -9.64121914 -7.75028515
v 12.76361656 -11.08743763 -10.68513012
v 12.74022865 -12.80431938 -9.48990250
v 12.76361656 -9.41020393 -11.15885448
v 11.20517826 -8.06200314 -12.72090626
v 12.75076866 -8.34606743 -12.69802094
v 12.76371670 -6.21729183 -11.19187832
v 12.76371670 -7.75721121 -10.59343624
v 12.76371670 -7.54416275 -8.60323048
v 12.76371670 -5.38507414 -7.85427475
v 10.80949593 -4.84269238 -6.02160883
v 12.74735546 -3.87486649 -6.72158146
v 11.04502869 -3.40003777 -6.91199446
v 12.76371670 -2.07171130 -9.19881153
v 12.76386738 -1.15572977 -10.96086311
v 12.74630165 -0.94765019 -7.63926935
v 12.76386738 -2.91251111 -10.86118984
v 12.76361656 -3.88229442 -8.90942764
v 12.76371670 -4.55069828 -10.78736305
v 12.73842239 -5.21011877 -12.70655251
v 9.46515942 -7.74752474 -12.72100735
v 10.42269707 -9.56929970 -12.72100735
v 7.10446548 -5.56931448 -16.09805870
v 7.40594530 -5.15988064 -14.28777695
v 6.36840820 -6.40926123 -14.47181606
v 8.79881287 -1.96430898 -12.73330307
v 10.82269573 -1.23146343 -12.72125816
v 10.73075104 -2.92716622 -12.72115803
v 8.68619156 2.16215014 -14.25369930
v 8.91238880 1.13585532 -12.73546124
v 8.96267700 0.55006069 -14.43512917
v 7.82541656 4.27361012 -12.73887444
v 8.12338257 3.68841791 -14.47738743
v 7.17231989 5.25272846 -14.07804108
v 5.36203814 7.05026245 -12.73721790
v 5.24499941 8.93577671 -12.72120762
v 6.78642416 7.86983299 -12.72125816
v 2.84535956 8.33572865 -20.84845543
v 1.16471338 8.70400810 -20.86737633
v 2.04205012 8.58380795 -19.22246361
v 3.33885837 8.14747334 -24.13306046
v 3.78623438 7.97091150 -22.50465965
v 5.38617849 7.02150488 -22.55976677
v 6.71269798 5.81157207 -22.63801003
v 6.14221096 6.36524630 -24.13747787
v 6.76047707 3.05715299 -24.15439034
v 8.17281818 3.51180649 -24.13521767
v 7.20248270 1.35191476 -24.15423965
v 8.96232605 -0.83894295 -22.52333069
v 8.81908894 -1.67627990 -21.04815292
v 8.64905262 -2.50950146 -22.68132210
v 8.95745754 0.40506750 -24.13682365
v 8.93718147 0.88079977 -22.52333069
v 7.86120081 4.18874264 -22.53336716
v 8.56759739 2.58503437 -22.58099556
v 8.75314236 1.78483653 -20.98908234
v 7.21086407 5.20028210 -21.17502785
v 7.82536650 4.25744963 -19.89252472
v 6.60931063 5.92504740 -19.70883560
v 8.06907940 3.80199361 -18.28500175
v 8.56272888 2.58794522 -19.47320366
v 8.93025589 0.92601919 -19.41247559
v 8.00900459 -4.15044880 -22.61783409
v 7.49869251 -5.01729631 -21.11304665
v 7.09267139 -5.58718157 -22.59916306
v 7.47947073 -1.92119741 -24.15423965
v 8.39766026 -3.23261046 -24.13747787
v 6.64514494 -3.25414109 -24.15423965
v 4.96906567 -2.73334002 -24.15439034
v 3.26473069 -2.11823559 -24.15449142
v 4.36941910 -0.95909309 -24.15449142
v 3.77489209 2.31517339 -24.15423965
v 5.16906500 3.18508244 -24.15423965
v 4.03310919 0.68426347 -24.15439034
v 2.31135917 1.39522696 -24.15439034
v 2.42227459 3.28997540 -24.15423965
v -1.03949428 -2.70423102 -24.15449142
v -0.09917153 -1.19919252 -24.15449142
v 1.56576586 -1.50513875 -24.15449142
v 0.80712378 0.42449027 -24.15439034
v 1.22900426 4.48936844 -24.15439034
v -0.22494271 3.78603363 -24.15449142
v 0.05877017 5.66923904 -24.15449142
v -4.91596699 -0.20501806 -24.15423965
v -4.02101421 1.28692126 -24.15439034
v -2.97619987 0.00813046 -24.15439034
v -6.42888451 -3.43536997 -24.15413857
v -7.20920801 -1.93710709 -24.15423965
v -8.82305431 0.40933350 -24.13531876
v -6.94070196 -0.36260846 -24.15413857
v -7.37011099 1.16220403 -24.15413857
v -7.53648424 4.54286909 -22.47163582
v -6.30597448 6.11355352 -22.54491043
v -7.23380041 4.97117376 -24.13240814
v -6.91510630 5.42918968 -20.90687370
v -5.72690487 6.65538311 -20.93407631
v -7.45041180 4.66793776 -19.24725723
v -6.28755522 6.12845945 -19.26045609
v -9.83032799 6.36283731 -12.72105694
v -9.75303841 9.33452034 -12.72090626
v -8.95976639 7.84047318 -12.72100735
v -6.85628605 10.81436443 -12.72085667
v -5.64941454 12.56682968 -12.70469570
v -5.06828737 10.87383652 -12.72095680
v -12.64085674 5.71004152 -11.04839134
v -12.64090729 8.05161381 -9.28252506
v -12.64085674 7.46461487 -10.93270779
v -12.64090729 3.75556970 -11.08924389
v -12.62770748 4.73363352 -12.70203590
v -12.62464619 1.11312008 -12.70273876
v -11.08874226 1.89715743 -12.72125816
v -10.65265846 0.35141653 -12.72130775
v -12.64090729 -5.96278858 -7.49728727
v -12.64085674 -11.09290791 -6.79887104
v -12.64080620 -11.04287052 -8.81567669
v -12.62203598 -12.80050468 -9.50455761
v -12.64080620 -10.90821552 -10.87353611
v -12.64085674 -9.44287586 -9.93366432
v -12.62208652 -12.80070591 -6.00695419
v -12.64090729 -9.44538593 -5.84901237
v -6.66963673 -12.81962681 -6.87274742
v -7.66627026 -12.81967640 -5.35370684
v -8.75630379 -12.81942558 -7.37763929
v -10.83469009 -12.81937599 -6.70702696
v -10.74395084 -12.81942558 -8.52709484
v -10.78415108 -12.81947613 -2.78638864
v -8.86481094 -12.81952572 -3.71366262
v -9.17918873 -12.81957626 -1.83311749
v -12.62314034 -12.80095673 -1.42348278
v -12.64090729 -10.94605732 -4.71230364
v -12.62218666 -12.80201054 -2.97609949
v -6.66155624 -12.80426884 -3.68912077
v -7.05126619 -10.97672272 2.76174641
v -7.25196838 -12.80060482 2.35547447
v -7.29979753 -9.33326530 2.05670500
v -6.64067793 -8.90370655 3.66011190
v -6.21914911 -10.76989746 4.32083750
v -9.16920090 -12.81947613 2.07487321
v -8.22285557 -12.81947613 3.95817852
v -12.64095688 -11.06916904 1.25495148
v -12.64100742 -9.45923710 0.36100245
v -12.64095688 -11.08683491 -0.71096349
v -12.64095688 -11.26179028 3.10553432
v -12.64095688 -9.32453251 2.31703043
v -12.62474632 -12.80256271 4.14718676
v -12.64090729 -11.28753662 5.30296659
v -7.46983433 -12.81957626 5.71235037
v -5.65508604 -12.80301476 5.07556486
v -6.51962471 -12.81952572 7.23721313
v -4.83400965 -12.81957626 7.80222988
v -7.34592009 -12.81937599 9.06370544
v -4.03586960 -11.39503956 6.44348955
v -2.68686581 -11.08949471 7.13367510
v -3.28314972 -12.80717945 6.84865713
v -5.19285393 -11.07489014 5.53247643
v -3.91647243 -9.77517128 6.51390314
v -6.60755396 -6.77668762 3.75667381
v -5.67576313 -7.72298288 5.04781055
v -9.23404408 -7.55309629 1.61384594
v -9.45733070 -7.10782814 3.03266144
v -8.18656921 -6.87997484 3.54829311
v -10.87579441 -5.82010412 -5.10703278
v -12.62825966 -6.10963869 -4.81850147
v -11.21265602 -6.70918465 -3.88736343
v -12.64090729 -7.51992226 5.86833477
v -12.64095688 -6.58858299 7.39746332
v -12.62750721 -5.91054296 5.00560284
v -12.64095688 -10.79082584 7.21678638
v -12.64090729 -9.42300129 5.88780785
v -12.62248802 -12.80125809 7.84549189
v -12.64090729 -11.24392319 8.96312904
v -10.67223167 -12.81942558 7.10205650
v -10.95950794 -12.81932545 8.88322926
v -11.09356022 -12.80451965 12.66238785
v -10.75519276 -11.13621998 12.68341637
v -12.62329102 -11.34158897 12.66424465
v -12.64085674 -8.74787235 10.86655998
v -12.64090729 -7.57929468 9.18325329
v -12.64080620 -9.53070545 9.12182331
v -12.61852360 -8.29442406 12.66665363
v -12.64085674 -6.71420383 10.96116447
v -10.70972252 -6.12067986 12.68351650
v -10.55584526 -7.75746202 12.68336582
v -8.63535118 -6.75867033 12.68356705
v -5.27717018 -7.27495432 12.69912529
v -5.81137133 -6.81914663 14.26463985
v -6.17051697 -6.48404121 15.88084507
v -8.92152309 -10.94425106 12.68346691
v -7.73748732 -12.79217339 12.66835976
v -7.29171705 -10.30254650 12.68356705
v -5.75802135 -11.17396164 12.68336582
v -5.50386953 -9.25938892 12.68361664
v -4.61594296 -12.79573727 12.66805840
v -6.53628731 -12.81932545 10.91765118
v -4.44184065 -12.81937599 10.88643456
v -3.40606022 -12.81947613 9.04006672
v -2.50162196 -12.81937599 10.86666012
v -0.49651009 -12.80627632 7.63093805
v -0.50378734 -12.81942558 10.94886780
v -1.49655664 -12.81952572 9.25602627
v -1.09992063 -11.17064857 7.54998493
v 5.87415648 -9.76724148 4.95220280
v 6.40253592 -11.30766201 4.24445105
v 5.05639315 -11.23403645 5.77096987
v 5.70015478 -7.82044792 5.14382029
v 6.58145618 -8.47419739 3.95973444
v 3.73173022 -5.37769651 6.70496893
v 4.76414824 -4.85779905 6.00058031
v 4.64485121 -6.77874517 6.09578705
v -2.20947742 -6.37668896 7.25452805
v -1.30378437 -7.95158911 7.52087545
v -2.90493274 -8.26707077 7.04012442
v -4.63581753 -6.44389105 6.00529766
v -4.58226681 -4.76168871 6.05824614
v -3.15491939 -5.05232763 6.94100332
v -1.40461218 -4.64675808 7.50662231
v 0.37766486 -4.58462572 7.64212990
v -1.65464890 -3.04505777 7.44604540
v -6.03691626 -4.02332258 6.55796814
v -4.75682068 -2.86051655 7.13146687
v -7.49603271 -2.97338939 7.07661152
v -7.33492899 -4.89759779 5.94321537
v -9.09140968 -1.94935286 7.39113951
v -7.53573132 -1.05530357 7.58782673
v -12.62248802 -3.57494283 6.81196976
v -12.64100742 -4.89323187 7.83992100
v -12.64105797 -3.56836820 9.07319069
v -12.64095688 -4.61960649 10.88869286
v -12.64095688 -2.71672773 10.87358570
v -12.61897469 -1.92566419 12.66675377
v -12.64100742 -1.69575286 9.24021721
v -12.64090729 -0.77751285 10.95152760
v -12.62429523 -0.65038657 7.63465214
v -8.39635563 2.75316429 12.69390583
v -10.25306129 3.93303442 12.68376732
v -10.64307213 2.29529905 12.68376732
v -8.37226486 2.76887321 14.22499180
v -7.80599403 4.11155319 12.70700455
v -8.80890083 0.83678490 14.51397419
v -8.56905270 2.09364343 15.81389427
v -8.77291584 -1.27693379 18.30402374
v -8.68011856 -1.82749641 16.50136948
v -8.32518864 -3.11045289 18.29222870
v -8.83555126 -0.70734996 20.31480598
v -8.83871269 0.40516788 18.64394569
v -8.75509930 -1.40134990 22.15796089
v -8.84719467 0.21796657 22.36684418
v -8.47926617 -2.59748101 24.09326172
v -8.33246613 -3.09087944 22.17005539
v -7.03922129 -5.47400761 24.09647369
v -5.23034477 -4.76635647 24.11664963
v -6.46657610 -3.49629831 24.11664963
v -7.62546730 -4.63280582 22.18947983
v -6.63194561 -5.98778200 22.31208801
v -2.91451883 -8.51735878 20.71224403
v -2.27783346 -8.71299171 22.39258957
v -3.88460302 -8.10471249 22.36388206
v -4.18879271 -7.94692183 17.46512985
v -3.68786597 -8.19766140 19.17518616
v -2.58879852 -8.62852573 17.62849236
v -1.66483700 -8.86139774 19.19119644
v -1.38885307 -8.91951561 15.96480942
v -2.40641522 -8.68112278 14.30780220
v -0.52039957 -8.99379349 14.41008472
v 2.04265237 -8.81597710 16.15723038
v 1.03226721 -8.96900082 17.79175377
v -0.80772603 -8.98716927 17.66954613
v 1.26428640 -8.93321705 14.40396214
v 2.90980101 -8.55846310 14.40767574
v 3.58789134 -8.33101082 12.69952679
v 4.51140118 -7.83771276 14.27824116
v 6.07596254 -10.94043636 12.68341637
v 6.71204567 -9.03921413 12.68351650
v 4.90889025 -9.38962650 12.68351650
v 8.02687168 -12.80125809 12.66304016
v 9.48322773 -10.93376160 12.68336582
v 4.71927977 -12.80542374 12.66133308
v 3.51416516 -12.81947613 10.69827938
v 5.29167414 -12.81942558 10.81747627
v 7.23023701 -12.81932545 10.89105129
v 7.77733660 -12.81942558 9.03670406
v 9.12774563 -12.81922531 10.48277187
v 11.14194107 -12.80115700 12.66640282
v 12.74248791 -9.82806873 12.66760731
v 11.13938141 -10.95935726 12.68336582
v 10.72487926 -9.17602634 12.68331623
v 12.74845982 -11.37667084 12.66454601
v 12.76361656 -9.13532352 11.11077499
v 10.99027348 -12.81932545 6.99917126
v 12.74379253 -12.80301476 7.82717323
v 10.92191696 -12.81937599 9.01472187
v 5.91179752 -12.81967640 7.22401333
v 7.69678450 -12.81957626 7.18411398
v 9.45341587 -12.81947613 -0.03934741
v 9.28197289 -12.81942558 1.96471047
v 7.37096405 -12.80818367 2.30277705
v 12.74504757 -12.80271339 -0.56044960
v 10.85356140 -12.81942558 -3.11501980
v 12.76371670 -11.38169003 5.28309202
v 12.74188519 -12.80512238 4.29760027
v 12.76386738 -11.01988411 2.00260234
v 12.74760628 -12.80110741 1.07412398
v 11.03002167 -12.81937599 1.00892973
v 12.76371670 -9.30726814 -2.16220021
v 12.76371670 -9.07248878 -3.89443994
v 7.85116291 -2.93820739 -7.14045048
v 7.88122559 -1.17349625 -7.60910606
v 6.36730385 -2.41725588 -7.31666040
v 11.05988407 -1.52225292 -7.52228117
v 11.13546753 0.30509299 -7.64975834
v 9.51765633 -0.82629555 -7.64875460
v 7.89683437 0.62534273 -7.64473963
v 11.12327099 2.11015534 -7.34511709
v 12.74820900 0.65510422 -7.64604473
v 12.76371670 3.48274755 -8.96192455
v 12.76371670 4.99431038 -7.76373529
v 12.74845982 3.41283560 -6.81011295
v 12.76371670 1.65339410 -9.24257565
v 12.76371670 2.53579998 -10.86726189
v 12.76386738 0.70614547 -10.97707367
v 11.24583054 3.71777797 -12.72110748
v 12.75242519 3.63471675 -12.69741917
v 10.52508068 2.23652887 -12.72130775
v 11.15017223 5.54537487 -12.72100735
v 9.65903568 4.27069950 -12.72135830
v 11.28015900 7.49974632 -12.72090626
v 12.74820900 6.80930996 -12.70419407
v 9.82385349 8.35188866 -12.72105694
v 11.34138870 9.40613842 -12.72105694
v 8.43319321 5.68088245 -12.72140884
v 8.27695847 7.31846762 -12.72125816
v 8.31685734 9.12398148 -12.72110748
v 5.62055635 12.56462097 -12.70926285
v 6.68730307 11.12176609 -12.72100735
v 5.05629253 10.74410057 -12.72100735
v 3.55275989 9.60382938 -12.72125816
v 2.66884828 12.56878662 -12.70434475
v 1.93801045 12.58534908 -11.17491531
v 3.88204336 12.58534908 -11.18013477
v -0.15186895 12.56261349 -12.70861053
v -1.42523944 12.56607628 -12.70188522
v 0.06188183 12.58534908 -11.16251850
v 0.92069924 12.58544922 -9.80608654
v -0.55854249 12.58549976 -9.25778294
v 1.86117256 12.58544922 -8.79223824
v 0.45912001 9.25687885 -7.67314625
v 1.28039682 10.91639614 -7.54878044
v -0.44441491 10.84191704 -7.62230587
v -0.51799059 7.65633297 -7.61412525
v 1.34815061 7.65984631 -7.53718662
v 2.13359308 5.93478346 -7.40052462
v 3.09258580 7.43445206 -7.03274679
v 4.71486330 7.07756472 -6.08037901
v 3.71933389 9.05201149 -6.73774195
v 5.05835009 2.58147097 -7.19736385
v 4.97383356 0.71663475 -7.64097548
v 6.38527155 1.41856444 -7.49899387
v 0.53033680 1.81565201 -7.66501570
v 2.00997996 0.68566877 -7.64112616
v 2.26132154 2.23828530 -7.34597063
v -1.07909262 2.72259974 -7.58255672
v -1.02875400 0.97028500 -7.60514116
v 0.39226958 4.86096096 -7.67997169
v -1.38313162 4.35371065 -7.54787683
v -1.43025827 6.00459528 -7.54531717
v -2.20757031 7.56935740 -7.29603338
v -4.37413692 4.38036013 -6.22928715
v -4.20796442 2.95030284 -7.02065182
v -2.96761775 4.10246897 -7.05272198
v -2.87838340 9.22972775 -7.08554459
v -3.78036237 7.71881723 -6.61568451
v -9.16232491 12.58544922 -1.74308014
v -7.29282141 12.56798363 -2.22970319
v -8.75600243 12.58534908 -3.30844450
v -9.46671581 12.58509827 -10.99408722
v -7.84328365 12.58524895 -10.95740032
v -8.43339443 12.56858635 -12.70293903
v -12.62675381 12.56728077 -11.26440048
v -12.64070606 9.29482174 -11.35453796
v -12.64075661 11.00814056 -10.77496624
v -12.62851048 12.56557465 -8.02702141
v -12.64095688 11.01195431 -8.70732021
v -12.64095688 10.88126469 -6.76925993
v -12.64095688 10.67378712 -4.91175127
v -12.62805843 12.56226254 -5.13343143
v -12.64100742 7.33548117 -5.57267714
v -12.64095688 7.69477701 -7.45417595
v -12.64100742 6.03706694 -7.07234526
v -11.00271988 5.75656605 -4.91129923
v -9.53371620 6.24318886 -4.24605703
v -10.97004700 6.71169424 -3.42207026
v -4.24515390 -0.07879519 -7.63555527
v -2.62518477 0.67623341 -7.64303350
v -4.20756292 1.59527647 -7.44624615
v 0.44657302 -1.79989302 -7.67791414
v -1.05826461 -0.86037326 -7.62376118
v -1.13826430 -2.72049189 -7.58426332
v 1.76325572 -3.05966258 -7.46993494
v 1.68757224 -0.99121344 -7.59896803
v 2.28817225 -4.75436163 -7.35525513
v 3.25469327 -3.39647436 -6.93272209
v 0.50198060 -4.95471191 -7.67324638
v 1.33555341 -6.32208443 -7.53016043
v 4.47601843 -12.80607605 -6.28022766
v 5.00389624 -11.12091255 -5.84153414
v 3.56329918 -11.12151527 -6.82125473
v 7.57803965 -12.81962681 -5.65327883
v 9.40749359 -12.81957626 -5.80364227
v 6.68865776 -12.80451965 -3.85273361
v 7.63675976 -11.07840347 -1.03121328
v 7.70115089 -9.42741776 -0.23272185
v 7.17482948 -10.97561836 -2.80796957
v 7.66481495 -12.80426884 -0.87447608
v 7.68719864 -11.16839027 0.62218088
v 11.01059914 -7.71791363 0.95046073
v 7.65738726 -7.71510315 0.93349719
v 9.33276367 -7.50075006 1.86754644
v 10.88814068 -7.26556921 2.70774412
v 12.74645233 -7.48539257 2.08370614
v 11.27835274 -3.92500424 6.62491894
v 10.93767643 -5.27089643 5.62321663
v 9.60327721 -4.12856674 6.49372768
v 7.97261810 -4.38216686 6.33167028
v 8.84252739 -2.62879825 7.21643496
v 8.93883801 -6.84981155 3.60450363
v 10.90098858 -6.50562239 4.16716146
v 6.73437929 -6.78250933 3.73805404
v 7.65819025 -5.91656542 4.95551491
v 7.73051119 -1.04938138 7.59209251
v 9.50124454 -0.91322124 7.60599470
v 11.25396061 -0.93841559 7.59435081
v 11.12783813 0.71553063 7.59164095
v 12.76371670 3.14086676 8.69211388
v 12.76371670 0.26961005 9.32408142
v 12.75011635 1.49158800 7.45372391
v 11.17180347 2.37519836 7.22205639
v 9.64668941 2.77364087 7.06908321
v 11.10244370 4.03351068 6.40574789
v 3.14192057 0.83643353 7.59078741
v 4.60143852 1.67050827 7.38847971
v 4.53057289 -0.17068946 7.59746265
v -12.64100742 6.82090330 6.33683968
v -12.64100742 7.78953218 4.88836336
v -12.62499714 5.79792070 4.86602974
v -12.64095688 8.85432148 3.17941117
v -12.62529850 7.25447750 2.04089594
v -11.17019749 12.58524895 4.02332258
v -12.62825966 12.56462097 4.85619307
v -11.10640812 12.58524895 5.72504807
v -11.14610672 12.58534908 7.44674778
v -9.54239941 12.58529854 6.43877172
v -9.84573555 12.58524895 3.08882165
v -11.29938126 12.58519840 2.21575093
v -8.29613018 12.58524895 3.67080212
v -8.68870068 12.58529854 1.88902688
v -7.78039789 12.58524895 5.29312992
v -6.61071587 12.57044315 3.73619699
v -12.62514782 12.56381798 -3.58422780
v -12.64095688 10.82199287 -1.42799973
v -12.62294006 12.56647778 -2.09389448
v -11.15107536 12.58524895 0.29515576
v -10.90615845 12.58534908 -1.32621849
v -12.64090729 10.85707378 3.92214370
v -12.64085674 10.88839149 5.82447052
v -10.89516735 7.49773884 -0.20265923
v -10.90174198 7.28037453 -1.85379493
v -9.22405624 7.42712450 -1.25143826
v -7.58913136 7.54551792 0.36004886
v -7.32996035 7.26551914 2.04621577
v -9.03429508 7.24629688 2.11477256
v -6.93543243 8.99650383 3.04495740
v -7.31003571 10.69883156 2.01555085
v -7.57407475 10.77873039 0.25164273
v -7.54712391 12.56406879 0.88250613
v -8.03304482 6.34331417 -4.08992243
v -7.39470291 5.45272779 -5.23395824
v -6.49151945 8.24905396 -3.95682359
v -7.55681038 9.24106979 -0.74082536
v -7.06125355 7.01583385 -2.81579900
v -7.47791481 7.43334770 -1.33746052
v -7.35580730 10.85561848 -1.89003062
v -9.25878620 12.58544922 -0.07412770
v -7.24634743 5.10020685 5.57046890
v -7.74325895 3.83255792 6.53317547
v -9.19519806 4.50301981 6.06426859
v -3.98934531 7.92960691 6.45939922
v -4.29172802 6.03561115 6.24981403
v -5.24274111 7.24509239 5.49016809
v -6.11370373 9.68523407 4.48711014
v -4.79666996 12.56813431 5.90582514
v -5.37774658 10.98610783 5.34652996
v -6.45126867 12.58524895 6.45372772
v -8.05808830 12.58539867 7.01663685
v -8.28990650 12.58524895 8.64403343
v -6.72168159 12.58539867 8.22295570
v 7.64509106 12.58544922 7.84649563
v 6.89227057 12.58554935 6.30828285
v 5.77950191 12.58544922 7.56870508
v 6.07410574 12.57039261 4.68595505
v 6.22923660 10.92824078 4.48801374
v 5.18773508 10.89687347 5.61950254
v 6.43224716 9.26024151 4.17639637
v 7.05387592 10.70244503 3.05268645
v 7.71339703 12.56743145 -0.59809065
v 7.43741322 10.69908237 -2.00696874
v 7.70566797 10.80267048 -0.26614708
v 9.32684135 12.58539867 1.87085891
v 11.03052425 12.58519840 1.07030976
v 9.40362930 12.58539867 0.17610976
v 9.31600094 12.58534908 -1.55151248
v 12.74760628 12.56793404 5.47210026
v 12.76371670 10.91900635 6.21628809
v 12.76371670 10.92588234 4.46738625
v 11.28904247 12.58514786 2.69720459
v 11.30570507 12.58519840 4.63431168
v 8.50887680 12.58534908 3.46999979
v 7.86923075 12.58534908 4.99405956
v 9.63002682 12.58534908 5.08871412
v 8.37863922 6.90963554 12.68366718
v 9.35007858 5.16811132 12.68366718
v 10.55504227 6.92213249 12.68341637
v 12.76371670 6.12128210 6.88017559
v 12.76371670 7.54762602 5.94888639
v 12.76371670 7.67926884 7.81337166
v 11.16834068 5.65312862 4.99676943
v 12.74454498 4.52560425 6.05257511
v 8.23715878 3.89007354 6.49739122
v 8.02912998 2.33986592 7.23480415
v 6.31370306 2.41810894 7.21302223
v 7.85051060 0.68049937 7.60358572
v 4.69413567 3.26974964 6.79671288
v 3.40580916 4.45544147 6.85227108
v 4.83380890 4.66879082 5.93162203
v 8.18436146 6.41297531 3.94056273
v 9.58410549 5.94753122 4.62889147
v 8.03655720 5.32635450 5.33227634
v 12.76371670 10.83634663 -0.62097639
v 12.76371670 10.95734978 -2.24189878
v 12.74745655 12.56698036 0.25284725
v 12.76361656 9.18450832 0.07171869
v 12.76371670 9.09502316 -1.72305512
v 12.74304008 7.20454073 -2.28601408
v 12.76371670 8.26842594 -3.61393905
v 10.84533024 7.34531784 -1.54845107
v 10.80467796 6.87861967 -3.03622460
v 9.22305298 7.52564335 -0.62800270
v 10.97386169 7.50692320 0.06037619
v 9.33677864 7.43425131 1.23552871
v 5.75576305 10.68593311 -5.12786055
v 6.45954943 9.06430817 -4.19622040
v 6.74532032 10.85170364 -3.73785329
v 4.83616781 12.56522369 -6.01829672
v 4.49012136 10.78605843 -6.25172091
v 2.94232297 10.90329742 -7.08956003
v 2.01043177 12.56487179 -7.42612076
v 5.11390829 12.58549976 -7.73317099
v 4.95410967 12.58539867 -9.59850883
v 3.60094023 12.58549976 -8.46315575
v 11.09200382 12.58519840 -7.17608404
v 12.74961472 12.56271362 -7.98852777
v 11.17320824 12.58514786 -8.92192459
v 9.42350388 12.58539867 -6.28494549
v 11.13556767 12.58524895 -5.49829865
v 7.99816370 12.58539867 -7.21573257
v 8.12699604 12.58529854 -9.11489773
v 6.52936125 12.58549976 -6.52941132
v 7.83339643 12.58544922 -5.14010668
v 6.86070251 12.56968975 -3.54829311
v 8.85793495 12.58524895 -3.22212124
v 12.76361656 9.43374157 -5.23832464
v 12.76361656 10.47403908 -7.19876909
v 12.76371670 11.05893040 -5.71837282
v 12.76371670 7.60338497 -5.22532558
v 12.76361656 6.95681238 -8.06456280
v 12.76371670 6.46090460 -6.54461813
v 12.76371670 6.05593777 -11.05556774
v 12.76371670 4.25393677 -10.84994793
v 12.74835968 10.78440189 -12.70399380
v 12.76361656 9.62295055 -11.50746059
v 12.76361656 7.85151434 -11.18987083
v 11.06204224 11.11468887 -12.72120762
v 11.34811401 12.57395649 -12.69721794
v 9.88990116 12.55774498 -12.71132088
v 11.21637058 12.58524895 -10.75750160
v 12.74810886 12.56733131 -11.30575466
v 12.76361656 11.03484058 -10.68683624
v 12.76361656 7.36077595 -9.61843395
v 12.76361656 8.90315437 -8.33186436
v 12.76361656 10.83955860 -8.87279034
v 8.02350903 5.31405830 -5.39767122
v 6.72519493 4.78678274 -5.87741852
v 8.18009567 3.83165455 -6.57001352
v 9.65742970 5.90361691 -4.74156332
v 8.42631817 6.45427990 -3.90327287
v 6.98953533 6.83390188 -3.27240944
v 7.64674711 9.03630257 -0.93199152
v 7.52418804 7.34396267 -1.74604130
v 11.12402439 5.07395887 -5.62472200
v 12.74745655 5.72319078 -4.95978117
v 11.12492752 6.21864700 -4.27140188
v 12.76371670 11.06500340 -4.05122709
v 12.74519730 12.57129574 -4.72173929
v 10.99674702 12.58524895 -3.78693700
v 9.63273716 12.58519840 -9.76101780
v 8.49296761 12.57019234 -12.70429420
v 6.67736578 12.58529854 -10.08754158
v 7.95314503 12.58529854 -11.03233051
v 5.95164680 7.59655905 -4.89995670
v 12.74494648 7.50029850 0.83522904
v 11.04678535 7.29753876 1.82694435
v 12.74580002 12.56898785 -1.40355814
v 12.76371670 9.24031734 3.45840621
v 12.76371670 10.88929462 2.74006510
v 12.76371670 7.87756205 4.29835320
v 12.76361656 9.04975319 1.83703208
v 0.38017425 3.50618529 7.64448881
v 1.94328022 4.05910683 7.40313435
v 1.97088361 2.02724481 7.36464024
v -1.34313178 2.61203551 7.50842905
v -1.33585453 4.28174067 7.51726198
v -2.94618750 4.82347012 7.02336168
v -1.42704618 6.00534821 7.50511646
v 4.04475307 10.80663490 6.48594856
v 3.56806707 9.21758175 6.78055239
v 2.62177205 10.89722443 7.17156696
v 4.54301977 7.80092478 6.17483282
v 2.87948751 7.55881786 7.06632280
v 2.15226316 5.83265114 7.35836697
v 1.24867797 7.45166636 7.50536776
v 0.32190597 9.10521126 7.64047384
v -0.47839221 7.46913195 7.57683516
v -2.23030543 7.69206715 7.25688648
v 1.53048372 0.37746412 7.61643362
v 6.63932323 4.94347000 5.70933914
v 5.09398365 6.38115597 5.74251318
v 10.99062443 6.64675093 3.53474236
v 12.74464607 6.53453064 3.75496745
v 12.76371670 9.24102020 7.03535700
v 12.76371670 7.75605679 9.58907413
v 12.76371670 10.91890621 7.92764950
v 12.76371670 -5.52946520 10.94580650
v 12.76371670 -4.67601776 9.07273960
v 12.76386738 -3.85815382 10.81521702
v 12.76361656 -7.50085068 7.85236740
v 12.76361656 -8.20734787 9.48046684
v 12.76361656 -9.43449497 8.02963161
v 12.75267601 -3.60274696 6.82642412
v 12.76371670 -5.50050688 7.57126427
v 8.97045612 -5.69639063 12.68361664
v 6.81287336 -5.94773197 12.69862366
v 7.59806490 -7.44990969 12.68361664
v 10.87328529 -0.41896960 12.68366718
v 12.74148369 0.42504236 12.66971493
v 10.84126472 1.46965587 12.68366718
v 8.96257687 -0.79608238 14.35432625
v 8.78716946 -1.82297945 16.00365448
v 8.67454815 -2.44546151 14.32837868
v 8.94902611 -0.98815197 17.66533089
v 8.61828709 -2.64937544 17.67983437
v 8.26441097 -3.57614732 19.31124687
v 7.99721003 -4.17805243 17.71883011
v 5.94457054 -6.80128002 17.49268341
v 7.66501570 -4.74974394 15.97891235
v 8.93833637 -1.11502731 20.97051239
v 8.94711876 -0.20301054 19.33995438
v 8.95795918 0.72903121 20.95194244
v 7.01237059 -0.26835534 24.11664963
v 5.09950447 -1.03934371 24.11680031
v 6.89422798 -1.95376945 24.11664963
v 4.38959503 7.66877985 19.35239983
v 2.37926340 8.48975563 19.43385506
v 3.39572144 8.14717197 20.91134071
v 2.39542413 8.49080944 22.42395782
v 4.36239290 7.68634558 22.43780899
v 4.66377211 5.61393166 24.11649895
v 2.95040321 8.27881527 24.09938431
v 3.06427979 6.27892303 24.11664963
v 1.41244149 6.85382652 24.11680031
v 1.75949168 4.93262911 24.11664963
v 3.24099183 -0.43593314 24.11689949
v 2.90237331 1.31904161 24.11680031
v 1.25279343 0.08180647 24.11680031
v 3.92977214 -6.06727982 24.11664963
v 5.25122261 -4.94357014 24.11664963
v 3.48089051 -4.18000984 24.11689949
v 2.55999064 -7.07013702 24.11664963
v 5.56600189 -7.09332371 24.09973526
v 2.22132182 -8.74265289 24.10063934
v 1.40847659 -8.91193676 22.56624031
v 3.17278624 -8.46400928 22.54922676
v 0.85164052 -7.15224457 24.11664963
v 0.10735217 -5.24043226 24.11680031
v -0.84120142 -7.01372576 24.11664963
v -1.86895168 -2.67446947 24.11689949
v -3.47035098 -1.71221447 24.11680031
v -3.40575910 -3.87135339 24.11689949
v -3.77062607 0.32115313 24.11680031
v -5.23777246 -0.84837830 24.11664963
v -4.99822521 4.66572952 24.11649895
v -6.06396770 3.25559664 24.11649895
v -4.34061146 2.49208617 24.11680031
v -3.61067677 5.78622723 24.11664963
v -6.42050314 5.95104456 24.09582138
v -1.66860116 4.72449970 24.11689949
v -2.05263996 6.60760403 24.11649895
v -5.39576435 6.92313623 20.44931030
v -4.83285570 7.32629681 18.91747093
v -6.19756794 6.22346497 18.40198898
v -3.08972502 8.21753597 19.03952789
v -2.22603941 8.48694515 17.51406288
v -3.87300968 7.87756205 17.26317406
v 3.48621058 8.10973167 16.39341545
v 2.05248928 8.57888889 16.01815987
v 1.69008160 8.64789772 17.72430038
v 5.21092176 7.15901995 17.57529259
v 6.20233583 6.33387899 16.02197266
v 6.66150618 5.86462069 14.38428783
v 5.34903908 7.05493021 14.32381153
v 7.85688448 4.19893074 17.70001030
v 7.79425001 4.30813980 14.42900562
v 7.35083866 5.00580359 16.09002876
v 7.26993561 5.12239027 19.27124596
v 8.25592899 3.36274791 19.27897453
v 8.92814732 0.92908067 14.38910675
v 8.54691982 2.63888621 14.42835331
v 8.77120972 1.66408420 16.06337929
v 4.16896820 7.80423737 12.70268822
v 3.54723907 8.08794975 14.47994709
v 1.84852517 8.62220192 14.33691120
v 1.22890389 8.73728275 12.69656563
v 0.09686288 8.80026913 14.35738754
v -1.73454821 8.60950375 14.29435158
v -1.26343322 8.70867538 15.95030499
v -6.81749058 8.57432270 12.68346691
v -8.08528996 7.12664890 12.68356705
v -6.99099064 5.36028147 12.70037937
v 4.21162796 10.55208111 12.68346691
v 5.34371948 9.10119629 12.68356705
v 6.40830755 10.69521809 12.68331623
v 8.42521381 10.56252098 12.68351650
v 6.36931133 12.56502247 12.66780758
v 7.16699982 8.54566479 12.68366718
v 6.43054104 6.14547300 12.69646549
v 2.99948716 12.55784607 12.67202377
v 2.37680435 10.52056313 12.68356705
v -10.29035091 7.23259592 12.68346691
v -11.00307083 5.57197428 12.68356705
v -11.06941986 12.58524895 9.29793358
v -12.62740612 12.56376839 8.28589153
v -10.70294666 12.58524895 11.06379890
v -8.55198860 12.58514786 11.26650810
v -9.40367889 12.58519840 9.90606117
v -11.07619476 12.56301498 12.67001629
v -12.62173557 12.56748199 11.29205418
v -12.64085674 10.76412582 9.34490871
v -12.64085674 10.73893166 7.53979635
v -12.64085674 8.91354275 10.81607056
v -12.64075661 10.70154190 11.00578117
v -12.61606407 11.06234360 12.67036724
v -12.64085674 7.67831564 9.59253693
v -12.64090729 4.92369556 10.84944534
v -12.64085674 6.84419060 11.06209183
v -12.61671638 7.76579332 12.66785812
v -10.91238117 8.89542484 12.68351650
v -8.50857639 10.70952129 12.68341637
v -10.51875687 10.68698692 12.68351650
v -6.68092918 10.57893181 12.68331623
v -7.55650902 12.56055641 12.67157173
v -4.90502596 7.29307222 12.70394325
v -4.84796190 11.08226776 12.68336582
v -4.98843813 9.27359200 12.68356705
v -3.80570745 12.56291485 12.67051792
v -3.18242240 10.35278511 12.68351650
v -2.07833624 8.55956650 12.69706726
v -1.40310645 10.66435242 12.68361664
v 0.48511741 10.68442726 12.68366718
v -0.42514274 12.56271362 12.66966438
v -4.88399696 7.29221916 15.42594051
v -3.87722540 7.87716055 14.20797729
v 8.21326923 3.54071474 12.69887447
v 8.59299183 2.50774479 17.68962097
v 8.95193672 0.75919420 17.70422554
v 8.57964230 2.53805852 20.88705063
v 6.64780474 5.88238716 20.81377602
v 5.86652803 6.64378977 19.22958946
v 7.22471619 5.18527555 22.40875053
v 5.89704227 6.61990023 22.43158531
v -0.36863101 7.21141624 24.11664963
v -0.53736311 8.73035717 24.09582138
v -2.10031843 8.51394558 20.74210739
v -3.07311296 8.21929264 22.34395790
v -1.35848939 8.69025612 22.45241356
v 0.47016138 8.80940247 22.50084496
v -0.26981080 8.78114700 17.57795334
v 0.53068811 8.79690647 19.21051979
v -0.38474137 8.76142311 20.83876801
v -5.22447252 7.05548239 17.15085220
v -5.90938854 6.49975014 14.27718735
v -7.04273462 5.26472330 14.53851604
v -7.16674900 5.08996868 16.83240891
v -7.64544249 4.35727358 20.50225830
v -7.29317284 4.91165066 18.63421059
v -8.08283138 3.48545766 16.91903496
v -8.61075878 1.93479836 19.38723183
v -8.61075878 1.92666793 22.37090874
v -8.31439877 2.90975094 20.79189301
v -7.04348707 -0.03638631 24.11649895
v -6.84644890 -1.78508747 24.11649895
v -6.99244595 1.76496208 24.11649895
v -8.79474831 0.72054940 24.09832954
v -8.00604343 3.56626034 24.10088921
v -8.61768436 1.90082109 17.59546852
v -8.02380943 3.63376331 22.39770889
v -7.12740183 5.14904022 22.23379517
v -6.03611326 6.38155746 22.20970535
v -4.73493862 7.39083862 22.35384560
v -3.81027460 7.88609409 24.09863091
v -1.19939327 2.77710390 24.11689949
v 0.30875671 3.74267125 24.11680031
v -2.55577469 1.63417220 24.11680031
v -0.69430107 0.77399963 24.11680031
v 4.36967039 2.60139561 24.11664963
v 2.24922633 3.05243540 24.11664963
v -0.35342404 -1.26699662 24.11689949
v -3.87175488 -5.81086922 24.11664963
v -4.61057281 -7.67741203 24.09988594
v -2.50573730 -6.77959871 24.11664963
v -0.40396339 -9.00051880 22.55128479
v 0.54825395 -9.03379345 20.91891861
v 2.31381822 -8.74526310 19.33894920
v 3.00049090 -8.52468586 17.76339722
v -1.43678272 -8.88573933 24.10063934
v 6.50276136 -3.67451596 24.11680031
v 7.85035992 -4.40108776 24.09757805
v 7.37849236 -5.20238972 22.39655495
v 8.22315693 -3.66789103 22.52749634
v 3.24365187 -2.27462149 24.11689949
v 1.62870169 -3.62954760 24.11689949
v -0.18870696 -3.30929780 24.11689949
v 5.62953997 4.19993448 24.11649895
v 6.36775589 2.73379159 24.11649895
v 7.08940935 1.33465004 24.11664963
v 7.73788881 4.35461378 24.09973526
v 5.57262707 6.87405252 24.09491730
v 8.17096138 3.57137966 22.45166206
v 8.75545120 1.80571485 22.49929047
v 8.90390682 0.93696016 24.10103989
v 8.93186188 -0.94318348 24.10304832
v 8.76654243 -1.93284106 22.57135963
v 8.56704521 -2.80917406 20.94039917
v 7.29708719 -5.31711960 19.18868637
v 6.70707703 -6.04625130 20.72725105
v 5.92931318 -6.82732725 19.12580109
v 6.28098059 -6.49834490 22.46235085
v 4.79350805 -7.66255665 22.43565178
v 3.74382567 -8.22882748 20.79977226
v 4.40530396 -7.89673376 19.20479774
v 5.92765713 -6.82030106 14.19703674
v 5.36093378 -7.27485418 15.86864948
v 4.60384750 -7.78345919 17.51697350
v 8.98671722 0.41435230 12.69797039
v 8.10034657 -3.97187996 14.36702347
v 8.57151127 -2.86613750 12.69596291
v 7.22386312 -5.42161131 14.25660992
v 10.79223156 -2.27110839 12.68361664
v 12.73957634 -3.05138159 12.66810894
v 10.38144207 -3.99571919 12.68361664
v 8.68990517 -9.18255043 12.68341637
v 10.92698574 -5.65317869 12.68341637
v 12.76386738 -2.23477221 10.85752583
v 10.49702549 3.30131793 12.68356705
v 12.73882389 3.84129071 12.67127037
v 11.18068695 5.04550219 12.68336582
v 12.73641491 7.47620821 12.67247486
v 11.07042313 8.76920223 12.68331623
v 12.76371670 7.90973234 11.26073647
v 12.76371670 6.26783133 10.73903179
v 12.76361656 9.40503407 10.65807819
v 9.61075497 12.55754471 12.67182255
v 10.56317329 10.63549423 12.68336582
v 12.73219872 10.91393757 12.67448235
v 12.76371670 10.93275738 11.27850342
v 12.76361656 11.01315880 9.65788174
v 12.73947620 12.55413151 12.64401913
v 12.75192261 12.56657887 8.87464714
v 11.54299355 12.58524895 9.79730415
v 10.80046177 12.58514786 11.21591854
v 7.27199316 12.58519840 11.01381111
v 9.00026798 12.58514786 11.08798885
v 8.36458683 12.58529854 9.44147110
v 9.51027870 12.58534908 7.91495180
v 11.19860363 12.58529854 8.08313179
v 10.89170361 12.58529854 6.40539694
v 7.53849173 10.73822880 1.55673206
v 7.39254475 12.56557465 2.17555022
v 12.74961472 12.56622696 1.89961660
v 10.92357349 12.58519840 -2.26403189
v 7.65824032 9.13953972 0.82765067
v 7.50411272 7.32253265 1.76626706
v 6.96077728 6.80298615 3.26749110
v 6.00017881 7.74697256 4.80991936
v 4.21398687 12.56913853 6.39390373
v 5.56013012 12.58524895 10.98560524
v 5.23260307 12.58534908 9.32041740
v 3.86462808 12.58524895 11.35664558
v 4.14046144 12.58539867 8.14807510
v 2.52952647 12.58529854 8.90024281
v 2.14689302 12.58519840 10.88533020
v 1.55010724 12.56773281 7.50612020
v 1.00757468 12.58529854 9.34581280
v 0.99412429 10.85993481 7.55344772
v -0.61550587 10.80839157 7.58120155
v -1.34022093 12.56778336 7.51430082
v -2.41735625 10.85857964 7.20850563
v 0.41806620 12.58524895 11.04397392
v -1.28847706 12.58519840 10.99087524
v -0.60963386 12.58524895 9.33798313
v -2.92586112 12.58529854 11.10093784
v -2.23276472 12.58519840 9.23364258
v -4.80269241 12.58529854 11.23373508
v -3.66673684 12.56346703 6.66125536
v -3.74106526 12.58529854 8.35153770
v -5.56805992 12.58534908 9.52734280
v -6.55842018 12.58524895 11.19398594
v -3.13835740 9.27966499 6.92880774
v -4.09238148 10.71970940 6.40298748
v -4.20324659 4.14457703 6.34065437
v -6.02512217 3.75652313 6.57533360
v -4.75606775 2.56937575 7.16067648
v -12.62720585 3.63511825 6.66035175
v -10.80894375 4.99606705 5.65900040
v -10.90841675 3.69679952 6.61071587
v -10.96608257 6.04118204 4.48971987
v -7.34150362 2.45830965 7.19957209
v -7.97552872 6.48479414 3.84741378
v -6.08494616 6.02020359 4.55486393
v -6.18321419 7.99163914 4.38071156
v -6.66948605 10.95664692 3.60018754
v -12.62314034 7.50466490 0.46890667
v -12.62308979 7.45653486 -1.06157696
v -12.64085674 10.77004814 2.21775842
v -12.62861061 12.56371784 1.29339552
v -12.64090729 10.86686039 0.41289684
v -12.64100742 9.21145916 -0.46745121
v -12.64085674 8.88950253 6.69864511
v -10.83458996 7.36283350 1.45178890
v -9.56950092 6.59897184 3.64610958
v -11.01185417 6.92850637 2.91988897
v -12.64085674 7.34175444 7.92564201
v -12.64090729 5.37383223 7.58069992
v -12.64090729 3.93308473 8.84940243
v -10.86952114 0.53901935 7.61698580
v -10.87097645 -1.18313241 7.57031107
v -9.22069359 1.52958035 7.41648436
v -10.94118977 2.19452143 7.28017378
v -12.64090729 0.21962278 9.34601307
v -7.67931938 0.73921937 7.59962082
v -6.02311468 0.02675021 7.59766340
v -4.36419964 0.84536701 7.58908129
v -4.61132574 -1.02202880 7.59440136
v -2.68907404 1.38850176 7.46617079
v -1.15733576 0.72516674 7.58140230
v 0.08898336 -0.42634723 7.61763811
v -1.28441179 -1.15778744 7.55665970
v 1.30694628 -1.39271760 7.52674770
v 2.68445683 -2.70302653 7.18301010
v 1.29028380 -3.10187054 7.49884319
v 4.37248087 -1.88275337 7.39339828
v 6.05277586 -1.11899209 7.58366108
v 5.39772177 -2.97946215 7.09287214
v 12.76371670 4.65549088 7.84539127
v 12.76371670 4.56931829 9.68598652
v 12.76386738 4.70502663 11.34751129
v 12.76386738 3.00355220 10.81561852
v 12.76361656 -1.41359580 9.18360519
v 12.76371670 -0.52697420 10.98369884
v 12.76386738 1.23216605 11.07032299
v 12.74529839 -2.05464745 7.38988495
v 12.76386738 -6.91073990 6.27545977
v 12.74248791 -6.08640146 4.75772381
v 7.69512844 -7.76177835 -0.68250692
v 7.46511698 -9.33211136 -1.89816117
v 9.26867390 -12.81957626 -2.01876307
v 6.36253595 -11.10369778 -4.34638309
v 5.78602648 -9.58510876 -5.10070896
v 2.84189677 -9.63128185 -7.11947203
v 1.98328006 -11.16874218 -7.43545580
v 4.84660721 -2.85594940 -7.17723846
v 4.31049871 -4.35933161 -6.41016436
v 4.83887815 -1.13746130 -7.61753798
v 2.16315389 -7.89337111 -7.39410067
v 3.66533160 -7.99821377 -6.77342558
v -7.53467751 -0.16381370 -7.63389921
v -7.55259466 -1.79627943 -7.44945812
v -5.84564972 -0.98499012 -7.63520384
v -7.55495358 1.65971780 -7.42315960
v -5.87355423 2.48942614 -7.22386312
v -7.63435078 3.11928582 -6.91736460
v -10.87132740 1.59718359 -7.44152832
v -10.88372421 -0.13134205 -7.63831568
v -9.16945171 0.70197988 -7.64007235
v -10.96367359 3.05991340 -6.95565796
v -12.62504768 1.61580336 -7.47881794
v -12.62710571 4.30036068 -6.25126934
v -10.96432590 4.50437498 -6.10185957
v -12.64100742 4.54377270 -8.03916740
v -12.64095688 -0.77982146 -9.31625175
v -12.64100742 2.87903571 -9.07063198
v -12.62429523 -1.28215337 -7.56413794
v -10.95037365 -1.83161187 -7.44363642
v -4.46522808 6.30788136 -6.18110657
v -5.46933985 5.40836143 -5.30617857
v -7.65457678 4.39155197 -6.16936255
v -9.37165928 3.78598356 -6.59922266
v -12.62610149 6.43711567 -3.96149111
v -12.64105797 8.64834976 -4.09177923
v -12.64105797 9.00659180 -2.29364276
v -12.64090729 9.39103222 -7.83946943
v -10.67318535 10.97165298 -12.72090626
v -12.62514782 10.72141552 -12.70258808
v -11.31478882 12.56657887 -12.70494652
v -11.09672165 12.58529854 -11.00829029
v -10.61280918 12.58519840 -9.44126987
v -5.76750708 12.58544922 -7.59028578
v -6.93869448 12.58529854 -9.27730560
v -7.69763803 12.58529854 -7.78250599
v -9.52663994 12.58529854 -7.84604406
v -6.87957335 12.58509827 -6.24906111
v -4.09388685 12.56708050 -6.44906044
v -4.06071281 12.58549976 -8.17718410
v -4.85117388 10.80357361 -5.86773252
v -3.42467999 10.84201813 -6.80685091
v -1.98087096 10.88758850 -7.36268282
v -7.84765005 12.58524895 -4.80806255
v -6.05137062 12.57405663 -4.63345861
v -11.18590641 12.58529854 -7.90817642
v -10.71027374 12.58529854 -6.28062916
v -9.61527157 12.58529854 -4.75124979
v -11.18816471 12.58524895 -4.61634445
v -6.75932264 10.38902092 -3.46252179
v -5.99254990 11.08151531 -4.68535280
v -5.83837223 9.39936352 -4.86763573
v -5.43867493 7.56975889 -5.34191275
v 3.42809272 -0.14795429 -7.63670969
v 3.53524423 3.35406542 -6.82577181
v 4.48239231 4.30718613 -6.26908588
v 5.36369419 5.21995544 -5.52499866
v 2.19366813 4.19797707 -7.38080072
v -1.19246733 12.56933880 -7.58511639
v -2.24626517 12.58544922 -8.95379353
v -3.55536962 12.58534908 -9.80056572
v -2.01439667 8.56142426 -12.73531055
v 0.13395183 10.70625877 -12.72125816
v 1.99065769 8.55565262 -24.13978577
v 0.24160513 7.35485363 -24.15439034
v 0.58047467 8.77969170 -24.13331223
v -1.36165118 6.95907116 -24.15439034
v -2.94111848 4.67611837 -24.15439034
v -4.49559212 5.66527414 -24.15413857
v -2.93489504 6.45975018 -24.15439034
v -5.08043289 2.62046719 -24.15423965
v -3.31868291 2.84852147 -24.15439034
v -5.26743364 6.98918390 -24.13225746
v -5.89859819 4.28018475 -24.15423965
v -6.72333765 2.71833372 -24.15413857
v -4.81664467 7.33939600 -22.46400833
v -3.07035255 8.22606754 -22.46335602
v -1.37640643 8.69176197 -22.42129707
v -2.52741861 8.39244080 -24.13607216
v 0.39216921 8.80222607 -22.48458481
v -0.51969695 8.76428413 -20.85718727
v 1.09189057 8.72438431 -17.61895561
v 2.95512080 8.30154991 -17.68274498
v -1.44752288 8.67369461 -19.26030540
v -0.74283290 8.75560093 -17.64515495
v -3.50693822 8.04017067 -16.06563759
v -4.25202942 7.67691040 -17.69760132
v 0.27723864 8.80523777 -16.05675316
v 1.96962893 8.60052013 -14.41184139
v 0.48009861 8.79459763 -14.36627102
v -1.60666907 8.63846207 -16.14659119
v -0.67462736 8.79078293 -12.73581219
v -2.64992762 8.38410950 -14.51512814
v -3.21594810 8.16453743 -12.74103165
v -4.24314642 7.68243074 -14.38494110
v 1.79417157 10.53747654 -12.72130775
v 5.70577574 12.58529854 -11.25978279
v 3.36555839 11.15243053 -12.72115803
v 2.27567554 8.54014397 -12.73611355
v 8.37899017 10.96527958 -12.72120762
v 12.74389267 0.81440103 -12.70554924
v 10.96116447 3.70031261 -6.64514494
v 9.51439381 2.69032884 -7.13287210
v 7.83103752 2.32937670 -7.27535582
v 4.44324589 -6.31661415 -6.28434324
v 5.32434654 -5.36826134 -5.57764578
v 5.07827473 -7.71535444 -5.80228710
v 6.89929724 -6.96619749 -3.42638636
v 6.13126993 -7.94636965 -4.67506456
v 7.90862846 -6.23776865 -4.60560417
v 8.84603977 -6.95575857 -3.42919683
v 10.53742695 -6.83430338 -3.66653609
v 11.11960793 -7.40318489 -2.35211182
v 9.34516048 -7.51701117 -1.89168692
v 12.74288940 -6.87234592 -3.66412711
v 10.93080044 -7.73803902 -0.76908123
v 12.74645233 -7.72167778 -0.99889219
v 12.76371670 -9.46194744 -0.38925830
v 12.76386738 -11.09712315 0.31402645
v 12.76371670 -9.35153389 1.42594206
v 10.88226891 -12.81937599 3.06433010
v 7.54441404 -9.66822052 1.47904098
v 7.30401325 -11.29029751 2.42990327
v 7.25021172 -8.79655457 2.56576228
v 6.73116732 -12.80617619 3.76420188
v 7.50913191 -12.81962681 5.39852476
v 9.31484604 -12.81947613 6.02266264
v 10.89586926 -12.81932545 4.97533941
v 12.76361656 -9.76688957 5.01222754
v 12.76361656 -10.88989735 6.90130472
v 12.76371670 -9.08598900 3.20420408
v 12.76386738 -8.01628208 4.78422308
v 12.76361656 -11.28246784 8.72092152
v 12.76346588 -11.08884239 10.85411263
v 12.74389267 -12.80331516 11.18038559
v 12.76371670 -7.29573202 11.04332161
v 12.74670315 -6.38466930 12.66675377
v 11.20111275 -7.41317225 12.68331623
v 10.88854218 -12.81927490 10.86781406
v 4.37187862 -11.21717358 12.68336582
v 2.98809433 -10.44472980 12.68346691
v 0.44546887 -9.04021740 12.69912529
v -5.23681879 -7.27957153 18.98010635
v -4.84991932 -7.54872990 15.90548706
v -5.33067036 -7.20549393 22.30902672
v -6.05498409 -6.59751654 20.53774071
v -8.04669571 -3.79642272 20.32077789
v -6.71144342 -5.90421915 18.71004486
v -7.65638351 -4.57393551 18.41047096
v -7.16810417 -5.32474804 16.66156960
v -7.80338383 -4.29504061 14.65284443
v -8.48764706 -2.62277579 14.61038494
v -8.25663185 -3.33439183 12.70434475
v -8.83113480 -0.86905575 14.73831463
v -10.36488056 -2.88977599 12.68366718
v -11.07619476 -4.38352203 12.68361664
v -8.85607815 -0.25831774 12.70218658
v -12.61756992 4.36068678 12.66735649
v -12.64090729 3.13921046 10.78992271
v -12.64095688 2.10779643 9.16252613
v -12.61857319 1.29946828 12.66891193
v -10.72447777 0.55236936 12.68366718
v -10.75549316 -1.20456266 12.68361664
v -12.62479687 -5.26512480 12.66359234
v -12.64090729 1.22584236 10.94741249
v -10.74585724 -2.81449413 7.13809156
v -10.89506626 -4.34537935 6.34175825
v -9.22159672 -5.10045815 5.77990341
v -7.67078733 -5.99260044 4.87360811
v -2.98598647 -1.87181246 7.39254475
v -4.37212944 -8.18606758 6.21257448
v 1.36722207 -6.29749250 7.48534250
v 2.20310354 -4.65659523 7.34105206
v 0.42689931 -7.86852789 7.63680983
v -0.33525598 -9.53722954 7.58576870
v 2.96475697 -9.51559830 7.04092741
v 2.16430831 -7.93572998 7.35334826
v 3.79381275 -8.07143784 6.65754128
v 6.33709097 -4.39837790 6.31455660
v 3.68721342 -11.05120182 6.71495628
v 2.15065718 -11.16020966 7.34581995
v 4.29689741 -12.80592537 6.36062908
v 4.25599432 -12.81962681 8.62355709
v 1.55663168 -12.81947613 10.92181683
v 1.13068593 -12.80492115 7.57422543
v 2.39452076 -12.81952572 9.10872459
v 0.54333550 -11.14098740 7.62546730
v 1.65133643 -12.79879856 12.66780758
v 1.32762372 -10.94108868 12.68361664
v -0.47834203 -10.91910648 12.68366718
v -1.48862684 -12.79879856 12.66605091
v -2.25650358 -10.82299614 12.68356705
v -9.25532341 -12.81932545 9.20413208
v -10.59007359 -12.81927490 10.80021095
v -8.50496197 -12.81927490 10.89531708
v -2.61449480 -8.66892624 12.69505978
v -3.96947098 -10.52934647 12.68356705
v -4.19260693 -7.94411135 14.34935760
v -7.09879446 -8.11665726 12.68366718
v -6.96634817 -5.59676743 14.55593109
v -7.50391197 -4.84073496 12.70293903
v -10.69822884 -9.46781921 12.68331623
v -12.64085674 -10.78445244 10.80462742
v -12.62108231 -12.80020332 11.16889191
v -12.64085674 -8.35088539 4.17177868
v -10.99087524 -6.74612331 3.79356194
v -10.96146488 -5.75782061 5.13227701
v -10.99298286 -7.41984701 2.27437043
v -12.62690449 -7.32343578 2.60270047
v -12.62519836 -7.77337170 -0.51553136
v -12.64095688 -9.39670277 -1.60571551
v -12.64095688 -9.22756958 -3.52957296
v -12.64100742 -8.01337051 -4.84480000
v -12.64090729 -7.50988436 -6.60675097
v -10.93170357 -7.75133896 0.65982193
v -12.62298965 -7.49593210 -2.09700608
v -9.19424438 -7.73081207 -0.07728955
v -7.55761337 -7.74300766 0.81545496
v -9.31303978 -12.81952572 5.73122120
v -11.12432575 -12.81942558 5.16715765
v -11.09963322 -12.81942558 2.97318864
v -7.51811552 -11.06128883 1.03658342
v -10.88899422 -12.81947613 1.11462581
v -12.62334156 -12.80145836 0.32858098
v -9.28618908 -12.81957626 0.10228319
v -7.55063725 -12.80376720 -0.91352236
v -10.85566902 -12.81942558 -4.64861536
v -12.64085674 -7.79831505 -8.70636654
v -12.64085674 -8.06370926 -10.86666012
v -12.64085674 -6.25036573 -11.12924385
v -12.61460876 -8.30275440 -12.70600128
v -12.64090729 0.28341174 -10.98339748
v -12.64090729 -1.45229077 -10.95689774
v -12.64090729 2.04967880 -10.91554356
v -11.10645866 3.80957198 -12.72120762
v -11.18334675 5.62432051 -12.72105694
v -12.64090729 4.62618113 -9.67559814
v -12.62700462 8.36814976 -12.70399380
v -10.93938255 7.66958284 -12.72095680
v -8.77241421 10.89315891 -12.72100735
v -6.26652670 12.58529854 -10.98655891
v -4.67506456 12.58524895 -11.10555553
v -2.98061633 12.58529854 -11.26409912
v -2.72661471 12.55925083 -12.71021652
v -8.24443626 6.14502144 -12.72125816
v -7.56202984 4.52163935 -12.73862267
v -9.77316380 2.71722960 -12.72135830
v -7.13503027 7.62571859 -12.72130775
v -5.96339083 9.00177383 -12.72110748
v -5.55355549 6.80434132 -12.73581219
v -4.25338459 9.35941315 -12.72125816
v -3.16987538 10.64608383 -12.72115803
v -5.79189825 6.59977484 -14.38112640
v -6.28710365 6.12845945 -16.00049400
v -6.97894526 5.34658003 -14.40044880
v -5.77714300 6.60735321 -17.66904449
v -3.23622394 8.16032124 -19.26818466
v -4.11526728 7.75314569 -20.88504219
v -8.54681873 2.13946509 -24.13240814
v -1.06714785 0.23563276 -24.15439034
v -3.83597088 -1.48225296 -24.15439034
v -1.74137378 3.31195760 -24.15449142
v -0.51869321 1.88952875 -24.15439034
v 3.11512017 6.72047710 -24.15423965
v 2.68591237 5.14065838 -24.15423965
v 5.76820946 0.13329938 -24.15439034
v 2.30583835 -3.37986207 -24.15449142
v 5.77006674 -4.51596832 -24.15423965
v 7.42933273 -0.29620969 -24.15423965
v 5.76208687 4.65679598 -24.15423965
v 4.46432495 5.74100780 -24.15423965
v 4.48289442 7.61989641 -20.88423920
v 5.39671803 7.01493025 -19.28354263
v 4.62332058 7.53618288 -17.71617126
v 6.13242388 6.40338898 -17.74864197
v 3.79837990 7.96915531 -16.11025429
v 5.91475868 6.59480619 -14.31011009
v 4.70316982 7.48855448 -14.49379826
v 3.37368894 8.15966892 -14.39407539
v 6.54100466 6.00073051 -15.79863644
v 7.26316023 5.12991858 -17.08114243
v 8.11078548 3.71787834 -16.57273674
v 8.95033073 0.75081277 -16.17158318
v 8.63700676 2.35607672 -15.85570049
v 10.89396191 0.53354883 -12.72130775
v 10.35243320 -4.51200342 -12.72115803
v 12.74263859 -2.18257666 -12.70419407
v 8.42410946 -3.19381499 -14.10850525
v 8.65783501 -2.48982763 -15.37956715
v 8.91695595 -1.24205315 -14.11819172
v 8.60563946 -2.70558596 -16.80621147
v 8.95695591 -0.91286993 -17.24726486
v 8.95294094 0.70905638 -17.85729980
v 8.96644115 -0.81871718 -19.28951454
v 8.61979294 -2.64631391 -19.78226089
v 8.30832577 -3.45012522 -18.34301949
v 7.94185257 -4.28269434 -19.72208595
v 6.90873241 -5.81478405 -19.54321480
v 7.94601822 -4.27983379 -16.95486832
v 7.82657099 -4.48941898 -12.73761940
v 10.93436337 -6.20118189 -12.72095680
v 8.95901299 -5.92705488 -12.72120762
v 7.61136484 -7.57758808 -12.72120762
v 7.57763815 -5.13393354 -5.79164743
v 9.05748272 -4.23386145 -6.46246052
v 12.76371670 -6.63826895 -6.75038910
v 11.23900509 -6.02928782 -4.87009478
v 12.76371670 -8.26074791 -6.94707584
v 12.76371670 -7.81608152 -5.20640469
v 8.86706924 -12.81962681 -3.93980980
v 12.75091934 -11.34891701 -12.69827175
v 11.11524105 -12.81912422 -10.77245712
v 11.14068699 -11.15408707 -12.72110748
v 9.36553669 -12.81917477 -10.96061230
v 10.54390049 -12.80492115 -12.70093155
v 9.25301456 -11.16547966 -12.72100735
v 8.56950378 -12.81932545 -9.29517269
v 10.57642269 -12.81922531 -8.88834858
v 6.36143208 -12.81957626 -7.22235727
v 4.67631912 -12.81952572 -8.60272884
v -1.31467521 -12.81952572 -9.28659058
v -1.73881412 -12.80321503 -7.45317221
v -3.33208299 -12.81947613 -9.02370548
v 1.56676960 -12.80562401 -7.54627085
v -3.19286156 -11.29897976 -6.95334959
v -4.75496387 -4.93001938 -5.95239973
v -4.97197676 -6.93919659 -5.75967741
v -5.19676876 -8.90365601 -5.56976604
v -6.05659008 -7.87424946 -4.58628178
v -1.39010775 -4.53473854 -7.54396200
v -2.69037914 -2.89635062 -7.16368771
v -4.28490257 -1.93259013 -7.41427612
v -4.46036005 -3.35868263 -6.92464209
v -9.27765751 -2.60029149 -7.26150417
v -7.59379864 -3.41404009 -6.90426588
v -9.18566227 -5.28730822 -5.64294052
v -7.38320971 -5.03154993 -5.87204885
v -6.06748056 -4.24871731 -6.45739174
v -7.84423733 -6.15400505 -4.70598030
v -8.68629169 -7.03977346 -3.20279884
v -6.72328758 -6.91831827 -3.56460428
v -10.56578255 -7.31625891 -2.61861014
v -9.07765770 -7.54767609 -1.73228967
v -7.56870508 -7.75605679 -0.75161582
v -7.55209255 -11.06851673 -0.76652163
v -4.15847921 -10.07409096 -6.39691496
v -5.04630518 -12.81957626 -7.88744879
v -10.20769119 -7.79013443 -12.72115803
v -12.64090729 -3.09911036 -11.04046154
v -8.69316769 1.49459922 -15.98357964
v -7.44459009 4.67717218 -15.99236298
v -7.84047318 3.99441433 -17.62151527
v -8.23961830 3.11978769 -19.23857307
v -8.51239014 2.29364276 -20.86712456
v -8.52021980 2.27366781 -17.63918304
v -8.30039597 2.95115590 -22.47489929
v -8.82967854 0.54895657 -20.79585838
v -8.83279037 0.53891897 -17.57122803
v -7.70727396 -4.52429962 -12.73495960
v -8.94651699 -6.08725500 -12.72140884
v -6.35917377 -6.29332685 -20.82200623
v -6.46045303 -6.17202234 -22.48302841
v -7.53763866 -4.76761103 -20.80714989
v -8.30727196 -3.16375256 -17.55556870
v -7.99555397 -3.92063808 -19.18497276
v -8.77708149 -1.24727273 -17.54086304
v -8.84267712 -0.43111509 -19.15997887
v -8.84729481 -0.52024901 -22.42957878
v -8.78079605 -1.21665800 -20.74175453
v -8.33050919 -3.09710288 -20.78060150
v -6.97257137 -5.56966591 -24.13632202
v -5.46843672 -4.83029604 -24.15398788
v -4.29207945 -6.09674025 -24.15413857
v -4.74176407 -3.04299998 -24.15439034
v -2.89760542 -2.79727960 -24.15449142
v -0.28677434 -4.33127642 -24.15449142
v -2.82106876 -5.49046898 -24.15439034
v -1.96516216 -4.12625837 -24.15439034
v -2.64541054 -7.02762794 -24.15423965
v 1.35402262 -4.75792456 -24.15449142
v 0.33861858 -6.01162148 -24.15449142
v 2.92194653 -5.16645527 -24.15449142
v 2.77996469 -8.56794834 -24.14129066
v 3.51652408 -6.73969936 -24.15423965
v 4.08470249 -8.04825115 -24.13140488
v 1.77309263 -8.86997986 -20.85196877
v 3.41695094 -8.37502575 -20.85021210
v 2.48094440 -8.69151115 -19.22095871
v 4.70628119 -5.65102053 -24.15423965
v 6.59741592 -6.13548565 -24.13712502
v 5.78607655 -6.96870708 -12.73696709
v 1.73635495 -12.81937599 -10.94696045
v 2.59386754 -12.79995251 -12.70314026
v -0.26198146 -12.81927490 -10.99077511
v -2.21233821 -12.81937599 -10.90731239
v -8.82174873 -12.79834652 -12.70645237
v -7.97753668 -10.94851685 -12.72105694
v -6.00349092 -11.05095005 -12.72105694
v 1.50052142 -10.91223049 -12.72125816
v 3.30914712 -10.86896896 -12.72110748
v 3.16616154 -8.48594093 -12.73596287
v 1.79788542 -8.86440945 -14.38162804
v -4.32289505 -7.89056063 -12.73797035
v -3.51963568 -8.27068424 -14.38162804
v -5.05609179 -7.41036177 -14.37118912
v -4.30718613 -7.87896729 -15.96099472
v -4.31165266 -7.87625694 -19.16871262
v -2.69795752 -8.59806156 -15.98538685
v -3.64063907 -8.21668243 -20.77206993
v -2.75953817 -8.57427216 -19.18115807
v -2.63893628 -8.60985565 -22.37191200
v -1.08280659 -8.96699333 -22.41838646
v 0.02027596 -9.03991604 -20.83038712
v 0.66634637 -9.02240086 -22.49994278
v 1.40571630 -8.88583946 -24.13150406
v -3.89408851 -8.03921795 -24.13506699
v -3.61649871 -7.36092663 -24.14520645
v -2.92295027 -7.70586872 -24.14420128
v -3.61875701 -8.20684528 -23.29542160
v -4.31230545 -7.86190319 -23.29642677
v -2.91973829 -8.49703312 -23.25311470
v -3.33800530 -8.31971836 -22.41422081
v -2.48651528 -8.60548878 -24.13416481
v -2.20571327 -8.71831131 -23.25311470
v -0.30519336 -6.68298674 -24.15439034
v 0.51618379 -6.79977417 -24.15439034
v -0.12767832 -7.47113943 -24.15439034
v 0.89670938 -8.95494843 -20.84117699
v 0.34328607 -9.03118420 -21.66521454
v 1.21971953 -8.94621563 -21.67605591
v 2.59502172 -8.62250233 -20.85111427
v 2.94894767 -8.53326797 -20.03556061
v 2.12701845 -8.78074551 -20.03646278
v 2.95928645 -8.53226471 -21.67389679
v 2.13740754 -8.77974224 -21.67475128
v 2.64084339 -8.62872601 -23.31941223
v 3.54819274 -8.25452423 -23.30821991
v 3.40907145 -8.31530190 -22.48624039
v 3.86668587 -8.15806293 -21.66255569
v 3.84234476 -8.17015839 -20.02948761
v 4.17323446 -7.97618151 -20.86406326
v 4.59862804 -7.77131367 -20.04333878
v 4.98281717 -7.49076271 -19.25102043
v 5.37980461 -7.25392580 -18.46206474
v 4.66472578 -7.72850370 -18.41975594
v 5.31370687 -7.29678631 -20.08564758
v 6.62793064 -6.12258720 -20.27741623
v 6.30331421 -6.41553450 -19.41834831
v 6.02246189 -6.72328758 -20.15244675
v 5.63832283 -7.00383854 -20.94471550
v 6.71987486 -6.00876093 -21.80533981
v 7.29568195 -5.30221367 -21.85618019
v 6.92293549 -5.72384357 -21.06220627
v 8.01422405 -4.00771427 -24.13848114
v 8.20333195 -3.69152975 -23.37758064
v 7.81989574 -4.46663332 -23.37873459
v 7.13799143 -4.01850462 -24.14686203
v 7.52142763 -3.24340081 -24.14585876
v 6.70045233 -4.64941835 -24.14686203
v 6.20760584 -3.88505459 -24.15423965
v 7.11410189 -5.45915174 -24.13838005
v 6.18376637 -5.32570171 -24.14575768
v 5.65182352 -5.89327812 -24.14575768
v 5.23817396 -5.08349466 -24.15423965
v 5.36956596 -3.62462902 -24.15439034
v 5.80710554 -2.99376559 -24.15439034
v 7.93859053 -2.57690382 -24.14585876
v 7.06230783 -2.58769441 -24.15423965
v 6.71219587 -0.89174074 -24.15439034
v 7.45442677 -1.10870361 -24.15423965
v 6.73723984 -1.70428479 -24.15439034
v 5.88163471 -0.67703640 -24.15439034
v 6.59877110 -0.08145516 -24.15439034
v 5.48203754 -2.11030579 -24.15439034
v 4.66924238 -1.84621656 -24.15439034
v 5.18221426 -1.22323263 -24.15439034
v 5.06883955 -0.41289684 -24.15439034
v 6.35310078 1.51743484 -24.15439034
v 6.48534632 0.74263215 -24.15439034
v 5.63596439 0.90810204 -24.15439034
v 8.07997036 0.87849110 -24.14550781
v 8.19339561 0.05440382 -24.14550781
v 7.31590796 0.52787763 -24.15423965
v 8.42697048 2.76029086 -24.13657379
v 8.37020779 3.04842043 -23.35800743
v 8.62436008 2.29690504 -23.35941124
v 8.75238895 1.73294222 -22.55213737
v 8.80915165 1.44481277 -23.33060455
v 8.94731998 0.64290857 -23.33010292
v 8.81929016 1.20692158 -24.13737679
v 8.95986652 -0.21696281 -23.33010292
v 8.94977856 0.02092841 -22.52333069
v 8.89070797 -1.25761139 -21.78566551
v 8.73407078 -2.09289074 -21.86481285
v 8.80568886 -1.67422223 -22.60232544
v 8.92573833 -1.10594320 -23.32945061
v 8.76910210 -1.94122243 -23.40844536
v 8.52338123 -2.87105584 -23.40950012
v 8.64338112 -2.30277705 -24.13657379
v 8.32900333 -3.32997513 -22.64960289
v 8.19565392 -3.71697497 -21.91991997
v 8.51565266 -2.89645100 -21.95168877
v 8.50104809 -2.96490741 -20.50215721
v 8.28082275 -3.46452928 -19.75219917
v 8.16207790 -3.78307271 -20.47204590
v 7.72027254 -4.64997053 -20.41754150
v 7.94049788 -4.15039873 -21.16755104
v 8.27580357 -3.49268484 -16.88054085
v 8.12714672 -3.86497951 -17.64896965
v 8.45698261 -3.07788086 -17.57464027
v 8.85683060 -1.43362081 -17.78041077
v 8.78129768 -1.80922794 -17.02673721
v 8.68117237 -2.32997894 -17.55988503
v 8.86159801 -1.38654447 -18.80148697
v 8.96167374 -0.86579353 -18.26833916
v 8.95966625 -0.05485551 -18.57348251
v 8.95494843 -0.10188168 -17.55225563
v 8.93437099 -1.09214151 -14.88109970
v 8.78737068 -1.86594045 -14.74885368
v 8.80483627 -1.71602881 -15.51181221
v 8.95650387 0.65043676 -15.30333138
v 8.79364395 1.55341959 -16.01359177
v 8.79986763 1.45304358 -15.14533901
v 9.71875954 1.68616688 -12.72833443
v 10.70952129 1.38503885 -12.72130775
v 9.90320110 0.83467698 -12.72833443
v 9.94259834 0.06403992 -12.72783279
v 10.85827827 -0.34895730 -12.72130775
v 9.90696430 -0.81846625 -12.72783279
v 9.81075478 -1.59788620 -12.72733116
v 8.89502335 -1.18488896 -12.73390579
v 10.77672291 -2.07933998 -12.72120762
v 9.76478195 -2.44571233 -12.72718048
v 11.78269196 -1.70699501 -12.71272564
v 11.73666954 -2.55487132 -12.71267605
v 12.74354172 0.09304859 -12.70499706
v 12.75382996 0.76024812 -11.84126091
v 12.75357914 0.03894591 -11.84075928
v 12.76386738 -0.22479215 -10.96894360
v 12.75357914 -0.89204186 -11.83267879
v 12.75332832 -1.66915321 -11.83252811
v 12.74288940 -1.40541518 -12.70434475
v 10.64337349 -5.35661745 -12.72105694
v 9.94671345 -6.06411839 -12.72105694
v 9.65572357 -5.21955395 -12.72115803
v 12.75152111 -3.32736540 -11.78299332
v 12.76386738 -3.73162985 -10.82425117
v 12.75152111 -4.14643383 -11.74610519
v 12.74088192 -2.96239805 -12.70454502
v 12.75332832 -2.54754400 -11.78274250
v 12.76371670 -3.39742780 -9.88533401
v 12.76361656 -4.21649647 -9.84839535
v 12.76371670 -6.07365370 -10.33537006
v 12.76371670 -5.38397026 -10.98962116
v 12.76371670 -5.24038219 -10.13311195
v 12.76361656 -4.90618038 -9.19414425
v 12.76371670 -6.84363842 -10.03614902
v 12.76371670 -6.98722649 -10.89265728
v 12.76371670 -6.73708916 -9.04107094
v 12.76371670 -7.65066195 -9.59835815
v 12.76371670 -5.65754509 -8.66656780
v 12.76371670 -6.46461868 -8.22877789
v 11.89586544 -2.94583607 -7.11129141
v 11.89621735 -3.63742709 -6.81678772
v 12.74710464 -3.18327570 -7.01613474
v 11.90334415 -2.00696874 -7.41648436
v 11.05250645 -2.46112013 -7.21713781
v 12.74645233 -1.71964240 -7.47495365
v 11.90309334 -1.23497665 -7.58080006
v 12.75523567 -2.28169799 -8.25472450
v 12.75508499 -1.50970590 -8.41904068
v 12.75508499 -0.57866788 -8.49462318
v 12.76371670 -1.14067328 -9.27439499
v 12.76386738 -0.68270767 -10.15539551
v 12.76386738 0.24828014 -10.16347599
v 12.76386738 1.17976975 -10.10982513
v 12.76371670 0.72190452 -9.29627705
v 12.75061798 1.40973127 -7.49904394
v 12.75598812 1.15422416 -8.44433498
v 12.75849724 1.90885115 -8.29728413
v 12.75849724 2.82352781 -8.15700912
v 12.75608826 3.44776654 -7.88604355
v 12.75091934 2.78859711 -7.08107805
v 11.93817425 2.13725686 -7.34858036
v 11.93576527 1.38262975 -7.49558067
v 11.93586540 2.76149535 -7.07761526
v 11.85481167 3.55657411 -6.72765398
v 11.04221821 2.90523386 -6.99515629
v 10.23780441 3.19532061 -6.88900852
v 10.31885815 2.40024209 -7.23901987
v 11.85420990 4.18051147 -6.33162022
v 12.74785805 4.03677320 -6.41412926
v 12.74735546 5.19195080 -5.48896360
v 11.93576527 5.39857483 -5.29227638
v 11.93561459 4.86733484 -5.82140875
v 10.33466721 4.86597967 -5.80575037
v 10.39072704 5.48876286 -5.18311787
v 9.60136986 5.28078365 -5.36414576
v 8.84046936 5.60881233 -5.06964254
v 8.78440952 4.98602915 -5.69222498
v 8.10180187 4.57283115 -5.98386765
v 8.86270237 4.24480247 -6.27842093
v 7.37437677 5.05042076 -5.63757038
v 7.45267010 4.30919361 -6.22371626
v 9.04187393 6.17894840 -4.32239294
v 8.22491360 5.88419390 -4.65047216
v 7.14386320 5.70286465 -4.95601702
v 7.34531784 6.27295065 -4.20881748
v 7.70792627 6.64409113 -3.58784127
v 6.62687635 6.46276140 -3.89338589
v 4.90347004 8.02220345 -5.92409372
v 5.33328009 7.33703709 -5.49016809
v 5.52183676 8.28167629 -5.33383226
v 6.20559835 8.33040810 -4.54808855
v 5.77578783 9.01557541 -4.98196411
v 5.42391968 9.82641315 -5.44780922
v 5.12294245 10.73602104 -5.68981600
v 4.79104900 9.87645054 -6.00976467
v 4.10472775 9.91905975 -6.49473143
v 4.40565491 9.00945282 -6.25277472
v 5.68278980 12.57536125 -6.27385378
v 5.82166004 12.58549976 -7.13131618
v 4.97503805 12.57536125 -6.87570858
v 6.41307545 12.56743145 -4.21478987
v 7.34702444 12.57756996 -4.34422493
v 6.89944744 12.57531166 -5.01067162
v 6.24740505 12.57531166 -5.70532417
v 5.40083313 12.56517315 -5.44976664
v 5.29599047 11.62560368 -5.57307863
v 5.86060572 11.62555313 -5.00459909
v 6.25056648 10.76884365 -4.43285704
v 6.35540962 11.70846367 -4.30954504
v 6.80303621 11.71067238 -3.64309835
v 8.71083355 12.58539867 -6.75033903
v 7.91575480 12.58544922 -6.17789459
v 8.62842464 12.58544922 -5.71250105
v 10.26495552 12.58534908 -4.21895552
v 11.06620789 12.58524895 -4.64264297
v 10.33436584 12.58534908 -5.07461119
v 9.19554996 12.58534908 -3.93654752
v 9.92734146 12.58524895 -3.50452924
v 9.89075375 12.58524895 -2.74307656
v 10.96016026 12.58524895 -3.02548456
v 8.37362003 12.57601357 -1.81249022
v 9.08699322 12.58529854 -2.38684201
v 8.14461231 12.57596397 -2.64781952
v 7.57231855 12.56702995 -1.33580434
v 8.51469898 12.57636547 -1.07477641
v 7.43435144 11.63288021 -2.04024339
v 7.57542992 11.63328171 -1.30252969
v 7.57156563 10.75087643 -1.13655794
v 7.70953226 11.68502617 -0.43211886
v 8.55851269 12.57641506 -0.21099044
v 9.35981464 12.58539867 -0.68772644
v 10.19178200 12.58529854 -1.08215415
v 10.23554611 12.58534908 -0.21836808
v 11.04894257 12.58524895 0.22875699
v 11.88899040 12.57611465 0.66157848
v 11.90755939 12.57611465 -0.17997424
v 12.74670315 12.56798363 -0.57535547
v 11.90665627 12.57711792 -1.00817692
v 11.83463669 12.57706738 -1.83382010
v 10.99549294 12.58524895 -1.43843889
v 11.88999367 12.57571316 1.48496318
v 12.74845982 12.56657887 1.07623196
v 11.15970802 12.58519840 1.88375711
v 12.01932812 12.57571316 2.29841065
v 12.75714207 7.51937008 3.35938525
v 12.75418091 7.20604610 4.02663517
v 12.74760628 6.84785414 3.08771753
v 12.75558662 11.74349499 5.84419441
v 12.76371670 10.92241859 5.34186220
v 12.75558662 11.74690819 4.96971798
v 12.02655506 12.57656574 5.05318069
v 11.09872913 12.58524895 5.51987934
v 11.81963062 12.57661629 5.93874836
v 11.81887722 12.57711792 6.76434135
v 11.04512882 12.58529854 7.24428940
v 11.97235203 12.57711792 7.60318422
v 11.97526360 12.57591343 8.47886467
v 12.74911213 12.56773281 7.99891663
v 12.75789547 11.74274254 8.40117359
v 12.75498390 11.74389648 7.52544260
v 12.75774479 11.78986835 9.26626492
v 12.76361656 10.96603203 8.79279041
v 12.76361656 9.37271309 9.74505806
v 12.76361656 8.58054543 10.12357616
v 12.76371670 8.54822445 9.21055603
v 12.76361656 10.17677593 9.24493504
v 12.76361656 10.20909691 10.15800476
v 11.37069798 12.58524895 8.94019318
v 12.14750862 12.57591343 9.33597565
v 12.01566505 12.56462097 11.78640556
v 11.77390862 12.57741928 11.05872917
v 11.04221821 12.57240009 11.94364452
v 12.01169968 12.55684185 12.65767002
v 12.74339104 12.56191063 11.77275467
v 12.00803566 11.73676968 12.67292690
v 12.73576260 11.73400974 12.65927601
v 10.92357349 11.59754848 12.67734337
v 11.64763546 10.77471542 12.67894936
v 10.44738960 12.55859852 12.67157173
v 10.08698940 11.59654427 12.67759418
v 10.20563412 12.57134628 11.94389534
v 9.90038967 12.58514786 11.15197945
v 9.30551147 12.57134628 11.87990570
v 6.82065248 12.57511044 11.84080982
v 6.41603661 12.58524895 10.99970818
v 5.96469593 12.57511044 11.82670689
v 6.78767872 9.62044144 12.68346691
v 7.79610682 9.55409241 12.68356705
v 7.41673565 10.62886906 12.68341637
v 4.49805117 11.55433655 12.67804623
v 5.30994272 10.62364960 12.68341637
v 5.59641600 11.62590408 12.67794609
v 3.60555768 11.55493832 12.67774487
v 2.68812060 11.53917980 12.67779541
v 3.29419112 10.53632259 12.68351650
v 3.43205762 12.57154751 12.01430988
v 3.00581074 12.58524895 11.12096310
v 2.57318997 12.57154751 11.77867699
v 4.32455111 12.57094479 12.01461029
v 3.89198065 12.55724335 12.67232513
v 5.17232704 12.57094479 11.82911587
v 4.71240425 12.58524895 11.17110062
v 3.80103993 12.58529854 10.62440205
v 4.64876604 12.58529854 10.43890762
v 5.39636660 12.58529854 10.15298653
v 4.48505259 12.58534908 9.60628796
v 4.68655729 12.58539867 8.73422146
v 3.93895674 12.58534908 9.02014256
v 3.33499408 12.58534908 8.52413464
v 3.13348913 12.58529854 9.39625168
v 2.03984189 12.57646561 8.20318222
v 1.27884090 12.57651615 8.42596626
v 1.76852548 12.58529854 9.12302780
v 3.57444096 12.57656574 7.60228062
v 4.17719936 12.57726860 7.27098942
v 3.61122894 12.56843567 6.72519493
v 4.12937021 11.68788624 6.43992615
v 3.52661180 11.68713379 6.77121735
v 3.33328748 10.85190487 6.82873249
v 2.81514645 11.73245335 7.11400127
v 2.08596468 11.73245335 7.33884382
v 2.27928901 12.56768227 7.28132820
v 1.80792308 10.87855434 7.36248207
v 1.27211571 11.71383381 7.52980900
v 1.48827553 10.03348827 7.47460222
v 2.30212450 10.05210876 7.28363705
v 1.15216637 9.15610218 7.51811552
v 0.65801513 9.98259830 7.59696054
v 2.43095708 8.38290501 7.23098946
v 2.06408262 7.50526714 7.28584528
v 1.61555243 8.32935429 7.45051193
v 0.78529197 8.27846432 7.57292080
v 3.09489441 10.05737782 6.97603464
v 2.77524710 9.21231270 7.08815479
v 3.22377729 8.38822460 6.92343760
v 4.05554342 8.50922871 6.47771788
v 3.71125364 7.67987156 6.62055254
v 5.19400835 11.73350716 5.62793398
v 4.70086098 11.73300552 6.00670290
v 4.70713425 12.56964016 6.01513481
v 6.04625130 12.57787037 5.97232437
v 6.48318815 12.57797146 5.49709415
v 5.63716888 12.57024193 5.16118526
v 6.15169621 11.74931717 4.58698416
v 5.70848608 10.91253185 5.05378294
v 5.63094521 11.73365784 5.15275383
v 6.64158154 10.81531811 3.77037501
v 6.74306154 9.98134327 3.61454129
v 6.33076715 10.09426689 4.33223009
v 6.53774261 11.74635601 3.99988484
v 6.46020222 12.56743145 4.09880543
v 7.67756271 12.57491016 3.49087787
v 7.95073605 12.57546139 2.82277513
v 7.11942148 12.56502247 2.84360313
v 7.35776472 12.57491016 4.25288248
v 8.18907928 12.58534908 4.23205471
v 7.22321033 11.63398457 2.61414337
v 6.95003700 11.63348293 3.28219628
v 7.46551847 11.65190220 1.86614120
v 7.29618406 10.72031212 2.30473423
v 7.35008574 8.07163906 2.23035574
v 7.23244524 7.06275940 2.51687908
v 7.07841825 7.81186581 2.98091745
v 7.42717457 8.98014259 1.76099730
v 7.58120155 8.23103619 1.29695880
v 6.10421848 6.88082790 4.69865274
v 6.48047781 7.27495432 4.03873062
v 6.58451796 6.40880966 3.92746353
v 5.65112114 6.19791937 5.16494942
v 5.54708099 7.06406450 5.27621651
v 7.19630957 6.21382904 4.26397419
v 8.11043453 5.86963940 4.63641977
v 7.12243319 5.67049360 4.95983124
v 7.33794022 5.13488674 5.52078247
v 6.42381573 5.47907639 5.14833736
v 5.73659134 4.80610514 5.82045555
v 5.52103376 5.34171200 5.25950384
v 8.95941448 4.32525396 6.18130732
v 8.13683319 4.60821390 5.91480875
v 8.85908890 5.04339409 5.59877491
v 11.13546753 4.84329462 5.70125866
v 11.95644283 5.08936644 5.52469730
v 11.92356968 4.27953243 6.22918653
v 12.74655247 3.80279660 6.47897243
v 12.75418091 4.59054756 6.94898319
v 12.75623894 3.86773992 7.37538052
v 12.76371670 3.89820385 8.26877785
v 12.75623894 3.11045289 7.79871655
v 12.76371670 3.85509253 9.18902493
v 12.76386738 3.78643513 10.25080299
v 12.76386738 3.07220960 9.75389099
v 12.75127029 3.42242146 11.74344444
v 12.76386738 3.85428953 11.08156490
v 12.75127029 4.27315855 12.00944138
v 11.79082203 1.84425914 12.67618942
v 11.79132462 0.94734907 12.67669106
v 12.74088192 1.32195246 12.66921329
v 12.75267601 0.82860422 11.87001896
v 12.75202370 1.72551429 11.86956692
v 12.76386738 1.51768577 10.22033882
v 12.76386738 0.75091314 10.19720173
v 12.76371670 1.03643286 9.34721756
v 12.76386738 0.35257083 11.02701092
v 12.76371670 -0.12868209 10.15388966
v 12.76361656 -0.97028500 10.08367634
v 12.76361656 -0.57199287 9.25386810
v 12.75714207 0.02966112 8.47771072
v 12.75714207 -0.81194180 8.40744686
v 12.75443268 -1.73409653 8.28674507
v 12.74795818 -1.13249266 7.51063728
v 12.00231457 -0.57435173 7.61287022
v 11.19082451 -0.11146759 7.59299564
v 11.93917847 0.25259632 7.61151505
v 10.32407761 0.79839104 7.58526707
v 10.31454182 -0.09887040 7.59881783
v 9.51078033 -0.01595979 7.59239340
v 8.67590237 -0.11633583 7.60473967
v 8.68538857 0.78087544 7.59123945
v 7.93984509 1.51020777 7.41919470
v 8.77472305 1.61058378 7.40684843
v 8.83790970 2.55677843 7.15194368
v 9.58350277 1.82744622 7.32398796
v 10.40924644 2.57439446 7.14556980
v 10.34605980 1.62819982 7.40047455
v 11.14982128 1.54533935 7.40684843
v 11.96025753 2.72761846 7.06371307
v 11.13712311 3.20435452 6.81387711
v 11.92557716 3.55677485 6.65553379
v 12.74936295 2.28576326 7.17949677
v 11.96100998 1.93339312 7.33789015
v 7.08213186 1.54930425 7.40830374
v 7.17141628 2.37896228 7.22391319
v 5.35024357 0.27272171 7.59936953
v 4.56600571 0.74990940 7.49297094
v 5.38562632 1.19332051 7.49487829
v 6.11129475 -0.20145471 7.59244394
v 5.29167414 -0.64486587 7.59053659
v 7.01021242 0.69831610 7.60243130
v 7.79053593 -0.18444097 7.59781408
v 6.95018768 -0.16662423 7.59665966
v 6.89161825 -1.08416164 7.58787680
v 12.76371670 -1.82418394 10.02059078
v 12.76386738 -1.38087320 10.92061234
v 12.76371670 -2.67276311 9.87338924
v 12.76386738 -3.04646301 10.83639717
v 12.76371670 -3.48445392 9.85221004
v 12.76386738 -4.26708603 9.94395351
v 12.76361656 -3.89338589 8.98094559
v 12.75824642 -4.13940763 7.94958162
v 12.75814629 -3.35677552 7.85778809
v 12.76371670 -5.08826208 8.32197666
v 12.75824642 -4.55160189 7.19881916
v 12.76361656 -5.95766926 8.44398403
v 12.76361656 -5.54542494 9.19474697
v 12.76371670 -5.10276651 10.00924778
v 12.76361656 -5.97212362 10.13130474
v 12.76371670 -6.41257381 10.99458981
v 12.76361656 -6.85528231 10.18003750
v 12.76361656 -7.75153971 10.26189423
v 12.76361656 -7.31108952 9.39861012
v 12.76361656 -7.85407400 8.66641712
v 12.76361656 -6.95786667 8.58456039
v 12.76361656 -10.35845661 8.37527657
v 12.76361656 -11.08618259 7.81111288
v 12.76361656 -10.16217041 7.46546793
v 12.76361656 -9.30516052 5.73709297
v 12.76371670 -8.89156055 4.89820004
v 12.76371670 -8.42988110 5.62306595
v 12.76361656 -9.86671352 6.68163157
v 12.76361656 -10.32839394 5.95676613
v 12.76361656 -10.51112843 10.24819279
v 12.76361656 -11.18565559 9.78751755
v 12.76361656 -10.60794067 9.18159771
v 12.76361656 -9.53436852 10.37652397
v 12.76361656 -10.11208344 10.98244381
v 12.76361656 -9.07038021 9.56136990
v 12.76361656 -8.67133522 10.29562092
v 12.76361656 -8.21552849 11.07704830
v 12.74620152 -12.08994293 11.92246532
v 12.75367928 -11.94610405 11.01727390
v 12.75598812 -11.23273182 11.75930405
v 12.73706722 -12.79819584 11.91870117
v 12.73932552 -12.08487415 12.66073132
v 11.94525051 -12.08888912 12.66544914
v 11.93611622 -12.79709244 12.66168499
v 11.94093513 -10.39368820 12.67548656
v 11.94399643 -11.16798878 12.67393112
v 12.74554920 -10.60237026 12.66605091
v 11.73365784 -9.50204754 12.67543602
v 10.93210506 -10.06771660 12.68331623
v 10.31127930 -10.94655895 12.68336582
v 10.10405350 -10.05491924 12.68331623
v 10.02485657 -12.81932545 9.74872208
v 10.90530491 -12.81932545 9.94124317
v 10.00814342 -12.81927490 10.67529297
v 5.96595049 -12.81957626 8.18395996
v 6.80429125 -12.81962681 7.20408869
v 6.85839367 -12.81952572 8.16403484
v 7.73703527 -12.81947613 8.11043453
v 6.89869499 -12.81942558 9.09035587
v 5.13799858 -12.81952572 8.88373184
v 5.08389616 -12.81962681 7.92378521
v 5.65588903 -12.81942558 9.98069096
v 4.77383423 -12.81952572 9.72051620
v 2.53539848 -12.81947613 10.81004810
v 1.97560120 -12.81947613 10.01527023
v 2.95431781 -12.81947613 9.90350151
v 3.32525754 -12.81957626 8.86611557
v 3.88505459 -12.81952572 9.66089249
v 1.64064646 -11.98254013 7.46004772
v 0.83698565 -11.97295475 7.59987164
v 1.34699631 -11.15057373 7.48564386
v 1.42825067 -12.81957626 9.22792053
v 1.00933135 -12.81952572 10.13446712
v 0.52642214 -12.81942558 10.93531704
v -0.02087822 -12.81952572 10.14801788
v -1.00014687 -12.81947613 10.10244751
v -0.51728791 -12.81957626 9.30159664
v -0.99653333 -12.81290150 8.44348240
v -0.01726468 -12.81295109 8.48905277
v -2.43552423 -9.74596119 12.68933868
v -3.29198289 -9.59916115 12.68933868
v -3.11301231 -10.67614651 12.68356705
v -0.32827985 -9.00759506 12.69952679
v -0.03749045 -9.01703072 13.55453014
v -0.81118900 -8.98435879 13.55493164
v -0.79016018 -9.94701481 12.69174767
v -0.01646167 -9.97963715 12.69139576
v 0.74042386 -11.87026978 12.67483425
v 0.42464083 -10.93009758 12.68366718
v -0.16260919 -11.85927868 12.67488384
v 0.90223002 -12.79909992 12.66690445
v 1.48948014 -11.86991882 12.67568684
v 1.21038449 -8.94666672 12.69872379
v 0.88657141 -9.99067879 12.69139576
v 1.65148699 -9.89712811 12.69099426
v 2.48174739 -9.64894772 12.69084454
v 3.28801799 -9.38786983 12.69149685
v 2.78162098 -8.59208870 12.69897461
v 3.94849229 -9.91715336 12.68346691
v 3.67998648 -10.83097649 12.68341637
v 4.64038420 -10.30340004 12.68341637
v 6.02898645 -8.18215275 12.68923759
v 7.15505505 -8.24458694 12.68356705
v 6.47204638 -7.38752604 12.68933868
v 7.20549393 -6.69884586 12.69114494
v 6.07942533 -6.63641214 12.69681644
v 4.46693468 -7.82807636 12.69721794
v 4.24841595 -8.86034393 12.69149685
v 5.12740898 -8.35735989 12.68923759
v 4.92866421 -7.58140230 13.48657513
v 4.04967117 -8.08438683 13.48888397
v 5.63681746 -7.07269669 13.44607353
v 5.21955395 -7.32900667 14.23758888
v 7.01834297 -5.68464661 13.47769165
v 6.57578516 -6.12098122 14.22679806
v 6.37026501 -6.38401651 13.44783020
v 8.54134846 -7.45412540 12.68351650
v 8.14401054 -8.31620502 12.68351650
v 9.08724403 -8.32047081 12.68341637
v 8.61346912 -10.92282009 12.68341637
v 9.08654118 -10.05818081 12.68336582
v 8.21683311 -10.04718971 12.68346691
v 7.19480419 -12.80115700 12.66384315
v 7.88529110 -11.85656834 12.67327785
v 7.05322361 -11.85651875 12.67408085
v 6.90983629 -10.92613316 12.68346691
v 6.21934986 -11.87077141 12.67403126
v 7.70095015 -9.11088276 12.68346691
v 7.22787809 -9.97557163 12.68351650
v 10.34289837 -7.43575668 12.68336582
v 11.06404972 -6.53317547 12.68336582
v 10.20583439 -6.55575991 12.68341637
v 9.94872093 -5.67475939 12.68351650
v 9.22756958 -6.57739115 12.68351650
v 12.73957634 -3.84691191 12.66825962
v 11.56050968 -3.52355027 12.67588806
v 11.56050968 -4.31908083 12.67603874
v 10.65426445 -4.82442379 12.68351650
v 11.83323097 -5.14783525 12.67593861
v 11.80783558 -0.88325900 12.67593861
v 10.83273315 -1.34503901 12.68366718
v 11.76728439 -1.80937850 12.67588806
v 11.76592922 -2.66126990 12.67588806
v 12.74098206 -2.19949007 12.66810894
v 12.75292683 -0.93726128 11.82595348
v 12.75267601 -0.05094084 11.82670689
v 12.74188519 -0.46127811 12.66891193
v 11.80733395 0.00306147 12.67669106
v 8.75123501 -2.06508660 12.69656563
v 9.68187141 -2.56862283 12.68974018
v 9.86159515 -1.76757193 12.69034195
v 8.80272770 -1.85474849 13.51272297
v 8.62300491 -2.65579939 13.51212120
v 8.94676781 -1.03005898 13.52572155
v 8.81853676 -1.62077200 14.34137726
v 8.95886326 -0.42484158 12.69746876
v 8.97467232 -0.19086504 13.52607346
v 7.88724804 5.94953871 12.69189835
v 7.40459013 6.52755451 12.69009113
v 6.91319895 5.56745768 12.69837189
v 6.54602337 6.00504684 13.54032612
v 7.02868176 5.42703152 13.54223347
v 7.22787809 5.08640528 14.40667248
v 7.59505367 4.64876604 13.56456757
v 8.05643177 3.78081417 18.48951721
v 8.42446041 2.93524647 18.48429871
v 8.22496319 3.35331273 17.69478989
v 8.68920231 2.05133486 18.50803757
v 8.52067089 2.47883654 19.30276489
v 8.41778564 2.95040321 20.08308792
v 8.68247700 2.06644154 20.10682678
v 8.37527657 3.05469394 21.66928101
v 8.46320629 2.68857217 22.47555161
v 8.66752148 2.17188668 21.69317055
v 8.76880074 1.63351965 20.91957092
v 8.85667992 1.26739812 21.72559166
v 8.87168598 1.16195309 20.13924789
v 8.95253944 0.26298523 20.14597321
v 8.86626625 0.69595730 19.33322906
v 8.94952774 0.27809182 18.52203941
v 8.86867523 1.17705965 18.51541519
v 8.85020542 -1.52521396 20.12690163
v 8.75269032 -1.96210063 20.95540619
v 8.66456032 -2.37228727 20.11194611
v 8.85241413 -1.52390909 21.77091026
v 8.66676903 -2.37098241 21.75580406
v 8.94772148 -0.50589526 23.32523346
v 8.84920216 -1.43798721 23.33717918
v 8.86501122 -1.00069892 22.55941582
v 7.97211599 -0.60576940 24.10992432
v 8.91790962 -0.00311166 24.10204506
v 7.95816374 0.33430240 24.10891914
v 7.99665833 1.13580513 24.10891914
v 7.05091524 0.53314734 24.11664963
v 6.05593777 -0.65384954 24.11680031
v 5.99686623 -1.49655664 24.11680031
v 6.95329952 -1.11106241 24.11664963
v 6.04625130 0.29249579 24.11680031
v 6.08474541 1.09399843 24.11680031
v 6.72855759 2.03422093 24.11664963
v 5.72389364 1.79356933 24.11664963
v 5.36871290 2.66759372 24.11664963
v 4.72485065 1.72737134 24.11680031
v 4.16053677 0.20868179 24.11680031
v 4.17027330 -0.73761332 24.11680031
v 5.08976793 -0.09299840 24.11680031
v 3.24234700 -1.35527730 24.11689949
v 4.17157793 -1.65700769 24.11680031
v 8.20448685 -3.59366298 24.09963608
v 8.03675842 -4.03446436 23.31253624
v 8.39083481 -3.22703958 23.31459427
v 8.49482441 -2.80034089 22.54937744
v 8.66255283 -2.35953951 23.33642578
v 6.56459332 -6.17192221 23.28141975
v 6.82973623 -5.85036755 22.42942810
v 7.11339903 -5.52394438 23.24864769
v 6.20715427 -6.46943665 24.10013771
v 5.92349148 -6.79585934 23.28106880
v 6.04971409 -5.39450979 24.10866928
v 5.40861225 -6.01844692 24.10826683
v 6.67550850 -4.75998259 24.10876846
v 5.87696695 -4.30904293 24.11680031
v 3.29228401 -7.57688570 24.10841751
v 2.39065623 -7.90636969 24.10866928
v 3.12294960 -8.41311836 24.10023689
v 3.97719979 -7.07545710 24.10841751
v 3.24485636 -6.56870842 24.11664963
v 4.10372400 -2.58669066 24.11689949
v 3.36224604 -3.22734070 24.11689949
v 4.22236824 -3.53940988 24.11689949
v 2.43617678 -2.95210958 24.11689949
v 2.55482125 -3.90477848 24.11689949
v 1.80305481 -4.52470112 24.11689949
v 0.86805201 -4.43496466 24.11680031
v 1.04235506 -5.33016872 24.11680031
v 0.47949636 -6.19631338 24.11680031
v 1.41449916 -6.28604984 24.11680031
v 1.70579040 -7.11119080 24.11664963
v 2.26869941 -6.24499559 24.11680031
v 1.53645611 -7.94742346 24.10866928
v 0.50223154 -8.95625305 22.55876160
v 0.07212018 -9.01713085 21.73507690
v 0.97836530 -8.97286510 21.74260521
v -0.78443879 -8.97848606 21.69507599
v -1.34092355 -8.85673046 22.47198677
v -1.72134876 -8.83474827 21.61582947
v -2.59617615 -8.61517525 21.55244255
v -2.03969145 -8.73693180 20.77563286
v -2.28967786 -8.68940353 19.95174599
v -1.41485047 -8.90892601 20.01498222
v -0.67768884 -8.95013046 19.23782158
v -0.42770231 -8.99770832 20.06160736
v 0.42885664 -9.03635311 20.10160637
v -0.30830503 -8.99514866 20.87891960
v 3.35953593 -8.32102299 19.27189827
v 4.07456446 -8.06280613 20.00228500
v 3.02879691 -8.48704529 20.06938744
v 2.95471931 -8.50707054 20.91334915
v 3.45830584 -8.34641838 21.67449951
v 2.66914940 -8.62466049 21.78807449
v 2.29063153 -8.68799782 22.55775833
v 1.78699470 -8.84859943 21.79660797
v 3.80219436 -8.15409756 17.64018631
v 4.50457573 -7.84012175 18.36083603
v 3.70292234 -8.21070957 18.48404694
v 6.28103065 -6.47686434 16.65072823
v 5.65277719 -7.03806686 16.68074226
v 5.98923779 -6.71365166 15.83863640
v 7.19886923 -5.44334269 18.34673309
v 6.61317492 -6.07224846 19.15716934
v 6.51495695 -6.19847155 18.31536484
v 5.93694162 -6.81432867 18.30924225
v 6.52258587 -6.18542242 17.49865532
v 6.85904646 -5.86100721 16.65670204
v 7.14125347 -5.45107174 15.89389420
v 7.38280821 -5.15967989 16.74182129
v 7.83108807 -4.46392345 16.84892082
v 7.54893064 -4.87380886 17.61187935
v 7.64714861 -4.74758625 18.45378304
v 7.00208187 -5.68168545 19.95796967
v 6.31817007 -6.43681431 19.92645073
v 6.06165886 -6.64112997 20.76208115
v 6.49402857 -6.27229786 21.59475136
v 5.84861088 -6.86717653 21.62968254
v 5.67275190 -7.03164291 19.96138191
v 7.61322165 -4.82392216 21.59841537
v 7.04278469 -5.62432051 21.56197739
v 7.27751398 -5.24585247 20.76383781
v 7.57251930 -4.88128710 19.99455643
v 8.49070930 -2.97675180 16.84967422
v 8.30777359 -3.41373897 17.69925690
v 8.18014526 -3.74111533 16.86909676
v 8.51881409 -2.87481999 15.17389679
v 8.73085880 -2.13424563 15.16601658
v 8.57512569 -2.56355381 16.01153374
v 8.23173904 -3.63802934 15.19321918
v 8.38742161 -3.20867085 14.34770107
v 8.01402283 -4.02693605 15.99908829
v 7.88268089 -4.36078691 15.17289257
v 8.33592892 -3.41900873 13.53144360
v 8.24493790 -3.60360026 12.69681644
v 8.00935555 -4.15647173 13.53244686
v 7.66210461 -4.69674540 14.31176662
v 7.57111406 -4.88133717 13.47719002
v 7.36564398 -5.14442253 12.69822216
v 7.44443941 -5.08565235 15.11778641
v 8.93823528 0.46127811 15.20998192
v 8.84965324 1.29655731 15.22624207
v 8.85974121 0.82880497 16.04711723
v 8.51113510 2.51793289 16.07150841
v 8.65903950 2.15146017 15.24591637
v 8.39901543 3.00535917 15.25404644
v 8.64242744 2.33670402 13.56316185
v 8.73753357 1.78398335 14.40883064
v 8.83304119 1.48180127 13.54348850
v 8.95745754 0.67171645 13.54348850
v 8.86230087 1.22443712 12.69797039
v 8.94536209 0.06649913 14.37174129
v 8.95545006 -0.40130341 15.19256592
v 8.86777115 -0.91472685 16.01725578
v 8.87489796 -1.30950582 15.17896557
v 8.44137383 -3.11276150 18.49559021
v 8.13081074 -3.87712502 18.51501274
v 8.05623150 -4.01082611 20.05588531
v 8.41572762 -3.19266081 20.12574768
v 8.20749760 -3.62728906 20.87043762
v 8.51324368 -2.75577402 19.29729462
v 8.69020653 -2.29238796 18.48163795
v 7.78074932 -4.44665861 19.24991608
v 5.27420902 -7.29236984 17.50487900
v 4.98236561 -7.52915668 16.69278717
v 4.54111242 -7.75660896 15.92124653
v 4.16254425 -8.01091194 16.74538422
v 4.11632109 -8.03801346 15.12601662
v 4.93619251 -7.55625820 15.07341957
v 3.31552100 -8.39841366 15.19081020
v 3.71060109 -8.19806290 14.34303379
v 3.24882126 -8.44473648 13.55362606
v 3.36089110 -8.38150024 16.86859512
v 2.52159667 -8.67033195 16.96033859
v 2.88194680 -8.52719593 16.06563759
v 2.47622681 -8.68724537 15.28250313
v 1.65344429 -8.87459755 15.28059578
v 2.08706880 -8.74581432 14.40586948
v 2.01640415 -8.74686909 17.77750015
v 1.53745985 -8.89251423 16.97444153
v 1.19276845 -8.92724419 16.12561226
v 0.68762606 -9.00373077 16.94277382
v 0.11227060 -8.97808456 17.73062515
v -0.23237054 -9.01281452 16.88169479
v -1.09831464 -8.95334244 16.81715202
v -0.52295917 -8.97898865 16.02930069
v -0.95462632 -8.95665455 15.18739700
v -0.08873242 -9.01612759 15.25203896
v 0.37194341 -8.96353054 14.40702343
v 0.80361056 -8.98586369 15.24897766
v -5.33067036 -7.18396330 15.08501339
v -5.51019287 -7.01638556 15.89314079
v -5.99094391 -6.65156889 15.07281780
v -6.56845760 -6.04042959 15.21836281
v -6.38888502 -6.20795727 14.41033554
v -6.76529503 -5.85001612 13.62735271
v -7.23515511 -5.21875095 13.62951088
v -7.03410196 -5.47200012 12.70078087
v -6.66933537 -5.90441990 16.27120781
v -7.06722593 -5.46075773 15.60872555
v -6.01824617 -6.62592268 16.66864586
v -5.35792255 -7.15826702 16.68084145
v -4.51933098 -7.74782610 16.68530846
v -5.02738428 -7.35731268 17.46081352
v -3.93830419 -8.07229137 18.32018280
v -4.46236753 -7.73864126 19.07767105
v -4.71280575 -7.61327171 18.22261810
v -3.38879561 -8.28774834 17.54683685
v -3.13830709 -8.41306782 18.40184021
v -2.12681770 -8.74496174 18.40987015
v -2.67637658 -8.52950478 19.18321609
v -0.24913333 -9.01301575 18.47692108
v 0.67086327 -9.00393200 18.53804970
v -1.98885083 -8.77402020 16.79657555
v -1.69826221 -8.80784702 17.64896965
v -1.23628151 -8.92428303 18.43044662
v -5.64590120 -6.93859434 19.75892258
v -6.38321352 -6.25086784 19.62386703
v -5.97413111 -6.59189558 18.84504890
v -7.18391323 -5.23907709 18.56023216
v -7.41226864 -4.94934177 17.53599548
v -6.93974876 -5.61448383 17.68580627
v -7.39565659 -4.97654390 21.28147697
v -7.83605623 -4.21458912 21.25507927
v -7.60624552 -4.55832720 20.34707642
v -6.13478279 -5.12018204 24.10661125
v -5.84851027 -4.13132715 24.11664963
v -6.75289869 -4.48515272 24.10661125
v -4.24113894 -6.74416590 24.10826683
v -3.55813003 -7.22853041 24.10826683
v -3.18874598 -6.29523420 24.11664963
v -2.79050422 -7.60780144 24.10726357
v -3.84289670 -8.05673313 24.09888268
v -2.25600171 -8.66089630 24.09923363
v -1.97123492 -7.83269405 24.10866928
v -2.67652726 -8.57452297 23.24523354
v -1.85730803 -8.79936504 23.24663925
v -3.47993708 -8.27038383 23.23088074
v -3.08124328 -8.40885258 22.37823677
v -4.24756289 -7.89106274 23.23188400
v -0.83226794 -5.06612921 24.11680031
v -0.04065230 -4.27486515 24.11680031
v -0.98027241 -4.10056210 24.11680031
v 2.34317827 -1.10619414 24.11689949
v 2.24686742 -0.17706333 24.11680031
v 1.34905398 -0.84727418 24.11680031
v 0.44968468 -0.59262013 24.11680031
v 0.54594529 -1.52170074 24.11689949
v 3.07170773 0.44155422 24.11680031
v 2.07758331 0.70042402 24.11680031
v 3.63602185 1.96019351 24.11680031
v 3.30944824 2.82689047 24.11664963
v 2.57579970 2.18573856 24.11680031
v 0.27919596 0.42790306 24.11680031
v -0.52386254 -0.24652356 24.11680031
v 0.04873257 1.34122467 24.11680031
v 1.02227974 0.99512810 24.11680031
v 1.52049625 2.48044252 24.11680031
v 1.27899158 3.39752817 24.11680031
v 0.55026144 2.82553530 24.11680031
v -0.44531831 3.25991273 24.11680031
v -0.20381355 2.34277678 24.11680031
v -0.94684720 1.77555180 24.11680031
v -1.87758410 2.20561290 24.11680031
v -1.62503791 1.20411098 24.11680031
v -1.43402231 3.75080180 24.11689949
v -0.67989713 4.23361063 24.11680031
v -3.73529363 3.12033987 24.11680031
v -3.44816804 2.06312919 24.11680031
v -2.84285021 2.69138288 24.11680031
v -4.06412554 4.20716143 24.11664963
v -4.66944313 3.57890773 24.11664963
v -3.37032628 4.76741028 24.11680031
v -4.30442572 5.22597837 24.11664963
v -5.53112125 3.96068811 24.11649895
v -5.20228958 2.87386656 24.11664963
v -3.16320038 0.97766262 24.11680031
v -4.05564356 1.40661967 24.11680031
v -1.38127470 0.13841856 24.11680031
v -2.31196141 0.56852990 24.11680031
v -2.91938710 -0.08797960 24.11680031
v -2.76927471 -1.10463834 24.11680031
v -2.66965151 -2.19331694 24.11680031
v -1.96857488 -1.58579087 24.11680031
v -1.11116278 -1.97073305 24.11689949
v -1.21078598 -0.88205445 24.11680031
v -6.14065504 -0.44235721 24.11664963
v -6.94496822 -0.91071182 24.11649895
v -6.04213572 -1.31673288 24.11664963
v -5.89307737 -2.26473451 24.11664963
v -6.65653753 -2.64069295 24.11664963
v -5.70316601 -3.12033987 24.11680031
v -7.47294617 -3.04691482 24.10495567
v -7.66285753 -2.19125915 24.10495567
v -8.63685608 -1.77359450 24.09481621
v -7.82044792 -1.36742282 24.10646057
v -7.91896725 -0.49304712 24.10646057
v -7.91911745 0.34208155 24.10736465
v -8.79459763 -0.11462944 24.09732628
v -8.82099628 0.46925798 23.23263741
v -8.82079601 -0.36587068 23.23163414
v -8.80112171 -0.59171677 22.26240158
v -8.77477360 -1.17555404 23.12724304
v -7.95806360 -3.97790241 15.55030632
v -7.48574400 -4.80991936 15.65725708
v -7.64042377 -4.49273109 16.55456924
v -8.02998257 -3.81469107 13.67864513
v -7.88027191 -4.08756351 12.70369244
v -7.65367317 -4.56786251 13.67789173
v -8.14551544 -3.45890832 14.63161469
v -8.37211514 -2.97855878 13.65731525
v -8.30014515 -3.14177012 15.52907658
v -8.39640617 -2.74413037 16.47456932
v -8.58385754 -2.22513604 15.55587769
v -8.21894073 -3.38558340 17.36997414
v -8.50265408 -2.46899962 17.39677429
v -8.72649193 -1.55221510 17.40274620
v -8.54907799 -2.19371843 18.29804993
v -8.58817387 -2.18573856 13.65781689
v -8.65939140 -1.74594092 14.67432499
v -8.75991726 -1.30890357 13.72170639
v -9.52679062 -2.31923866 12.69440746
v -9.31073093 -3.11205888 12.69405651
v -8.47264099 -2.54152131 12.70469570
v -9.72207165 -1.47663200 12.69440746
v -10.56021214 -2.04716945 12.68361664
v -8.77236462 -1.00350952 12.70369244
v -9.80578613 -0.73144019 12.69290161
v -9.79027748 0.14705090 12.69290161
v -10.73998547 -0.32607156 12.68361664
v -8.78732014 1.04516554 13.60637379
v -8.59058285 1.80280387 14.36943245
v -8.56900215 2.01118445 13.46193314
v -8.38431072 2.76104379 13.45937347
v -8.58099747 2.00335526 12.69631481
v -8.81085873 0.49761423 12.70053005
v -8.83248901 0.28923357 13.60813046
v -8.80709457 -0.50313491 17.44114113
v -8.80583954 -0.43588296 18.47401047
v -8.84001732 0.33791596 17.61097717
v -8.72819901 1.15301955 18.11973190
v -8.72950363 1.08576763 17.08671188
v -8.59339333 1.99723232 16.70473099
v -8.70516205 1.18212867 16.19597626
v -7.01688766 5.31250238 13.61947346
v -6.47606134 5.88223696 14.40777588
v -6.45016432 5.93001556 13.48873329
v -7.48504162 4.58216619 15.98754501
v -7.10471678 5.17734623 15.68546295
v -7.42305899 4.66954374 14.84059811
v -7.94305754 3.77991080 16.03085709
v -7.62476492 4.28771305 16.87572289
v -5.72399378 6.62687635 16.62177086
v -5.05423498 7.17387581 16.28832054
v -5.55375624 6.74521971 15.75923920
v -5.39666748 6.89598465 14.85148811
v -6.06642675 6.34898520 15.18483734
v -5.40720701 6.89643621 13.49053955
v -4.89328194 7.18848038 14.24265766
v -4.39110041 7.58511639 13.45596027
v -4.17213011 7.68775082 12.70078087
v -3.65820479 7.97979498 13.45279884
v -2.80586171 8.24333191 14.25118923
v -2.58689141 8.34596634 13.49586010
v -1.90644217 8.58451080 13.49570942
v -2.75878525 8.32097340 12.69721794
v -6.23430586 11.57165146 12.67729378
v -5.76444530 10.83057499 12.68331623
v -5.31782246 11.82329369 12.67729378
v -6.17302608 12.57480907 11.93260384
v -7.05743933 12.57290268 11.93275356
v -6.67209578 12.56246281 12.67142105
v -5.29518747 12.57480907 11.95252800
v -5.68053102 12.58524895 11.21386051
v -4.79672003 12.56361771 12.67091942
v -4.30422497 12.57410717 11.95212650
v -3.36580944 12.57410717 11.88572788
v -3.86427689 12.58529854 11.16733646
v -2.66669035 11.45621872 12.67724323
v -2.29273939 10.50856876 12.68356705
v -1.77705741 11.61200237 12.67729378
v -0.91412461 11.61355782 12.67664051
v -1.28807557 12.56120872 12.67031765
v -0.19859400 8.79896355 13.52747822
v 0.66288340 8.76880074 13.52697659
v 0.36742651 8.76749611 12.69706726
v 2.79983902 8.33341980 15.24897766
v 2.69790721 8.35510063 14.40842915
v 1.95050728 8.60057068 15.17761040
v 3.51672482 8.09884071 15.43673134
v 2.76932478 8.34431076 16.20576286
v 3.93167925 7.89261818 18.66442299
v 4.80028343 7.41387463 18.46382141
v 4.34231758 7.63771343 17.77599525
v 2.58192277 8.38215256 17.85042381
v 2.03467250 8.56885147 18.57905388
v 2.92651367 8.30310631 18.70517540
v 3.38442922 8.07926750 19.39320374
v 0.71016049 8.71454716 17.65112686
v 0.13043867 8.78902626 18.39421082
v 1.11035979 8.72242737 18.46738434
v -1.75151169 8.59730816 18.31752396
v -2.65790749 8.35224056 18.27687073
v -2.18337965 8.46260357 19.08033180
v -0.77339739 8.74440956 18.34949303
v -1.24792516 8.63404560 17.54603386
v -2.37534881 8.42857647 15.00155067
v -3.44666243 8.06240463 14.95833874
v -4.38061142 7.58466482 14.81695938
v -3.95004821 7.76995897 15.56731987
v -4.37850332 7.58491564 16.34448242
v -3.44455433 8.06265545 16.48586082
v -4.54874086 7.46652222 17.20701408
v -6.21051645 6.21086788 17.24726486
v -5.71099520 6.63947344 17.77634621
v -8.09613037 3.45690060 17.85614586
v -8.35023308 2.69313931 17.25720024
v -8.36358261 2.66458249 18.19426155
v -8.61422157 1.91783488 18.49142456
v -8.36011982 2.68159604 19.09021759
v -8.55274105 1.91602802 20.76965904
v -8.46255398 2.42227459 20.08956146
v -8.70089626 1.42850161 20.06732941
v -8.80423355 -0.99216700 19.30933952
v -8.83710670 -0.15111613 19.47932625
v -8.70912743 -1.49409735 20.24163246
v -8.67780972 -1.77886426 19.23631477
v -8.81487370 0.66373658 19.69578743
v -8.81331730 0.10745255 20.53111649
v -8.72473526 1.16998315 19.01563835
v -8.21196461 3.16907239 19.79254913
v -8.25788689 2.90066695 24.09797859
v -8.01492691 3.60003686 23.24930000
v -8.26681995 2.93439317 23.24638939
v -8.31730938 2.78021550 22.38435936
v -8.56026936 2.08084559 23.23303795
v -8.65226460 1.47778630 24.09672356
v -7.89362192 1.24275577 24.10736465
v -7.75108814 1.99999261 24.10585785
v -6.21016550 1.42112398 24.11664963
v -7.01799154 0.86428791 24.11649895
v -6.23571110 0.52049994 24.11664963
v -5.33282852 0.11447888 24.11664963
v -7.49924469 2.66563630 24.10866928
v -7.03500557 3.41097856 24.10866928
v -6.52820683 2.51025414 24.11649895
v -6.16509628 4.72906685 24.10801697
v -5.70938921 5.30838680 24.10610962
v -6.87626076 5.37172413 24.09772873
v -6.77397776 5.55004215 23.16483307
v -7.22968483 4.97072172 23.16674042
v -7.15967226 5.03275442 20.42617226
v -7.38642216 4.75315666 21.36810112
v -6.90070248 5.42863750 21.29191589
v -6.58175755 5.76529884 22.22175026
v -6.35500813 6.04489613 21.27982140
v -6.22833347 6.16630077 23.15273857
v -4.42979527 6.39862156 24.10776520
v -3.71045065 6.83616066 24.10761452
v -4.52956915 7.44855452 24.09873199
v -4.27260637 7.63846636 23.22631264
v -4.99190140 7.20092726 23.22631264
v -5.71591377 6.65237188 21.32950783
v -5.38552618 6.88619804 22.28182411
v -5.06532621 7.15696239 21.40152740
v -4.63641977 7.39921999 20.55360031
v -4.30603170 7.63309622 21.50581741
v -1.78548908 8.58079624 23.27635002
v -2.21580100 8.45477390 22.39821053
v -2.64280081 8.34531403 23.22209740
v 1.34478807 7.76243067 24.10851860
v 2.18142223 7.56634617 24.10801697
v 2.11376882 8.47489929 24.09973526
v 0.84230554 5.23576498 24.11680031
v 1.58599162 5.89322805 24.11680031
v 0.66880554 6.19636345 24.11680031
v 0.11693809 4.64078569 24.11680031
v 1.03412414 4.33765030 24.11680031
v 2.91020250 3.66829252 24.11664963
v 3.97037435 3.44279790 24.11664963
v 4.99957991 3.40069008 24.11664963
v 4.60033417 4.24204206 24.11649895
v 5.14663076 4.90693283 24.11649895
v 4.11747551 4.94904089 24.11649895
v 3.86402583 5.94642735 24.11664963
v 3.31772923 5.28153658 24.11664963
v 3.69248319 6.98110342 24.10851860
v 4.49222946 6.64860773 24.10851860
v 5.11817455 6.24399185 24.10570717
v 4.94668198 7.27866840 24.09772873
v 4.34156513 7.68478966 23.26922417
v 3.65639806 7.98255539 23.26862144
v 3.63557005 7.98104954 24.09988594
v 4.96750975 7.28017378 23.26646423
v 6.14105654 6.32394171 24.09697533
v 5.68665409 5.69388103 24.10776520
v 6.16951323 4.98688269 24.10776520
v 6.68368912 4.27727413 24.10811615
v 7.22371244 5.06422234 24.09938431
v 7.54004765 4.69142580 21.61427498
v 7.69783878 4.37835264 22.43023109
v 8.01317024 3.88445234 21.63575554
v 7.25161695 5.03993130 20.81678581
v 6.93628550 5.53383160 21.61126328
v 7.56268215 4.65995789 20.04549789
v 6.95887041 5.50236368 20.04258537
v 6.27244854 6.25116873 21.62270546
v 6.56087923 5.90261316 22.42019272
v 2.89559793 8.31896591 21.66767502
v 3.37890840 8.08855247 22.43098450
v 3.87908220 7.91675901 21.67449951
v 1.88877594 8.58927822 21.66004562
v 2.38894987 8.41748428 20.90371132
v 2.67291355 8.38481236 23.26174545
v 1.83627927 8.58089733 23.26209831
v 2.88751769 8.31846333 20.17262268
v 1.88074589 8.58877659 20.16489410
v 4.79285574 7.41849232 20.11305046
v 3.89268327 7.90797567 20.13187027
v 4.29594421 7.65768814 20.89252090
v 4.77925444 7.42727518 21.65583038
v 5.53132200 6.90602207 20.05171967
v 5.12806129 7.15631008 19.29092026
v 5.53875017 6.90140486 18.40249252
v 6.42446804 6.10838413 16.87456703
v 5.70662880 6.74642420 16.79863358
v 5.92876101 6.52092934 17.65122795
v 6.43194628 6.09924984 15.20310593
v 6.00529766 6.45975018 14.35407543
v 5.77568769 6.69437933 15.17289257
v 4.75902891 7.42958355 13.51327515
v 3.85810375 7.94611883 13.59126759
v 4.44816446 7.57141495 14.40195465
v 2.61559892 9.44869804 12.68984032
v 1.80285406 9.62892342 12.69009113
v 2.04164863 8.55705738 12.69631481
v 1.43096089 10.60247040 12.68361664
v 0.85701066 9.71088028 12.69009113
v -0.00446673 9.74104309 12.69059277
v 0.45651025 12.56246281 12.66936398
v 0.02996225 11.62354565 12.67669106
v 0.91161519 11.62329483 12.67634010
v 5.92193556 6.58883381 12.69596291
v 6.79877043 7.34556913 12.69009113
v 6.29016495 7.78892994 12.68958950
v 10.13712692 8.76287842 12.68341637
v 10.81672287 9.70234776 12.68336582
v 9.88352680 9.69602489 12.68341637
v 9.87946129 7.83931875 12.68346691
v 10.81265736 7.84564257 12.68336582
v 8.79123497 7.83309555 12.68356705
v 9.46686554 6.91585922 12.68351650
v 8.86435890 6.03887367 12.68366718
v 9.95258522 6.04509687 12.68351650
v 10.26540756 5.10678148 12.68351650
v 10.86781406 5.98381758 12.68336582
v 11.64572906 7.19917059 12.67794609
v 11.90334415 8.12273026 12.67789555
v 12.75382996 6.07350349 11.70349503
v 12.75001621 6.87204504 11.70575333
v 12.74022865 6.67766666 12.67021656
v 12.75382996 5.29207563 12.00773525
v 12.76386738 5.48640394 11.04327202
v 12.74795818 10.92337227 11.97651768
v 12.75167179 11.74344444 11.96126080
v 12.75548649 11.75122356 11.08999634
v 12.75483418 9.35800838 11.66148758
v 12.76361656 10.16889572 10.96829128
v 12.75498390 10.12187004 11.97169971
v 12.73907471 10.11243439 12.66971493
v 11.90816212 9.04006672 12.67413139
v 12.74123287 8.39359474 12.66866112
v 12.75498390 8.61030674 11.96281624
v 12.76361656 8.65738297 10.95940781
v 12.75001621 7.69297028 11.96658039
v 12.76371670 7.83289480 10.42490482
v 12.76371670 7.08875704 10.99985886
v 12.76371670 7.01196909 10.16402817
v 12.76371670 6.13613796 7.85291958
v 12.76371670 6.90030098 7.34677362
v 12.76371670 6.91510630 8.31956768
v 12.76371670 5.40324211 8.33552742
v 12.76371670 5.38838673 7.36278343
v 12.76371670 6.83445406 6.41453075
v 12.76371670 7.61347246 6.88112879
v 12.76371670 7.71766281 8.70124817
v 12.76371670 6.95350027 9.20739365
v 12.76371670 6.20936251 9.78234768
v 12.76386738 4.63717222 10.51674938
v 12.76371670 5.41854954 10.21250916
v 12.76371670 5.36013079 9.25582504
v 11.64944267 6.40062904 12.67568684
v 11.96231461 5.46231365 12.67568684
v 8.81452179 9.65953827 12.68351650
v 8.18541527 8.65110970 12.68356705
v 7.77281952 7.72765017 12.68366718
v 4.79114914 7.41824102 12.69912529
v 5.38115978 7.04353762 13.50971222
v 5.06512547 7.24489164 15.08817482
v 4.16420031 7.76142693 15.16616726
v 5.88981533 6.60017633 13.51006317
v 5.49177408 6.88439131 15.93720627
v 4.99606705 7.29693651 16.71376610
v 6.25653887 6.26336479 18.47832680
v 5.92198563 6.52529573 20.84388733
v 6.25719166 6.26311350 20.02160835
v 5.54657936 6.89407730 21.65266800
v 6.96710110 5.47957850 23.25386620
v 6.30331421 6.19686556 23.26531029
v 7.48127747 4.76991987 23.25426865
v 6.56825686 5.88309002 19.25041771
v 6.95826817 5.50261450 18.49930382
v 8.05562878 3.78016162 20.04941177
v 7.76293230 4.24254417 19.27506065
v 7.95439959 3.96299672 23.27569771
v 8.32493782 3.16159439 23.27620125
v 8.10842705 3.55321145 24.10023689
v 7.42331028 2.74277544 24.10866928
v 7.78416204 2.04320455 24.10876846
v 7.05282211 3.54417777 24.10811615
v 5.99862289 3.46683788 24.11649895
v 8.69141102 1.84440982 24.10088921
v 5.73483467 6.74697638 23.26325226
v 5.12971783 7.15314817 22.43464851
v 3.00736666 7.27886915 24.10801697
v 2.23838568 6.56640005 24.11680031
v 2.66533518 4.60841465 24.11664963
v 2.00435901 3.99250722 24.11664963
v 2.41188574 5.60580111 24.11664963
v 0.52190524 7.03264666 24.11680031
v -0.22173068 6.37518358 24.11680031
v -1.21063542 6.90948534 24.11664963
v -1.06373513 6.07325220 24.11680031
v -3.01138163 8.17874050 24.09948540
v -2.93143201 7.24684906 24.10761452
v -2.13253927 7.53949547 24.10841751
v -2.83165836 6.19691563 24.11664963
v 0.36988571 8.70069599 24.09797859
v -0.45299709 7.97091150 24.10621071
v 0.45425177 7.94125032 24.10851860
v -1.29058492 7.84137630 24.10851860
v -1.37490082 8.60087204 24.09797859
v -3.47511888 8.04729748 21.50099945
v -2.58674073 8.36664391 21.54305649
v -2.98869658 8.19464970 20.69994926
v -3.44169378 8.05271816 23.22134399
v -3.90402579 7.80509043 22.34892654
v -5.64248848 6.69628668 23.15429306
v -5.83470869 6.48102999 24.09732628
v -7.66898060 4.17930698 24.10023689
v -6.69794273 4.02397537 24.10801697
v -8.70275307 1.32360864 23.23454475
v -8.70089626 1.42448664 21.55916786
v -8.46260357 2.41820931 21.58140182
v -8.72900200 1.07231724 22.36885071
v -7.83465099 3.99551845 21.45005989
v -7.57563066 4.39140177 22.31575203
v -7.67791414 4.21308374 23.24864769
v -7.97989511 3.63351226 20.64710045
v -8.16910458 3.27175713 21.59485054
v -7.87746143 3.89278364 19.64775658
v -7.46933270 4.63446236 19.56825829
v -7.70135164 4.17002249 18.71370697
v -6.98356295 5.30989265 19.49212456
v -6.43576050 5.96584988 19.37603951
v -6.74537039 5.56755781 18.51807404
v -6.03485870 6.31566048 20.39962387
v -5.79666615 6.57332563 19.42557526
v -5.11430979 7.12474155 19.68334007
v -5.51521158 6.77488089 18.65970612
v -5.02868891 7.19088936 18.03411102
v -3.48339987 8.04644489 19.84870911
v -3.96129036 7.77191639 18.97844887
v -4.35496521 7.60082531 19.78763008
v -2.59502172 8.36574078 19.89086723
v -3.48139238 8.04754829 18.15135002
v -4.35295773 7.60197973 18.09027290
v -3.04952455 8.18225384 17.38864326
v -2.62106943 8.36734676 16.61138153
v -1.68867636 8.61080933 19.93152046
v -1.72942901 8.60212612 21.59725952
v -0.87161535 8.72583961 21.64554214
v -1.24255502 8.63770962 20.79048729
v -0.94795132 8.71033192 23.27419281
v -0.03357578 8.76990509 23.29833412
v -0.44416398 8.74982929 22.47670555
v 0.04271001 8.78541279 21.66983223
v 0.87367308 8.74019337 23.30049133
v 1.43281782 8.65010643 22.46245193
v 0.49871835 8.72458553 20.86747551
v 0.92616975 8.74857521 21.69838905
v 1.45495069 8.64333057 19.32218742
v 0.95643312 8.74235153 20.05322647
v 0.07297339 8.77913952 20.02466965
v -0.83086270 8.73457241 19.97995186
v -0.37314793 8.75228882 19.16570091
v -0.76662201 8.74491119 16.76420403
v -1.74473631 8.59780979 16.73218346
v -0.40160453 8.75469780 16.00987816
v 0.09520668 8.79093361 16.82362747
v 1.07512784 8.72433376 16.89680099
v 4.34854126 7.63435078 16.98432922
v 3.47998714 8.11309433 17.18493080
v 4.13368607 7.77231789 16.12295151
v 3.20079112 8.23239136 13.58795452
v 3.51165581 8.09050941 12.69937611
v 2.35145926 8.49954224 13.51653767
v 1.53871453 8.67976761 13.51668835
v 2.58814597 8.37883949 17.05875778
v 1.87126040 8.61341858 16.87125587
v 1.25635672 8.68980503 16.04380608
v 1.15437472 8.71148586 15.20310593
v 0.97269404 8.71123505 14.34709930
v 0.27854350 8.80051994 15.21339417
v -1.11427438 8.70355606 13.49596024
v -0.81886774 8.70491123 14.32586956
v -0.58328515 8.75449753 15.15382099
v -1.49901581 8.65909004 15.12235355
v -2.13976622 8.47821236 15.82950211
v -1.28616846 8.67861271 12.69736862
v -2.63035417 9.45617580 12.69034195
v -1.74072134 9.61195946 12.69034195
v -0.94855362 9.73100567 12.69059277
v -0.45901963 10.67438984 12.68366718
v -0.00356335 12.57400608 11.85681915
v -0.43523052 12.58524895 11.01742458
v -0.85680991 12.57395649 11.83026981
v -1.71974277 12.57240009 11.83092213
v -2.10719419 12.58524895 11.04588127
v -2.53840971 12.57245064 11.88592815
v -0.94905549 12.58519840 10.16442966
v -1.42117417 12.58524895 9.28578758
v -1.76064599 12.58519840 10.11223412
v -2.57931304 12.58524895 10.16728973
v -0.27252096 12.57731915 8.49462318
v 0.19899550 12.58529854 9.34189796
v 0.53610843 12.57731915 8.49858856
v 0.80737472 12.56853580 7.57869244
v 0.52933306 11.71468735 7.60238123
v 0.18930921 10.83418846 7.56734991
v -0.27543187 11.68889046 7.61628294
v -0.97786337 11.68808746 7.54777622
v -0.63778937 12.56858635 7.58280754
v -3.08967495 12.56592655 6.91159296
v -3.70392609 12.57440758 7.50642157
v -3.12686419 12.57686710 7.75675917
v -4.44450045 11.64392185 6.15440655
v -4.73503923 10.85290813 5.87475872
v -5.08720827 11.77712059 5.62617731
v -2.65379190 7.09221983 7.11535645
v -1.82865071 6.84870768 7.38100147
v -2.25218749 6.24886036 7.23947144
v -2.18664193 5.41438389 7.26421404
v -3.01173306 5.65794659 6.99861908
v -3.61895776 5.42954063 6.63661289
v -3.68450332 6.26401711 6.61182022
v -5.66381836 6.63264799 5.02251577
v -6.13408041 7.00594664 4.46778774
v -5.71295261 7.61834097 4.93543959
v -5.23280382 6.20308876 5.50241375
v -4.76720953 6.64032698 5.86999083
v -4.75732231 5.59837341 5.88218641
v -6.23465729 5.13067102 5.54251385
v -6.66562176 5.56018019 5.06266642
v -5.65393162 5.59069443 5.03471184
v -5.62401962 4.45885420 6.04494619
v -6.63570976 4.42833996 6.07290125
v -4.71310663 4.65288115 5.92760658
v -5.11415911 3.95055008 6.45799398
v -4.24746227 5.09006929 6.29523420
v -6.88419056 3.79451561 6.55425453
v -7.49477768 4.46638250 6.05182219
v -8.46922874 4.16776371 6.29869699
v -8.22074795 4.80158854 5.81734371
v -10.05180740 4.09990978 6.33749247
v -10.85867977 4.34643316 6.13488340
v -10.00207138 4.74954319 5.86160946
v -12.62575054 4.21172857 6.26547241
v -12.63403130 4.50447512 7.12052584
v -12.63262558 5.08108521 6.72564650
v -12.63262558 5.80459595 6.10376692
v -12.63297749 6.30938721 5.60143471
v -12.62464619 5.29312992 5.36836147
v -11.71699619 5.39701891 5.26251507
v -11.71664429 4.89222813 5.76484680
v -11.79553986 5.91957664 4.67787504
v -10.88753796 5.51862478 5.07436037
v -12.64100742 7.30521774 5.61257648
v -12.63302708 6.79370165 4.87717152
v -12.64090729 7.85517788 6.51771736
v -12.64095688 8.33949280 5.79350424
v -12.64090729 7.08132887 7.13126612
v -12.64085674 8.11560345 7.31214380
v -12.64090729 9.16302776 5.81438255
v -12.64085674 9.88894749 6.26155806
v -12.64090729 10.16247177 5.37729502
v -12.64090729 10.87273312 4.87330723
v -12.64090729 10.14681339 4.42613173
v -12.64090729 9.85567284 3.55080247
v -12.64090729 9.14541149 4.05474043
v -12.63508511 11.66685772 2.65193510
v -12.64090729 10.81356144 3.06995106
v -12.63513565 11.71037102 3.50412750
v -12.62896252 12.56366730 2.18975353
v -12.63473415 11.66685772 1.75557697
v -11.96437263 12.57440758 2.65098143
v -11.96402073 12.57445812 1.75457323
v -11.89978027 12.57445812 3.55471706
v -11.23478889 12.58524895 3.11953688
v -12.62881184 12.56411934 3.97117734
v -11.89922810 12.57495975 4.43978310
v -11.86735916 12.57495975 5.29062033
v -11.13832760 12.58524895 4.87421036
v -8.92348003 12.58529854 4.24465179
v -9.07093239 12.58524895 3.37981200
v -9.69828320 12.58529854 3.95366168
v -10.50796604 12.58524895 3.55607224
v -10.36051369 12.58529854 4.42091227
v -7.74632025 12.57420731 3.04003906
v -7.45342302 12.57782078 3.70347452
v -6.90361309 12.56677914 3.07271147
v -5.62286520 11.77651882 5.08836269
v -6.02361631 10.97135258 4.47335863
v -6.26873493 11.76176357 4.21519136
v -6.64012623 11.76352024 3.66819215
v -6.23937464 12.56868649 4.28319645
v -6.39159489 10.32091522 4.04364872
v -5.74572515 10.33567047 4.91682005
v -5.58331680 9.41231155 5.07305527
v -5.21533823 10.06274796 5.50276518
v -7.05879450 7.01819229 2.71547294
v -7.13272142 8.13101101 2.54558659
v -6.86150551 7.88368511 3.21484375
v -6.55932331 8.49407196 3.71285963
v -6.48539639 7.38125277 3.88274598
v -7.38155365 6.62783003 3.61604691
v -7.65271950 6.87515640 2.94678974
v -12.62600136 6.96268463 2.79702854
v -11.81857586 7.09146690 2.48039246
v -11.81932926 6.79972410 3.23652506
v -11.72994423 7.30863047 1.74634242
v -10.92322159 7.14566994 2.18583894
v -12.64095688 9.17155933 0.45013636
v -12.63207436 8.35806179 0.00075282
v -12.63202381 8.31816292 0.91834038
v -12.64090729 9.99926090 0.89033550
v -12.64095688 10.03915977 -0.02725209
v -12.63398075 11.71599197 -0.02514420
v -12.63478374 11.71528912 0.85314620
v -12.62785816 12.56442070 0.41510513
v -11.76663208 12.57521057 -0.89470184
v -11.76457405 12.57591343 -1.71005642
v -12.62499714 12.56577587 -1.27853978
v -11.88909054 12.57516098 -0.08401474
v -11.02866745 12.58529854 -0.51553136
v -12.64100742 9.91429234 -1.86082125
v -12.64105797 9.10902500 -1.38052189
v -12.64100742 10.01672554 -0.94770038
v -12.63207436 8.33402157 -0.76451415
v -12.62314034 7.48062468 -0.29636025
v -12.64095688 10.66159153 -4.06141520
v -12.64100742 9.66104317 -4.50176525
v -12.64105797 9.64889812 -3.65142941
v -12.63307762 11.60663223 -3.39767885
v -12.63307762 11.61877823 -4.24796438
v -11.90811157 12.57375526 -4.87486267
v -10.94921970 12.58524895 -5.44851208
v -11.66916656 12.57375526 -5.70703030
v -12.62469673 12.56592655 -5.83229971
v -11.66580391 12.57741928 -6.40589857
v -10.94811535 12.58529854 -7.09442806
v -11.90359497 12.57741928 -7.21964741
v -11.90720844 12.57541180 -7.96759939
v -12.62489700 12.56758213 -7.27911997
v -12.63473415 11.72342014 -7.39816618
v -12.63112068 11.72542763 -6.65021372
v -12.63453293 11.72176361 -5.95134592
v -12.64095688 8.22897816 -5.77297735
v -12.64105797 7.99194050 -4.83225298
v -12.64100742 8.88538742 -5.03250360
v -12.64095688 9.89808178 -5.44248915
v -12.64095688 8.40860176 -6.71370173
v -12.64095688 7.51510382 -6.51340151
v -12.64090729 9.25672913 -6.90637350
v -12.64090729 8.54290485 -7.64679718
v -12.63036728 11.79097271 -9.17236233
v -12.63473415 11.78876495 -8.36719608
v -12.62414455 12.56783295 -8.83223820
v -11.90284157 12.57767010 -8.77281570
v -10.89938259 12.58524895 -8.67469788
v -11.61626816 12.57761955 -9.53933716
v -10.85476589 12.58524895 -10.22475529
v -11.85822487 12.57767010 -10.32287312
v -11.86173820 12.57626438 -11.13632011
v -12.62324047 12.56868649 -10.45090294
v -12.62595081 11.64432335 -11.98349380
v -12.63292694 10.86480331 -11.73877716
v -12.63378048 11.78771019 -11.01968288
v -12.63292694 10.00814342 -12.02856255
v -12.62610149 9.54475784 -12.70329094
v -12.63388062 8.83148575 -12.02926540
v -12.62263870 12.55262661 -11.97902775
v -11.97079659 12.56692982 -11.98464870
v -11.96668148 12.55227470 -12.69932556
v -11.20578098 12.57596397 -11.85661888
v -10.35629845 12.58529854 -7.87711048
v -10.06972408 12.58524895 -8.64368248
v -10.40171814 12.58524895 -4.68379688
v -10.16277313 12.58529854 -5.51596451
v -7.36363649 12.58519840 -5.52856159
v -6.94953537 12.57967758 -4.72078562
v -6.46547174 12.57957745 -5.44128466
v -8.21507645 12.58529854 -8.57683182
v -7.31816626 12.58529854 -8.52990627
v -7.83560467 12.58524895 -9.32423210
v -5.52841139 12.58539867 -8.49442291
v -4.91410971 12.58544922 -7.88373518
v -4.67501402 12.58544922 -8.78787231
v -3.80801606 12.58539867 -8.98887539
v -4.42231750 12.58534908 -9.59956264
v -4.11521673 12.58529854 -10.45306015
v -4.98216486 12.58534908 -10.25205803
v -4.89488792 12.56477165 -12.70605087
v -5.16223955 12.57606411 -11.90515041
v -4.40771294 12.57400608 -11.90645504
v -4.60434961 11.71830082 -12.71413136
v -5.35887623 11.72030830 -12.71282673
v -3.65514326 11.60442352 -12.71423149
v -4.11908150 10.75996017 -12.72105694
v -3.43346286 12.56095791 -12.70881176
v -2.94824505 11.60266781 -12.71568680
v -3.82784033 12.58529854 -11.18485260
v -3.56048870 12.57400608 -11.98575211
v -2.85359049 12.57224941 -11.98720837
v -2.26172304 12.58534908 -10.99679756
v -3.26799297 12.58529854 -10.53235722
v -2.54904962 12.58534908 -10.26500607
v -2.90081739 12.58539867 -9.37718010
v -1.89449739 12.58544922 -9.84161949
v -1.40240383 12.58549976 -9.10581303
v -1.05068624 12.58544922 -9.99358940
v -0.74042386 12.58539867 -10.94595718
v -0.68165368 12.57571316 -11.93220234
v -1.48400962 12.57571316 -11.71564102
v -0.24833032 12.58544922 -10.21015072
v -2.35557485 10.62525558 -12.72115803
v -2.13394451 11.58183956 -12.71568680
v -2.07592702 12.56266403 -12.70605087
v -1.48325682 11.58525181 -12.71157169
v -1.77786040 9.58295059 -12.72823429
v -2.59216118 9.60377884 -12.72823429
v -1.10795081 9.69763088 -12.72848511
v -1.34453702 8.67610359 -12.73556137
v -0.70363605 10.65531826 -12.72120762
v -0.27031267 9.74852085 -12.72858524
v 0.05334987 8.78972912 -12.73505974
v 0.45766455 9.74746704 -12.72783279
v 0.63071287 8.79163647 -13.55036449
v -0.09726439 8.79269028 -13.55096626
v 1.37545288 8.69457245 -13.57309914
v 1.22483861 8.69753361 -14.38900566
v 1.52847612 8.66440964 -12.73531055
v 2.12265205 8.57030678 -13.57395267
v 1.18438709 8.68905163 -16.06844711
v 0.37866861 8.79991722 -15.21148682
v 1.28581715 8.68373203 -15.22318077
v 2.03060722 8.58671856 -15.24606705
v 1.59171307 8.64865112 -16.84957314
v 0.68456459 8.76478577 -16.83788109
v 2.52335334 8.43720818 -16.88144302
v 2.02353072 8.51294231 -17.65087509
v 2.94498277 8.27103615 -16.09514809
v 3.37675047 8.13537788 -16.89645004
v 2.73263741 8.36629295 -15.23718357
v 3.58603454 8.06441212 -15.25213909
v 4.58171463 8.42792416 -12.73039246
v 5.30351877 7.99299431 -12.72923756
v 4.64023399 7.48514175 -12.73837185
v 3.73559475 8.76192474 -12.73039246
v 4.39887953 9.26977730 -12.72125816
v 2.67346573 10.07067776 -12.72130775
v 2.57986498 10.84492874 -12.72120762
v 3.45915914 10.37812996 -12.72120762
v 2.91421771 9.07198620 -12.72873592
v 2.03492355 9.53878498 -12.72873592
v 1.28772426 9.66305065 -12.72783279
v 3.01720333 11.86063385 -12.71272564
v 2.23150992 11.55313206 -12.71282673
v 2.30342937 12.57706738 -11.93962955
v 2.91000175 12.58534908 -11.17752457
v 3.27542090 12.57706738 -11.94223976
v 0.99994612 12.58534908 -11.16869164
v 0.49129054 12.58539867 -10.48432732
v 1.42935479 12.58539867 -10.49050045
v 0.65154088 12.57787037 -8.74611568
v 0.18102819 12.58544922 -9.53195953
v -0.08807997 12.57792091 -8.47193909
v -0.03096601 11.70610523 -7.65417528
v 0.41796583 10.87915707 -7.58556795
v 0.83141476 11.74334431 -7.61743736
v 1.64541423 11.74063396 -7.48745060
v 1.19643223 12.56758213 -7.55610752
v -0.40501732 12.56984043 -7.63560534
v -0.81846625 11.70565319 -7.60368586
v -1.58664405 11.72848892 -7.47389984
v -1.21264291 10.86475277 -7.49251938
v -3.93504190 9.98826981 -6.50190830
v -4.13795233 10.82279587 -6.33729172
v -4.64826393 9.96904755 -6.03234911
v -5.14186335 9.26691723 -5.53232574
v -5.63852358 8.48453617 -5.10477400
v -4.94201422 8.35213947 -5.76946449
v -4.60951900 7.64428806 -5.97879839
v -4.11285830 8.42666912 -6.40635014
v -6.16489553 8.82420826 -4.41222954
v -6.29884768 9.89416695 -4.16505384
v -6.62542105 9.31906223 -3.70964766
v -7.76499033 12.57270145 -3.37173152
v -8.02441216 12.57666588 -2.76907396
v -7.03339958 12.56401920 -2.83231068
v -9.92804337 12.58539867 -2.37354207
v -8.95916367 12.58539867 -2.52576232
v -9.72488308 12.58534908 -3.15622425
v -8.22757339 12.57671642 -1.98639166
v -7.21221924 9.01432037 2.09655428
v -7.40945816 8.14882851 1.59718359
v -7.53151560 9.90540886 0.69987196
v -7.44208050 10.73878098 1.13359678
v -7.39952087 9.86545944 1.58187628
v -7.12273407 9.84769249 2.53027916
v -7.45954609 7.40554380 1.20310724
v -7.53904390 8.28885269 0.75407499
v -8.18215275 7.25593328 2.08049417
v -8.31173897 7.39590740 1.23738563
v -9.24127102 7.47605801 -0.43437731
v -8.40659428 7.48634624 -0.44571981
v -8.42380810 7.53522968 0.37134117
v -10.07685089 7.51134014 0.09003731
v -10.05963707 7.46245670 -0.72702366
v -9.14641571 7.38561916 1.24872816
v -9.93446732 7.30456543 1.78328073
v -10.04653740 7.44388723 0.91723627
v -10.86490345 7.43028641 0.62458992
v -11.75915337 7.50120211 0.13314882
v -11.75915337 7.47716188 -0.63211811
v -11.72889042 7.43374920 0.96034777
v -7.27635956 9.89281178 -2.15452147
v -7.45633411 10.04834461 -1.31542802
v -7.37683582 9.08553696 -1.57991886
v -7.51736259 8.33718395 -1.03914297
v -7.33738804 8.18165112 -1.87823653
v -10.02284908 6.86456680 -3.09509516
v -10.25190735 6.47741652 -3.83406377
v -9.30465794 6.63033962 -3.50708866
v -8.55434704 6.68037701 -3.42904639
v -7.54717398 6.67957401 -3.45288563
v -8.06847763 7.01668692 -2.79195952
v -8.64629173 5.73086977 -4.83807516
v -8.78335571 6.29322672 -4.16801453
v -9.39665318 5.68078184 -4.91611719
v -8.45708275 4.75496387 -5.87776995
v -7.52463961 4.92214012 -5.70166016
v -8.32714653 5.28555155 -5.41006804
v -7.71389866 5.89804602 -4.66196537
v -10.26821804 5.99987745 -4.57865334
v -10.13115501 5.43747044 -5.24871349
v -10.98349762 5.13047028 -5.50657940
v -10.11193275 4.81142521 -5.84399366
v -12.62635231 4.86974382 -5.76494741
v -11.79569054 4.40239286 -6.17653942
v -11.79498768 4.97177601 -5.69021749
v -11.81415939 5.59787130 -5.09493732
v -12.63332844 5.73809671 -6.17548561
v -12.63403130 5.16871357 -6.66180754
v -12.62585068 5.93814611 -4.62005806
v -12.63357925 6.88629818 -4.76710939
v -12.63332844 6.38732910 -5.42562628
v -12.64100742 6.68629885 -6.32248592
v -12.63327885 7.87404871 -3.33328748
v -12.63357925 7.54275751 -4.02663517
v -12.62580013 6.76845694 -3.26814365
v -12.64095688 6.86592197 -7.26326036
v -12.64100742 5.29041958 -7.55575657
v -12.63408184 4.42206669 -7.14521837
v -10.16764164 3.42292333 -6.77744055
v -10.16799259 4.14517927 -6.35054111
v -10.96397495 3.78216934 -6.52875900
v -11.79538918 3.68013692 -6.60348892
v -12.62575054 2.32586336 -7.23239470
v -11.79433537 2.33785844 -7.21723795
v -11.79503822 3.04791856 -6.97081518
v -12.63372993 3.78984809 -7.51259470
v -12.64100742 3.71135402 -8.55489922
v -12.63372993 2.95747972 -8.02827644
v -12.63302708 2.24741960 -8.27474976
v -12.64095688 4.58497667 -8.85738277
v -12.64095688 3.75260854 -9.37311459
v -12.64090729 7.19124079 -9.17246342
v -12.64085674 7.75811434 -10.10761642
v -12.64090729 6.89774132 -9.99755383
v -12.64085674 6.58732843 -10.99057388
v -12.64090729 6.02040434 -10.05542088
v -12.64090729 5.16811132 -10.36201954
v -12.64090729 5.47847414 -9.36899948
v -12.63428211 5.22181273 -11.87518883
v -12.63428211 4.24460173 -11.89566517
v -12.64090729 4.73278046 -11.06881714
v -12.64090729 4.19085026 -10.38244629
v -12.64090729 2.90262413 -11.00241852
v -12.64095688 2.46433210 -9.99308777
v -12.64095688 3.31727767 -10.07991314
v -12.62534904 1.99361873 -12.70298958
v -12.63277626 1.58137441 -11.80914116
v -12.63352966 2.46187305 -11.80934143
v -10.59438992 9.38756847 -12.72090626
v -10.34621048 8.50205135 -12.72095680
v -11.18756199 8.55510044 -12.72095680
v -11.78319359 8.01889133 -12.71247482
v -12.03137302 8.90440845 -12.71242523
v -11.05446339 10.20613575 -12.72090626
v -10.21311188 10.15308666 -12.72090626
v -6.35962534 12.56733131 -12.70404339
v -6.25282526 11.69059658 -12.71277618
v -6.96308613 11.69109917 -12.71212387
v -5.96228647 10.84412575 -12.72090626
v -5.51586437 9.93782997 -12.72100735
v -6.40986347 9.90806866 -12.72100735
v -4.66086102 10.11665058 -12.72110748
v -5.10838747 9.18059349 -12.72120762
v -5.22908974 8.27630615 -12.72858524
v -4.37408686 8.45512581 -12.72873592
v -3.73469138 8.76197529 -12.73114491
v -3.85534334 7.85763741 -12.73862267
v -3.72957230 7.92348385 -13.56306171
v -4.36896753 7.61663437 -13.56050205
v -4.62221622 7.44900656 -15.20084763
v -3.87506723 7.86130095 -15.22523880
v -4.25408745 7.62787676 -16.04114532
v -5.38918972 6.91144276 -16.84279823
v -6.03214836 6.36790609 -16.83481789
v -5.64419508 6.67199564 -16.00862312
v -4.62663269 7.44624615 -16.85715294
v -5.01458645 7.14210653 -17.68324661
v -3.44656205 8.03324509 -14.44998455
v -3.07843280 8.21211529 -15.29038239
v -2.12832332 8.51128578 -15.33093452
v -2.55682874 8.33929157 -16.10603905
v -1.33645678 8.68639183 -15.33178806
v -1.85811114 8.55916500 -14.51603222
v -1.54032052 8.64784813 -13.62619781
v -0.87046105 8.76252747 -13.62644958
v -1.17475104 8.69703197 -16.89579773
v -0.66474032 8.72182465 -16.10162163
v -0.23282222 8.78044415 -16.85092926
v -2.01018071 8.53637981 -18.46231651
v -2.34187341 8.41698265 -19.26427078
v -2.90453124 8.27966881 -18.46627998
v -4.07958364 7.71435070 -19.29423332
v -3.67577076 7.95670843 -20.07661438
v -4.51908016 7.51078796 -20.10266113
v -4.92108583 7.20423937 -20.90953445
v -5.32494879 6.96188164 -20.12715340
v -6.00725508 6.39194632 -20.09719086
v -5.60524893 6.69844437 -19.29031754
v -6.03234911 6.36790609 -18.46472549
v -5.35004282 6.93784142 -18.49458694
v -6.86587191 5.40279055 -15.99642754
v -7.21181774 5.01187611 -15.19638062
v -6.63304949 5.73754454 -15.20044613
v -7.18707514 5.04359484 -16.80545807
v -6.60835695 5.76926374 -16.80952454
v -7.38501692 4.70226622 -17.62001038
v -7.64253139 4.33579350 -16.80701447
v -7.18998623 5.03897762 -18.43285561
v -7.64544249 4.33117580 -18.43436050
v -8.04007053 3.55712628 -18.43004417
v -8.37989426 2.69675303 -18.43892860
v -8.18034649 3.13404107 -17.63039970
v -8.03324509 3.57398939 -16.81730270
v -8.37311840 2.71361613 -16.82618713
v -8.60669327 1.88415873 -16.81133080
v -8.45959282 2.32405663 -15.99833488
v -8.61683178 1.85931563 -15.16004467
v -8.38325691 2.68877292 -15.17490005
v -8.22431087 3.04209661 -14.35813999
v -8.06707191 3.50683784 -15.19628048
v -7.67640829 4.26864195 -15.18599129
v -7.83530378 3.91536832 -16.00265121
v -7.44353580 4.60334587 -14.39000988
v -7.73507833 4.19090033 -13.55909729
v -7.27048779 4.93408489 -13.56953621
v -6.08479548 6.29985142 -12.73736858
v -5.67275190 6.70205832 -13.55849457
v -6.20394182 6.19756794 -13.56000042
v -6.38542175 5.97317743 -14.39076233
v -6.79746532 5.57097054 -13.56963634
v -6.87550783 6.71053982 -12.73014164
v -6.34431791 7.21502972 -12.72858524
v -7.43018579 5.97016621 -12.73014164
v -7.68970823 6.88539505 -12.72130775
v -8.84478569 5.36921501 -12.72130775
v -7.90320778 5.33333063 -12.72999096
v -8.50360775 4.55752420 -12.72999096
v -7.90486431 3.81022429 -12.73902416
v -8.84644127 3.84615898 -12.73039246
v -9.01040554 2.90804458 -12.73039246
v -9.60919952 3.65534401 -12.72130775
v -10.43981075 3.26337576 -12.72125816
v -10.27579689 4.20149040 -12.72125816
v -11.09757519 2.85333943 -12.72125816
v -10.43097782 2.30719352 -12.72130775
v -8.07791233 3.47948527 -13.55949879
v -8.39409733 2.66142058 -13.53801823
v -8.63755894 1.78162456 -13.53560925
v -8.49121094 2.21901321 -12.73696709
v -8.69070816 1.36682057 -14.37093830
v -8.76704407 1.00210416 -15.19437313
v -8.67650509 1.40631855 -17.60525513
v -8.76297855 1.01675916 -16.77740288
v -8.83775902 0.05390193 -18.36565399
v -8.80985451 -0.83919388 -18.35039711
v -8.80493641 -0.35417685 -17.55607033
v -8.61587811 1.84701955 -18.42879105
v -8.47560215 2.27005434 -19.22843552
v -8.37597942 2.70674038 -20.05287552
v -8.61196327 1.85700691 -20.04268646
v -8.67103481 1.42132473 -20.83154106
v -8.77060795 0.98463881 -20.00700188
v -8.06150150 3.48987412 -21.66205406
v -8.40639305 2.62242436 -21.67108727
v -8.16749859 3.16114259 -20.85824203
v -7.67957020 4.28575563 -21.66054726
v -7.91841507 3.74698734 -22.47329140
v -8.03113747 3.57419014 -20.04394150
v -7.84504032 3.89383769 -19.24288940
v -7.63650894 4.34823990 -20.04825783
v -7.36885595 4.72891617 -20.87801552
v -7.22577000 4.98602915 -21.68925476
v -7.18275881 5.04856348 -20.07711601
v -4.46593094 7.54627085 -21.67449951
v -5.27180004 6.99736452 -21.69904137
v -4.40008402 7.56674767 -23.29883575
v -3.94347358 7.78275681 -22.46375656
v -3.52691293 8.01010895 -23.29858398
v -4.23953247 6.72966146 -24.14395142
v -4.88153791 6.32720375 -24.14319801
v -4.62542820 7.39164162 -24.13306046
v -3.45920944 7.12689972 -24.14410210
v -3.71526861 6.06251240 -24.15423965
v -6.78301144 5.50848675 -24.13582039
v -6.76986217 5.54236364 -23.33858490
v -6.31907320 6.07967663 -23.34204674
v -6.61051512 5.77137136 -21.72584152
v -6.92122936 5.32821131 -22.50832367
v -7.35460281 3.19085407 -24.14485550
v -7.63510370 2.42889953 -24.14319801
v -8.26636887 2.90141964 -24.13391304
v -8.09658241 0.78574365 -24.14470482
v -7.15540648 0.39979777 -24.15413857
v -7.88187790 0.02333743 -24.14470482
v -6.29011488 -1.01756215 -24.15423965
v -5.92835951 -0.28381327 -24.15423965
v -5.27772188 -0.93876696 -24.15423965
v -4.46849060 0.54092652 -24.15439034
v -3.49860692 0.64752585 -24.15439034
v -3.94608331 -0.09841871 -24.15439034
v -4.90994406 1.19848990 -24.15439034
v -5.35742044 0.45249519 -24.15423965
v -5.43967867 1.86523783 -24.15423965
v -4.55074883 1.95371926 -24.15439034
v -6.58451796 1.13610625 -24.15423965
v -7.04669905 1.94026887 -24.15413857
v -6.26110601 1.91417110 -24.15423965
v -5.90191031 2.66940045 -24.15423965
v -2.59652734 0.78614515 -24.15439034
v -3.11888433 1.42549038 -24.15439034
v -1.97906423 2.43803358 -24.15439034
v -1.13003349 2.60074329 -24.15439034
v -1.36772394 1.72681928 -24.15439034
v -0.79292053 1.06258082 -24.15439034
v -1.64200151 0.89987123 -24.15439034
v -3.36676311 -2.13976622 -24.15439034
v -3.81965971 -2.92013979 -24.15439034
v -4.28886747 -2.26262665 -24.15439034
v -4.37594366 -0.84366065 -24.15439034
v -4.73774910 -1.57735932 -24.15439034
v -5.19064569 -2.35773277 -24.15439034
v -5.58532429 -3.23918509 -24.15423965
v -6.03415585 -2.55391788 -24.15423965
v -6.81904650 -2.68621349 -24.15423965
v -6.42436790 -1.80476117 -24.15423965
v -5.94863558 -4.13283300 -24.15413857
v -6.22050428 -5.19998074 -24.14520645
v -6.70070314 -4.50251770 -24.14520645
v -5.10507536 -3.93664789 -24.15423965
v -4.64003325 -4.57027197 -24.15423965
v -4.27672195 -3.67662382 -24.15439034
v -3.35461760 -3.55376363 -24.15439034
v -3.31632400 -4.90035820 -24.15439034
v -3.55657411 -5.79360485 -24.15423965
v -4.05187988 -5.20344400 -24.15423965
v -2.88842106 -4.21825314 -24.15439034
v -2.39311528 -4.80836391 -24.15439034
v -1.95969164 -6.38682699 -24.15439034
v -2.73323965 -6.25904846 -24.15439034
v -2.04752064 -5.61824799 -24.15439034
v -3.46874499 -6.56218433 -24.15423965
v -1.61956739 -4.93614244 -24.15439034
v -1.12596822 -4.22879267 -24.15439034
v -0.78037351 -5.03867674 -24.15439034
v 0.02589702 -5.17147398 -24.15449142
v -0.46765196 -5.87887430 -24.15439034
v 2.74463224 -6.72388983 -24.15439034
v 3.14824438 -7.65382385 -24.14776611
v 2.37635255 -7.63801432 -24.14791679
v 2.44731855 -5.93729305 -24.15439034
v 3.21921015 -5.95305204 -24.15439034
v 1.01279426 -3.84856796 -24.15449142
v 0.53359902 -4.54462576 -24.15449142
v 0.19237068 -3.63521862 -24.15449142
v 1.11869097 -2.22217488 -24.15449142
v 1.93580210 -2.44250035 -24.15449142
v 1.48867702 -3.15948653 -24.15449142
v 0.28617209 -2.06915164 -24.15449142
v 0.73329717 -1.35216570 -24.15449142
v -0.18398929 -2.82172108 -24.15449142
v -0.56933290 -1.95171177 -24.15449142
v -1.49766076 -2.00270271 -24.15449142
v -1.96857488 -2.75075531 -24.15449142
v -2.42669129 -2.04927731 -24.15449142
v -1.02749932 -1.25018358 -24.15449142
v 2.78528452 -2.74904895 -24.15449142
v 2.41524839 -1.81168723 -24.15449142
v 3.49574614 -0.63538033 -24.15439034
v 3.81704998 -1.53866434 -24.15449142
v 2.94337678 -1.21495163 -24.15439034
v 2.09394455 -0.90840316 -24.15439034
v 3.32756615 0.18629794 -24.15439034
v 4.20128918 -0.13741480 -24.15439034
v 2.46669102 0.54177970 -24.15439034
v 3.17223430 1.03974521 -24.15439034
v 1.82563949 3.88967204 -24.15439034
v 1.95743322 4.81503868 -24.15439034
v 2.55411863 4.21534204 -24.15423965
v 4.60896683 6.58823156 -24.14495468
v 3.78974771 6.23074245 -24.15423965
v 3.93438959 7.07796621 -24.14495468
v 5.44795990 6.90035105 -24.13657379
v 5.30326796 6.05312681 -24.14585876
v 4.04625845 7.79148960 -24.13431549
v 3.56254649 8.05919266 -23.31891060
v 4.26994658 7.70315838 -23.32016563
v 4.58623171 7.49618340 -22.53221321
v 5.06994390 7.22848034 -23.34771729
v 6.04946327 6.41653824 -22.59891319
v 6.42747927 6.08840895 -23.38776779
v 5.76419449 6.69337559 -23.34862137
v 5.95214891 5.51104641 -24.14585876
v 5.11320591 5.19892693 -24.15423965
v 4.85127449 4.39200401 -24.15423965
v 5.46557570 3.92093921 -24.15423965
v 4.55476379 3.65609694 -24.15423965
v 4.20239353 4.93413496 -24.15423965
v 4.47200346 2.75010276 -24.15423965
v 3.85770226 3.22116756 -24.15423965
v 4.76841402 1.18358409 -24.15439034
v 3.90402579 1.49971843 -24.15439034
v 4.63933039 1.99903905 -24.15439034
v 5.33639193 2.43401861 -24.15439034
v 8.03083611 3.83135343 -20.48790359
v 8.19404793 3.42272258 -19.68283844
v 8.39951706 2.99662638 -20.27821922
v 8.65793514 2.18644118 -20.23119354
v 8.49477386 2.59507203 -21.03605843
v 8.74646759 1.75698221 -19.44283867
v 8.84172440 1.35547805 -20.20072937
v 8.93768311 0.47442737 -20.17071533
v 8.94832325 0.05365099 -19.35099602
v 8.95580101 -0.39799100 -20.10923576
v 8.89276505 -1.24752367 -20.16880989
v 8.88212490 -0.82674724 -20.98852921
v 8.53251553 -2.70222330 -18.32831383
v 8.46405888 -3.04821968 -19.06266594
v 8.68824863 -2.30031776 -19.04790878
v 8.60067081 -2.47989058 -21.13502884
v 8.71946621 -2.16129684 -20.41513252
v 8.79314232 -1.73254073 -19.53598785
v 8.94159794 0.81756288 -18.63496208
v 8.84915161 0.90378588 -20.95907021
v 8.79826164 1.51612997 -17.76480293
v 8.78691864 1.62463641 -18.54246712
v 8.60317993 2.45559955 -18.57283020
v 8.64031982 2.33961487 -16.76405334
v 8.79695606 1.53700817 -16.92209625
v 8.95163536 0.72993457 -17.01444244
v 8.31590366 3.19496942 -18.87907791
v 8.35635567 3.06262350 -17.97870445
v 7.94722271 4.02974653 -19.08881378
v 6.53046513 5.92655277 -21.11354828
v 6.96178102 5.50592709 -21.90646935
v 6.28138208 6.23214769 -21.84498787
v 6.91008759 5.56268978 -20.44193268
v 7.21733856 5.09122324 -19.80068016
v 7.51811552 4.72886610 -20.53377533
v 7.53061199 4.71119976 -19.23199844
v 6.92263460 5.54502344 -19.14015579
v 6.00303936 6.46998882 -19.49618912
v 5.76459599 6.70913458 -18.51616859
v 6.37086725 6.16424322 -18.72871399
v 6.68414116 5.78421974 -18.16013336
v 6.69779205 5.76665401 -17.41484261
v 7.24950886 5.14743376 -17.82628250
v 7.66611958 4.46598101 -17.68309593
v 7.68694782 4.42387342 -16.82693863
v 8.08995724 3.75993586 -17.42894363
v 7.65251875 4.48349667 -18.42828751
v 8.66159916 2.25911331 -15.05464935
v 8.38019466 3.02222228 -15.16651917
v 8.40478706 2.92525887 -14.36561871
v 8.37387085 3.03697753 -16.21414375
v 8.11705875 3.70312309 -15.52516270
v 7.33668566 5.02005672 -14.79753685
v 7.64785147 4.47054815 -14.27773952
v 7.81221724 4.23787642 -14.99723434
v 7.02105331 5.39405775 -15.65775871
v 6.85668755 5.62672949 -14.93841457
v 5.63837337 6.82255936 -13.52366447
v 5.30893898 7.04168034 -14.40195465
v 5.03260374 7.26938343 -13.61550808
v 6.27641344 6.25739241 -13.52200794
v 6.00007820 6.48509550 -12.73571205
v 7.45753860 6.61924791 -12.72768211
v 8.35505104 6.49970007 -12.72130775
v 7.53563118 5.80043030 -12.72768211
v 8.12930489 4.97724628 -12.73014164
v 7.23174238 5.09679413 -12.73646545
v 9.04608917 4.97579098 -12.72135830
v 8.74220085 4.27215481 -12.73014164
v 9.52463245 2.49439478 -12.72798347
v 8.71826172 1.94403303 -12.73505974
v 9.09160995 3.51145506 -12.72798347
v 10.09205818 3.25363922 -12.72130775
v 9.13708019 6.07184696 -12.72125816
v 9.05898762 6.89066458 -12.72120762
v 9.05040550 7.83520317 -12.72115803
v 9.83243561 7.40735054 -12.72110748
v 10.55203152 7.92579269 -12.72095680
v 10.56051350 6.98125410 -12.72100735
v 11.21521568 6.52253580 -12.72095680
v 10.49561977 6.00409317 -12.72105694
v 12.01410866 7.15450335 -12.71257591
v 11.94921589 6.17734241 -12.71262550
v 11.99277878 2.94714093 -12.71312714
v 11.99915314 3.67622232 -12.70921326
v 12.74605083 2.90563536 -12.70123291
v 12.75799561 3.08525848 -11.78234005
v 12.75177193 2.35617709 -11.78620529
v 12.76386738 1.62097275 -10.92216778
v 12.75177193 1.44134974 -11.84111023
v 12.74173450 1.49545240 -12.70534801
v 12.76371670 2.56807089 -9.10225010
v 12.76371670 2.09459710 -10.05491924
v 12.76371670 3.00927377 -9.91459370
v 12.76371670 3.39486837 -10.85857964
v 12.76371670 3.86834216 -9.90596104
v 12.76371670 4.23852873 -8.36283016
v 12.75608826 4.20354795 -7.28694916
v 12.76361656 5.21363211 -8.57984257
v 12.76361656 4.45785046 -9.17893696
v 12.76361656 6.19485807 -8.73025608
v 12.76361656 5.97553635 -7.91414881
v 12.76361656 6.39686489 -9.50716686
v 12.76361656 7.15876913 -8.84147263
v 12.76361656 5.74447060 -10.22575951
v 12.76361656 6.70838165 -10.33697605
v 12.75558662 9.12137127 -12.10781002
v 12.76361656 8.73723221 -11.34866619
v 12.75558662 8.23565388 -11.94901466
v 12.74795818 7.71455145 -12.70615101
v 12.01385784 8.05974483 -12.71453285
v 11.31077385 8.45291710 -12.72095680
v 12.04447269 9.01296520 -12.71458340
v 12.04487419 10.09527016 -12.71252537
v 12.74795818 9.70209694 -12.70605087
v 12.75598812 10.20367622 -12.10570240
v 12.75598812 10.90962124 -11.69541454
v 12.76361656 10.32889557 -11.09712315
v 12.74820900 11.67589188 -12.00487423
v 12.75583744 11.80111122 -10.99629593
v 11.20166492 10.26043892 -12.72110748
v 11.90515041 10.94957066 -12.71257591
v 10.58264637 8.87901402 -12.72105694
v 8.29688263 8.22124958 -12.72115803
v 9.07038021 8.73793507 -12.72105694
v 7.55164099 8.49688244 -12.72115803
v 7.53166628 7.59415007 -12.72125816
v 6.77563381 8.74300385 -12.72120762
v 6.01573706 8.40277958 -12.72120762
v 6.00489616 9.27595043 -12.72115803
v 5.91054296 10.18013859 -12.72105694
v 5.87179756 10.93290806 -12.72100735
v 6.72604799 10.36899567 -12.72105694
v 7.53312159 11.04352283 -12.72110748
v 7.57186651 10.29075241 -12.72115803
v 8.34792423 10.04463005 -12.72115803
v 7.54080009 9.37005329 -12.72110748
v 9.03891277 9.68463135 -12.72105694
v 9.06997871 10.60533142 -12.72110748
v 9.13442039 11.76151276 -12.71628952
v 9.82540894 11.40151405 -12.71618938
v 10.47594643 11.83619213 -12.71628952
v 10.41150475 10.68001080 -12.72110748
v 6.88363838 11.84743404 -12.70976543
v 6.15395451 11.84316826 -12.71513462
v 6.35029030 12.56883717 -12.70389271
v 5.33844948 11.65436077 -12.71513462
v 7.31525517 12.58529854 -10.55996132
v 6.82948542 12.58529854 -11.14605713
v 6.19159555 12.58529854 -10.67363739
v 3.98041201 12.58539867 -9.75815773
v 4.41805124 12.58534908 -10.38932228
v 3.44435358 12.58534908 -10.54901981
v 4.06191730 12.57651615 -11.94324303
v 4.79390955 12.58529854 -11.21993351
v 4.97378349 12.57651615 -11.98309231
v 5.32991743 12.58534908 -10.42912102
v 5.03400898 12.58544922 -8.66586494
v 4.27752495 12.58544922 -9.03083229
v 4.35742426 12.58549976 -8.09818840
v 3.30382729 12.58544922 -9.19053078
v 2.43396854 12.58544922 -9.35504723
v 2.73108149 12.58549976 -8.62772274
v 1.93580210 12.57516098 -8.10917950
v 2.80571103 12.57516098 -7.94466352
v 5.76479673 12.58539867 -9.00337982
v 5.84469604 12.58544922 -8.07068539
v 6.62642479 12.58534908 -9.24789524
v 5.81573772 12.58534908 -9.84302521
v 6.55239725 12.58544922 -7.46883059
v 7.26376247 12.58544922 -6.87254667
v 7.28679895 12.58539867 -7.81196642
v 11.19478893 12.58519840 -9.83971310
v 10.42455387 12.58519840 -10.25928497
v 10.40297318 12.58514786 -9.34149647
v 11.96075916 12.57586288 -9.28694153
v 11.96141148 12.57390594 -8.45522594
v 12.74901199 12.56467152 -8.82029343
v 12.75659084 11.51835155 -7.59364843
v 12.76361656 10.65677357 -8.03575420
v 12.75659084 11.70113659 -8.43063354
v 12.75443268 11.81511307 -5.22005606
v 12.75443268 11.81812477 -4.38648319
v 12.76371670 11.06199169 -4.88479996
v 11.87097263 12.57827282 -4.25438833
v 11.94043255 12.57827282 -5.11004400
v 11.87082195 12.57767010 -3.41519451
v 11.83423519 12.57761955 -2.65369153
v 12.74504757 12.57064342 -3.88259554
v 12.75433159 11.76367092 -2.64265013
v 12.76371670 11.01115131 -3.14658809
v 12.75433159 11.81752205 -3.54733944
v 12.76361656 9.56899834 -4.29940701
v 12.76361656 10.24939728 -4.64480114
v 12.76361656 10.38465405 -3.70588350
v 12.76361656 9.39966393 -2.54177237
v 12.76371670 8.68172455 -2.66849709
v 12.76361656 8.98636627 -3.48721433
v 12.76361656 10.33080292 -2.80119419
v 12.76371670 10.02616119 -1.98247707
v 12.75408077 8.34646893 -0.35723832
v 12.75433159 8.34240341 0.45349896
v 12.74464607 7.50436401 0.02449175
v 12.74379253 7.35650969 -1.53610480
v 12.75342846 8.14978218 -2.00455976
v 12.75408077 8.30175114 -1.25465035
v 11.79488754 7.42687368 -1.16732323
v 11.79423523 7.27490425 -1.91723263
v 11.85912800 7.50767612 -0.36290959
v 10.90962124 7.42612076 -0.74403739
v 11.85937881 7.50361109 0.44777751
v 11.89586544 7.39891863 1.33108664
v 11.01034832 7.40223122 0.94363517
v 10.19178200 7.36589527 1.53123653
v 10.15534496 7.47058725 0.64792734
v 8.47148705 7.53482771 -0.23849347
v 9.27991581 7.47992229 0.30378810
v 8.52834988 7.48910666 0.69324714
v 7.68333435 8.29015732 -0.39051300
v 7.58546782 8.19013309 -1.33901644
v 7.62205458 7.44398785 -0.79753786
v 7.68905592 8.34180069 0.48933321
v 7.65251875 9.08789635 -0.05214535
v 7.67620754 9.91946125 -0.59904420
v 7.68197918 9.97110462 0.28075179
v 7.59836578 9.93888474 1.19221640
v 7.62205458 10.77044964 0.64531755
v 7.41447687 8.98360538 -1.85630429
v 7.54210520 9.86771774 -1.46945500
v 7.30978489 9.81502056 -2.39376783
v 7.08584595 7.88238001 -3.02648830
v 7.25688648 7.08895779 -2.50925040
v 7.35319757 8.13743591 -2.26332927
v 6.82090330 8.99760818 -3.48836851
v 6.72454214 7.94907999 -3.73428988
v 11.93496227 6.40835762 -4.00309706
v 11.93626690 5.97091913 -4.61559153
v 12.74620152 6.16062975 -4.34728622
v 12.75433159 7.10070133 -4.48003387
v 12.76371670 7.93588018 -4.41965771
v 12.75433159 7.43324757 -3.67436528
v 12.75342846 7.73648357 -2.95000172
v 12.74404335 6.90130472 -3.01042795
v 12.76361656 8.95645428 -5.99756908
v 12.76361656 8.51856327 -5.23185015
v 12.76361656 8.04127502 -5.99109459
v 12.76361656 8.69116020 -7.54431343
v 12.76361656 9.68859673 -7.76534176
v 12.76361656 9.47660255 -6.97779131
v 12.76361656 7.47003508 -6.65071583
v 12.76361656 6.70883369 -7.30461550
v 12.76361656 7.71796417 -7.41066265
v 12.76361656 7.92995834 -8.19821358
v 12.76361656 8.13196468 -8.97512341
v 12.76361656 9.08227539 -9.11826038
v 12.76361656 8.31108570 -9.76156998
v 12.76371670 5.72760773 -7.15420198
v 12.75533581 4.82748556 -6.89091587
v 12.75533581 5.56078243 -6.28138208
v 12.76371670 7.03214455 -5.88499737
v 12.75558662 6.66331291 -5.09257841
v 12.75558662 6.09207296 -5.75219965
v 11.12452602 5.64630270 -4.94808722
v 11.77390862 7.04158020 -2.66111946
v 11.77481270 6.73834419 -3.38548303
v 10.96487808 6.54863310 -3.65383840
v 10.82500362 7.11194372 -2.29233789
v 10.23102856 6.39109325 -3.88886905
v 10.39117908 6.06110668 -4.50648260
v 9.61552334 6.66642475 -3.46974874
v 8.77241421 6.80198240 -3.16023922
v 9.96161938 7.01412725 -2.72666502
v 8.32137489 7.24679899 -2.08159828
v 8.05402279 6.99174356 -2.84480762
v 9.17080688 7.33763933 -1.52255404
v 8.37362003 7.43480301 -1.18699694
v 6.47059107 7.21523046 -4.08615828
v 10.09848213 7.51630878 -0.28381327
v 11.07945728 6.14993954 4.26578093
v 11.86766052 6.59064054 3.64485478
v 11.95659351 6.09382963 4.37589359
v 11.96015644 5.68846083 4.98091030
v 12.74820900 6.12916183 4.36003399
v 10.37622261 5.80033016 4.81283045
v 10.28738976 6.29714108 4.08184195
v 9.43459511 6.45653820 3.73333621
v 8.88423347 6.18025303 4.28470182
v 8.73467255 6.68926001 3.38914680
v 10.13782978 6.80614805 3.18628693
v 11.87057114 6.90396452 2.97760510
v 11.01873016 6.97216988 2.68084335
v 11.89867592 7.22933340 2.12370610
v 9.31093216 7.19987297 2.03662992
v 10.16593456 7.13151693 2.33233762
v 12.74770737 7.33071327 1.62784851
v 10.03419113 7.43550587 -1.08822691
v 9.98194599 7.24745131 -1.98277819
v 12.76361656 9.13974094 -0.82569331
v 12.76361656 10.00156879 0.57249475
v 12.76361656 10.01040268 -0.27462885
v 12.76371670 10.82746315 0.22614722
v 12.76371670 9.96568489 -1.17204082
v 12.76371670 10.89682293 -1.43146276
v 12.76361656 8.85105896 -4.42613173
v 11.94183826 12.57606411 -5.97006559
v 12.74655247 12.56908798 -5.58181143
v 11.92000580 12.57606411 -6.80895853
v 11.11388588 12.58519840 -6.33719110
v 12.75583744 11.81290531 -6.08007812
v 12.76361656 10.24633598 -5.47832346
v 12.76361656 9.95389080 -6.21854687
v 12.76361656 10.76648521 -6.45854568
v 12.76361656 9.44217396 -10.70610905
v 12.76361656 10.14811802 -10.29577160
v 12.76361656 10.93722439 -9.77978802
v 12.76361656 10.05045223 -9.38872337
v 12.76361656 9.87133121 -8.60232735
v 12.75598812 11.80075932 -10.16939831
v 12.74820900 12.56698036 -10.47890759
v 12.75598812 11.70309353 -9.26239967
v 12.75583744 11.52045918 -6.82030106
v 12.74886131 12.56482220 -7.21518040
v 11.92090988 12.57395649 -7.58230591
v 11.13255596 12.58514786 -8.04900455
v 11.98223972 12.57626438 -11.03162766
v 11.98239040 12.57591343 -10.20478058
v 11.28216648 12.57957745 -11.72733402
v 12.04803562 12.57064342 -12.00151157
v 12.04386997 12.55814648 -12.69631481
v 12.74389267 12.55483437 -12.00060844
v 10.44001198 12.58524895 -11.02967072
v 10.50590897 12.57962704 -11.99950409
v 10.61898232 12.56587601 -12.70424461
v 9.77677727 12.57149696 -12.00658035
v 9.64819527 12.58524895 -10.53145409
v 10.37105370 12.58519840 -8.47806168
v 9.60081768 12.58524895 -8.89758301
v 10.33045101 12.58524895 -7.60514116
v 8.87986660 12.58524895 -9.43795776
v 8.84794712 12.58529854 -8.57452297
v 8.06255531 12.58534908 -8.16528988
v 7.35124016 12.58534908 -8.76157379
v 8.78350544 12.58534908 -7.62491560
v 7.40218115 12.58529854 -9.60121918
v 5.66316605 12.57495975 -11.98449802
v 6.39289999 12.57917595 -11.97912788
v 4.93117380 12.56617737 -12.70780754
v 7.51660967 12.57917595 -11.86545181
v 8.22305584 12.57772064 -11.86831284
v 7.78647089 12.57164764 -12.70143414
v 8.79294109 12.58524895 -10.39669991
v 8.04007053 12.58529854 -10.07363892
v 8.80839920 12.58524895 -11.16708565
v 9.19138432 12.56396866 -12.70780754
v 9.07831001 12.57772064 -12.00306702
v 8.43595409 11.76773548 -12.71277618
v 7.72950745 11.76919079 -12.70986557
v 10.55112839 9.82571030 -12.72105694
v 9.79238510 9.29858589 -12.72105694
v 11.20507812 11.84432316 -12.70921326
v 12.74404335 11.66339493 -12.69967747
v 11.90083408 11.82851315 -12.70830917
v 12.76361656 8.55645561 -10.54726315
v 12.76361656 7.60614491 -10.40412712
v 12.75598812 7.33041191 -11.94705772
v 12.76361656 6.95375109 -11.12271976
v 12.75598812 6.43264866 -11.87990570
v 12.75648975 4.70497656 -11.77551460
v 12.75799561 3.94432664 -11.77365780
v 12.75091934 4.39536667 -12.69927597
v 12.75648975 5.60600185 -11.87835026
v 12.76371670 5.15496206 -10.95273209
v 12.74886131 5.98266315 -12.70268822
v 12.76361656 4.84344530 -10.12292385
v 11.99759674 4.43687201 -12.71111965
v 11.19795132 4.63155127 -12.72105694
v 11.94986820 5.35069561 -12.71107006
v 9.75002670 5.36675549 -12.72125816
v 10.40462875 4.90803719 -12.72115803
v 10.88548088 2.97715330 -12.72120762
v 10.45245838 3.99421358 -12.72120762
v 8.17477512 3.51296067 -12.73671627
v 6.07425594 7.46004772 -12.72923756
v 6.71229649 6.89488029 -12.72768211
v 7.49884319 4.76314449 -13.40843201
v 6.90521908 5.58632803 -13.40602303
v 6.54356432 5.92379236 -14.19402504
v 5.05789852 7.24489164 -15.32887745
v 5.66366816 6.79801750 -15.23693275
v 5.01794910 7.26873112 -16.94001198
v 4.21082497 7.75269413 -16.91321182
v 4.60550356 7.48524237 -16.13705444
v 5.77252579 6.70230913 -16.95627403
v 5.37784719 6.96981144 -17.73243141
v 3.78924584 7.91886663 -17.69950867
v 2.89258647 8.28950500 -19.25383186
v 2.49861073 8.44267941 -18.45252991
v 3.34909678 8.14837646 -18.48389626
v 3.29424143 8.16549015 -20.06682777
v 2.44370484 8.45979309 -20.03545952
v 4.11300850 7.80760002 -20.08474350
v 3.66412711 7.97783756 -20.86637306
v 4.56992054 7.50506639 -19.28444672
v 4.93980598 7.31741333 -20.08384132
v 5.16650534 7.13633490 -20.96810341
v 5.62341738 6.83385181 -20.16780472
v 4.13458967 7.79540396 -21.69447517
v 3.31577206 8.15329456 -21.67655754
v -1.87783504 8.57141113 -21.62446213
v -2.22337961 8.45888996 -22.44237709
v -2.72480798 8.33858871 -21.64554214
v -3.59280992 7.98963165 -21.67424965
v -3.24726534 8.10210323 -20.85643578
v -1.44948018 8.60769749 -20.84248352
v -0.94805169 8.72799778 -21.63931847
v -1.95191252 8.54210186 -23.27865982
v -2.79888558 8.30927944 -23.29973793
v -3.25544596 8.09327030 -24.13491821
v -2.73118186 7.42612076 -24.14520645
v -1.60235298 4.24148989 -24.15449142
v -2.34122109 3.99401283 -24.15439034
v -2.20220017 4.92354536 -24.15439034
v -1.41249168 6.06502151 -24.15439034
v -0.65144050 6.31415510 -24.15439034
v -0.70228100 5.42010546 -24.15449142
v -0.21465416 8.75103378 -24.13391304
v 0.41103989 8.06727219 -24.14385033
v -0.38408893 8.03861523 -24.14445305
v 0.82082510 6.11019087 -24.15439034
v 0.15016256 6.51204634 -24.15439034
v 0.91221744 6.95299816 -24.15439034
v 1.40591705 5.52023077 -24.15439034
v 0.64386213 5.07927847 -24.15439034
v 2.13439608 5.84590054 -24.15439034
v -0.37184304 2.83778119 -24.15439034
v -0.98318332 3.54899573 -24.15449142
v -0.84416252 4.47852802 -24.15449142
v 0.22840568 2.17600203 -24.15439034
v 0.37530601 3.12425447 -24.15439034
v 0.50203079 4.13770103 -24.15439034
v 1.10227954 3.47592187 -24.15439034
v 1.11613142 7.95525312 -24.14711380
v 1.28556621 8.66767216 -24.13657379
v 1.78674376 7.55339766 -24.14711380
v -0.55999792 7.15696239 -24.15439034
v -1.18569195 7.84072399 -24.14445305
v -0.08311136 4.72761106 -24.15449142
v -2.93800664 5.56790924 -24.15439034
v -2.19908857 5.81538630 -24.15439034
v -4.43511534 4.86382151 -24.15423965
v -3.71838021 5.17067099 -24.15423965
v -3.65785360 4.36926889 -24.15439034
v -6.94225788 3.97177958 -24.14485550
v -6.31094265 3.49925947 -24.15423965
v -7.60985899 4.31727409 -24.13391304
v -6.56619930 4.62567949 -24.14334869
v -5.41388226 5.85553694 -24.14661026
v -5.19707012 4.97272968 -24.15423965
v -6.11541033 5.16299248 -24.14661026
v -5.13659334 4.17132711 -24.15439034
v -2.14824796 6.70938540 -24.15439034
v -1.94453490 7.67575598 -24.14520645
v -1.76862586 8.55740929 -24.13531876
v -1.19311976 8.70706940 -23.27800751
v -0.06378897 8.78325462 -21.67083549
v -0.49209353 8.74696922 -22.45296669
v 0.74494082 8.75519943 -20.03445625
v 0.32250822 8.73412132 -20.86230659
v -0.09726439 8.78531265 -20.02933693
v -0.98363501 8.71901417 -20.05884743
v -0.56115228 8.74004269 -19.23084450
v 0.70855451 8.76538849 -18.41022110
v 1.56697035 8.65407085 -18.42076111
v 1.18363428 8.69507504 -19.21202469
v 1.60340691 8.64388275 -20.04484367
v 0.77846640 8.75309181 -21.67605591
v -0.30880690 8.76232624 -23.30952454
v 0.48632193 8.79093361 -23.30887222
v 1.26132536 8.68127251 -22.48734474
v 1.64762259 8.63213921 -21.67871475
v 2.06056952 8.55796051 -23.31494522
v 1.35547805 8.66998100 -23.31178284
v 2.00506163 8.51986790 -20.85783958
v 2.48792052 8.44799900 -21.66928101
v 2.95833278 8.26561546 -22.49738312
v 2.73469496 8.35389614 -23.31153297
v 2.66478324 8.35158825 -24.13647270
v 4.18317175 7.76574326 -18.50065994
v 5.01001930 7.27555656 -18.49980545
v 4.25077486 7.72885466 -15.30207634
v 6.22788191 6.29779339 -15.05439854
v 5.97679090 6.50100470 -15.98132133
v 6.33673954 6.20208502 -16.77374077
v 7.97437477 3.98101425 -13.60813046
v 8.32378387 3.22031426 -13.60597229
v 8.79931545 1.64902782 -13.49460506
v 8.60518742 2.45720553 -13.49420357
v 7.80589342 4.25263166 -16.04480934
v 7.38210583 4.95862675 -16.29901123
v 6.90210772 5.56529951 -16.43988991
v 6.22973871 6.28891039 -20.38045120
v 8.37718391 3.02051592 -17.12254715
v 7.72363520 4.30276966 -21.12915611
v 8.04875374 3.79697466 -21.80825043
v 7.53603268 4.69453716 -21.85427284
v 7.28694916 5.00018215 -22.58571434
v 7.60709858 4.58231688 -23.33426857
v 8.01698399 3.85027432 -23.33426857
v 7.76293230 4.24379873 -24.13521767
v 7.05673695 4.01649714 -24.14485550
v 6.26125669 3.85699964 -24.15439034
v 6.55756664 4.81634378 -24.14470482
v 7.46662235 3.28445458 -24.14485550
v 5.96474600 3.12109256 -24.15439034
v 6.13207293 2.37002897 -24.15439034
v 6.74762869 5.67054367 -24.13632202
v 7.03284740 5.39370680 -23.38661385
v 5.61814737 6.83711386 -21.80584145
v 4.93453646 7.32072592 -21.72202873
v 3.22698927 7.43394995 -24.14369965
v 2.55291414 7.63806486 -24.14701271
v 2.34900022 6.63580990 -24.15439034
v 2.90051627 5.93056774 -24.15423965
v 3.57514358 5.44083309 -24.15423965
v 3.31321239 4.63396025 -24.15423965
v 3.09860849 2.80259943 -24.15423965
v 3.18136835 3.70859361 -24.15423965
v 1.69891465 2.87622523 -24.15439034
v 2.36681676 2.34262633 -24.15439034
v 1.64345694 1.92887616 -24.15439034
v 0.89133924 1.44350791 -24.15439034
v 0.14424036 1.15698445 -24.15439034
v 1.55924141 0.90985864 -24.15439034
v 3.04315066 1.85520017 -24.15439034
v 0.35397610 -0.38735116 -24.15439034
v 1.18644476 -0.54032421 -24.15439034
v 1.71457338 0.05641134 -24.15439034
v 1.82990539 -4.06889343 -24.15449142
v 2.61384225 -4.27315855 -24.15449142
v 2.13795948 -4.96219015 -24.15449142
v 3.15170741 -3.66347456 -24.15449142
v 3.63115358 -3.03266144 -24.15449142
v 4.11687326 -2.42578769 -24.15439034
v 4.48334599 -3.34021354 -24.15439034
v 3.45981169 -4.55682135 -24.15449142
v 4.35195398 -4.79907894 -24.15439034
v 3.81408882 -5.40876293 -24.15439034
v 4.11140251 -6.19535971 -24.15423965
v 4.85920429 -7.58702326 -23.30545998
v 4.20053673 -7.99470091 -23.30315208
v 4.74331999 -7.64057398 -24.13366318
v 5.59757042 -7.08624744 -23.33045387
v 5.05483723 -7.44032383 -22.50009346
v 3.80058837 -7.39394999 -24.14279747
v 3.43230867 -8.30807495 -24.13632202
v 1.33324480 -7.14802885 -24.15439034
v 1.15567958 -6.35987616 -24.15439034
v 0.84632057 -5.38477325 -24.15449142
v 1.66338158 -5.73297739 -24.15439034
v -0.66313434 -3.51772857 -24.15449142
v -1.50232816 -3.41524458 -24.15439034
v -2.43140888 -3.46176887 -24.15439034
v -4.88028336 -5.46351814 -24.15413857
v -5.67932653 -5.77257586 -24.14520645
v -5.09117317 -6.40579844 -24.14535713
v -4.43983316 -6.89553308 -24.14510536
v -5.23892689 -7.20459080 -24.13632202
v -6.17533493 -6.44343901 -23.30977631
v -6.71651220 -5.87084389 -23.30962563
v -6.43144417 -6.14226103 -24.13647270
v -4.95456123 -7.45502901 -23.31369019
v -5.60590172 -6.96534443 -23.31384087
v -5.89096928 -6.69387770 -22.48709488
v -5.20494938 -7.30331039 -21.63866615
v -4.67928028 -7.62265682 -22.47389412
v -4.56269312 -7.71018505 -21.62140083
v -3.83883142 -8.12313175 -21.61442566
v -4.36445045 -7.80373526 -20.77909470
v -3.97614598 -8.04649448 -19.97041512
v -4.70000792 -7.63354778 -19.97739220
v -5.06848812 -7.33804083 -19.18196106
v -5.45679283 -7.09533167 -19.99059105
v -6.09222364 -6.54657555 -20.00850868
v -5.72374296 -6.84208250 -20.80408859
v -7.17904520 -5.28013134 -23.30084229
v -6.92298555 -5.58130932 -22.47414589
v -6.87234592 -5.64198685 -21.64378548
v -6.94843102 -5.53046894 -20.81452751
v -7.46155357 -4.87907887 -21.63625717
v -7.82777548 -4.20460176 -21.61291885
v -7.75169039 -4.31606960 -22.44202614
v -7.76659632 -4.34412432 -19.99606133
v -8.16303158 -3.50884533 -19.98286247
v -7.93407345 -3.93233180 -20.79380035
v -8.47540188 -2.60952616 -21.59816360
v -8.55565262 -2.15688038 -20.76117897
v -8.70054531 -1.66930377 -21.57874107
v -7.95705986 -3.97117734 -23.27650070
v -8.25753498 -3.25564671 -23.27635002
v -8.09668255 -3.58523154 -24.13416481
v -8.36910343 -2.88174605 -22.41713142
v -8.50872612 -2.49585032 -23.27484512
v -7.98968220 -1.56787372 -24.14495468
v -7.80318308 -2.40345407 -24.14410210
v -8.58365726 -2.03422093 -24.13481712
v -8.69522476 -1.66032016 -23.27569771
v -8.73376942 -1.32109928 -22.42260170
v -8.80870056 -0.85946983 -23.28272438
v -8.81402016 -0.86845350 -21.58556747
v -8.69015598 -1.71622956 -19.94396591
v -8.46501255 -2.65645194 -19.96343994
v -8.68172455 -1.75397098 -16.74970055
v -8.54215145 -2.20551252 -17.54819107
v -8.44679451 -2.71216059 -16.75707817
v -6.68936062 -5.91219902 -15.16932964
v -6.94647360 -5.53413248 -14.36943245
v -7.26270866 -5.17031956 -15.19256592
v -7.61352253 -4.65830135 -13.56366348
v -7.99434948 -3.88088918 -13.56813049
v -7.90054798 -4.01489115 -14.39698601
v -7.73191643 -4.41238022 -15.20175076
v -8.11269283 -3.63501787 -15.20616722
v -8.29723454 -3.23793030 -13.56747818
v -8.01020908 -3.88134074 -12.73420620
v -8.50511265 -2.52787018 -12.73445702
v -8.48925400 -2.52741861 -13.56838131
v -8.73487377 -1.57279217 -13.55467987
v -8.52694511 -2.28290248 -14.38770103
v -9.77582359 -0.78343499 -12.72858524
v -10.67870617 -0.49284637 -12.72135830
v -9.74972534 0.06082788 -12.72848511
v -12.62203598 0.29400143 -12.70419407
v -11.63865185 0.73224324 -12.71202374
v -11.63604259 -0.08682527 -12.71342850
v -12.63016701 -0.98870403 -11.83127403
v -12.64090729 -0.58443952 -10.97014809
v -12.63016701 -0.12085275 -11.84447289
v -12.63277626 0.69826591 -11.84306812
v -12.61897469 -1.34177673 -12.70605087
v -12.62971497 -1.80541372 -11.83172512
v -12.62795830 -4.18512869 -11.60939217
v -12.64090729 -3.84761453 -10.77662277
v -12.62795830 -3.43667483 -11.87323093
v -12.62971497 -2.62879825 -11.87348175
v -12.61676693 -2.96636295 -12.70625210
v -12.61706734 -4.48434973 -12.70454502
v -12.63001633 -4.89528942 -11.60788727
v -11.61441135 -3.39526987 -12.71372986
v -10.37998676 -3.79496717 -12.72135830
v -11.38058567 -4.17388678 -12.71367931
v -11.38264275 -4.88404703 -12.71217442
v -6.75957346 -7.27565718 -12.72758198
v -6.19686556 -8.02401066 -12.72743130
v -7.29538107 -8.32217789 -12.72130775
v -6.36805677 -10.06074047 -12.72110748
v -6.99053907 -10.99970818 -12.72105694
v -7.35510445 -10.00954914 -12.72110748
v -4.41514063 -10.17903423 -12.72115803
v -4.97774839 -10.99223042 -12.72110748
v -5.44088316 -10.23775387 -12.72115803
v -4.60058546 -8.65753365 -12.72958946
v -3.55471706 -8.25035858 -12.73596287
v -3.83240747 -9.01738167 -12.72743130
v -3.36927247 -9.77180862 -12.72743130
v -6.01709223 -6.62672567 -13.53992462
v -5.71460867 -6.84313679 -14.35874271
v -5.35857487 -7.19395113 -13.55237198
v -6.59570980 -6.03807068 -13.54092884
v -6.23967600 -6.38883448 -12.73480892
v -5.44504881 -7.10205650 -15.16019535
v -6.10351562 -6.53483152 -15.14759827
v -5.07059622 -7.33638430 -15.95512295
v -4.68163919 -7.64468956 -15.16601658
v -5.45799732 -7.09372520 -16.76013947
v -4.69463778 -7.63635826 -16.76596069
v -6.08163357 -6.55611134 -16.77474403
v -5.70562506 -6.85608530 -17.58558083
v -6.42833281 -6.15596247 -19.21177292
v -6.07726765 -6.55912256 -18.39777374
v -6.68032694 -5.91526031 -18.41428566
v -5.45363092 -7.09678698 -18.38306808
v -3.20008850 -8.39550209 -19.97663879
v -3.53559542 -8.22526455 -19.17493629
v -2.28641558 -8.69979191 -19.97970009
v -2.72696614 -8.52102280 -20.77513123
v -3.13976264 -8.41326904 -21.57201576
v -2.22613978 -8.71760941 -21.57492638
v -1.44867718 -8.89346790 -19.98386574
v -1.92174947 -8.76789761 -19.18547440
v -0.89655882 -8.93261433 -20.80423927
v -0.53184247 -9.00076962 -20.01006508
v -1.44807494 -8.89617825 -21.59831429
v -0.53129041 -9.00347996 -21.62446213
v -0.67332250 -8.97060680 -23.27635002
v -1.42764843 -8.89688110 -23.27635002
v -1.01811421 -8.90054417 -24.13431549
v -0.21149231 -8.98922634 -19.19706917
v 0.34067628 -9.02842331 -20.01754189
v 1.57098544 -8.85422039 -19.21267700
v 2.13053179 -8.77979183 -18.42397308
v 1.22057271 -8.94245148 -18.41584206
v 0.90127647 -8.95073223 -17.60093880
v 0.34173024 -9.02516079 -18.38979340
v -0.89339697 -8.92859936 -17.59140396
v -1.44656932 -8.89266491 -18.39882851
v -0.53078848 -8.99750805 -18.38226509
v -2.28435802 -8.69903946 -18.39446259
v -2.71065497 -8.52639294 -17.57880592
v -2.25354242 -8.71093369 -16.79657555
v -3.15506983 -8.41357040 -16.76751709
v -3.50257182 -8.23851395 -15.97319126
v -3.95968437 -8.05402279 -16.75542068
v -3.91341090 -8.07480049 -15.17138672
v -3.10879660 -8.43439770 -15.18358231
v -4.68951845 -7.65046120 -13.55467987
v -4.28786373 -7.84052324 -14.37640858
v -3.92129040 -8.08062267 -13.55974960
v -1.45645642 -8.90762043 -13.52888393
v -0.89018494 -8.92709351 -14.34072495
v -0.56461525 -9.00739479 -13.54629898
v 0.22489253 -9.03986645 -13.54654980
v -0.34137893 -9.02039337 -12.73455811
v -1.42027080 -8.89873791 -15.14418507
v -2.23999166 -8.71269035 -15.15422249
v -1.87823653 -8.78410816 -15.97519875
v -0.52842969 -8.99846077 -15.16170025
v -0.19412726 -8.99238873 -15.96184826
v 0.33590841 -9.02074432 -15.15838814
v 0.89972067 -8.94561291 -14.36993408
v 1.12300718 -8.95866203 -13.55824375
v 0.04642392 -10.01175690 -12.72808361
v -0.74308383 -9.97928524 -12.72783279
v 1.85389531 -8.86862469 -13.55708885
v 2.48199844 -8.67520046 -13.55874538
v 2.53805852 -8.67941570 -12.73430729
v 2.11246395 -8.78551388 -15.20541477
v 1.23402309 -8.93954086 -15.17023277
v 1.54860163 -8.86064529 -15.99401855
v 1.22513974 -8.94134712 -16.79276085
v 2.10358071 -8.78732014 -16.82809448
v 3.31772923 -8.41939163 -13.58644962
v 2.63356614 -8.60865116 -14.40918159
v 5.47957850 -9.36463261 -12.72110748
v 5.89137125 -10.12974930 -12.72095680
v 4.99852610 -10.37787914 -12.72100735
v 4.35973310 -11.00598240 -12.72100735
v 3.94794035 -10.24091625 -12.72110748
v 3.51928449 -12.80075550 -12.70198536
v 2.95150733 -11.83448601 -12.71212387
v 3.87692428 -11.83528900 -12.71101952
v 4.92751026 -11.97230244 -12.71086884
v 4.05403757 -12.81049252 -11.73576641
v 3.12867093 -12.80968952 -11.73686981
v 5.42221355 -12.80241203 -12.70093155
v 5.92886162 -12.81134510 -11.72256660
v 4.95129919 -12.81044197 -11.72251606
v 4.56073618 -12.81937599 -10.75740051
v 2.95135665 -12.81280136 -8.06054783
v 3.71943426 -12.81947613 -8.84749603
v 3.90824151 -12.81285095 -7.81578064
v 2.35346675 -12.80587482 -7.28755140
v 2.16465950 -12.81254959 -8.31926632
v 3.35175681 -11.96382046 -6.92504358
v 2.77328968 -11.14510345 -7.12835503
v 2.56174707 -11.98745918 -7.23214388
v 3.80811644 -12.80612564 -6.65453005
v 4.01965904 -11.96376991 -6.55074120
v 6.63761663 -12.81119537 -5.43977928
v 7.13332367 -12.81209850 -4.75300646
v 6.19295073 -12.80366707 -4.53950644
v 6.02933788 -12.81119537 -6.22431850
v 6.96971083 -12.81962681 -6.43781805
v 8.49276638 -12.81957626 -5.72846079
v 9.13728142 -12.81957626 -4.87170076
v 8.22250462 -12.81962681 -4.79651928
v 7.77783823 -12.81204796 -3.89624667
v 9.92688942 -12.81952572 -4.45082426
v 10.19710159 -12.81947613 -5.38276577
v 10.13938522 -12.81947613 -6.41904783
v 10.92904377 -12.81937599 -5.99817133
v 11.80708313 -12.81179714 -6.48740387
v 11.86474895 -12.81184769 -5.45107174
v 10.14771652 -12.81947613 -1.56837571
v 10.06114197 -12.81947613 -2.56691647
v 10.94023609 -12.81937599 -2.11652923
v 10.24006271 -12.81942558 -0.57866788
v 9.36101913 -12.81952572 -1.02905524
v 11.02836609 -12.81937599 -0.05455438
v 10.24171925 -12.81942558 0.48481628
v 11.88582802 -12.81104469 -0.83919388
v 11.88748455 -12.81104469 0.22424008
v 12.75443268 -11.94991875 -0.12321159
v 12.75573730 -11.94911575 0.69410032
v 12.74630165 -12.80191040 0.25686228
v 11.81315613 -12.81089401 2.85906100
v 10.95624542 -12.81937599 2.03662992
v 11.88698292 -12.81089401 1.83136094
v 11.88888931 -12.81024170 1.04155195
v 12.74580002 -12.80175972 1.86398304
v 12.75277615 -11.89591599 3.94854259
v 12.74288940 -12.80376720 3.47572112
v 12.75382996 -11.89456081 3.12666345
v 12.75382996 -11.91112328 2.32822227
v 12.76386738 -11.00327206 2.80109382
v 12.76386738 -11.18419933 4.44133854
v 12.75277615 -12.09340572 4.79034615
v 12.76371670 -10.37677479 4.30588102
v 12.76361656 -10.57431507 5.14768505
v 12.76386738 -10.03634930 3.40189457
v 12.76361656 -9.42641449 4.10824060
v 12.76386738 -8.55113506 3.99421358
v 12.75523567 -8.55856323 0.96401149
v 12.76371670 -9.40674114 0.51834190
v 12.75523567 -8.61377048 0.05641134
v 12.75508499 -8.59178734 -0.69410032
v 12.74645233 -7.74360991 -0.24838051
v 11.83855152 -7.72985840 -0.88401181
v 11.83870125 -7.75179052 -0.13350013
v 10.97070026 -7.72800159 0.09068976
v 11.87860107 -7.74175310 0.72627085
v 11.87845039 -7.60162830 1.51708353
v 12.74645233 -7.62546730 1.29289365
v 10.94937038 -7.49171638 1.82910240
v 11.81737137 -7.37543058 2.39572525
v 12.76386738 -10.28091526 -0.92110074
v 12.76386738 -10.27956104 -0.03759083
v 12.76386738 -11.09847832 -0.56948346
v 12.76386738 -10.20357609 -1.80757177
v 12.76371670 -9.38460827 -1.27572930
v 12.76386738 -11.03298283 -2.33228755
v 12.76386738 -10.13667488 -2.68691611
v 12.74710464 -7.13758993 -3.03000140
v 11.93119812 -7.13779068 -3.00811934
v 11.93536377 -7.40298414 -2.37399387
v 9.94129372 -7.17568254 -2.77911139
v 10.23238373 -7.46009779 -2.12189937
v 10.82856750 -7.11876917 -3.00932384
v 11.64015770 -6.85332489 -3.66533160
v 11.99102211 -6.45081711 -4.26713610
v 10.88814068 -6.43179560 -4.26829052
v 10.35820484 -5.94512224 -4.97388363
v 11.02430058 -5.43601513 -5.44585180
v 10.14345074 -5.35179949 -5.54964066
v 8.52754688 -5.49744511 -5.43465996
v 7.74310827 -5.68585110 -5.19862556
v 8.69301701 -6.04936314 -4.84163857
v 9.26746941 -5.04740906 -5.77006674
v 8.31756020 -4.68389750 -6.12705374
v 7.71440077 -4.03607035 -6.46602392
v 8.45432281 -3.58603454 -6.80148077
v 5.33644199 -4.23230553 -6.47686434
v 4.81739759 -4.86382151 -5.99385500
v 5.84339142 -4.73679543 -6.06060505
v 6.45101786 -5.25112247 -5.68464661
v 6.97001219 -4.61960649 -6.16760588
v 7.10677433 -3.52174354 -6.84203243
v 6.36484480 -3.26126790 -6.93011236
v 5.60695553 -2.63662767 -7.24694967
v 5.60449648 -3.48063970 -6.86045170
v 4.57855272 -3.60761523 -6.79370165
v 5.60309124 -1.77735853 -7.46707392
v 4.84274244 -1.99673045 -7.39741325
v 7.13367510 -0.83773845 -7.63164043
v 7.88905478 -0.27407679 -7.62692308
v 7.14150429 0.06168108 -7.64945745
v 8.69944096 -0.99989593 -7.62893057
v 8.70722008 -0.10047642 -7.64674711
v 9.51203537 -1.69665623 -7.46290874
v 8.69382000 -1.87025654 -7.44308424
v 7.86621952 -2.05585194 -7.37477827
v 8.67881393 -2.75261211 -7.20875645
v 10.28317451 -2.04465985 -7.39967155
v 10.28874493 -1.17429936 -7.58551788
v 11.09772587 -0.60857993 -7.58601952
v 10.32653618 -0.26057622 -7.64925671
v 12.75598812 0.22273444 -8.49798584
v 12.74735546 -0.14629808 -7.64268208
v 11.94183826 0.48009861 -7.64790154
v 11.94093513 -0.32130370 -7.64453888
v 9.53025341 0.05821810 -7.62682247
v 10.33913422 0.62393749 -7.62732458
v 8.71986771 0.78403723 -7.62481499
v 7.86396122 1.47738481 -7.46004772
v 7.10812950 1.87397051 -7.38717461
v 7.14105272 1.02192843 -7.57186651
v 5.01609182 1.64902782 -7.41914463
v 5.67952728 1.06759953 -7.56995964
v 5.72178555 1.99999261 -7.34812832
v 4.77037144 3.44435358 -6.73322487
v 4.00881815 3.83065081 -6.54742861
v 4.29679728 2.96776819 -7.01156759
v 5.42050695 3.88922024 -6.51867104
v 5.70848608 3.02633762 -6.98281002
v 2.91753006 1.98267782 -7.37603283
v 2.13565087 1.46197701 -7.49352312
v 2.79180908 1.20636940 -7.52358580
v 2.71903634 0.26885724 -7.63891792
v 3.50091553 0.78955793 -7.52142763
v 2.43622684 -2.47763205 -7.44840431
v 2.50899959 -3.22804332 -7.20132875
v 3.18197060 -2.64606309 -7.17984819
v 1.39507639 -4.85453653 -7.51425076
v 0.91879207 -5.63842344 -7.60172844
v 1.81183779 -5.53824806 -7.44273281
v 0.41861829 -6.29814482 -7.57201719
v 0.00185696 -5.61448383 -7.64358521
v -0.91994643 -7.13999891 -7.58285809
v -0.47763941 -7.92122555 -7.61547995
v -0.05595964 -7.05543184 -7.64654636
v 0.86092532 -7.07937145 -7.60463953
v -0.90057385 -8.73261547 -7.58797693
v -0.03663725 -8.64804840 -7.65166569
v -3.34989977 -9.79354000 -6.80228376
v -3.67567039 -10.68653488 -6.67510700
v -2.86704087 -10.40603447 -7.08052588
v -2.47110748 -12.80547333 -7.21784019
v -2.46583796 -12.05109692 -7.20323563
v -3.19813132 -12.05335617 -6.96790409
v -3.90041232 -12.04974270 -6.52710247
v -3.90573215 -12.80411816 -6.54165697
v -4.19115162 -11.20347214 -6.26075506
v -4.89875221 -11.95423412 -5.83450794
v -5.63882494 -12.81004047 -6.48680162
v -5.85799599 -12.81957626 -7.38009834
v -4.82718420 -12.81004047 -6.99415255
v -3.12555933 -12.81937599 -10.90339756
v -2.77223563 -12.81942558 -9.96553421
v -3.68545699 -12.81942558 -9.96161938
v -5.96514750 -12.79920006 -12.70569992
v -5.43425846 -12.80883598 -11.96723366
v -6.45869637 -12.80973911 -11.96638012
v -6.76890850 -12.81937599 -10.96618271
v -7.29979753 -12.80973911 -11.70464993
v -8.21587944 -12.80883598 -11.70545292
v -7.90566730 -12.79920006 -12.70564938
v -8.51851273 -12.81932545 -10.93642139
v -9.12433243 -12.80883598 -11.93742180
v -6.91510630 -12.81952572 -7.79821491
v -7.71294546 -12.81952572 -7.12519312
v -7.95846510 -12.81942558 -8.05066013
v -7.16795349 -12.81962681 -6.11320210
v -8.21126175 -12.81952572 -6.36564779
v -6.71430397 -12.81239986 -5.17649269
v -6.21593714 -12.81234932 -5.93598795
v -6.21192169 -12.80472088 -4.34417486
v -7.16393852 -12.81199837 -4.52138853
v -6.04554844 -11.99814892 -4.60178995
v -6.49518299 -11.99774742 -3.94673586
v -5.47586441 -11.95654297 -5.28374481
v -5.75912571 -11.14956951 -4.88625574
v -4.67396021 -10.59102726 -5.98251247
v -4.67762375 -9.48889828 -5.98331547
v -5.19310522 -10.00583553 -5.56901312
v -5.63184881 -9.32217407 -5.07917833
v -5.62667942 -8.38897800 -5.07802391
v -6.06175947 -8.80744553 -4.58743620
v -6.44730377 -8.46536446 -3.94809079
v -6.45247316 -9.39856052 -3.94924521
v -6.58341360 -10.12382698 -3.75712538
v -6.19786930 -10.46590900 -4.39647055
v -6.73292398 -11.09742451 -3.38673782
v -6.89929724 -11.90399647 -3.12912273
v -7.38983488 -12.80346584 -1.64295506
v -8.36488724 -12.81169701 -1.37329483
v -8.20413494 -12.81139565 -2.10277772
v -9.02199936 -12.81957626 -2.77339005
v -8.04694653 -12.81139565 -3.04305029
v -7.76318359 -12.81189728 -3.70136642
v -6.94531965 -12.80376720 -3.03080440
v -11.73998165 -12.80948830 -4.54316998
v -11.73892784 -12.81069279 -3.81233215
v -12.62324047 -12.80080605 -3.70693731
v -12.63262558 -11.87282944 -4.57498932
v -12.63147163 -11.87338161 -5.35962915
v -12.62319088 -12.80015373 -5.22236490
v -12.63463306 -7.49984694 -4.12650919
v -12.64100742 -8.62049484 -4.18718672
v -12.63463306 -8.10692120 -3.46889567
v -12.62831020 -6.54798079 -4.11335993
v -12.63463306 -7.06150484 -4.83165073
v -11.92045784 -6.84775400 -3.64776564
v -11.92045784 -6.40941191 -4.35290766
v -11.59704590 -7.15129089 -3.01343942
v -10.88919449 -7.01272202 -3.25298667
v -12.62324047 -12.80120754 -0.54745096
v -12.63212395 -11.94419670 -0.19116618
v -12.63202381 -11.94389534 -1.06719804
v -10.89998531 -12.81947613 0.13997439
v -11.75619221 -12.81049252 0.72160333
v -11.76713371 -12.81049252 -0.25304800
v -11.76703358 -12.81024170 -1.12907994
v -10.09858227 -12.81952572 -0.36622199
v -10.08759117 -12.81952572 0.60842937
v -10.04508209 -12.81952572 -1.33389723
v -9.23268890 -12.81957626 -0.86539203
v -10.84753799 -12.81947613 -1.81053281
v -9.98164463 -12.81952572 -2.30975318
v -8.41838837 -12.81169701 -0.40561959
v -7.42757607 -7.60423803 -1.48953032
v -7.47520447 -8.58837509 -1.24857759
v -7.33402586 -8.43655586 -1.98654222
v -7.56157827 -10.24091625 -0.25314838
v -7.46687317 -10.24457932 -1.25605559
v -7.47630882 -9.41697884 -0.74268234
v -7.17553186 -10.15499401 2.40922570
v -6.97021294 -9.11846066 2.85840845
v -6.84594727 -9.94018936 3.21092916
v -6.42988825 -9.83680153 3.99049973
v -6.63520765 -10.87333488 3.54131699
v -6.08730507 -12.79955101 4.48123837
v -6.56248522 -12.81129551 5.39395761
v -6.99465418 -12.80783272 4.79963112
v -7.84634495 -12.81952572 4.83526468
v -7.37116480 -12.80778217 3.92254519
v -8.39143753 -12.81952572 5.72178555
v -8.76794720 -12.81947613 4.84469986
v -10.45797920 -12.81947613 3.45072746
v -10.13441658 -12.81947613 2.52405596
v -9.49276257 -12.81947613 3.00159502
v -8.69602776 -12.81947613 3.01655102
v -9.01959038 -12.81947613 3.94322252
v -11.86218929 -12.81099415 3.56018758
v -11.11197948 -12.81942558 4.07014799
v -11.87453556 -12.81099415 4.65719748
v -12.63287735 -12.03217602 3.62633538
v -12.63282681 -12.04502487 4.72505140
v -12.64095688 -11.27468872 4.20425034
v -12.64095688 -10.61717510 3.61203194
v -12.64095688 -10.63007355 4.71074820
v -12.64090729 -10.35524368 5.59536219
v -12.64095688 -9.69778061 5.00319338
v -12.64090729 -8.88694382 5.02979326
v -12.64090729 -9.16172314 4.14517927
v -12.64090729 -8.83770943 3.24440455
v -12.64095688 -9.64854622 3.21780491
v -12.63372993 -7.51455212 4.04555607
v -12.64085674 -7.93542862 5.02005672
v -12.63372993 -7.09904528 4.89383411
v -12.63418198 -6.71520758 5.43696880
v -12.62705517 -6.29438066 4.46246767
v -11.80873966 -6.71214581 3.85644746
v -11.80889034 -7.03480482 3.19813132
v -12.62670422 -7.00082731 3.26101685
v -12.62580013 -7.73879194 0.30178058
v -12.63307762 -8.61632919 -0.07728955
v -12.63372993 -8.58170033 0.74007255
v -11.77902794 -7.72775078 0.88948232
v -11.77842617 -7.76238060 0.07212018
v -11.80969334 -7.56202984 1.69675660
v -10.96236897 -7.58561802 1.46709621
v -11.75313091 -7.74436283 -0.77716148
v -10.90635872 -7.73332167 -0.18945979
v -10.06294918 -7.74110079 0.29124108
v -10.03765392 -7.72308302 -0.55804062
v -7.26837969 -8.38561535 2.17575097
v -7.42868042 -8.53813648 1.43607998
v -7.39726257 -7.59048653 1.55512607
v -8.39580345 -7.64805222 1.21465051
v -8.37592888 -7.73693514 0.36908272
v -9.21411896 -7.64197922 0.76827824
v -6.93879509 -8.17086029 2.97745442
v -6.92223310 -7.10732651 3.02573538
v -6.62411594 -7.84022188 3.70839286
v -6.14165878 -7.24981022 4.40224218
v -6.15822077 -8.31334496 4.35396147
v -5.81277657 -10.06831932 4.82096100
v -6.02351618 -9.13517380 4.49062347
v -5.54110861 -8.54481125 5.18447256
v -5.29965448 -10.22079086 5.42683077
v -5.70602655 -10.92241859 4.92665672
v -4.66141319 -9.57095623 5.91751909
v -4.55466318 -10.42505550 6.02321482
v -4.88926697 -8.77637959 5.76680422
v -4.14427567 -8.98059464 6.36323881
v -5.02397156 -7.95450020 5.63019276
v -4.90502596 -11.94208908 5.78150940
v -4.61438704 -11.23493958 5.98798275
v -4.32650852 -12.10213852 6.23701572
v -5.13609171 -12.80612564 5.55300331
v -5.42396975 -11.93897724 5.30402040
v -2.35095739 -11.94841290 7.24283409
v -1.89339328 -11.13004684 7.34180498
v -1.55748487 -11.98901463 7.45101404
v -0.79819030 -11.98846245 7.59043646
v -1.25580466 -12.80682850 7.49151564
v -1.58985615 -10.40221977 7.42476559
v -2.38332868 -10.36161804 7.21658564
v -2.49233723 -8.95043087 7.16981030
v -2.10433364 -8.10933018 7.28047514
v -1.69178796 -8.79269028 7.41021109
v -0.81952018 -8.74440956 7.55329704
v -1.20752382 -9.58551025 7.44263268
v -4.07140303 -6.60158157 6.36715364
v -3.89534330 -5.74808407 6.47315073
v -3.33097887 -5.90582514 6.83495617
v -2.68219829 -5.71450853 7.09774065
v -2.27974057 -4.84951782 7.22381258
v -1.80701971 -5.51169872 7.38054991
v -0.43844256 -7.91003370 7.57884264
v 0.04582166 -8.70285416 7.61131430
v 0.83397436 -3.84324813 7.57046127
v 1.74669373 -3.87923288 7.41994762
v 1.29038417 -4.62061024 7.49156570
v -2.46729326 -3.25514483 7.14592075
v -1.52963054 -3.84590793 7.47635889
v -2.34222484 -4.05594492 7.17618418
v -3.13293695 -2.66849709 7.11917067
v -2.32034278 -2.45846009 7.41929531
v -4.01835394 -3.16284919 6.98863173
v -3.87140346 -2.36616445 7.26200581
v -4.68409824 -1.94127262 7.36293411
v -3.79863095 -1.44692063 7.49352312
v -5.44268990 -2.41730595 7.25939608
v -5.39686823 -3.44189453 6.84474277
v -6.08273792 -2.99873424 6.97267199
v -6.76649952 -3.49835610 6.81728983
v -6.81227112 -2.47381783 7.23194313
v -7.51590729 -2.01434636 7.33221912
v -6.83214569 -1.51472461 7.48760080
v -6.07581186 -0.97369778 7.49251938
v -5.31722021 -0.49761423 7.59605742
v -5.36991739 -1.49811244 7.49086332
v -6.77939796 -0.51427662 7.59274483
v -7.60750008 -0.15804207 7.59374857
v -6.85121679 0.38298479 7.59861708
v -9.96769238 -4.03857994 6.52900982
v -10.82043648 -3.57996178 6.73995018
v -9.89311314 -3.27316236 6.92715120
v -9.06591415 -2.84059191 7.05367517
v -8.29372120 -2.46137118 7.23385048
v -8.26822567 -3.35260987 6.89638615
v -9.13100815 -4.41614437 6.24805737
v -10.05833149 -4.72294378 6.06085587
v -8.18762398 -4.31471443 6.32971334
v -8.27826309 -4.99902821 5.86155939
v -7.41548061 -3.93549371 6.50988817
v -7.50285816 -5.44509935 5.40841150
v -8.44619179 -5.54652929 5.32675600
v -11.76000690 -4.64103699 6.14823341
v -10.92824078 -5.05162525 5.73699284
v -11.79323101 -5.34723234 5.54351807
v -12.62374306 -4.25584364 6.38336420
v -11.75880241 -3.96018624 6.57683897
v -12.63297749 -5.76263857 6.67611074
v -12.64100742 -5.74090719 7.61869192
v -12.63302708 -4.91496325 6.89733982
v -12.63177299 -4.23411226 7.32594538
v -12.63282681 -5.98963928 11.81240273
v -12.63287735 -4.94236565 11.77616787
v -12.64090729 -5.66693020 10.92497826
v -12.64095688 -5.15400839 10.12673855
v -12.64100742 -4.09398746 9.98094177
v -12.64100742 -4.62838936 9.21898746
v -12.64105797 -4.23080015 8.45658112
v -12.64100742 -5.29082108 8.60237694
v -12.63177299 -3.57168078 7.94255543
v -12.62349129 -2.90001440 7.08173037
v -12.63272667 -2.89670205 8.21231651
v -12.63272667 -1.96039426 8.29587936
v -12.63267612 -1.17309475 8.43745995
v -12.62434483 -1.43768609 7.49307156
v -12.64100742 -2.63206053 9.15670395
v -12.64100742 -3.14252281 9.97336388
v -12.64095688 -2.20626545 10.05692673
v -12.64090729 -1.74709523 10.91258240
v -12.64095688 -1.23663282 10.09587288
v -12.62996578 -2.32119608 11.77019501
v -12.62996578 -1.35156345 11.80914116
v -11.49195290 -2.40772009 12.67523575
v -11.68723392 -1.56511343 12.67518520
v -12.62359238 -4.38598156 12.66434479
v -11.85049629 -4.82432365 12.67362976
v -11.84929180 -3.94517994 12.67433262
v -10.89295864 -5.25212622 12.68356705
v -11.66725922 -5.69287729 12.67357922
v -10.63278389 -6.93909597 12.68341637
v -9.59559822 -7.25809097 12.68346691
v -9.67253685 -6.43967533 12.68356705
v -10.01712704 -5.48720694 12.68356705
v -8.97989178 -5.80620193 12.68356705
v -8.06963158 -5.79967737 12.69330311
v -8.41422272 -4.84720945 12.69330311
v -7.59977102 -6.43099260 12.69114494
v -7.86707258 -7.43766403 12.68361664
v -6.83154345 -7.10998631 12.69114494
v -9.77075481 -9.17226219 12.68346691
v -9.80985069 -10.20603561 12.68336582
v -8.88237667 -9.91047764 12.68351650
v -9.69953728 -8.31705856 12.68346691
v -10.62701225 -8.61261559 12.68331623
v -8.73929024 -7.81768751 12.68356705
v -8.32950497 -11.86821270 12.67588806
v -7.51460218 -11.54736042 12.67593861
v -8.10661983 -10.62339878 12.68351650
v -6.52484417 -10.73822880 12.68346691
v -5.63094521 -10.21667480 12.68346691
v -6.39776802 -9.78094292 12.68356705
v -5.40329266 -12.79925060 12.66620159
v -5.18698215 -11.98484898 12.67568684
v -5.97433186 -11.98831177 12.67388058
v -10.27499390 -12.80331516 12.66288948
v -10.84181690 -12.81189728 11.73129940
v -10.02325058 -12.81064320 11.73180103
v -8.88011742 -12.81927490 10.04969978
v -9.54751778 -12.81927490 10.84773922
v -9.92272377 -12.81927490 10.00217152
v -8.98069477 -12.81064320 11.77932930
v -8.12122440 -12.80572414 11.78183842
v -8.59695721 -12.79709244 12.66585064
v -10.10741615 -12.81932545 9.04368019
v -10.77481556 -12.81927490 9.84172058
v -9.96377754 -12.81937599 8.15309429
v -10.81586933 -12.81937599 7.99264288
v -10.89827824 -12.81942558 6.13463259
v -10.21868229 -12.81947613 5.44921446
v -9.99263573 -12.81947613 6.41663885
v -9.56468201 -12.81947613 4.82974386
v -10.47032547 -12.81947613 4.54768705
v -6.08735514 -12.81129551 6.15636396
v -6.99475479 -12.81952572 6.47480679
v -5.56841087 -12.81440735 6.63385248
v -4.72555351 -12.81440735 6.91636086
v -5.67681742 -12.81957626 7.51972151
v -7.56739998 -12.81952572 7.35324764
v -6.93277264 -12.81947613 8.15043449
v -7.98054790 -12.81942558 8.26646900
v -8.30059719 -12.81937599 9.13391876
v -8.93522453 -12.81937599 8.33668232
v -6.94110346 -12.81937599 9.99067879
v -7.52062464 -12.81927490 10.90645885
v -7.92544127 -12.81932545 9.97948647
v -4.96705818 -12.81942558 10.11900902
v -5.48906374 -12.81932545 10.90204239
v -6.01428127 -12.81937599 10.13461781
v -5.16314268 -12.81952572 8.57688141
v -4.12003517 -12.81952572 8.42114830
v -4.44916821 -12.81947613 9.19585037
v -3.92395043 -12.81942558 9.96327591
v -4.05860472 -12.81335258 7.32544374
v -3.34463000 -12.81330299 7.94436216
v -2.95386624 -12.81942558 9.95333862
v -3.47175646 -12.81937599 10.87654686
v -3.77679920 -12.80733013 11.77686977
v -2.80671477 -12.80733013 11.76698303
v -3.86387539 -12.79548645 12.66770744
v -4.52891684 -12.80758095 11.77722168
v -6.36348963 -12.81104469 11.79102325
v -5.31621647 -12.81104469 11.77541447
v -6.41909790 -12.81942558 9.20764446
v -6.00595045 -12.81947613 8.29442406
v -8.96408272 -12.81947613 6.60027695
v -8.04247952 -12.81952572 6.59084129
v -9.64367867 -12.81942558 7.28569460
v -12.63202381 -11.79629326 6.70366430
v -12.64090729 -11.03915596 6.25985146
v -12.63202381 -12.04462337 5.74677944
v -12.62283897 -12.80150890 7.01804209
v -12.63172245 -11.79604149 7.53111410
v -12.64090729 -11.01737499 8.08995724
v -12.64085674 -10.38731384 9.04247570
v -12.64085674 -10.16076565 8.16930485
v -12.63127136 -9.29246235 11.76502609
v -12.64085674 -9.76618767 10.83559322
v -12.63127136 -10.31077766 11.73405933
v -12.63207436 -11.06304550 11.73446083
v -12.62248802 -10.58932114 12.66389275
v -12.63061810 -12.02349377 9.31464577
v -12.63172245 -12.02259064 8.40428543
v -12.62143421 -12.80221176 8.75585270
v -12.61636543 -12.06730843 12.65902519
v -12.62218666 -12.07092190 11.91659355
v -12.61526108 -12.79664040 11.91137409
v -11.85149956 -12.79879856 12.65812111
v -11.85842514 -12.07308006 12.66334057
v -12.63097000 -11.79232788 10.98676014
v -12.62068081 -12.80165958 10.41752720
v -12.63056850 -11.79378319 10.23544502
v -12.64090729 -11.01416302 9.88387871
v -12.64085674 -10.15755367 9.96322536
v -12.64090729 -9.71123123 7.37487888
v -12.64085674 -9.08117104 8.32739735
v -12.64095688 -7.61010981 7.46521711
v -12.64090729 -7.05422735 6.63289881
v -12.64090729 -8.07575417 6.70065308
v -12.64090729 -8.47148705 5.87807131
v -12.64090729 -9.02731895 6.71038914
v -12.63423157 -6.24956274 6.20153284
v -12.64090729 -10.10691357 6.55229712
v -12.62394333 -12.80216122 5.16886425
v -11.87373257 -12.81059265 5.67887497
v -11.64768600 -12.81059265 6.64634943
v -11.64738464 -12.81034184 7.47374916
v -11.79102325 -12.81029129 8.36433601
v -11.78991890 -12.81124496 9.27469635
v -11.60517693 -12.81119537 10.23323727
v -11.60557842 -12.80973911 10.98455143
v -11.85732174 -12.80236149 11.91563988
v -6.96408987 -12.79744339 12.66635227
v -7.13688707 -12.80572414 11.79298019
v -6.74777937 -11.98304272 12.67583752
v -9.18897533 -11.87318039 12.67342854
v -9.83835793 -11.04026031 12.68346691
v -10.10580921 -11.96914005 12.67342854
v -10.92437649 -11.97039509 12.67292690
v -10.72668552 -10.30204487 12.68336582
v -11.68924141 -11.23890495 12.67388058
v -11.68843842 -10.48663616 12.67342854
v -11.65998173 -9.65246105 12.67337894
v -11.65837574 -8.88112164 12.67498493
v -12.62012959 -9.06571293 12.66504765
v -11.58715916 -8.02591801 12.67498493
v -8.06747341 -9.58962631 12.68356705
v -7.19525576 -9.20960236 12.68361664
v -7.97106218 -8.49668121 12.68361664
v -6.30135679 -8.68804836 12.68361664
v -6.18798208 -7.69583130 12.69139576
v -5.39054489 -8.26717186 12.69139576
v -12.61817169 -7.55726194 12.66795826
v -11.58680820 -7.28880644 12.67628956
v -11.66374588 -6.47039032 12.67638969
v -12.62128353 -6.04258776 12.66640282
v -10.20031357 -4.61860275 12.68361664
v -9.84468174 -3.87170458 12.68361664
v -10.72056293 -3.63662410 12.68366718
v -8.79053211 -4.09403753 12.69390583
v -11.49365902 -3.19833207 12.67438221
v -12.62068081 -2.71627617 12.66590023
v -11.68803692 -0.73510396 12.67518520
v -11.67252922 0.14338717 12.67523575
v -11.67152500 0.92591882 12.67628956
v -12.61957741 0.51688641 12.66785812
v -12.64090729 0.72275770 10.14671326
v -12.64090729 1.66679442 10.05496883
v -12.64090729 1.16370964 9.25426960
v -11.74705791 0.74669737 7.59711123
v -11.74690819 -0.05565852 7.62581873
v -12.62444496 0.15196933 7.60594416
v -11.78289223 1.57444835 7.42868042
v -10.90535545 1.36677039 7.44860506
v -12.62600136 1.69083440 7.39716244
v -12.63277626 1.53108597 8.36985588
v -12.63418198 2.26754498 8.18983173
v -11.78429794 2.31090736 7.24865580
v -9.25537395 2.29685473 7.16569519
v -10.08091640 1.86207592 7.34832907
v -10.11559677 2.62930012 7.09753990
v -8.31575394 2.76124454 7.05723858
v -8.28112411 1.99397004 7.30802822
v -6.86461735 1.13756168 7.51214314
v -7.51043653 1.59878957 7.39957142
v -6.69573450 1.99713194 7.31209373
v -5.40299129 2.05263996 7.29267073
v -4.56013393 1.70734632 7.37487888
v -5.20705748 1.19061041 7.50687313
v -0.69681048 -1.88551378 7.58632088
v -0.59773934 -0.79206735 7.58717394
v -0.01008779 -1.51979363 7.61678505
v 0.69796479 -0.90955752 7.57216787
v 0.59889364 -2.00295377 7.57136488
v 1.29861510 -2.24726892 7.51279545
v 0.59056246 -2.85750508 7.55736256
v 1.41871500 -0.50765181 7.57161570
v 0.80973351 -0.02444157 7.61703587
v 3.83832955 2.26879978 7.20403862
v 3.87170458 1.25349605 7.48960876
v 3.10859585 1.85178745 7.30516768
v 2.33620214 0.60692376 7.60358572
v 1.75070870 1.20235443 7.49051189
v 2.55642724 1.43181407 7.47766399
v 2.52310228 2.44716787 7.19214392
v 3.24054003 3.66126633 6.93593407
v 4.04997253 3.86257052 6.82446671
v 3.88475347 3.06844544 6.90818024
v 2.50930071 3.46312404 7.21141624
v 2.67456985 4.25724888 7.12770271
v 2.04777169 4.94587898 7.38075066
v 2.77901101 5.14402103 7.10531902
v 4.11983442 4.56214142 6.39194632
v 4.76399755 3.96927023 6.36419249
v 4.43004656 6.27736712 6.21387911
v 4.96389627 5.52494812 5.83706760
v 4.29995918 5.42115927 6.30843353
v 3.58593416 5.31450987 6.76880836
v 3.32279825 6.86617279 6.87580919
v 4.15456438 6.98722649 6.43003893
v 4.81850147 7.09106541 5.95867300
v 2.95918608 6.00308943 7.02180576
v 2.51587534 6.69573450 7.21231985
v 0.36391333 2.58006573 7.64112616
v 1.17550385 2.76671505 7.50456476
v 1.15929306 1.84059548 7.50115156
v 1.16175234 3.78262091 7.52383661
v 1.95708191 3.04315066 7.38386250
v -0.48145369 3.05911040 7.57648420
v -1.33946812 3.44686317 7.51284552
v -0.47784016 3.89393806 7.58090067
v -1.25023377 1.66860116 7.54491568
v -1.92320490 1.05685937 7.52378654
v -2.01610303 2.00024366 7.48734999
v 0.21831790 0.61379951 7.62767601
v -0.53420126 0.14940974 7.59952021
v -0.40481657 1.18955648 7.60955811
v -2.16290283 2.79497099 7.25623417
v -2.83587408 2.18317890 7.23510504
v -2.15928936 3.62979841 7.26060057
v -3.86939597 2.77364087 7.08233261
v -4.47968245 3.35697627 6.75063992
v -3.59296036 3.56124163 6.67229652
v -2.96445584 3.90066314 7.01367569
v -2.14102101 4.55260563 7.27028704
v -0.05671246 6.49252319 7.60945749
v 0.38514286 7.46039915 7.54110146
v 0.80682260 6.48379040 7.57372379
v -0.53103948 5.76063108 7.57362318
v -0.95271921 6.73723984 7.54095078
v -0.48546872 4.89880276 7.57969618
v -1.38147545 5.14351940 7.51118946
v 0.37254569 4.51104975 7.64333439
v -0.49771461 2.13299084 7.57307100
v 1.25856495 5.67430782 7.50024843
v 1.15412378 4.78748560 7.52263212
v 1.70047057 6.64213371 7.43184233
v 0.93911827 1.01570511 7.62707329
v 2.10609007 -1.18007088 7.56167841
v 2.21785879 -0.29495499 7.60649633
v 3.02357721 -0.06549536 7.59369850
v 3.83627200 0.33284694 7.59410000
v 3.71792865 -0.56903177 7.59706116
v 2.79482031 -1.83522534 7.38983488
v 1.99572670 -2.04787207 7.35490370
v 3.63883233 -1.42508888 7.49502897
v 3.52846885 -2.29288983 7.28820419
v 4.06322193 -2.80576134 7.04810429
v 4.88510132 -2.43110776 7.24313498
v 4.57584238 -3.35411572 6.89784145
v 5.08093500 -3.91863036 6.54672623
v 4.25905561 -4.29328394 6.35174561
v 7.53658438 -3.58759022 6.75018835
v 7.15485430 -4.39029741 6.32313871
v 6.71877050 -3.59567046 6.74165630
v 5.86738110 -3.68892002 6.70371437
v 6.24911118 -2.88626289 7.13076401
v 7.97151375 -2.71090603 7.19259596
v 8.40754700 -3.50548267 6.77407789
v 7.81542921 -5.14934111 5.64359283
v 6.99761534 -5.15747166 5.63506079
v 8.48523808 -5.83922577 5.04755974
v 8.64247799 -5.07205153 5.73568773
v 10.12503147 -5.51641607 5.38141060
v 10.91940784 -5.88825941 4.89518881
v 10.10666275 -6.13377905 4.65343332
v 9.91991329 -6.67771673 3.88585758
v 9.12558746 -6.30587387 4.37207937
v 8.29853916 -6.38316345 4.28003454
v 6.38983822 -9.92136860 4.16706133
v 6.22778130 -9.12071896 4.45599365
v 6.74351358 -9.27484703 3.67080212
v 8.47735882 -7.74416208 -0.31533134
v 7.67625761 -7.73844051 0.12552024
v 8.45848846 -7.72082472 0.49264562
v 9.30235004 -7.62175369 -0.91994643
v 8.52011871 -7.63936949 -1.28712201
v 8.37321854 -7.48539257 -2.04997993
v 9.09557533 -7.23641014 -2.66046691
v 8.12368393 -7.20479155 -2.81870985
v 7.66898060 -10.25291061 -0.63196754
v 7.58315897 -9.37978935 -1.06544149
v 7.55093813 -10.20523262 -1.46468723
v 7.66195440 -11.12337208 -0.20451619
v 7.69417477 -10.29792976 0.19472952
v 7.65076208 -11.94133663 -0.95281959
v 7.67600679 -11.98635483 -0.12612249
v 7.68448877 -12.80507183 -0.09545761
v 8.55911541 -12.81189728 -0.45691174
v 8.57878876 -12.81270027 0.32210672
v 9.36769485 -12.81947613 0.96265644
v 8.49306774 -12.81265068 1.32411051
v 8.32649422 -12.81380463 2.13374376
v 7.53758812 -12.80702972 1.49319398
v 10.15599728 -12.81942558 1.48682010
v 10.08212090 -12.81937599 2.51447010
v 9.11293983 -12.81942558 2.95050359
v 9.91308784 -12.81937599 3.50031328
v 10.88904381 -12.81932545 4.01980972
v 9.91991329 -12.81937599 4.45579290
v 10.10535812 -12.81942558 5.49900103
v 9.12935162 -12.81947613 4.97945452
v 8.41196442 -12.81952572 5.71059370
v 8.22651958 -12.81952572 4.66738558
v 11.81912804 -12.81214809 5.54642868
v 11.81887722 -12.81224918 4.63646984
v 12.74198532 -12.80502224 5.20755911
v 11.86625481 -12.81214809 6.55836964
v 10.94314671 -12.81932545 5.98723030
v 11.86700726 -12.81119537 7.41317225
v 11.83282948 -12.81119537 8.42094803
v 10.95609474 -12.81937599 8.00694656
v 10.17843151 -12.81942558 7.58019781
v 10.14425373 -12.81942558 8.58797359
v 11.83282948 -12.81114483 9.31133366
v 12.74379253 -12.80296421 8.71755886
v 12.74304008 -12.80396748 6.97232056
v 9.34069347 -12.81947613 7.09196901
v 10.15253448 -12.81942558 6.51089191
v 8.53166199 -12.81952572 7.67269421
v 8.50576496 -12.81952572 6.60338831
v 6.58311272 -12.81239986 5.30141068
v 6.71048975 -12.81962681 6.31124401
v 5.78442049 -12.81239986 6.21418047
v 7.60293293 -12.81957626 6.29131937
v 8.15746021 -12.81380463 3.11953688
v 8.30511379 -12.81159687 -2.20390654
v 8.46671867 -12.81189728 -1.44661951
v 7.50320959 -12.80396748 -1.63176310
v 6.93171835 -11.89009380 -3.33032656
v 6.76865768 -11.03965855 -3.57715130
v 6.52559710 -11.95408440 -4.09955835
v 7.25819159 -11.88964272 -2.59853506
v 7.01513100 -12.80406857 -3.12089181
v 6.60017633 -10.11112976 -3.95401311
v 7.00634813 -10.04708958 -3.18473101
v 6.31194639 -9.35183525 -4.33112574
v 6.07425594 -10.34440327 -4.72354603
v 6.48459339 -8.53246498 -4.11832857
v 5.95862293 -8.76573944 -4.88791180
v 6.86858177 -8.04237938 -3.49398971
v 6.51525831 -7.45628357 -4.05072546
v 6.51626205 -6.58286142 -4.06091356
v 7.40393782 -6.60198307 -4.01599503
v 7.02095270 -6.21864700 -4.65052223
v 5.60474730 -7.83083677 -5.23867559
v 5.43215084 -8.65020657 -5.45152330
v 6.02989006 -11.95323086 -4.78633118
v 5.68319130 -11.11227989 -5.09398365
v 5.35059500 -11.96186352 -5.53393173
v 5.39496136 -10.35298538 -5.47114658
v 4.74869013 -10.32186890 -6.04454470
v 5.13970518 -9.55394268 -5.67415714
v 4.02834129 -10.32217026 -6.53443003
v 4.28359795 -11.12121391 -6.33141947
v 4.07938290 -8.76051998 -6.51049042
v 3.25363922 -8.81477261 -6.94642353
v 3.66769028 -9.57702827 -6.68348837
v 3.20259809 -10.37642384 -6.97036314
v 2.41258836 -10.40001202 -7.27746391
v 2.91426778 -7.94576740 -7.08378839
v 2.50252533 -8.76232624 -7.25678635
v 1.27477574 -7.86501503 -7.53663492
v 1.74935365 -7.10772800 -7.46215582
v 0.78494066 -8.65959167 -7.61482763
v 0.36200619 -9.47103119 -7.58732462
v 0.93962014 -11.98861313 -7.60950756
v 1.77499974 -11.98715782 -7.49086332
v 1.14790046 -11.17019749 -7.55410004
v 1.74865103 -12.81937599 -9.21125793
v 1.15076113 -12.81244946 -8.43826294
v 0.23638558 -12.81927490 -10.16051483
v 0.73716164 -12.81932545 -10.96884251
v 1.23557889 -12.81932545 -10.13858223
v 2.24947739 -12.81942558 -10.01958656
v -0.28993618 -12.81937599 -9.30842209
v -0.78830326 -12.81937599 -10.13868237
v 0.28085217 -12.81179714 -8.49924088
v -0.74383664 -12.81194782 -8.47735882
v -1.76350665 -12.81942558 -10.09697628
v -1.23713470 -12.81932545 -10.94906902
v -2.16199946 -12.79879856 -12.70454502
v -1.73098481 -12.80908680 -11.80602932
v -2.64335299 -12.80908680 -11.80587864
v 1.63893998 -12.80000305 -12.70374203
v 2.16511130 -12.80968952 -11.82505035
v 1.21018374 -12.80973911 -11.82565308
v 3.21298695 -12.81942558 -9.93140602
v 2.69991469 -12.81937599 -10.85878086
v -0.75578141 -12.80898666 -11.84773540
v 0.21104063 -12.80968952 -11.84758472
v -0.28275931 -12.79940033 -12.70454502
v 0.69686067 -12.80497169 -7.60724926
v 0.06971116 -11.98801136 -7.67048597
v 0.74805248 -10.32713890 -7.61166573
v 1.58343208 -10.32568359 -7.49302149
v -0.80526680 -11.90168762 -7.60057402
v -0.56250733 -11.08532906 -7.60288286
v -0.07357564 -10.31554508 -7.64845371
v -0.94855362 -10.22922230 -7.57854176
v -1.58814979 -11.90113544 -7.49307156
v -0.95593125 -12.80381775 -7.56067467
v 1.67336905 -8.68794823 -7.47234392
v 2.01274037 -9.55695343 -7.33502960
v 4.76073551 -7.01598406 -6.04334021
v 5.20133591 -6.54180765 -5.68996668
v 4.88379622 -5.84243774 -5.93096924
v 5.72881222 -5.78391838 -5.13654327
v 5.60575104 -6.95741463 -5.24886417
v 6.13227367 -7.07294750 -4.68525267
v 4.78582907 -8.61909008 -6.02492142
v 7.69568062 -11.98715782 0.65289599
v 7.61583138 -10.41833019 1.05058587
v 7.62280750 -9.54781914 0.62318468
v 7.69813967 -8.59459782 -0.45761436
v 7.58009768 -8.54691982 -1.29033399
v 7.48915672 -11.94103527 -1.71015680
v 7.40579462 -11.02701092 -1.91954124
v 7.31997299 -10.15388966 -2.35306525
v 7.15149164 -9.22536087 -2.72987700
v 7.43319702 -8.39294243 -2.05324221
v 7.11957216 -8.28619289 -2.88490772
v 7.15028715 -7.20996094 -2.81735468
v 7.54822826 -7.60775137 -1.44536483
v 7.03309822 -7.08273411 3.07557201
v 7.83660841 -6.81618547 3.67125368
v 8.13532734 -7.11641026 3.00882196
v 9.13582611 -7.17528105 2.73605013
v 8.33231544 -7.44182968 2.14031839
v 9.91348934 -7.05769062 3.15612388
v 10.11042690 -7.38315964 2.28767037
v 10.89461517 -6.88559580 3.43742776
v 12.74554920 -7.20288420 2.77419305
v 11.81631756 -7.09297276 3.08621192
v 11.82284260 -6.71304941 3.81594586
v 12.74354172 -6.50341415 4.11120176
v 12.75317764 -7.05131674 4.77097368
v 12.75418091 -7.46832895 4.12445164
v 11.82178783 -6.29598665 4.46246767
v 11.84010696 -5.67862415 5.19044495
v 12.74464607 -5.54883766 5.31370687
v 11.84226513 -5.14105988 5.74647808
v 11.10801411 -4.59797573 6.12404251
v 12.01260281 -4.46813917 6.24730444
v 12.01551437 -3.76390076 6.72564650
v 12.74976444 -4.30703545 6.34808207
v 10.27047634 -4.69970655 6.05844688
v 10.44081497 -4.02678585 6.55932331
v 12.75533581 -5.96103191 6.07259989
v 12.75317764 -6.49859571 5.51661730
v 12.76386738 -7.46351099 5.52981663
v 7.49457693 -7.54903126 1.67331874
v 7.45377445 -8.25582886 1.74960458
v 7.29101467 -8.08975697 2.48942614
v 8.49507523 -7.60795212 1.40054691
v 9.29617691 -7.61362314 0.95969534
v 7.60087538 -8.69166183 1.20626903
v 7.67926884 -8.57126045 0.35041276
v 7.39731264 -9.23238754 2.02237654
v 7.49558067 -11.22936916 1.52601695
v 7.42421341 -10.47925854 1.95447206
v 7.33748865 -12.04924011 2.36636519
v 7.50406265 -12.04808617 1.55673206
v 7.07786608 -9.43605042 2.97384095
v 7.22501707 -9.87183285 2.43045521
v 7.10481691 -10.68292141 2.90588641
v 7.05106544 -12.80717945 3.03346443
v 7.01759005 -12.04823685 3.09705257
v 6.85327482 -11.29897976 3.33720231
v 6.56685162 -12.05691910 4.00430155
v 7.83751202 -12.81280136 3.85022426
v 7.12012434 -12.81290150 4.58136320
v 6.19410515 -12.80567455 4.48424959
v 6.02983999 -12.05641747 4.72439909
v 5.35676813 -12.01957893 5.48765850
v 5.72946453 -11.27082443 5.00771046
v 4.97699547 -12.80552387 5.78251314
v 4.67667055 -12.01998043 6.06582451
v 5.27832413 -9.56990242 5.51440859
v 5.46527481 -10.50063896 5.36158609
v 4.86944246 -10.30329990 5.92379236
v 5.19129848 -8.59650517 5.61021757
v 5.78718090 -8.79384422 5.04801130
v 5.75551224 -6.83575916 5.08991861
v 5.17252779 -7.29959679 5.61980343
v 5.22788525 -6.31490755 5.56595182
v 4.70452452 -5.81829739 6.04820871
v 5.28750896 -5.35440922 5.51832342
v 4.24796438 -5.11772251 6.35279989
v 4.18829060 -6.07822084 6.40037775
v 6.13834620 -10.53747654 4.59832668
v 6.14080524 -8.14732265 4.55180264
v 6.65407848 -10.69155407 3.81318545
v 6.91580868 -8.63540077 3.26272321
v 6.95661163 -7.92855310 3.18643737
v 6.65789270 -7.62832832 3.84886909
v 6.27264929 -6.31676483 4.38703537
v 6.21724176 -7.30150366 4.44093704
v 7.19630957 -6.34953737 4.34678459
v 6.73452997 -5.88379240 4.99576569
v 6.07395506 -5.12474918 5.67531157
v 5.55059433 -4.62808847 6.15756845
v 8.78792286 -4.25539207 6.41267395
v 9.45778179 -4.94527674 5.81669140
v 9.22290230 -3.37865758 6.85508156
v 3.74287200 -4.55325794 6.70391512
v 5.21262836 -1.50087273 7.48850441
v 5.72524881 -2.04922700 7.33824158
v 3.21921015 -3.21589780 6.94296074
v 4.45152712 -1.02674651 7.49543047
v -0.88195407 -2.82914901 7.53101349
v -1.46950519 -2.10142255 7.50135231
v -2.13519907 -1.51477480 7.47460222
v -2.11166096 -0.67417568 7.57748795
v -2.96244836 -1.03116310 7.49537992
v -1.22087383 -0.21631037 7.56905603
v -2.81399202 0.59899402 7.53221798
v -2.04812288 0.26735160 7.58983421
v -3.77509284 -0.60627127 7.59630823
v -4.48771238 -0.08833092 7.59174109
v -3.65152979 0.32742664 7.59364843
v -3.52661180 1.11693442 7.52760077
v -3.72254586 1.97896385 7.31344843
v -8.45000648 1.13439989 7.50802755
v -10.02224636 0.15101576 7.60699844
v -10.04508209 1.03432488 7.51676035
v -9.19785786 0.64632136 7.50677299
v -12.63257599 -0.21535680 8.49035740
v -12.63277626 0.58699912 8.46160030
v -12.64095688 -0.73806506 9.29311466
v -12.64090729 5.61418247 8.44503784
v -12.64090729 4.65348339 8.21502590
v -12.64090729 4.89378357 9.07941437
v -12.64090729 4.42839003 9.84944916
v -12.64090729 5.38908911 10.07941055
v -11.63062191 2.56526041 12.67528534
v -10.44804192 3.11416674 12.68376732
v -11.43564129 3.38412809 12.67528534
v -11.43529034 4.14683533 12.67553711
v -12.61787033 3.59792900 12.66705513
v -12.61837292 2.06734490 12.66785812
v -11.63082314 1.79738355 12.67634010
v -9.51971436 2.52425671 12.68883610
v -9.70440578 1.77439749 12.69139576
v -10.68377495 1.42383420 12.68371773
v -9.74510860 0.90293270 12.69124603
v -12.62017918 5.22808599 12.66675377
v -11.81029510 4.96630526 12.67543602
v -11.81295490 5.83375502 12.67483425
v -10.64673615 6.40228510 12.68351650
v -11.45662022 6.66406584 12.67478371
v -11.45355892 7.49919462 12.67563725
v -12.61977768 6.93066454 12.66700459
v -11.76743507 9.19695473 12.67443275
v -10.71554375 9.79123116 12.68351650
v -11.57064724 10.09271049 12.67443275
v -11.56738567 10.87463951 12.67694187
v -12.61932659 10.28041363 12.66785812
v -12.62841034 10.88196754 11.83809948
v -12.63162231 10.09998798 11.83559036
v -12.64080620 9.80754185 10.91092587
v -12.63172245 9.20598888 11.74068451
v -12.63127136 11.63448620 11.14891720
v -12.61887455 11.81491280 11.98118591
v -9.62746811 12.58519840 11.16517830
v -8.97783375 12.58514786 10.58630943
v -10.05331326 12.58519840 10.48493004
v -8.05427361 12.57285213 11.96903992
v -7.55520439 12.58519840 11.23022175
v -7.97783756 12.58519840 10.58585835
v -6.98105335 12.58524895 10.54957199
v -7.84679651 12.58524895 9.27459526
v -8.84679317 12.58524895 9.27504730
v -8.40373325 12.58524895 9.90561008
v -7.06270933 12.58534908 9.06405735
v -7.50581932 12.58534908 8.43349457
v -6.48589849 12.58529854 9.71625042
v -6.14487076 12.58534908 8.87514877
v -5.37453461 12.58534908 8.60438442
v -4.65458775 12.58534908 8.93943977
v -4.46101236 12.58534908 8.01648235
v -3.82191825 12.58534908 9.09938908
v -4.73544073 12.58534908 9.68729210
v -5.95134592 12.58539867 7.95219135
v -5.81613922 12.58529854 7.06757736
v -6.58647490 12.58534908 7.33834171
v -7.25467825 12.58529854 6.73518229
v -7.38988495 12.58539867 7.61979628
v -7.19555712 12.57787037 4.51466322
v -6.82421589 12.57611465 5.06171274
v -7.11585855 12.58524895 5.87345409
v -6.15962601 12.57606411 5.64198685
v -10.39589691 12.58529854 8.71971703
v -10.23654938 12.58524895 9.60202217
v -9.56302643 12.58524895 9.02375603
v -10.43424034 12.58534908 7.79409933
v -11.10776329 12.58529854 8.37231541
v -11.84693241 12.57551193 9.59268761
v -11.84843826 12.57450867 8.79193783
v -12.62590122 12.56477165 9.08669186
v -11.88693237 12.57521057 7.02351236
v -11.12623215 12.58529854 6.58587265
v -11.86710835 12.57521057 6.16268730
v -12.62800884 12.56487179 5.72826004
v -12.62760735 12.56447029 7.44308424
v -11.88673115 12.57455826 7.86631966
v -12.63413143 11.65135002 7.91284418
v -12.64085674 10.75152874 8.44237804
v -12.63413143 11.66394711 8.81542587
v -12.64085674 9.03790855 9.73512077
v -12.64085674 9.83880901 10.08051491
v -12.64085674 9.96317577 8.99951553
v -12.64085674 9.95057774 8.09698391
v -12.64085674 8.42029476 9.12332916
v -12.64085674 8.29592896 10.20427895
v -12.63433266 11.65200233 7.07003689
v -9.00613976 12.58529854 8.39274216
v -10.34425259 12.58534908 6.94275999
v -10.32442856 12.58529854 6.08193493
v -8.17397213 12.58534908 7.83033514
v -8.89020538 12.58534908 7.57904339
v -8.80026913 12.58534908 6.72770405
v -9.63238621 12.58529854 7.29011106
v -7.91921806 12.58534908 6.15490818
v -8.66139889 12.58529854 5.86597586
v -8.48533916 12.56120872 12.67076874
v -8.98310375 12.57350445 11.96823692
v -10.24523163 12.56246281 12.67001629
v -10.79745102 11.62500095 12.67674160
v -9.96648788 11.62444878 12.67674160
v -9.51364136 10.69822884 12.68346691
v -8.96137238 11.63569069 12.67669106
v -8.03254223 11.63503838 12.67749405
v -8.71474838 9.81246090 12.68341637
v -9.71981335 9.80116844 12.68346691
v -10.88618279 12.58524895 10.18089104
v -10.05858231 12.57355499 11.86690712
v -10.88959599 12.57410717 11.86690712
v -11.66369629 12.57551193 10.47559547
v -12.62308979 12.56662846 10.58972263
v -11.66234112 12.57636547 11.17792606
v -11.84899044 12.56522369 11.98103523
v -11.84211445 12.55829716 12.66534901
v -12.61490917 12.56055641 11.97636700
v -12.61204910 11.80798626 12.66554928
v -12.63257599 11.63363361 10.44663620
v -12.63262558 11.66495037 9.61617565
v -12.64080620 10.73280907 10.17531967
v -11.84612942 11.81265450 12.67021656
v -12.61962700 8.63213921 12.66660309
v -11.76457405 8.33060932 12.67568684
v -9.91665077 8.90541267 12.68346691
v -10.60136604 8.06401062 12.68346691
v -9.60563564 8.07399750 12.68341637
v -9.18782043 7.17964745 12.68351650
v -8.50310516 8.02104950 12.68346691
v -8.57959175 6.33011484 12.68361664
v -9.68212223 6.38306284 12.68356705
v -10.03845692 5.55275249 12.68361664
v -6.42968750 7.49302149 12.68933868
v -7.45141554 7.85051060 12.68351650
v -7.06361246 6.76920986 12.68948936
v -7.53814030 6.24349022 12.69199848
v -6.51646280 5.88600111 12.69787025
v -10.62806606 4.75250435 12.68366718
v -9.66345215 4.73328257 12.68371773
v -12.62881184 8.33964348 11.74193954
v -12.64085674 7.26125288 10.32728958
v -12.64085674 7.87886667 10.93908119
v -12.62881184 7.30496693 11.86495018
v -12.63182259 6.46983814 11.86409664
v -12.64085674 5.88394308 10.95579433
v -12.64085674 6.34933662 10.18570900
v -12.64090729 6.76639938 9.45095634
v -12.63187313 5.50959063 11.75779819
v -12.62921333 4.64219141 11.75840092
v -12.62926292 3.74994850 11.72863960
v -12.62956429 2.98724127 11.72833824
v -12.64090729 3.53614759 9.81968784
v -12.64090729 4.03145313 10.81968403
v -12.64090729 3.02041554 9.00598907
v -12.64090729 2.62352872 9.97622395
v -12.63403130 3.78412652 7.75485229
v -12.63413143 3.18021417 8.03329563
v -12.64090729 2.18252635 10.86866760
v -12.62956429 2.03050685 11.80708313
v -12.62971497 1.26263022 11.80818748
v -12.61977768 -1.09565473 12.66675377
v -12.63076878 0.48009861 11.80708313
v -12.64090729 0.22418989 10.94947052
v -12.63076878 -0.52155393 11.80914116
v -12.64090729 -0.27894503 10.14877033
v -12.63167286 -3.11180782 11.76934147
v -12.64095688 -3.66819215 10.88116455
v -12.63167286 -4.06327248 11.77686977
v -12.62936401 -6.76715183 11.81521320
v -12.64090729 -6.20128202 10.16297340
v -12.62966442 -7.50431347 11.81390858
v -12.62966442 -8.52112293 11.76663208
v -12.64085674 -7.73106289 10.91388702
v -12.64090729 -7.14672375 10.07218361
v -12.64085674 -8.16358376 10.02490616
v -12.64090729 -6.63385248 9.27404404
v -12.64080620 -9.13928890 9.99419117
v -12.64085674 -8.55500031 9.15253830
v -12.64090729 -8.10546589 8.35806179
v -12.64095688 -6.13849688 8.38114834
v -12.64095688 -7.08393860 8.29035854
v -12.62625217 -5.42361879 5.48018074
v -11.79448605 -5.83420706 5.06893969
v -10.20146847 -5.98973942 4.85172606
v -10.09155655 -5.42913914 5.45609045
v -9.33155918 -5.66105795 5.17553949
v -7.39706182 -6.82833099 3.65248346
v -7.92865324 -6.43631268 4.21092558
v -7.13914537 -6.38461876 4.31516600
v -8.81407070 -6.55079126 4.05970907
v -8.82194996 -6.99390125 3.29047728
v -9.44940090 -6.66471815 3.80189323
v -10.22410297 -6.92700100 3.41313672
v -10.21617317 -6.48389101 4.18236876
v -10.22515678 -7.26386261 2.65349078
v -10.99192905 -7.08298540 3.03396630
v -9.34566212 -7.33046246 2.32325363
v -8.71033192 -7.21653557 2.58106947
v -8.23545265 -7.49553061 1.95432150
v -7.71174049 -7.15901995 2.92154503
v -5.68805933 -6.78787947 5.04269171
v -6.15395451 -6.31475735 4.39712286
v -5.14131117 -5.30723286 5.54793453
v -4.60901690 -5.60278988 6.03174686
v -5.16811132 -6.14833355 5.52143526
v -5.15581560 -7.08343697 5.52655411
v -6.68554640 -5.92268848 4.95561552
v -8.55615425 -6.10712910 4.72239161
v -6.51761723 -5.37518740 5.49041891
v -6.68589735 -4.46046019 6.25061703
v -5.86863565 -4.93809986 5.79777050
v -5.30959129 -4.39250565 6.30813217
v -9.91860867 -2.38192344 7.26461554
v -11.68417263 -3.19471836 6.97503090
v -11.68512630 -2.51978993 7.24479151
v -11.74771118 -1.70408404 7.46090078
v -10.80844212 -1.99883831 7.35420132
v -11.74766064 -0.91678458 7.60248137
v -10.87027359 -0.32205653 7.59364843
v -8.42717075 0.25114086 7.59831572
v -10.02299976 -0.71006012 7.58366108
v -8.35540199 -0.64612061 7.59244394
v -8.31354523 -1.50232816 7.48950815
v -9.13321590 -1.09314525 7.49407530
v -9.98119259 -1.56626773 7.48072529
v -6.03651476 0.78132713 7.51118946
v -5.19360685 0.43608370 7.59334707
v -3.93107700 -4.11341000 6.45202160
v -4.66954374 -3.81107759 6.59485674
v 0.13425295 -3.59888268 7.62903070
v -0.51347363 -4.61569166 7.57437611
v -0.75693572 -3.62994909 7.56127691
v 1.98734522 -2.90242338 7.34090137
v 2.44380522 -3.67983580 7.26205587
v 2.97850847 -4.19270706 7.02195644
v 2.57715487 -5.56765842 7.18617153
v 2.96741700 -5.01714611 7.02301073
v 3.34146833 -5.92820883 6.86818027
v 2.15918899 -6.38813210 7.25834227
v 1.78513777 -5.47706890 7.41322231
v 0.87246853 -5.44103384 7.56373644
v 0.42534348 -6.29774332 7.53000975
v 0.89706069 -7.08298540 7.56107616
v -0.04481790 -7.08328629 7.60574341
v 1.76576519 -7.11661100 7.41934538
v 1.29560375 -7.90210390 7.49507904
v 2.55773211 -7.20725060 7.19234467
v 0.48817888 -9.50551033 7.54064989
v 0.86920631 -8.67113495 7.56619549
v 1.73791075 -8.70476055 7.42446470
v -0.71758831 -10.35393906 7.56785154
v 0.10403977 -10.33908367 7.60559320
v -0.27829257 -11.15579319 7.58772612
v 0.02343781 -11.97360706 7.62822771
v 0.92742443 -10.30736446 7.56052399
v -0.91015977 -7.12479162 7.54777622
v -1.75663090 -7.16413927 7.38767672
v -1.36295605 -6.33734179 7.41457748
v -0.06941003 -5.44133520 7.60840368
v -0.96054852 -5.47240162 7.54064989
v -3.21740341 -4.25875473 6.89337492
v -3.86859298 -4.90703344 6.49959946
v -2.85825801 -6.56795549 6.99174356
v -2.55717993 -7.32188034 7.14732647
v -3.20596051 -7.51319695 6.88454199
v -3.95014858 -12.80818367 6.43957472
v -5.93709230 -11.78645611 4.69820118
v -3.36134267 -11.24226761 6.78858232
v -2.98498273 -11.94831276 6.99114132
v -3.65950966 -12.10108471 6.64609861
v -2.64912438 -12.80728054 7.10035038
v -3.97614598 -10.58510494 6.47872162
v -3.30166912 -10.43233299 6.82376385
v -2.99813199 -9.70450592 6.90672493
v -3.41067743 -9.02114582 6.77703905
v -3.63853121 -8.22656918 6.62632418
v -3.93955898 -7.47264481 6.47074175
v -4.50397348 -7.31495428 6.10893631
v -10.08287334 -7.65221786 1.13685906
v -10.11353874 -7.48644686 1.94408321
v -12.64095688 -9.39188480 1.33901644
v -12.63368034 -8.51434708 1.71808648
v -12.63292694 -12.03222656 2.62056756
v -12.64095688 -11.16547966 2.18021774
v -12.63292694 -11.93591595 1.69530118
v -12.63212395 -11.93531322 0.79176623
v -12.62414455 -12.80206108 1.23211586
v -12.64095688 -10.29316139 2.71130753
v -12.64095688 -10.19685078 1.78599095
v -12.64095688 -10.26420307 0.80797696
v -12.62665367 -7.51379919 1.86092162
v -11.80994415 -7.37166691 2.43853545
v -11.80919075 -6.32835817 4.39958239
v -10.97617054 -6.25197172 4.46291971
v -12.63388062 -7.83716059 3.38723969
v -12.63393116 -8.32398415 2.45986557
v -12.62484646 -12.80261326 3.14141870
v -11.86229038 -12.81104469 2.55441976
v -11.75694561 -12.81109428 1.62513828
v -10.99433804 -12.81947613 2.04390717
v -10.02912235 -12.81947613 1.59477460
v -9.22772026 -12.81952572 1.08857822
v -8.37166309 -12.81129551 1.38232863
v -8.43013191 -12.81134510 0.39603367
v -6.36931133 -11.78299332 4.10387468
v -6.88569593 -12.79834652 3.12119293
v -7.15159225 -11.88863850 2.55863547
v -6.78537035 -11.88643074 3.32435417
v -7.73738670 -12.81004047 3.15682650
v -8.21055984 -12.81004047 2.21519876
v -7.41302156 -12.80181026 1.52260423
v -7.54612017 -11.93215179 0.86318380
v -7.38501692 -11.93094730 1.69605398
v -7.28469086 -11.01898098 1.89916492
v -7.40895653 -10.19725227 1.54664421
v -7.56428814 -8.57813644 0.53786504
v -7.43540525 -9.37326527 1.15843987
v -7.54456425 -10.23730183 0.64837903
v -7.56985903 -8.58466053 -0.24567036
v -7.56318426 -7.74953222 0.03191958
v -7.53512907 -11.06490231 0.13505596
v -7.56238127 -12.80341625 -0.11186910
v -7.55133963 -11.93611622 -0.83999693
v -7.56313419 -11.93576527 -0.03839384
v -11.70364571 -12.81024170 -2.10493588
v -12.62268829 -12.80145836 -2.19979119
v -11.70314407 -12.81074333 -2.88124418
v -12.64095688 -11.07800198 0.27201906
v -12.64095688 -10.27303600 -0.17495544
v -12.64100742 -9.42796993 -0.62238163
v -12.64095688 -10.24176884 -1.15833950
v -12.63307762 -8.58501244 -1.06062341
v -12.62409401 -7.63465214 -1.30629385
v -12.63197327 -8.44629288 -1.85138595
v -11.75197697 -7.60559320 -1.56787372
v -10.72342300 -7.51575661 -1.82870090
v -11.59438610 -7.40609550 -2.35783315
v -9.97933578 -7.63149023 -1.38554072
v -9.82169533 -7.43194246 -2.17544985
v -9.13592625 -7.63926935 -0.90478963
v -8.38150024 -7.74345970 -0.41445267
v -8.32318115 -7.65186644 -1.24195278
v -8.18200207 -7.50004768 -1.97986722
v -7.98631954 -7.24609613 -2.71512175
v -8.88197517 -7.29372454 -2.46754432
v -7.06220722 -8.25447369 -2.76872253
v -6.78065252 -7.98742342 -3.43727708
v -7.00484228 -7.18536854 -2.89604950
v -6.38993883 -7.39625883 -4.07546806
v -8.69838715 -6.32288742 -4.46733618
v -8.51494980 -5.72068167 -5.17448521
v -9.36909962 -5.88956404 -4.93584108
v -10.21416569 -6.15596247 -4.66788721
v -11.04422569 -6.26466942 -4.49719810
v -10.38259697 -6.60052776 -4.05805302
v -11.75202656 -5.96489668 -4.96279240
v -5.96012878 -5.12946653 -5.67255116
v -6.72534513 -4.64013338 -6.16469479
v -6.61804342 -5.52088308 -5.37990475
v -5.41237640 -6.47470617 -5.32374430
v -4.86347008 -5.93458271 -5.85603857
v -5.30392027 -5.47009277 -5.42005539
v -3.48475504 -8.02687168 -6.76574659
v -3.34613562 -7.01623535 -6.83982420
v -3.93258286 -7.29894447 -6.52529573
v -4.38296986 -6.61377716 -6.17955065
v -4.52158928 -7.62441349 -6.10547304
v -2.53223658 -7.00067663 -7.19119072
v -2.98011446 -6.27274990 -6.95078993
v -4.60766172 -4.14432621 -6.43852091
v -5.26392031 -3.80369997 -6.69101667
v -5.41122198 -4.58934307 -6.20489550
v -8.36358261 -3.73509288 -6.73974943
v -8.43575287 -3.00716591 -7.08288479
v -9.20553684 -3.32821870 -6.91836834
v -10.11313725 -2.97509575 -7.09287214
v -10.04096699 -3.70302272 -6.74973679
v -10.11404037 -2.21595168 -7.35254526
v -10.94947052 -2.59075594 -7.18391323
v -11.78745937 -3.65569544 -6.77984953
v -11.75990677 -4.32701063 -6.38692760
v -10.92101383 -4.02126503 -6.53126812
v -12.64090729 -5.16565228 -8.02004528
v -12.63362980 -4.96213961 -7.06642294
v -12.63357925 -4.16500330 -7.58913136
v -12.64085674 -5.27982998 -8.96217537
v -12.64085674 -4.48229218 -9.52774429
v -12.64085674 -5.39360619 -9.94716549
v -12.64085674 -6.99475479 -9.04393196
v -12.64085674 -6.88057709 -8.10185242
v -12.64090729 -6.07696629 -8.43941689
v -12.64085674 -6.22075510 -10.25541973
v -12.64085674 -7.15706253 -10.99795151
v -12.64085674 -7.12740183 -10.12412834
v -12.64085674 -7.93101215 -9.78651333
v -12.63448334 -10.33456707 -11.78198910
v -12.64080620 -10.17552090 -10.40357494
v -12.63453293 -9.60187149 -11.31207848
v -12.64085674 -8.75329304 -10.40016270
v -12.63453293 -8.91228867 -11.77857685
v -12.62770748 -8.18320656 -11.78630543
v -12.62143421 -9.03183651 -12.69827175
v -12.61977768 -10.52242088 -12.69882393
v -12.62610149 -11.09606934 -11.79032040
v -11.77160072 -8.91053200 -12.71352863
v -11.77837563 -9.63961315 -12.70580006
v -11.76994419 -10.40111637 -12.71413136
v -11.38033485 -11.20512772 -12.71408081
v -10.53893185 -10.32232094 -12.72105694
v -9.51750565 -10.21471786 -12.72110748
v -9.90711498 -9.41070557 -12.72110748
v -10.56809139 -8.65422153 -12.72110748
v -9.54666519 -8.54661846 -12.72115803
v -11.79242802 -6.53779268 -12.71337891
v -10.58646011 -6.98050117 -12.72115803
v -11.41360950 -7.34742594 -12.71337891
v -11.41114998 -8.04644489 -12.71357918
v -12.61711788 -7.60373592 -12.70580006
v -12.63147163 -11.85441017 -11.02957058
v -12.61676693 -12.04226398 -11.94635487
v -12.62208652 -12.80055523 -10.34505558
v -12.63142109 -11.85436058 -10.18902111
v -11.78916645 -12.80994034 -10.83408833
v -11.78911591 -12.80988979 -9.99358940
v -11.73732185 -12.80150890 -11.94269085
v -12.61054325 -12.79558659 -11.94003105
v -11.72577858 -12.79644012 -12.69711781
v -10.13973713 -12.81084347 -11.93410873
v -10.19158077 -12.81927490 -10.82550621
v -10.90435123 -12.81084347 -11.59122467
v -10.00879669 -12.81927490 -9.89727879
v -9.24413109 -12.81927490 -10.24016285
v -9.90264893 -12.81932545 -8.91951561
v -10.85009766 -12.81932545 -9.50485802
v -8.90882492 -12.81937599 -8.34476185
v -9.75012684 -12.81942558 -7.95234203
v -9.79549694 -12.81942558 -7.04233313
v -10.78931999 -12.81942558 -7.61703587
v -12.63458347 -6.80976152 -5.71260118
v -12.64095688 -7.76162767 -5.72575045
v -12.64090729 -7.65407467 -7.65653372
v -12.64090729 -6.73633671 -7.05201912
v -12.64085674 -9.39921284 -6.82291079
v -12.64090729 -8.47760963 -6.22788191
v -12.64085674 -8.43143654 -7.20173025
v -12.64085674 -8.57562733 -8.25156307
v -12.64085674 -10.22294807 -7.29779005
v -12.64085674 -10.26917171 -6.32394171
v -12.62198639 -12.80125809 -6.88559580
v -12.63147163 -11.94680691 -6.40293741
v -12.63137150 -11.94735909 -7.28152895
v -12.64080620 -11.06791401 -7.80724859
v -12.63137150 -11.92231464 -8.28995705
v -12.63142109 -11.92166233 -9.16011715
v -12.62193584 -12.80110741 -8.63434696
v -11.68296814 -12.80994034 -9.01582623
v -11.68291759 -12.81059265 -8.14561653
v -12.64080620 -10.97556782 -9.84458065
v -12.64080620 -10.24287319 -9.37467098
v -12.64085674 -9.39790726 -8.86521244
v -12.64080620 -10.19790459 -8.30621815
v -11.72828770 -12.81059265 -7.23560715
v -11.72838879 -12.81004047 -6.35701561
v -10.10219574 -12.81942558 -6.15756845
v -9.06305313 -12.81947613 -6.49287462
v -12.60517311 -12.03724575 -12.70083141
v -12.64085674 -8.62059593 -9.32001591
v -12.63021660 -7.48418808 -11.78615475
v -12.63021660 -6.57754183 -11.91744709
v -12.62996578 -5.72243834 -11.91614151
v -12.61937618 -6.04961395 -12.70429420
v -12.63342857 -2.66247439 -8.22787476
v -12.64090729 -3.51712632 -8.88077068
v -12.63337898 -3.51391435 -7.88985777
v -12.62509823 -1.97068286 -7.40057516
v -12.63262558 -1.97394502 -8.39143753
v -11.78811169 -2.24541211 -7.34034920
v -11.78730869 -1.55688262 -7.50391197
v -5.92298937 -1.82985520 -7.43771410
v -6.69909716 -1.39065993 -7.54230595
v -6.77643681 -2.23547482 -7.34481621
v -5.23034477 -3.01665139 -7.08243322
v -4.37263155 -2.64561129 -7.16945934
v -5.14261580 -2.30363011 -7.32725048
v -5.06527615 -1.45881522 -7.52474022
v -3.45082784 -1.55226529 -7.51209259
v -3.48766589 -2.41444540 -7.28900719
v -2.65359116 -2.03412056 -7.38677311
v -1.91432166 -2.80842137 -7.37397528
v -1.87753391 -1.94619107 -7.59706116
v -1.09826446 -1.79040742 -7.60403728
v -1.83753395 -1.01615691 -7.61683512
v -2.04024339 -3.71551967 -7.35384989
v -1.26418602 -3.62759018 -7.56413794
v -2.29183602 -4.59004593 -7.24765205
v -2.94202185 -3.77087688 -7.05748987
v -0.41400099 -3.12982535 -7.63209248
v -0.53992271 -4.03697395 -7.61196709
v -0.32120332 -0.36351183 -7.63921881
v -0.30584580 -1.33013308 -7.65086269
v 0.43121547 -0.83332187 -7.66627026
v 1.06704748 -1.39557827 -7.63841581
v 1.05174017 -0.42895702 -7.62677240
v 1.84877610 -0.15277234 -7.62004709
v 1.21294403 0.40948406 -7.64785147
v -0.30644804 0.55181730 -7.62988424
v -1.04350936 0.05495588 -7.61442614
v 0.47312248 0.97450078 -7.65979624
v -0.24918352 1.39296854 -7.63505363
v -0.27437791 2.26910090 -7.62381124
v -1.05394840 1.84646749 -7.59384918
v 0.39041263 5.60018015 -7.67936945
v 1.26293135 5.39787197 -7.54024839
v 1.26107442 6.13709164 -7.53964615
v 1.74087191 6.79731512 -7.46883059
v 0.86835313 6.99962282 -7.60795212
v 0.41505495 7.65808964 -7.57563066
v -0.06469236 6.99786615 -7.64639568
v -0.97414947 6.83043909 -7.57974625
v -0.52085125 6.17202234 -7.61201715
v -3.46929717 6.78511906 -6.79731512
v -4.12279558 7.01337433 -6.39837027
v -3.81172991 6.07962608 -6.58000088
v -4.41970778 5.34412098 -6.20519686
v -3.76620936 5.11591578 -6.60409117
v -3.67085218 4.24143982 -6.64097929
v -3.06292462 4.97694540 -7.01583385
v -5.04078436 2.71983933 -7.12223244
v -5.04053354 2.04235125 -7.33507967
v -4.20776367 2.27281475 -7.23344898
v -8.44252872 2.71898627 -7.09904528
v -8.50300503 3.45263481 -6.75826883
v -9.31113243 3.05233502 -6.93999958
v -7.64448881 3.75541902 -6.54336357
v -8.51314259 4.08876801 -6.38426733
v -5.90115786 6.95304823 -4.74512672
v -5.96509743 7.90938091 -4.64936829
v -6.42752981 7.29267073 -4.05263233
v -4.96730900 5.85814667 -5.74361753
v -4.92173862 4.89438581 -5.76770782
v -4.95200205 6.93879509 -5.76148462
v -5.45398235 6.48905993 -5.32404566
v -5.91646481 5.87234974 -4.72731018
v -5.73282719 4.71180201 -5.87937593
v -6.43199635 5.43054438 -5.27009344
v -6.69548368 4.73398495 -5.84329081
v -6.82547045 4.20339727 -6.31099319
v -5.18522549 4.19777632 -6.34090519
v -5.10211420 3.48274755 -6.73663759
v -4.29102564 3.66533160 -6.62496948
v -6.81533241 3.56726408 -6.68499422
v -6.75395250 2.80435610 -7.07058859
v -5.93493414 3.25233436 -6.83821821
v -8.40283012 1.98920226 -7.35194302
v -7.59465218 2.38950181 -7.17026234
v -6.71425390 2.07457209 -7.32348633
v -9.21005344 1.51035833 -7.46044922
v -8.36222744 1.18087399 -7.53161573
v -10.06099224 1.95793509 -7.36117744
v -10.02038956 1.14960682 -7.54080009
v -11.75288010 0.01826844 -7.64674711
v -10.87755108 0.73294586 -7.53989697
v -11.74670696 0.88255632 -7.54837894
v -11.74821281 1.60651851 -7.46019840
v -12.62354183 0.89184111 -7.56704855
v -12.63152218 -0.30599636 -8.48574066
v -12.63262558 -1.03101254 -8.44021988
v -12.62319088 -0.55713719 -7.60965824
v -12.64090729 0.67834127 -10.13918495
v -12.64090729 -0.24822995 -10.14982414
v -12.64090729 0.14674978 -9.30561161
v -12.63147163 0.62057489 -8.47510052
v -12.63297749 1.34453702 -8.38691998
v -12.64095688 1.97615337 -9.18280220
v -11.75398445 -0.70674771 -7.60122681
v -9.21316528 -0.14373849 -7.63665962
v -10.02661324 0.28531891 -7.63916874
v -10.07027626 -0.56034923 -7.63575602
v -6.74908447 1.22463787 -7.52780151
v -7.54481554 0.74795210 -7.52850437
v -6.73894644 0.31287211 -7.63314629
v -5.09418440 0.35538137 -7.63399935
v -4.22633314 0.75824064 -7.54090071
v -5.07541418 1.19241714 -7.53934479
v -6.69016361 -0.57440192 -7.63455153
v -5.89443254 -0.09771608 -7.63379860
v -5.04540157 -0.53189266 -7.63535452
v -3.43516922 0.29871911 -7.63926935
v -3.41639900 1.13575494 -7.54466486
v -1.84174979 -0.09209502 -7.63339710
v -2.62096906 -0.24787864 -7.62647104
v -1.82699454 0.82323408 -7.62406206
v -2.55211115 1.55537701 -7.43661022
v -1.75392079 1.70242786 -7.41763878
v -3.34332514 2.01489854 -7.33819151
v -8.40473652 -1.39286816 -7.54135227
v -7.54361105 -0.98002148 -7.54165363
v -8.39575291 -0.57661015 -7.63354778
v -8.35208988 0.26910818 -7.63696051
v -5.90838480 1.63949203 -7.42817831
v -3.34352589 2.69243670 -7.12539387
v -2.72335267 3.26849484 -7.14145422
v -3.58779097 3.52636099 -7.03666162
v -1.74257827 8.38867664 -7.42943287
v -1.36280549 7.61282015 -7.45507908
v -0.89776331 8.43213940 -7.58847904
v -2.07798481 9.21883678 -7.32423878
v -2.54297686 8.39951706 -7.19078922
v -0.40923312 9.23243809 -7.61798954
v 0.00737764 10.04939842 -7.64770079
v -0.86097550 10.02495670 -7.59259415
v -0.02946037 8.45658112 -7.64363575
v 0.90363532 8.45838833 -7.60514116
v 1.72395849 10.05833149 -7.46551847
v 0.86975843 10.08663750 -7.61096334
v 1.31332016 9.22857285 -7.52765083
v -2.68290114 6.71038914 -7.13748932
v -2.99396634 7.64408731 -6.95585871
v -2.29424500 5.92800808 -7.26215649
v -1.81891429 6.78697634 -7.42070055
v 2.61308956 6.68459272 -7.21663570
v 2.22036815 7.54712391 -7.28494167
v 3.42121696 6.51611137 -6.88148022
v 2.94172072 5.76630259 -7.06536913
v -0.51899433 5.43280315 -7.61266947
v -1.40672004 5.17915297 -7.54662228
v -0.49545613 4.60736084 -7.61392403
v -2.17534947 4.22808981 -7.30029917
v -2.27065659 5.10256577 -7.26341105
v -1.77911520 2.57856011 -7.40639687
v -1.23111212 3.53815508 -7.56524181
v -1.93108451 3.39411545 -7.38903189
v 0.45676118 4.09800243 -7.67650890
v -0.43096453 3.84435225 -7.61046124
v -0.27894503 3.02879691 -7.62782621
v 0.52576971 2.57529783 -7.66903067
v 1.10488927 -2.42980289 -7.57392454
v 1.72541392 -2.02543807 -7.53447676
v -0.34584564 -2.26021743 -7.63108873
v 0.37841767 -2.66955113 -7.67891788
v -3.57539463 -3.12751675 -7.04418993
v -3.82698727 -4.00204277 -6.93799210
v -3.43095350 -0.62539291 -7.62270737
v -4.26502800 -1.00571775 -7.52489090
v -9.26726818 -1.79487419 -7.44735003
v -8.41512585 -2.19828558 -7.35545588
v -10.91704845 -0.98147696 -7.54100084
v -10.10360146 -1.41053438 -7.53844166
v -12.64090729 -1.72275400 -9.26751900
v -12.64090729 -3.63090253 -9.86576080
v -12.63388062 -6.32489491 -6.21066713
v -12.62755680 -5.62477207 -5.31651735
v -12.63383007 -5.55134726 -6.65593529
v -12.62655354 -4.55069828 -6.22502089
v -12.62610149 -3.31035161 -6.93628550
v -11.76010704 -4.91626787 -5.97643948
v -11.78725910 -3.00455594 -7.08062649
v -7.57322168 -2.60515976 -7.17688704
v -6.79706383 -3.04435515 -7.07224512
v -6.83063984 -3.83140373 -6.68082857
v -6.03390503 -3.46171880 -6.84880781
v -3.97428894 -4.78768635 -6.45187092
v -4.27446365 -5.60916376 -6.27586126
v -3.49378896 -5.46683073 -6.77533245
v -2.67988968 -5.45127249 -7.12674904
v -1.77816153 -5.39591503 -7.42305899
v -7.48850441 -4.22282028 -6.38813210
v -9.15951443 -4.67170191 -6.10908651
v -8.28443623 -5.15942907 -5.75751972
v -8.25828838 -4.54382277 -6.22361565
v -10.01341343 -4.37433767 -6.35681486
v -10.03956127 -4.98994398 -5.89066839
v -10.88462734 -5.25634193 -5.62271452
v -10.03067780 -5.55370617 -5.37498665
v -11.75127411 -5.48003006 -5.46080780
v -7.61372328 -5.59280252 -5.28901434
v -6.84850693 -6.08208561 -4.79687071
v -7.28378725 -6.53613663 -4.13529205
v -6.28805733 -6.46426725 -4.22618246
v -5.95470810 -6.94220781 -4.73699617
v -9.11941433 -6.76579714 -3.71577048
v -8.26526451 -6.59691429 -3.95436430
v -7.70476437 -6.97904587 -3.38372660
v -10.05913448 -6.90401459 -3.42367625
v -9.62601185 -7.17799091 -2.91070437
v -12.62564945 -7.24107742 -2.75261211
v -12.63197327 -8.36177635 -2.81328940
v -12.64095688 -9.31213665 -2.56766939
v -12.63202381 -11.91393375 -2.07231355
v -12.64090729 -11.05687237 -1.71602881
v -12.64095688 -10.21180725 -2.16345501
v -12.64095688 -10.12724018 -3.12535858
v -12.63157177 -11.91443539 -2.84862185
v -12.64090729 -10.08683872 -4.12093830
v -12.64090729 -10.98650932 -3.71672416
v -12.64090729 -9.33647728 -4.68931770
v -12.64095688 -8.72940350 -5.34693146
v -12.64090729 -10.19574642 -5.28063297
v -12.64085674 -11.01948261 -5.75556231
v -12.63262558 -11.91323090 -3.57945991
v -10.81988525 -12.81942558 -3.71747684
v -11.73887730 -12.81004047 -5.32780981
v -10.84517956 -12.81942558 -5.67782116
v -10.11273575 -12.81942558 -5.12836266
v -8.51801109 -12.81957626 -5.48093319
v -8.26551533 -12.81957626 -4.53368473
v -9.11730671 -12.81952572 -4.66091108
v -9.86023998 -12.81947613 -4.18111372
v -9.82450581 -12.81952572 -3.25002575
v -7.18306017 -11.90349483 -2.47080636
v -7.34456539 -11.03614521 -1.66779816
v -7.39058781 -11.93586540 -1.56947982
v -7.25934601 -10.21220875 -2.15738225
v -7.10983562 -9.23856068 -2.52776980
v -6.98752737 -10.03012657 -2.93951249
v -5.51425838 -7.40674829 -5.17297983
v -5.08434772 -7.92142630 -5.66472197
v -4.63401031 -8.60664368 -6.01051760
v -4.11486578 -9.19183540 -6.42406654
v -5.62818480 -10.42435265 -5.07837534
v -8.11098671 -12.81937599 -9.01778316
v -8.33567810 -12.81932545 -10.00819397
v -7.38531780 -12.81937599 -9.71404171
v -9.83715343 -12.80035400 -12.70314026
v -11.73195171 -12.04316807 -12.70349121
v -10.50088978 -11.96437263 -12.71041775
v -9.48553562 -11.96236515 -12.71372986
v -9.06345463 -11.03744984 -12.72100735
v -8.39966774 -11.87343216 -12.71378040
v -8.43163776 -10.12578487 -12.72110748
v -6.31044102 -12.81942558 -9.14822197
v -6.53518295 -12.81937599 -10.13863277
v -5.69403172 -12.81937599 -10.40036297
v -4.98326874 -12.81937599 -11.06369781
v -4.74954319 -12.81937599 -10.23619843
v -4.00751352 -12.79854774 -12.70549870
v -4.44635773 -11.86590385 -12.71382999
v -3.51316142 -11.86615467 -12.71277618
v -3.07491970 -10.84603310 -12.72115803
v -2.63612580 -11.77867699 -12.71282673
v -1.72375774 -11.77867699 -12.71292686
v -1.66438532 -9.87323856 -12.72783279
v -2.49223685 -9.68438053 -12.72743130
v -1.95868790 -8.79906464 -12.73420620
v -3.55652380 -12.80908680 -11.80196381
v -4.48971987 -12.80888653 -11.80301762
v -2.32340431 -12.81947613 -9.15514851
v -1.52671957 -12.81139565 -8.36985588
v -2.53544855 -12.81134510 -8.23841381
v -3.26774192 -12.81360435 -8.00308228
v -4.39621973 -12.81942558 -9.29828453
v -4.18919420 -12.81952572 -8.45557785
v -5.25328064 -12.81947613 -8.73015594
v -6.10346556 -12.81952572 -8.30556583
v -5.18517542 -12.80281353 -5.55004215
v -4.12485313 -12.81365395 -7.43495369
v -2.31517339 -11.14901829 -7.24313498
v -1.98940301 -10.25602245 -7.37031174
v -3.30623627 -8.91133499 -6.82943535
v -2.71978927 -8.62857533 -7.14396381
v -1.94142318 -8.75941563 -7.37974691
v -2.11994195 -7.87495232 -7.31605816
v -1.50042105 -9.48623848 -7.41593266
v -1.33224106 -6.26572323 -7.45804024
v -1.75392079 -7.13146687 -7.42702389
v -0.44406360 -4.74472523 -7.60860443
v -0.94418722 -5.40449715 -7.57894325
v 0.40612146 -4.24696064 -7.67660904
v 1.03673398 -3.29941058 -7.57492828
v 1.13264322 -4.00716209 -7.57161570
v 2.02573919 -3.90698695 -7.41257000
v 2.70950079 -5.48003006 -7.17031240
v 2.23316622 -6.26391649 -7.25779009
v 2.77143264 -4.07541800 -7.14401388
v 2.39838505 -1.44345772 -7.51294613
v 2.55783248 -0.56958383 -7.61783886
v 3.26864552 -1.02177787 -7.53181648
v 1.27015841 1.25063527 -7.65307093
v 1.39582920 2.02694368 -7.50546789
v 1.39126217 2.78663969 -7.50948286
v 2.22749496 3.21815634 -7.36338568
v 1.35743535 3.76646042 -7.52694845
v 1.29299402 4.52946901 -7.53041124
v 2.16360569 5.06638050 -7.39068794
v 2.97173309 4.89789915 -7.05553246
v 2.86443114 3.77604628 -7.10331154
v 3.64254618 4.47591829 -6.77799273
v 4.11612034 4.95250368 -6.49965000
v 2.89825773 2.79617548 -7.08584595
v 4.27376080 1.22187757 -7.52353573
v 4.31601906 2.15427065 -7.30170441
v 3.55446625 2.54056787 -7.11595869
v 6.37197161 2.44490933 -7.13362503
v 7.09482956 2.90031552 -7.02180576
v 8.00559139 3.08049059 -6.92268467
v 7.26938343 3.65142941 -6.66918516
v 8.67274094 2.50985265 -7.20408869
v 8.84724426 3.26101685 -6.85146809
v 9.52864742 1.81655538 -7.36890650
v 8.68694401 1.63607931 -7.44012308
v 6.38567305 0.45831701 -7.57658434
v 5.67997885 0.10735217 -7.64755011
v 4.20098829 0.28436533 -7.63881731
v 4.13348532 -0.64270777 -7.62712383
v 4.90638113 -0.21038818 -7.62928200
v 5.61252642 -0.81972092 -7.63585663
v 3.97408819 -1.51653147 -7.52223063
v 4.05067539 -3.12621188 -7.05498028
v 3.97790241 -2.37580061 -7.30210590
v 6.37673950 -1.45961821 -7.48539257
v 7.12428999 -1.79537606 -7.46285820
v 7.10923338 -2.67773175 -7.22853041
v 3.78257084 -3.87787771 -6.67144346
v 3.29931021 -4.55687141 -6.88268471
v 3.78703737 -6.26115656 -6.63490677
v 4.37684727 -5.33794785 -6.34722900
v 3.72063875 -5.28254032 -6.69779205
v 2.64701653 -7.04951000 -7.18973494
v 3.39808035 -7.10195637 -6.87942266
v 4.05428886 -7.15741396 -6.52890921
v 4.37182808 -7.85678387 -6.28785658
v 6.85548306 -5.66672945 -5.24354410
v 9.28197289 -3.40043926 -6.86973619
v 10.05125523 -3.81694961 -6.68720245
v 10.27574635 -2.98352718 -7.09447813
v 10.92723656 -4.12133980 -6.46677685
v 9.93346405 -4.53825188 -6.24203491
v 11.77722168 -4.93513870 -5.95305204
v 11.99187565 -5.52841139 -5.37729502
v 12.75799561 -6.33081722 -5.82552433
v 12.75433159 -5.83290195 -6.31741714
v 12.74845982 -5.52545023 -5.39255238
v 12.75799561 -6.91972351 -5.05353212
v 12.76371670 -7.22717524 -5.97839689
v 12.74745655 -6.44785595 -4.28239346
v 12.75332832 -7.34421396 -4.43526602
v 12.76371670 -8.03841496 -6.07671547
v 12.76371670 -7.44950819 -6.84870768
v 12.76371670 -8.93502331 -6.34737921
v 12.76371670 -8.71269035 -5.47701883
v 12.76371670 -9.62525940 -6.74898386
v 12.76371670 -8.95098305 -7.34868050
v 12.76371670 -10.40362549 -6.29026556
v 12.76371670 -10.41953468 -7.29156637
v 12.76386738 -10.36252117 -5.33599043
v 12.76386738 -11.15674686 -5.87862349
v 12.76386738 -10.09411621 -4.40941906
v 12.76386738 -10.01928520 -3.55306101
v 12.76386738 -11.04086304 -4.06798983
v 12.75433159 -11.88437271 -3.64575815
v 12.75382996 -11.88437271 -2.77328968
v 12.74439430 -12.80266285 -3.20736575
v 12.75433159 -11.95915318 -4.50211620
v 12.75332832 -12.00105953 -6.38662624
v 12.75332832 -11.95995617 -5.43235159
v 12.75202370 -11.97069645 -8.28910351
v 12.76371670 -11.16733646 -7.81106281
v 12.75202370 -12.00126076 -7.31093931
v 12.74022865 -12.80447006 -8.63941574
v 12.75202370 -11.97054577 -9.13953972
v 11.80577850 -12.81199837 -7.41171694
v 10.72377491 -12.81927490 -7.96142626
v 11.65832615 -12.81194782 -8.33868980
v 11.65832615 -12.81174660 -9.18912506
v 10.84583187 -12.81917477 -9.83042812
v 9.97095490 -12.81917477 -9.92448044
v 10.24041367 -12.81912422 -10.86655998
v 9.95469379 -12.81204796 -11.83077240
v 10.82957077 -12.81204796 -11.73672009
v 12.75714207 -8.87816048 -11.92843819
v 12.75724316 -8.05161381 -11.64572906
v 12.76361656 -8.58370781 -10.87614536
v 12.75433159 -6.54125547 -11.94826221
v 12.75433159 -7.31124020 -11.64904118
v 12.74173450 -6.03766918 -12.70559978
v 12.75117016 -5.71370554 -11.94921589
v 11.83970547 -6.53322554 -12.71282673
v 11.83639336 -5.70567513 -12.71372986
v 11.97501278 -7.46361113 -12.71277618
v 11.06977081 -7.13161755 -12.72090626
v 7.94225407 -5.87229967 -12.72848511
v 8.28518867 -6.75229645 -12.72120762
v 7.26848030 -6.69754124 -12.72848511
v 6.69874573 -7.27314758 -12.72908688
v 6.35581112 -6.39310074 -12.73636436
v 6.07726765 -6.68895912 -13.60431671
v 6.64695168 -6.11340284 -13.60371399
v 6.43109322 -6.26732969 -16.08761978
v 6.73643684 -5.98928785 -15.28491211
v 6.06311464 -6.68730307 -15.27452374
v 5.40976667 -7.22853041 -16.85399055
v 5.75064373 -6.91560793 -17.65735054
v 6.09864759 -6.65247250 -16.88043976
v 6.77196980 -5.95440722 -16.89097977
v 5.00720882 -7.46928215 -16.04395676
v 4.65920496 -7.73241806 -16.82086563
v 5.39350605 -7.23932076 -15.25419712
v 4.64294386 -7.74325895 -15.22102261
v 4.79912901 -7.67394924 -13.58454227
v 5.40765905 -7.24102736 -13.58414078
v 5.17754698 -7.40167904 -12.73746872
v 3.85830450 -8.16458702 -16.80801773
v 4.26086283 -7.92383528 -17.61795235
v 6.06868505 -6.67786741 -18.48861504
v 7.27666092 -5.33267784 -17.14171791
v 6.94416523 -5.71782064 -17.93478966
v 7.71610689 -4.64043474 -14.84210300
v 7.25523043 -5.36459732 -15.19281769
v 7.56534243 -4.84520149 -15.74734497
v 7.91500235 -4.17684793 -14.19809055
v 8.12534046 -3.84159184 -13.42308712
v 7.61628294 -4.82462454 -13.51272297
v 8.41547680 -3.24224663 -13.41912270
v 8.61146164 -2.57906199 -13.42092896
v 8.60277843 -2.62749338 -12.73149681
v 8.11670780 -3.89007354 -12.73365402
v 7.16574526 -5.48871231 -13.51171970
v 7.37603283 -5.15345669 -12.73661518
v 7.69743729 -4.68796253 -17.57017326
v 7.52524185 -4.92454910 -16.52641296
v 7.98616886 -4.20043612 -16.17564964
v 6.88720179 -5.78457069 -14.37987137
v 5.69884968 -6.96127939 -14.45149040
v 8.39279175 -5.20821190 -12.72933865
v 7.99670839 -8.48739624 -12.72110748
v 8.53823662 -7.66255665 -12.72110748
v 8.92358112 -8.57236481 -12.72100735
v 9.94390297 -8.65843773 -12.72100735
v 9.40237427 -9.48327732 -12.72100735
v 9.83785629 -10.36738968 -12.72100735
v 8.81753349 -10.28136730 -12.72100735
v 8.27239132 -11.08924389 -12.72095680
v 7.83690977 -10.20513153 -12.72095680
v 5.90507221 -11.97315502 -12.71091938
v 8.83304119 -11.98404598 -12.71207333
v 9.89843273 -11.98520088 -12.71096992
v 9.47850990 -12.80376720 -12.70203590
v 12.74379253 -10.60538101 -12.70324039
v 11.94580269 -11.25150204 -12.70971489
v 11.93867588 -10.50796604 -12.71463299
v 10.78169155 -10.36171818 -12.72105694
v 11.57968140 -9.71554756 -12.71458340
v 11.62264252 -12.80125809 -12.69832230
v 10.84226894 -11.97947884 -12.71101952
v 11.92101002 -11.97581577 -12.70841026
v 12.72612667 -12.07328033 -12.69701767
v 10.19685078 -11.15975857 -12.72105694
v 10.81396294 -8.81567669 -12.72095680
v 10.33516884 -7.90476370 -12.72095680
v 6.35104322 -11.07800198 -12.72090626
v 6.84579659 -11.90816212 -12.71091938
v 6.83209515 -10.06475544 -12.72095680
v 7.40644693 -12.80296421 -12.70208645
v 7.85241795 -11.90781021 -12.71202374
v 7.37718725 -9.25682926 -12.72100735
v 6.99189377 -8.34702110 -12.72115803
v 6.07922459 -8.04258060 -12.72898674
v 9.21206188 -6.83731461 -12.72110748
v 10.19976139 -6.97437811 -12.72095680
v 12.75117016 -4.88038349 -11.74695778
v 12.74785805 -7.60564327 -12.70138359
v 11.97802353 -8.20403481 -12.70946407
v 11.97094727 -8.96192455 -12.71453285
v 12.74379253 -9.10395622 -12.70308971
v 12.75011635 -9.63605022 -11.93350697
v 12.76361656 -9.36960125 -10.30249691
v 12.76371670 -8.54305553 -10.01978779
v 12.76371670 -9.48508453 -8.59821129
v 12.76371670 -10.38897038 -8.26973152
v 12.76371670 -10.23288536 -9.11770821
v 12.76371670 -8.43655586 -9.02470970
v 12.76371670 -8.59269142 -8.17673302
v 12.76371670 -7.90245533 -7.77517843
v 12.76361656 -10.20819283 -10.06565952
v 12.76361656 -10.24884510 -10.92201710
v 12.75011635 -10.47464180 -11.69666958
v 12.75724316 -11.21817684 -11.69170094
v 12.72421932 -12.79925060 -11.94916534
v 12.74911213 -12.07493687 -11.95042038
v 12.75533581 -11.94414711 -10.94384956
v 12.76361656 -11.11207962 -9.73717880
v 12.75192261 -11.94585323 -10.08749104
v 12.74379253 -12.80261326 -10.34626007
v 11.92773533 -12.81169701 -10.13120461
v 11.93119812 -12.80999088 -10.98756313
v 11.90831280 -12.80833435 -11.73410988
v 8.88930225 -12.81089401 -11.83187580
v 9.57296371 -12.81927490 -9.09176064
v 8.96754551 -12.81922531 -10.12789249
v 8.37763500 -12.81922531 -10.96708584
v 7.90140104 -12.81094360 -11.83840084
v 7.01759005 -12.81937599 -10.02430439
v 7.97964430 -12.81932545 -10.13436699
v 7.60750008 -12.81937599 -9.18511009
v 6.89478016 -12.81129551 -11.83729649
v 8.57467365 -12.81942558 -8.40995693
v 7.61261940 -12.81947613 -8.29984379
v 9.72553539 -12.81942558 -7.27957153
v 8.99364281 -12.81952572 -6.66416597
v 9.57808304 -12.81937599 -8.20654488
v 12.74163437 -12.80441952 -6.86466742
v 12.74379253 -12.80346584 -5.01006937
v 12.76371670 -9.34094429 -4.82106113
v 12.76371670 -8.44428539 -4.55039740
v 11.99558926 -6.02632666 -4.88540220
v 10.00739098 -6.34763050 -4.37207937
v 8.37733459 -6.59676361 -4.01740074
v 9.16172314 -6.40835762 -4.25343466
v 9.69170856 -6.89503098 -3.54784131
v 7.87264347 -6.96097803 -3.42779160
v 12.75739384 -8.23766136 -3.14513278
v 12.75332832 -7.97241735 -3.77930856
v 12.75739384 -8.35500050 -2.27903795
v 12.76371670 -9.18987846 -3.02834511
v 12.75508499 -8.51444817 -1.58057129
v 12.74886131 -7.56223059 -1.69740903
v 11.93295479 -7.56243134 -1.67547691
v 11.02520370 -7.57061195 -1.56059647
v 10.13798046 -7.62752533 -1.33038402
v 10.09517002 -7.73226738 -0.35864359
v 10.13506889 -7.72222996 0.50112736
v 10.17165661 -7.60935736 1.40897846
v 12.76386738 -10.22435379 0.87000936
v 12.76386738 -11.05852890 1.15833950
v 12.76386738 -10.18570900 1.71427226
v 12.76371670 -9.21873665 2.31507301
v 12.76386738 -10.05291176 2.60340309
v 12.75508499 -8.28569126 2.64395523
v 12.75508499 -8.41843796 1.75482416
v 12.75418091 -8.00323296 3.33444190
v 12.75292683 -12.09330559 5.70030499
v 12.75573730 -11.91047096 1.53836322
v 11.81215191 -12.81224918 3.68093991
v 12.75443268 -11.95127296 -1.00667131
v 12.74439430 -12.80266285 -1.44767344
v 12.75382996 -11.95122337 -1.89394534
v 11.79880238 -12.81104469 -2.72495866
v 11.88532639 -12.81099415 -1.72646797
v 11.79920387 -12.81104469 -3.59742713
v 10.92016029 -12.81942558 -4.03842926
v 11.86575317 -12.81104469 -4.52088690
v 9.86034012 -12.81952572 -3.52741480
v 9.06787109 -12.81957626 -2.97926140
v 8.10431099 -12.81164646 -3.16445518
v 8.07891655 -12.81957626 -6.58898449
v 7.47063732 -12.81952572 -7.37352371
v 4.73995733 -11.96346951 -6.06085587
v 5.08665609 -12.80441952 -5.75325346
v 4.57614374 -12.81280136 -7.44147825
v 5.41870022 -12.81285095 -6.75129271
v 5.51887560 -12.81952572 -7.91254282
v 4.16987181 -12.81942558 -9.68663979
v 5.66085720 -12.81947613 -8.83886337
v 5.06713295 -12.81942558 -9.67343998
v 6.05172157 -12.81937599 -9.90957451
v 6.50346422 -12.81952572 -8.14867783
v 6.42386580 -12.81932545 -10.85888100
v 5.47069502 -8.47555256 -12.72948933
v 4.57790041 -8.72368145 -12.72948933
v 3.87647247 -9.04940224 -12.72858524
v 3.86758924 -8.16027069 -12.73686695
v 4.01915693 -8.09372139 -13.58730221
v 4.24926901 -7.93306971 -14.43397427
v 3.86297202 -8.16303158 -15.22383308
v 3.34186983 -8.33989429 -16.02006721
v 2.94814467 -8.52975559 -15.23311806
v 2.94352746 -8.53136158 -16.81730270
v 2.62006569 -8.61206341 -17.61604500
v 2.97047830 -8.52378273 -18.41303062
v 3.23762918 -9.67745495 -12.72858524
v 2.60952616 -9.87087917 -12.72692966
v 2.40480924 -10.89060020 -12.72115803
v 1.70523834 -9.89256096 -12.72692966
v 2.04716945 -11.85611725 -12.71217442
v 1.09229207 -11.85616684 -12.71282673
v -0.80245626 -11.88472366 -12.71297741
v 0.16436577 -11.88532639 -12.71282673
v 0.57259512 -10.94144058 -12.72125816
v -1.27658248 -10.86465263 -12.72125816
v 0.97430003 -9.98259830 -12.72808361
v 1.17901695 -8.96287823 -12.73365402
v -3.15311265 -8.44042015 -13.55769157
v -2.28430772 -8.71876335 -13.52848244
v -2.65083098 -8.54902744 -14.35241890
v -1.43382156 -8.89693069 -16.78653717
v -0.51804078 -9.00172329 -16.77002525
v 0.34629735 -9.02405739 -16.76686478
v -1.86087143 -8.78842449 -22.39514923
v -3.96189260 -8.05266762 -18.35927963
v -3.18583512 -8.40162563 -18.36550331
v -4.34708548 -7.81136417 -17.56028748
v -4.69684601 -7.63500309 -18.36981964
v -4.99195147 -7.43400002 -12.73581219
v -7.88243008 -5.94371700 -12.72858524
v -8.32689571 -5.30577707 -12.72823429
v -7.26280880 -5.16223955 -12.73531055
v -5.47210026 -11.92462349 -12.71378040
v -6.49653816 -11.92552662 -12.71297741
v -7.48353577 -11.87428474 -12.71292686
v -7.80915546 -9.18681717 -12.72115803
v -5.80549908 -9.24759483 -12.72115803
v -5.26964188 -8.20102406 -12.72743130
v -8.37191391 -8.43846321 -12.72130775
v -7.33824158 -6.68700171 -12.72873592
v -9.03289032 -7.68197918 -12.72130775
v -9.57712936 -6.93869448 -12.72130775
v -8.40232754 -6.83053923 -12.72145844
v -9.95589828 -6.12906170 -12.72130775
v -10.55569553 -5.37217617 -12.72125816
v -9.54631329 -5.33041954 -12.72135830
v -11.79217720 -5.68268919 -12.71207333
v -8.92669201 -4.54894161 -12.72808361
v -9.22962761 -3.90598321 -12.72733116
v -12.64085674 -5.42321730 -10.82098866
v -12.64090729 -2.88239837 -10.12959862
v -12.64090729 -2.27572560 -10.99870491
v -12.64090729 -1.11608124 -10.13657475
v -12.64090729 -2.05901384 -10.08784199
v -11.66209030 -0.93108815 -12.71347904
v -11.66163826 -1.74774766 -12.71398067
v -11.61611748 -2.58739328 -12.71398067
v -10.65928364 -2.17670465 -12.72140884
v -9.70094299 -1.57720876 -12.72833443
v -9.65547276 -2.41685438 -12.72833443
v -9.46345329 -3.12736607 -12.72743130
v -8.77196312 -1.02353454 -12.73546124
v -7.16905785 -5.29624128 -13.56421566
v -6.41980076 -6.17106867 -15.97088242
v -6.66747856 -5.93342876 -16.79647446
v -7.25021172 -5.19139862 -16.80786705
v -6.91204500 -5.57639122 -17.61172867
v -7.71936941 -4.43345928 -16.81705284
v -7.47480297 -4.79049683 -16.00174713
v -8.12564087 -3.59812975 -16.78322601
v -7.90099955 -3.99903178 -17.58939552
v -8.26516438 -3.14658809 -15.98473454
v -8.43384552 -2.74904895 -15.18001938
v -8.67941570 -1.79442251 -15.16626740
v -8.80699348 -0.89093775 -15.17008209
v -8.80674267 -0.40933350 -14.38950825
v -8.84112167 0.02800492 -15.18574047
v -8.80970383 -0.77901846 -13.55478096
v -8.71384525 -1.35713422 -15.96250057
v -8.80925274 -0.85043603 -16.75366402
v -8.45336914 -2.68977690 -18.35089874
v -8.68824863 -1.73153687 -18.34352112
v -8.72107220 -1.32345808 -19.15310287
v -8.81171131 -0.82388657 -19.95084190
v -8.80523777 -0.33385071 -20.76880646
v -8.83620358 0.05892074 -19.97789383
v -8.83846188 0.01435377 -21.61266899
v -8.80277824 0.31884450 -22.45893860
v -8.79399490 0.85344732 -21.64212799
v -8.22421074 -3.36932254 -21.59956932
v -8.29753494 -3.06819439 -19.16570091
v -8.15138817 -3.54217005 -18.37022018
v -7.74516582 -4.37749958 -18.40399742
v -7.26305962 -5.17323065 -18.42572975
v -7.51344776 -4.71631908 -19.20670509
v -7.28449011 -5.13980532 -20.01779366
v -7.59083796 -4.64565420 -23.29983902
v -7.38441467 -4.93518877 -24.13531876
v -6.69528294 -5.90266323 -20.02517128
v -6.40981340 -6.23264933 -21.65251732
v -5.84038019 -6.75455475 -21.65658188
v -7.11254597 -3.86804104 -24.14420128
v -7.41297150 -3.15256047 -24.14395142
v -2.89584875 -1.39176404 -24.15439034
v -3.40606022 -0.73706126 -24.15439034
v -2.46598840 -0.64652210 -24.15439034
v -2.02167392 0.12190671 -24.15439034
v -1.51146245 -0.53279603 -24.15439034
v -0.58318478 -0.48175481 -24.15439034
v -0.13003716 0.33003643 -24.15439034
v -2.76776886 2.20631552 -24.15439034
v -2.53002834 3.08023953 -24.15439034
v -3.12992573 3.76234508 -24.15439034
v -3.84666085 3.45549536 -24.15439034
v -4.19958305 2.73449421 -24.15439034
v -4.72751093 3.34146833 -24.15439034
v -5.48951530 3.45032597 -24.15423965
v -3.66984844 2.06769633 -24.15439034
v -7.07495499 -1.14985776 -24.15423965
v -7.85542917 -0.78062445 -24.14485550
v -6.36981344 0.37369999 -24.15423965
v -8.79660511 -0.39467859 -24.13546944
v -8.83514977 -0.05545776 -23.28242302
v -8.79068279 0.78363574 -23.31178284
v -8.65256500 1.64872670 -23.31037903
v -8.68493652 1.27437425 -24.13391304
v -7.95846510 1.65083456 -24.14319801
v -7.76122618 4.10312176 -23.30355263
v -7.38511705 4.75702143 -23.30199623
v -5.79977798 6.51751661 -24.13572121
v -5.04203892 7.16428995 -23.29818344
v -5.56128454 6.72644949 -22.50440979
v -5.78667879 6.55134344 -23.33858490
v -6.01643944 6.38446856 -21.73944283
v -6.32103062 6.04228640 -20.92047501
v -6.60133076 5.77884960 -20.08374023
v -6.86898327 5.39822340 -19.25383186
v -8.14315701 3.30724001 -23.30515862
v -8.42360783 2.54528546 -23.30365372
v -8.63535118 1.72581542 -21.67766190
v -8.52935410 2.05454707 -22.48167419
v -8.77216339 0.97961998 -18.39476204
v -8.77708149 0.49460295 -19.18903923
v -8.76729488 0.52049994 -15.97494698
v -8.83710670 0.04265982 -16.76877213
v -8.79073334 0.55472821 -12.73521042
v -8.78777218 0.92441314 -13.56988716
v -8.84383202 0.13992420 -13.57043934
v -9.69366550 0.84531683 -12.72798347
v -9.25391865 2.02819824 -12.72798347
v -10.87072563 1.12426186 -12.72130775
v -9.91173267 1.61816216 -12.72798347
v -11.85671902 1.50513875 -12.71202374
v -11.85742188 2.38563728 -12.71222401
v -11.86625481 3.34181952 -12.71217442
v -11.90550232 5.17895222 -12.71157169
v -11.14485264 4.71692133 -12.72115803
v -11.86705780 4.27160263 -12.71162224
v -9.63775635 5.47812271 -12.72120762
v -9.03735733 6.25392914 -12.72115803
v -10.31429100 5.10888958 -12.72120762
v -10.50681210 5.99355364 -12.72105694
v -8.40202713 8.57622910 -12.72095680
v -9.35640240 8.58752155 -12.72095680
v -8.79866314 9.32322788 -12.72090626
v -9.94957447 7.75505304 -12.72095680
v -10.38485527 7.01623535 -12.72100735
v -9.39504719 7.10165501 -12.72105694
v -11.06138992 6.64695168 -12.72100735
v -11.78213978 7.14361238 -12.71212387
v -11.90409660 6.12098122 -12.71217442
v -8.60207653 6.99274731 -12.72115803
v -8.04739857 7.73312092 -12.72115803
v -7.08900785 5.15847540 -12.73877335
v -6.03952599 6.36409187 -15.19081020
v -6.35340214 6.00871038 -17.64374924
v -6.60855770 5.76926374 -18.43943024
v -2.80771875 8.30571556 -20.04800606
v -1.91336811 8.56237793 -20.04394150
v -1.09515285 8.71464825 -18.45268059
v -0.20883235 8.78099632 -18.42331886
v 0.17455393 8.73999310 -17.63205528
v -2.08977890 8.51876450 -16.90543365
v -1.65786088 8.57733345 -17.65479088
v -3.03988838 8.21959305 -16.86503220
v -2.33218718 8.47274208 -13.62529469
v -2.93293786 8.27429867 -13.62810516
v -2.61519742 8.36298084 -12.73812103
v -3.41243410 8.03796291 -17.68093872
v -3.87948394 7.85854053 -16.88154411
v -3.74412680 7.91861582 -18.48289299
v -4.58748627 7.47264481 -18.50893974
v -5.39656734 6.90767860 -15.19894028
v -4.89835072 7.24338627 -13.56040192
v -5.02417231 7.17758942 -12.73596287
v -5.01754761 7.14110279 -14.38303375
v -5.75847292 7.90305758 -12.72848511
v -6.54923582 8.31374645 -12.72120762
v -6.90386438 9.15685463 -12.72105694
v -7.48970890 8.46882725 -12.72110748
v -8.30837631 10.10254765 -12.72095680
v -7.81437540 10.85376167 -12.72090626
v -7.35033655 10.06314945 -12.72090626
v -8.60287952 11.73084736 -12.71197319
v -7.64484024 11.69145012 -12.71192265
v -7.75158978 12.56818485 -12.70319080
v -8.65497398 12.58514786 -10.97571850
v -8.13833904 12.57691765 -11.83016968
v -8.95002937 12.57686710 -11.84853840
v -9.66796970 12.57626438 -11.84909058
v -9.15128326 12.56803417 -12.70354176
v -9.32081890 11.73029518 -12.71252537
v -9.72282505 10.93240643 -12.72095680
v -10.27117920 11.76959324 -12.71252537
v -10.99398708 11.76914120 -12.71292686
v -10.59198093 12.56702995 -12.70449543
v -9.26270103 10.11384010 -12.72095680
v -12.62590122 7.49287081 -12.70364189
v -12.62625217 5.67561293 -12.70268822
v -12.62690449 3.80385041 -12.70263863
v -12.64090729 1.16652012 -10.94947052
v -12.64090729 1.56149983 -10.10525799
v -12.63352966 3.31481838 -11.89621735
v -12.63282681 6.16384172 -11.87584114
v -12.63282681 7.04112816 -11.81802464
v -12.63393116 7.91640759 -11.81837559
v -12.64095688 7.01277208 -8.25828838
v -12.64090729 7.87319565 -8.36835098
v -12.64095688 5.43726969 -8.55078411
v -10.91750050 2.32857370 -7.19861841
v -10.10716438 2.68927503 -7.11821699
v -12.62680435 3.66814208 -6.61864567
v -12.64095688 6.18391705 -8.06737328
v -9.31559944 4.45217943 -6.09267521
v -6.87912130 5.89453268 -4.69117451
v -7.19831705 6.33980083 -4.11918163
v -10.98635864 6.23410511 -4.16665983
v -11.81441021 6.09684086 -4.43642044
v -11.79804897 6.57437992 -3.69178057
v -11.79779816 6.90572119 -2.99843311
v -10.93591976 6.99600935 -2.63793254
v -11.76362038 7.19008636 -2.21429539
v -11.76241589 7.36845446 -1.45771110
v -12.62429523 7.27816629 -1.81816149
v -6.71244717 6.67606068 -3.48209500
v -7.26958418 7.22456551 -2.07662964
v -8.27675724 7.22541857 -2.05279040
v -8.35098553 7.43023634 -1.29444945
v -9.14987850 7.22230721 -2.00977921
v -9.98872089 7.14893246 -2.31095767
v -10.06289864 7.35374975 -1.55261660
v -10.89847946 7.38903189 -1.02820194
v -7.53352308 7.48945808 -0.48873094
v -7.56544256 10.00990009 -0.24461642
v -7.46496630 10.81717491 -0.81916887
v -7.57297087 8.39329433 -0.19041336
v -7.52288342 9.13662910 0.20366299
v -7.57517910 11.67127419 -0.21781601
v -7.46602011 11.70971870 -1.28867781
v -7.32433939 11.71177578 -2.05986691
v -7.43455219 12.56592655 -1.45851409
v -7.56167841 12.56396866 0.09761570
v -7.56057453 11.67142487 0.56707442
v -7.42857981 11.63147545 1.44902849
v -7.25327301 11.63102341 2.21243858
v -7.37176704 12.56361771 1.64586592
v -8.11791229 12.57470894 1.38574147
v -7.94260550 12.57425690 2.14915133
v -8.40293026 12.57475948 0.40421432
v -8.97371864 12.58539867 0.90744960
v -8.41748428 12.57465839 -0.38067615
v -8.36925411 12.57465839 -1.21520257
v -9.21055603 12.58544922 -0.90860391
v -7.06486750 11.70781136 -2.66247439
v -7.05759001 10.62234497 -2.67627621
v -6.76660013 11.47453785 -3.44871998
v -6.97809219 9.65948772 -2.94076705
v -7.12905788 7.97291899 -2.61740565
v -6.77638674 7.63244343 -3.38628626
v -6.84419060 8.58952904 -3.18789291
v -5.91546106 10.24041367 -4.77649450
v -6.37593651 10.73526764 -4.07396221
v -4.61784983 12.56848526 -6.03997755
v -4.93072224 12.57626438 -7.01969814
v -5.45468521 12.57767010 -6.61061573
v -4.07732487 12.57626438 -7.31314754
v -3.15351415 12.58549976 -8.56548882
v -2.48209882 12.57691765 -8.06506443
v -3.38934755 12.57691765 -7.67675972
v -1.95522487 12.56883717 -7.38070059
v -1.71939147 12.57741928 -8.26947975
v -3.40590978 12.56768227 -6.81267262
v -6.38321352 11.82078457 -4.06021070
v -6.02196026 11.82781124 -4.65940571
v -6.41267395 12.56708050 -4.03421354
v -5.59661674 12.57199860 -5.13217688
v -5.56715631 11.82570267 -5.15812397
v -5.42186213 10.94254398 -5.27656794
v -4.99651861 11.68673229 -5.74928856
v -5.34477329 10.10144329 -5.36770916
v -4.47255564 11.68532753 -6.15842152
v -3.75928354 11.70454884 -6.62798071
v -3.07130623 11.70515156 -6.99154282
v -3.66186857 9.18209934 -6.64128065
v -3.15155673 10.03589821 -6.94617271
v -3.32937288 8.47424698 -6.85061455
v -1.62920356 10.04779243 -7.46280813
v -2.42960215 10.05863285 -7.22411394
v -2.70277548 10.86480331 -7.08474159
v -2.34940171 11.72793674 -7.26948404
v 3.54969835 12.57576275 -7.66079998
v 2.75441885 12.56542397 -7.14230728
v 1.12180269 12.57792091 -8.23916626
v 1.39091086 12.58544922 -9.29918766
v 1.96370673 12.58539867 -9.86199665
v 0.64235646 12.57330418 -11.93501282
v 1.58042073 12.57325363 -11.94118595
v 2.47236228 12.58534908 -10.54636002
v 1.94583976 12.56497288 -12.70590019
v 3.45534492 12.56823444 -12.70534801
v 1.50850129 11.54936790 -12.71438217
v 3.80369997 11.86008167 -12.71378040
v 4.30452633 10.17396545 -12.72115803
v 4.21092558 10.94826603 -12.72105694
v 4.64906693 11.65591717 -12.71372986
v 5.15064621 9.83991337 -12.72110748
v 4.31079960 7.70431280 -13.61666203
v 4.03842926 7.82411146 -14.44401169
v 3.64605927 8.03987026 -13.56672573
v 2.82468224 8.34988117 -13.56506920
v 2.67165899 8.38009453 -14.40295792
v 3.09705257 8.23008251 -12.73771954
v -0.29309803 8.76443481 -14.44160271
v -0.39452803 8.76975441 -15.28697014
v 0.96406168 10.62184334 -12.72125816
v 0.67839146 11.63373375 -12.71438217
v -0.00893347 11.63443661 -12.71493435
v 0.53545600 12.56191063 -12.70805836
v -3.19291162 9.40533543 -12.73114491
v -3.71165514 10.00277328 -12.72120762
v -0.78855419 12.56437016 -12.70524788
v -0.84657156 11.58354568 -12.71488380
v -0.04496847 12.57400608 -11.93556499
v -0.87553000 12.57741928 -8.42144966
v -2.20295310 12.57566261 -11.98299217
v -5.95797062 12.57606411 -11.84562778
v -5.47079563 12.58529854 -11.04608250
v -5.77789593 12.58534908 -10.19258499
v -6.60258532 12.58529854 -10.13195801
v -6.11400509 12.58534908 -9.33793259
v -7.45658493 12.57651615 -11.83037090
v -7.05487967 12.58524895 -10.97200489
v -6.66818142 12.57656574 -11.84497547
v -7.39098930 12.58524895 -10.11735249
v -8.28789902 12.58524895 -10.16427898
v -6.35310078 12.58534908 -8.43379593
v -6.73257256 12.58534908 -7.68639565
v -6.32354021 12.58529854 -6.91967344
v -6.01071835 12.57746887 -5.93995285
v -7.28860569 12.58519840 -7.01578331
v -7.83184052 12.58519840 -6.28198433
v -8.24087334 12.58529854 -7.04870701
v -8.31590366 12.58529854 -5.56148529
v -7.31078863 12.57265091 -4.12154055
v -9.19966507 12.58529854 -5.53312874
v -8.73146057 12.58529854 -4.77965593
v -8.30185127 12.58529854 -4.05825377
v -9.18566227 12.58529854 -4.02984715
v -10.15449238 12.58529854 -3.87762690
v -10.94093800 12.58529854 -3.81017423
v -9.74721622 12.58529854 -6.29779339
v -10.11845684 12.58529854 -7.06336164
v -9.15539932 12.58529854 -7.08052588
v -8.61211395 12.58529854 -7.81427479
v -9.67263699 12.58524895 -9.40623856
v -9.12960243 12.58524895 -8.60865116
v -9.09959030 12.58519840 -10.18264771
v -10.03976250 12.58514786 -10.21767902
v -10.48297310 12.57636547 -11.85616684
v -10.28171825 12.58519840 -11.00116444
v -12.03046989 10.08101654 -12.71177292
v -11.64914131 10.84653473 -12.71177292
v -11.96999359 11.64402199 -12.70379257
v -12.62183571 11.62966824 -12.69812107
v -12.64080620 8.67324257 -10.31850624
v -12.64075661 8.37974358 -11.14364815
v -12.64075661 9.46104431 -10.51539421
v -12.64085674 8.83941555 -9.47936249
v -12.64075661 10.31770325 -10.22560883
v -12.64070606 10.15148067 -11.06475258
v -12.63026714 11.78911591 -10.20618534
v -12.64085674 11.01004696 -9.74114323
v -12.64090729 10.31961060 -9.19178581
v -12.64085674 9.50917435 -8.75786018
v -12.64095688 10.20151806 -8.27339458
v -12.64090729 8.72132301 -8.56097221
v -12.64095688 10.77752590 -5.84048033
v -12.64095688 10.00187016 -6.37126875
v -12.63453293 11.61802483 -5.02256632
v -12.64090729 10.13617325 -7.30436468
v -12.64095688 10.94660950 -7.73829031
v -12.62660313 12.56306553 -4.35882950
v -11.90665627 12.57450867 -4.10026073
v -11.65943050 12.57460880 -3.29409075
v -12.64105797 8.82747078 -3.19271088
v -12.64100742 9.82801914 -2.75241137
v -12.63327885 8.05317020 -2.43421936
v -12.63207436 8.23158836 -1.67763495
v -12.64100742 10.73571968 -2.31958985
v -12.63197327 11.69421005 -1.76094711
v -12.63197327 11.60793686 -2.65248704
v -12.62404346 12.56512356 -2.83903599
v -11.65832615 12.57591343 -2.54894924
v -10.79996014 12.58534908 -2.16511130
v -10.03424168 12.58539867 -1.53464925
v -10.08247185 12.58539867 -0.70017308
v -10.20493126 12.58534908 0.11051402
v -9.64608765 12.58539867 0.62935776
v -10.59228230 12.58529854 0.81399953
v -12.63403130 11.69355774 -0.94559252
v -12.64095688 10.84442711 -0.50755143
v -11.88984299 12.57445812 0.79427564
v -11.22525311 12.58524895 1.25545335
v -10.66640949 12.58524895 1.77429712
v -12.64090729 10.81847954 1.31532764
v -12.62424469 7.37954617 1.25490129
v -12.63312817 8.19304371 1.70433497
v -9.30189800 6.92263460 2.88044119
v -10.29070282 6.76373911 3.28299928
v -10.02309990 7.08740187 2.51733065
v -10.98896790 6.48484421 3.70477939
v -10.26776600 6.32007694 4.06788969
v -11.79644299 6.35606194 4.02146578
v -9.98656273 5.86115789 4.72500134
v -9.28824711 6.14005280 4.30322123
v -8.77251434 6.54190826 3.74673653
v -8.49126148 6.08298874 4.40384817
v -8.50491238 6.86557055 2.98106813
v -6.80248451 9.97657585 3.32254744
v -6.52459335 9.34084415 3.76605892
v -6.14843416 8.83841133 4.43391085
v -6.98973608 10.82776451 2.80786920
v -6.93297338 11.75990677 3.00470662
v -8.49241543 12.58529854 2.77991438
v -9.36106968 12.58534908 1.61093509
v -10.57255840 12.58524895 2.65228629
v -9.93958664 12.58529854 2.21083260
v -9.26721764 12.58529854 2.48892426
v -8.03826427 12.58524895 4.48194075
v -8.66561413 12.58529854 5.05584097
v -10.32859421 12.58529854 5.27174950
v -9.54661465 12.58529854 5.62863684
v -12.64095688 8.99299049 2.27356744
v -12.64090729 9.81215954 2.69855976
v -12.64090729 9.95082951 1.79271615
v -12.63388062 7.23023701 4.22076225
v -12.64095688 8.32192707 4.03386211
v -12.63383007 7.76263142 3.36631131
v -12.63312817 8.05437469 2.61017847
v -12.63458347 11.71087265 4.38919353
v -12.63458347 11.72648144 5.34030676
v -12.63433266 11.72673225 6.21237373
v -12.64085674 10.81366158 6.68213367
v -12.64085674 9.81421757 7.11922073
v -12.64085674 9.02586365 7.67635822
v -12.64085674 8.25201511 8.28990650
v -12.64085674 7.51003504 8.75911427
v -12.64090729 6.59811878 8.61753368
v -12.64090729 6.35781860 7.75319624
v -12.64095688 8.61301708 4.90924168
v -12.64095688 6.09734249 6.95876980
v -12.62585068 6.23445654 4.20962048
v -12.62730598 3.03120589 6.93874502
v -11.76793671 3.06207156 6.91390181
v -10.92482758 2.94563532 6.94546986
v -11.76783657 3.66598392 6.63555908
v -10.09923458 3.38046432 6.76283598
v -9.24257565 3.78357458 6.48956203
v -11.76638031 4.24254417 6.24067974
v -9.90796852 5.33860016 5.30964184
v -9.10109615 5.09207678 5.51230097
v -8.12669563 5.39064503 5.26537561
v -8.51665592 3.44831848 6.72404051
v -7.54240656 3.14543390 6.86637354
v -6.68328762 3.10739136 6.88745260
v -6.03751850 2.64621353 7.00002432
v -5.39059496 3.16294956 6.86803007
v -7.61091280 5.79250050 4.70894146
v -6.43626213 6.39550972 3.96977210
v -7.03023767 6.25252390 4.20113897
v -5.14783525 8.19224072 5.57458401
v -5.61804724 8.56553936 5.01990604
v -4.52113771 8.53452301 6.05919981
v -4.61604309 7.58732462 5.97478342
v -4.14051151 6.98260927 6.35460663
v -3.57474208 4.48399830 6.68203306
v -1.35432374 7.58059931 7.41688633
v -0.54298419 9.16734409 7.56950808
v -0.07824312 8.28719616 7.60865450
v -0.94313329 8.34927940 7.53768873
v -1.01169014 10.01893425 7.53989697
v -0.14679997 9.95680141 7.61086273
v -1.81911504 8.46074677 7.37768936
v -2.68435645 8.48584080 7.09287214
v -2.27311587 9.25452042 7.21367502
v -3.53333712 7.21101475 6.71661282
v -3.10980034 7.81081200 6.85814285
v -3.56385136 8.60463619 6.69412851
v -4.09564352 9.20950222 6.29392910
v -2.77785683 10.06912231 7.06863165
v -1.91261530 10.04402828 7.35349846
v -3.61539435 9.99966240 6.66592264
v -3.25484371 10.78916931 6.80574656
v -4.23170328 12.56582546 6.28354025
v -3.87953401 11.64161301 6.53212166
v -3.04204655 11.71102333 6.93488026
v -2.46498466 11.71348286 7.18521833
v -4.57263041 9.92954922 6.03104448
v -5.33232641 12.56753254 5.36801052
v -5.62396908 12.57671642 6.17975140
v -4.98883963 12.57676697 6.79360104
v -4.42387342 12.57440758 7.17131615
v -1.51643109 10.83348560 7.39485359
v -1.92641699 12.56808376 7.33814096
v -1.87878859 11.71318150 7.36137819
v -0.97490233 12.57651615 8.42616749
v -1.78649282 12.57646561 8.37397194
v -2.37268877 12.57681656 8.19781208
v -3.06774282 12.58524895 9.54044151
v -2.98688984 12.58524895 8.79259014
v -3.41434121 12.58529854 10.47408962
v -0.09580893 12.58524895 10.19097900
v 0.71282047 12.58529854 10.19489384
v 1.57725894 12.58524895 10.11559677
v 1.28250468 12.58524895 10.96462727
v 2.33820963 12.58524895 9.89276123
v 1.74252808 12.57370567 11.77717113
v 0.87808961 12.57370567 11.85651875
v -2.97835779 12.56125832 12.67076874
v -4.35275698 12.58529854 10.54048824
v -5.18537617 12.58529854 10.38053894
v -6.06321478 12.58529854 10.36066437
v -7.59475231 10.64422703 12.68336582
v -7.11871910 11.56974411 12.67744350
v -6.74923468 9.57662678 12.68336582
v -7.66305828 9.64192200 12.68346691
v -7.86923075 8.74486160 12.68341637
v -5.90296459 8.92393208 12.68351650
v -5.83470869 9.92628670 12.68341637
v -4.91817522 10.17792988 12.68346691
v -4.32685995 11.82259178 12.67694187
v -4.01519203 10.71750164 12.68341637
v -3.49409008 11.45782471 12.67704201
v -4.08540535 9.81321335 12.68351650
v -3.31080341 9.21763229 12.69049263
v -4.21383619 8.67801094 12.69049263
v -4.94673204 8.28333187 12.69380474
v -5.86125803 7.93367195 12.69365501
v -5.47345543 6.85242128 12.69962692
v -5.97563648 6.45573521 13.48617363
v -6.68213367 5.65674210 17.61719894
v -7.22998571 5.00078440 17.73328400
v -6.69513226 5.64409447 16.46247292
v -7.68800163 4.19852924 17.77659607
v -6.63315010 5.73147202 15.31552696
v -8.43991852 4.82256699 12.69531059
v -7.39846706 4.73589230 12.70369244
v -8.03239155 5.44690609 12.69199848
v -9.02952766 4.02226877 12.69546127
v -8.10114956 3.43235874 12.70037937
v -9.32468319 3.34312439 12.68883610
v -7.42436409 4.68811321 13.62273502
v -7.80463886 4.09293365 13.92481709
v -8.08910465 3.44018817 13.46599770
v -8.08780003 3.42161846 14.68381023
v -8.47063351 2.43125820 15.01941776
v -8.18621826 3.08400369 15.47828674
v -8.32589149 2.78955054 16.36646461
v -8.68900204 1.46518910 15.16400909
v -8.82511139 0.55372441 15.54609108
v -8.82004261 -0.01611036 14.62614441
v -8.83620358 -0.29917079 15.65816021
v -8.84358120 -0.56366163 13.72020054
v -8.75560093 -1.34830117 15.61991692
v -8.76072025 -0.77841622 16.53971291
v -8.45397091 -2.69564867 19.23034286
v -7.88453817 -4.11737490 17.42904472
v -7.99078608 -3.84219408 18.35129929
v -7.85151434 -4.18517923 19.36560059
v -8.18591690 -3.45343781 19.30642891
v -8.31469917 -3.03858352 20.24464226
v -8.18958092 -3.44360089 21.24539185
v -8.45758533 -2.68581200 21.16930771
v -8.54375744 -2.24611473 22.16393280
v -8.66892624 -1.84109735 21.16323471
v -8.79530048 -1.05434990 21.23640823
v -8.84137249 -0.24471679 21.34079933
v -8.81913948 0.57013589 21.55715942
v -8.40589142 -2.84415507 23.13165855
v -8.61718273 -1.99944055 23.12558556
v -8.17327023 -3.36796761 24.09291077
v -8.09984493 -3.61469173 23.13125801
v -7.16694975 -3.81740117 24.10460472
v -5.08876419 -1.79637980 24.11680031
v -4.20505333 -2.22829795 24.11680031
v -4.35406160 -1.28029644 24.11680031
v -3.62051368 -0.69550562 24.11680031
v -4.50417423 -0.26358747 24.11680031
v -4.59923029 0.69926971 24.11680031
v -4.88424778 1.78473616 24.11680031
v -5.74592590 2.16646624 24.11664963
v -5.12359476 5.83837223 24.10776520
v -2.63963890 5.25538826 24.11680031
v -1.86062050 5.66607714 24.11680031
v -2.39928842 4.23652124 24.11680031
v -0.87171572 5.13172531 24.11689949
v -2.16470981 3.26282358 24.11680031
v 1.84706974 1.61369538 24.11680031
v -1.02880418 -2.99185848 24.11689949
v -0.27106550 -2.28817225 24.11689949
v 0.62835401 -2.54282618 24.11689949
v -1.30654478 -5.95275116 24.11680031
v -0.36692461 -6.12705374 24.11680031
v 0.00521955 -7.08298540 24.11664963
v -0.22052616 -8.02330780 24.10927200
v -1.13901711 -7.94973230 24.10866928
v -0.51834190 -8.95936489 24.10129166
v 0.62589478 -8.09256744 24.10927200
v -1.67346942 -6.89668703 24.11664963
v -5.63240099 -6.94712639 23.20342827
v -4.97062159 -7.44147825 23.20443153
v -5.27235174 -7.18306017 24.09888268
v -6.28303814 -6.33824492 23.20498276
v -5.98130798 -6.59661293 22.31053352
v -6.48665094 -6.08138275 24.09707642
v -6.83560848 -5.73086977 23.20433044
v -6.61041498 -5.95892429 20.45568466
v -6.34346485 -6.29267454 21.42491531
v -6.89889574 -5.65403175 21.34270668
v -5.69282722 -6.90150547 21.42335892
v -4.99732161 -7.43841696 21.50135040
v -5.35947847 -7.13442802 20.61573410
v -4.27431297 -7.88805103 21.52880478
v -4.60766172 -7.65512848 22.33647919
v -4.90291786 -6.24981403 24.10726357
v -4.55104971 -5.28861284 24.11664963
v -5.58221292 -5.72755718 24.10726357
v -2.13881278 -5.83571243 24.11680031
v -2.82177138 -5.35134792 24.11680031
v -2.58879852 -4.38156462 24.11680031
v -3.63873196 -4.84113646 24.11680031
v -1.82036972 -3.78317308 24.11680031
v -2.63733029 -3.27291131 24.11689949
v -3.43808007 -2.79175878 24.11680031
v -4.17273235 -3.30784225 24.11680031
v -5.08505011 -3.75536895 24.11680031
v -4.31807709 -4.31882954 24.11680031
v -7.45322227 -4.80625582 24.09441566
v -7.74637032 -4.38563013 23.14094353
v -7.33231926 -5.05338144 23.14295197
v -7.97894192 -3.86181760 22.17984390
v -7.12870646 -5.31029415 22.25070763
v -7.41111469 -4.94713354 19.39204979
v -6.93864441 -5.61222506 19.54170990
v -6.28870964 -6.33598661 18.08314514
v -6.51706505 -6.04625130 17.05890846
v -5.55139732 -7.02366304 18.21830177
v -4.95039558 -7.47545528 19.83691597
v -4.17589426 -7.93447495 19.93448067
v -3.30116725 -8.35750961 19.94371605
v -3.78924584 -8.09432411 20.70285988
v -3.39953589 -8.31103611 21.53808784
v -2.83451915 -8.54089737 16.76530838
v -3.63451600 -8.20007038 16.68380356
v -3.96505451 -8.00097466 15.90383053
v -7.38486624 -4.94592905 14.60441303
v -6.18783188 -6.46120596 13.48160648
v -5.92073107 -6.68910980 12.69887447
v -5.54427052 -7.04705048 13.48185730
v -4.05704927 -8.02526569 13.52341270
v -4.73488855 -7.60955811 13.52431679
v -4.59933043 -7.69066191 12.69822216
v -5.00198889 -7.38165426 14.30694866
v -4.52123785 -7.74642086 15.12742233
v -3.63642335 -8.19866467 15.12576580
v -3.29951096 -8.31264210 14.32852936
v -2.74332738 -8.56719589 15.10503864
v -1.89765930 -8.80031872 15.13630581
v -2.23457146 -8.68639183 15.93354225
v -1.46343255 -8.83745766 14.35889339
v 0.85485256 -8.98671722 13.55146790
v 1.61981833 -8.89316654 13.55121708
v 2.44260073 -8.70581532 13.55302429
v 5.16730833 -7.36203051 19.16530037
v 5.26658010 -7.30541849 18.32133865
v 4.58000803 -7.73236799 20.79836845
v 4.91074705 -7.56634617 20.00087929
v 2.23969054 -8.76528740 20.18291092
v 2.65715456 -8.63494968 18.55124855
v 1.67301762 -8.85713196 18.56535149
v 1.31166387 -8.89211273 19.31174850
v 1.43101108 -8.88950253 20.12895966
v 1.35688329 -8.90952778 20.97292137
v -0.92034793 -8.94315434 23.32588577
v -0.00190714 -9.01672935 23.32653809
v 0.90428776 -8.97246361 23.33416748
v 1.81489921 -8.82726955 23.33351517
v 1.31071031 -8.88779640 24.10129166
v 0.71999735 -3.46944761 24.11689949
v 1.53705835 -2.70297623 24.11689949
v 2.34448314 -2.02553844 24.11689949
v 2.72912431 -4.79993200 24.11689949
v 2.95356512 -5.74356747 24.11680031
v 3.70533133 -5.12364483 24.11680031
v 2.69705415 -8.60333061 23.32498360
v 3.59868193 -8.27379608 23.32463264
v 3.98312211 -8.06325722 22.49246407
v 4.40906763 -7.87309504 23.26781845
v 4.26869202 -7.94571733 21.61773682
v 5.10487461 -7.44925737 21.61633110
v 5.53724432 -7.08047581 22.44900131
v 5.17975521 -7.37794018 23.26771927
v 4.79531479 -7.58847904 24.09988594
v 4.74788713 -6.58030176 24.10826683
v 4.59049749 -5.50542498 24.11664963
v 4.36605692 -4.56178999 24.11680031
v 5.10753441 -3.92119002 24.11680031
v 5.73327875 -3.28666282 24.11680031
v 7.34933281 -5.12329340 24.09913254
v 7.17653561 -4.03782701 24.10726357
v 7.61442614 -4.80173874 23.24699020
v 7.80082464 -4.43516541 22.46195030
v 8.03555393 -4.05664730 21.66395950
v 8.39510059 -3.23853254 21.73397255
v 7.72639561 -2.36997867 24.10902023
v 6.69844437 -2.81414270 24.11680031
v 7.53066254 -3.23040223 24.10917091
v 5.92901182 -2.42628980 24.11680031
v 5.03165007 -1.96902657 24.11680031
v 3.99125266 1.08616912 24.11680031
v 7.91304493 -1.44847643 24.10992432
v 8.74521255 -1.86468577 24.10229492
v 8.70275307 -2.23617744 16.84179497
v 8.86807251 -1.40556574 16.83456802
v 8.78365612 -1.81876373 17.67255783
v 8.85557556 -1.46177626 18.47436142
v 8.95013046 0.37635997 16.86744118
v 8.95048141 -0.11447888 17.68475342
v 8.94867420 -0.49731311 16.84816933
v 8.94807243 -0.59558123 18.50271797
v 8.85462189 -1.06920564 19.31174850
v 8.94270229 -0.65901887 20.15525818
v 8.94812298 -0.19297294 20.96122742
v 8.95093346 -0.59181714 21.75896645
v 8.96076965 0.33023718 21.74983215
v 8.85949039 0.86855388 22.52342987
v 8.82967854 1.37133753 23.30023956
v 8.93371868 0.43417656 23.32438087
v 8.61718273 2.27878714 23.29998970
v 8.21748543 3.36776686 20.85337448
v 8.68207550 2.08591461 16.87647438
v 8.77246475 1.63346946 17.69684792
v 8.86154842 1.21163917 16.88370132
v 8.05397320 3.78538132 16.88982391
v 8.42205143 2.93976331 16.88460541
v 7.56343508 4.66066027 18.48555374
v 7.25176764 5.04088497 17.71361160
v 7.60388660 4.60239220 16.89504433
v 6.99871969 5.44434643 16.90864563
v 6.77658749 5.66984129 16.05600166
v 7.00614738 5.43521214 15.23718357
v 7.57251930 4.65699673 15.25951672
v 7.80097485 4.18879271 16.08485985
v 8.17055988 3.47351289 14.42875481
v 8.02265549 3.83993578 15.25429726
v 8.00378513 3.92440200 13.56391525
v 7.80458832 4.26507854 12.69952679
v 8.38009453 3.08977532 13.56366348
v 8.47560215 2.78764343 12.69837189
v 8.78169918 4.35441303 12.69124603
v 8.37296772 5.07877684 12.69189835
v 9.61748028 2.66794491 12.69074345
v 9.35514736 3.42101622 12.69124603
v 9.92357731 4.23471451 12.68361664
v 10.83885574 4.17338467 12.68346691
v 9.78957462 1.75211394 12.69084454
v 10.66911983 2.38548684 12.68361664
v 9.91399097 0.94202918 12.69084454
v 9.90209675 -0.84150255 12.69034195
v 9.93000126 -0.00230865 12.69084454
v 8.44443607 -5.01870155 12.69074345
v 9.67594910 -4.84605503 12.68361664
v 9.14992905 -4.16841602 12.69074345
v 9.47645187 -3.43095350 12.68974018
v 10.58681202 -3.13343883 12.68361664
v 10.85727501 0.52536821 12.68366718
v 12.75167179 -4.25032330 11.74183846
v 12.75177193 -3.45479274 11.74168777
v 12.75167179 -5.08595371 11.80713367
v 12.76386738 -4.69383478 10.88051224
v 11.83679485 -6.01889896 12.67508507
v 12.74314022 -5.51355553 12.66760731
v 12.75523567 -5.95706701 11.80628014
v 12.75523567 -6.84017563 11.85501289
v 12.75443268 -7.74782610 11.85556507
v 12.74580002 -7.29226923 12.66725540
v 11.97385788 -6.89889574 12.67503452
v 11.97310543 -7.80654573 12.67553711
v 8.28428555 -6.57312489 12.68361664
v 7.89166498 -5.82206154 12.69114494
v 6.92067719 -5.78698015 15.03276730
v 6.27259922 -6.48635006 15.00290585
v 5.64429522 -7.04755259 15.03276730
v 5.81046772 -9.21442032 12.68351650
v 6.39400387 -9.98982525 12.68346691
v 5.49242640 -10.16503143 12.68346691
v 5.39762115 -11.87292957 12.67237473
v 5.54100847 -12.80326557 12.66298962
v 5.22392035 -11.07880497 12.68341637
v 4.54557943 -12.01129818 12.67237473
v 3.90332317 -12.80110741 12.66324043
v 3.72957230 -12.00698185 12.67423153
v 2.15788412 -10.69290924 12.68356705
v 3.03768015 -11.62078571 12.67428207
v 2.20746994 -11.86896515 12.67438221
v 2.36932635 -12.79779434 12.66645241
v -1.75422192 -8.82802296 13.50383949
v -2.51045489 -8.67499924 13.50143051
v -1.85826170 -8.82189941 12.69746876
v -3.26799297 -8.38762283 12.69621372
v -3.16395330 -8.39374542 13.50258541
v -3.94548106 -9.31785774 12.69049263
v -4.71265507 -8.68287849 12.69049263
v -4.73664522 -9.89436722 12.68356705
v -4.86372089 -10.85165405 12.68346691
v -3.54061437 -11.66229057 12.67543602
v -4.29273176 -11.66254139 12.67578793
v -2.68415570 -11.80914116 12.67543602
v -1.67924094 -9.89893436 12.69174767
v -1.36742282 -10.87102604 12.68361664
v -1.87256527 -11.81084728 12.67483425
v -0.98348445 -11.85892773 12.67488384
v -2.30021739 -12.79699135 12.66670322
v -1.99512434 -12.80908680 11.76633072
v -0.66770142 -12.79909992 12.66605091
v -0.99618202 -12.80913734 11.80743408
v -0.17530675 -12.80943871 11.80743408
v -2.45128322 -12.81952572 9.14802170
v -1.99908924 -12.81947613 10.06134319
v -1.50272977 -12.81942558 10.90776443
v -2.71055460 -12.81340313 8.19605541
v -1.75582790 -12.81345367 8.30405998
v 0.85490274 -12.80943871 11.79393387
v 1.60395896 -12.80913734 11.79478741
v 0.31708792 -12.80557346 7.60258198
v 0.79633331 -12.81224918 8.46069622
v 1.76260328 -12.81219864 8.34144974
v 2.59386754 -12.81244946 8.12483788
v 1.96195006 -12.80512238 7.35761404
v 2.47191048 -11.98279190 7.24343634
v 1.73108518 -10.31700134 7.42070055
v 2.13816023 -9.49466991 7.26822901
v 2.55768180 -10.33787918 7.19339895
v 2.56450748 -8.72568893 7.19716311
v 3.79802871 -6.62878370 6.56358957
v 4.21930695 -7.42511702 6.37668896
v 3.37248445 -7.27510500 6.84444141
v 2.97906065 -8.00358391 7.00544453
v 3.37925982 -8.79349327 6.84925938
v 4.74698353 -7.94591808 5.90070581
v 3.82362461 -9.44408035 6.55877113
v 4.23812723 -8.72197533 6.36710310
v 4.18482780 -10.21185684 6.39581060
v 3.32601023 -10.28337479 6.87796736
v 2.91893530 -11.10570526 7.03038836
v 3.24018884 -11.92828751 6.92800474
v 3.99205565 -11.92853832 6.53779268
v 3.54503083 -12.80562401 6.75079060
v 4.37177801 -11.14259338 6.24298811
v 5.10437250 -12.81280136 6.79234648
v 4.27642107 -12.81275082 7.49206781
v 3.52460432 -12.81250000 7.88227940
v 2.32194877 -12.80813313 11.79348183
v 3.30071568 -12.80813313 11.68171310
v 4.11672258 -12.81244946 11.67980671
v 4.40289450 -12.81942558 10.75785255
v 5.00550222 -12.81239986 11.73937988
v 5.82723093 -12.81024170 11.74108601
v 7.50381184 -12.81937599 9.96387768
v 6.62517023 -12.81942558 10.01752853
v 6.26095581 -12.81937599 10.85426331
v 6.79651213 -12.81024170 11.77787399
v 7.62852907 -12.81029129 11.77702045
v 8.17899132 -12.81927490 10.68693638
v 8.57728291 -12.81024170 11.57290554
v 8.79464722 -12.80226135 12.66138363
v 9.34510994 -12.81129551 11.57124996
v 8.45256615 -12.81932545 9.75976372
v 9.24719334 -12.81937599 9.32197285
v 8.57196331 -12.81942558 8.59896469
v 10.22550774 -12.81129551 11.76377106
v 11.01516628 -12.81019115 11.76713371
v 10.35218239 -12.80221176 12.66308975
v 11.14068699 -11.88025761 12.67488384
v 10.35092831 -11.88131142 12.67157173
v 9.52282524 -11.86856365 12.67157173
v 8.75499916 -11.86750984 12.67317772
v 9.70741749 -9.17928886 12.68336582
v 10.10480595 -8.31720924 12.68336582
v 10.96307087 -8.29457378 12.68331623
v 11.73491287 -8.68799782 12.67553711
v 12.74379253 -9.01396942 12.66770744
v 11.94299221 -12.80221176 11.92336845
v 12.74379253 -12.80311489 10.39418983
v 11.81621742 -12.81129551 11.02410030
v 11.81621742 -12.81109428 10.23790455
v 12.75292683 -10.45848083 11.76086044
v 12.75307751 -9.48167133 11.88919067
v 12.75433159 -8.66762161 11.88929081
v 12.75357914 -11.94590282 10.23102856
v 12.75367928 -12.04271603 9.16443253
v 12.75367928 -12.04271603 8.27404690
v 12.75367928 -11.84643078 7.36423874
v 12.76361656 -11.13581848 6.09222364
v 12.75292683 -11.84743404 6.50943661
v 12.76371670 -7.87711048 6.36870909
v 12.76361656 -9.13898754 7.24574518
v 12.76361656 -9.68397903 8.83595276
v 12.76361656 -8.82089615 8.75504971
v 12.76361656 -8.17216587 7.15716314
v 12.76361656 -8.46767235 7.94099951
v 12.76371670 -7.20579529 7.06391382
v 12.76361656 -6.50065374 7.71179104
v 12.76386738 -6.20564842 6.92333698
v 12.75533581 -5.25589037 6.72047710
v 12.75177193 -2.64305162 11.76281738
v 12.75307751 -1.79116023 11.76281738
v 12.76361656 -2.26217484 9.03640366
v 12.75443268 -2.58267546 8.13954353
v 12.74901199 -2.82869720 7.10817957
v 11.73822498 -2.27507329 7.32283354
v 11.74188900 -3.04917312 7.04107809
v 11.00472736 -3.21027684 6.94035101
v 10.16718960 -3.31205797 6.87475491
v 9.78681469 -2.56214857 7.23610878
v 10.99253178 -1.71698236 7.42506695
v 11.99965477 -1.49650645 7.49211788
v 9.17191124 -1.77098465 7.41121483
v 10.11619854 -1.70438516 7.43088865
v 10.37762833 -0.92581844 7.60017252
v 7.41553116 -1.92119741 7.38039923
v 8.28649426 -1.83908987 7.40423870
v 8.61587811 -0.98132634 7.59901857
v 6.57663822 -1.95597768 7.37618351
v 4.64776182 2.47010374 7.09262133
v 5.50391960 2.84390426 7.00489283
v 5.45754576 2.04430866 7.30075121
v 6.38587379 3.11416674 6.88032579
v 5.57608986 3.54001212 6.67214584
v 7.24358702 3.07507014 6.89121675
v 6.24178362 1.56712091 7.40714979
v 11.61792469 3.57127929 12.67744350
v 11.95975494 4.44339657 12.67734337
v 12.73947620 3.03005147 12.67001629
v 11.61867714 2.76009011 12.67613888
v 12.74138355 4.86020803 12.66961479
v 12.75202370 2.61118245 11.74219036
v 12.76386738 2.11783409 10.94299603
v 12.76386738 2.40340400 10.09296131
v 12.76371670 2.47206116 9.03123379
v 12.76371670 4.61237955 8.76568890
v 12.75699234 1.64737165 8.41201401
v 12.75699234 2.31622744 8.07289410
v 12.75699234 0.88059902 8.38887787
v 12.75026703 0.64065009 7.54250669
v 11.93892670 1.10353422 7.52268267
v 12.75418091 5.32344341 6.46637535
v 12.75789547 5.92258787 5.92263794
v 12.74820900 5.12469864 5.50883770
v 10.39203167 4.39697266 6.13553572
v 10.37456608 3.40355086 6.73744059
v 9.66415501 3.76701236 6.46717834
v 8.94189930 3.33188224 6.78326225
v 8.13311958 3.11496973 6.86607265
v 7.34762669 3.85017395 6.52248526
v 10.42500591 5.20675611 5.43104649
v 9.63288784 5.35395765 5.24705744
v 8.81030655 5.63691759 4.98055887
v 7.43821621 4.41679668 6.10336542
v 6.54868364 4.37689734 6.12845945
v 5.64595175 4.23953247 6.23962545
v 5.27159929 7.77392387 5.49237633
v 5.77368021 9.23961449 4.95149994
v 6.21618795 8.50360775 4.49313259
v 5.55767107 8.48293018 5.26823664
v 4.82909155 8.50993061 5.95069313
v 6.69648743 8.03163910 3.72194362
v 6.81412792 9.04046822 3.43536997
v 7.57256937 6.60795546 3.60400176
v 8.12293148 6.88424063 3.05263615
v 8.39459896 7.14401388 2.30202413
v 8.42044544 7.37839174 1.50092292
v 7.61201715 7.43329763 0.95864141
v 7.12499237 9.76156998 2.87356544
v 7.36724997 9.77948761 2.12556314
v 7.59931946 11.65190220 1.19788766
v 7.52634621 12.56557465 1.50729680
v 8.35971832 12.57546139 2.02322960
v 8.49351978 12.57551193 1.35492599
v 8.91785908 12.58539867 2.67040420
v 9.68016529 12.58539867 2.67246199
v 9.27118301 12.58539867 3.47205758
v 9.83173275 12.58539867 4.28143978
v 10.46786594 12.58529854 4.86151266
v 10.66952133 12.58529854 4.05423832
v 8.74962902 12.58534908 5.04138660
v 9.06942749 12.58534908 4.27938175
v 4.95998192 12.58544922 7.85839033
v 5.50607777 12.58539867 8.44453621
v 8.00483894 12.58534908 8.64398289
v 8.93743229 12.58534908 8.67821121
v 8.57768440 12.58539867 7.88072395
v 8.22827625 12.58544922 7.16795349
v 9.16086960 12.58539867 7.20218182
v 9.74827003 12.58529854 8.74450970
v 9.17547417 12.58529854 9.50776958
v 7.54546785 12.58529854 9.38179684
v 7.18571997 12.58539867 8.58430958
v 6.71229649 12.58544922 7.70757532
v 6.25292540 12.58539867 8.44538879
v 5.97945118 12.58534908 9.32122040
v 7.26868105 12.58549976 7.07741451
v 6.33588648 12.58549976 6.93849373
v 7.85186577 12.58549976 6.39887238
v 8.34034538 12.58539867 5.74176073
v 7.38075066 12.58544922 5.65117121
v 9.22074413 12.58539867 5.78908777
v 6.97166824 12.57787037 4.83998203
v 5.67219973 10.07358932 5.10728359
v 4.99671936 12.57726860 6.98130417
v 5.48986673 12.57777023 6.60253525
v 5.15144920 10.05788040 5.67305326
v 4.34161520 9.21828461 6.25357819
v 3.80641007 10.01210880 6.63325024
v 4.57995796 10.01276112 6.10622597
v 4.61624384 10.85175419 6.05272532
v 2.76902366 12.57646561 7.97838974
v 2.94217229 12.58524895 10.38877010
v 2.16882515 12.56000423 12.67051792
v 1.85745859 11.54138756 12.67628956
v 3.53298569 9.46445656 12.68974018
v 4.75631857 8.45271683 12.69315243
v 4.09905624 8.73898888 12.68984032
v 4.77764845 9.82666397 12.68351650
v 6.25538492 8.82345581 12.68361664
v 5.37849951 8.06672096 12.68958950
v 5.87601328 9.89823246 12.68346691
v 7.16403866 12.56256390 12.66896248
v 6.38878441 11.63012028 12.67553711
v 7.18351173 11.62766075 12.67674160
v 8.19198990 11.56131268 12.67684174
v 5.57689285 12.56080723 12.67021656
v 6.14321470 12.58529854 10.15384007
v 6.99912119 12.58529854 10.16794205
v 8.47951698 12.57260132 11.87905312
v 8.13613033 12.58519840 11.05090046
v 7.61532974 12.57265091 11.84196377
v 8.68242741 12.58519840 10.26475525
v 7.81828976 12.58524895 10.22761631
v 9.49331474 12.58519840 10.33100319
v 8.78476048 12.55879974 12.67101955
v 9.01798439 11.56000805 12.67769527
v 9.49416828 10.59900761 12.68346691
v 11.65461159 9.97321320 12.67413139
v 12.14509964 12.57746887 10.34942245
v 11.17165279 12.58519840 10.50661087
v 10.39338684 12.58519840 10.39499283
v 10.76467800 12.58524895 9.68568611
v 10.59243298 12.58529854 8.82857513
v 10.35444069 12.58534908 7.99901676
v 12.74961472 12.56813431 9.88809395
v 12.76361656 10.97295856 10.46821785
v 12.75533581 11.79137421 10.27971077
v 12.76371670 8.50983047 8.32267952
v 12.76371670 8.46014404 7.42436409
v 12.76371670 9.29070568 7.93367195
v 12.76361656 9.28408146 6.17242384
v 12.76371670 8.39434814 6.49212170
v 12.76361656 8.43735886 5.62918901
v 12.76361656 10.12307453 5.76288986
v 12.76371670 10.08001328 6.62582254
v 12.76371670 10.91895580 7.07199383
v 12.76371670 10.07996273 7.48152828
v 12.76371670 10.12964916 8.37984371
v 10.20096588 12.58534908 7.16017437
v 9.85155678 12.58539867 6.44740391
v 10.26084042 12.58529854 5.74708033
v 12.74695396 12.56843567 6.29764318
v 12.75498390 11.74399662 6.66973686
v 12.02770996 12.57596397 4.15150309
v 12.74871063 12.56733131 4.57037210
v 12.75684166 11.74630547 4.06804037
v 12.76361656 10.12648678 4.88846397
v 12.76361656 9.28372955 4.38397360
v 12.76371670 10.08307457 3.96289635
v 12.76371670 7.71259403 5.12359476
v 12.76361656 8.60232735 4.80389690
v 12.76371670 8.55896473 3.87837958
v 12.75789547 6.80072784 4.63170195
v 12.75789547 6.63575983 5.45699358
v 12.75433159 8.27500057 1.33615565
v 12.75714207 8.10546589 2.12877512
v 12.76361656 9.11710548 0.95437539
v 12.76361656 9.14506054 2.64771914
v 12.75714207 8.20072269 2.93941212
v 12.76361656 9.93421650 1.45515144
v 12.76371670 10.85396290 1.90664291
v 12.76361656 9.96954918 2.28857374
v 12.76371670 10.06480598 3.09926081
v 12.76371670 10.90756321 3.60375094
v 12.75684166 11.72798729 3.20435452
v 12.75674057 11.72773552 2.31984091
v 12.74976444 12.56647778 2.78413033
v 12.01947880 12.57596397 3.18292427
v 11.29742432 12.58519840 3.66578317
v 10.66124058 12.58529854 3.08565998
v 10.30796719 12.58529854 2.28400660
v 10.17868233 12.58529854 1.47055924
v 12.75674057 11.69245338 1.48641860
v 12.75558662 11.69280529 0.66303396
v 12.75468349 11.70269203 -1.01229239
v 12.75558662 11.70163822 -0.18403947
v 12.74544907 12.56948948 -2.22347999
v 12.75468349 11.76316833 -1.82272851
v 10.21707630 12.58529854 0.62318468
v 9.36523533 12.58539867 1.02348435
v 8.53186321 12.57551193 0.50755143
v 7.68679714 12.56652832 0.12045125
v 7.68293285 11.68412304 0.28642303
v 10.11981201 12.58529854 -1.90774703
v 10.27956104 12.58534908 -5.89162207
v 9.47835922 12.58539867 -5.46793461
v 9.49617577 12.58534908 -7.15957212
v 10.25777912 12.58529854 -6.73051453
v 7.18135357 12.58544922 -5.83475876
v 8.68327999 12.58544922 -4.89549017
v 7.85929346 12.57746887 -3.38523221
v 8.34566593 12.58534908 -4.18111372
v 7.14597130 12.56818485 -2.81088042
v 7.14908266 11.63438606 -2.77765608
v 7.09136677 10.77541828 -2.87241101
v 6.96378851 9.89130592 -3.25921011
v 6.60243511 9.95800591 -3.96701169
v 6.10768127 9.87514591 -4.66206551
v 4.30618238 12.57571316 -7.29583263
v 4.16731215 12.56557465 -6.43837023
v 3.22036457 11.73461151 -6.97402716
v 3.71622229 10.84467793 -6.67064047
v 3.99426389 11.67599201 -6.55510759
v 4.66316986 11.67564106 -6.13503408
v 2.47637725 11.73405933 -7.25784016
v 2.11135983 10.90982151 -7.31917000
v 1.75783539 8.43008232 -7.45969629
v 2.55492163 10.05175686 -7.23590803
v 2.94342709 9.12613964 -7.05994892
v 3.33082843 9.97767925 -6.91365099
v 2.63005304 8.31735992 -7.20745134
v 3.40595984 8.24323177 -6.88524437
v 3.90372467 7.25598335 -6.55656290
v 4.21709871 8.06481361 -6.40906048
v 4.23235559 6.33769321 -6.40529633
v 4.55677128 5.40886354 -6.12760592
v 5.03927898 6.14878559 -5.80268860
v 4.92304325 4.76359606 -5.89704227
v 6.54190826 4.12901878 -6.32283735
v 6.04444456 5.00339413 -5.70120859
v 5.86115789 4.34563017 -6.14667749
v 6.10793209 6.84408998 -4.70718479
v 5.48956585 6.58461809 -5.29739571
v 5.81398106 5.65578842 -5.01965523
v 6.49473143 5.43922710 -5.19591570
v 11.04261971 4.38713551 -6.13493347
v 10.25326252 4.17915630 -6.31596184
v 9.52985191 3.67416453 -6.55982542
v 10.33306122 1.52646863 -7.47500372
v 11.12934399 1.20762420 -7.49743795
v 12.74620152 -4.45117569 -6.30301332
v 11.77837563 -4.35877943 -6.37157011
v 12.75548649 -3.87858033 -7.81547928
v 12.75523567 -3.18698955 -8.11003304
v 12.76361656 -2.97700286 -9.05412006
v 12.76361656 -4.63370943 -8.38185120
v 12.75558662 -4.62999535 -7.28790283
v 12.75433159 -5.20630455 -6.86933470
v 12.76371670 -6.01167154 -7.30230665
v 12.76371670 -7.09121609 -7.67680979
v 12.76386738 -2.49213648 -10.03002548
v 12.76386738 -1.61374557 -10.07986259
v 12.76386738 -2.03412056 -10.91102600
v 12.73882389 -4.47616911 -12.70569992
v 11.54540253 -4.86106110 -12.71382999
v 11.54575443 -4.12711143 -12.71297741
v 9.08950233 -4.50071096 -12.72933865
v 9.37963963 -3.90136576 -12.72542381
v 10.54159260 -3.71958470 -12.72115803
v 11.73491287 -3.33469296 -12.71297741
v 11.78294277 -0.92988366 -12.71287632
v 9.56879807 -3.10894704 -12.72542381
v 11.81862640 -0.04737749 -12.71292686
v 11.81887722 0.67397493 -12.71342850
v 11.81686974 1.35502636 -12.71322823
v 11.63237858 2.20651627 -12.71322823
v 8.95178604 0.36521822 -12.73495960
v 8.97693062 0.07232094 -13.58479309
v 8.93753338 0.84295797 -13.58529472
v 8.82445908 1.35608029 -14.34438896
v 8.95108414 -0.09570856 -15.90789604
v 8.95725727 -0.19608460 -15.03949261
v 8.93979168 -0.34599620 -14.27668476
v 8.95404434 -0.82373601 -13.42634964
v 8.85788441 -1.60320616 -13.42574692
v 8.67053223 -2.21790910 -14.11332321
v 8.54094696 -2.84179640 -14.74403572
v 8.95439625 -0.92752481 -16.44571114
v 8.95364285 -0.08105365 -16.70944977
v 8.63173771 -2.59768176 -16.09298897
v 8.77873802 -1.82388282 -16.22508430
v 8.34205246 -3.30543327 -15.38809872
v 8.22521400 -3.65745211 -14.75241756
v 8.31595421 -3.41333747 -16.10137177
v 7.87856579 -4.27310848 -18.26427460
v 7.69537926 -4.68936777 -18.95380783
v 8.12508965 -3.86638474 -19.03255272
v 7.17879391 -5.45543766 -18.86437225
v 7.42526770 -5.04876423 -19.63265038
v 8.92327976 -0.48396307 -24.13622284
v 8.15921688 -0.83457661 -24.14485550
v 8.95374393 -0.40807879 -21.72609329
v 8.94114685 0.45179257 -21.72609329
v 8.84518719 1.33284330 -21.75620651
v 8.66039467 2.18493557 -21.78501320
v 8.40197659 2.99517083 -21.83213997
v 8.21437359 3.38688850 -22.55710602
v 7.94180250 1.68034518 -24.14610863
v 7.72077465 2.53298950 -24.14610863
v 6.98145485 2.20455909 -24.15439034
v 4.90065956 0.40878144 -24.15439034
v 8.18431091 -1.64707053 -24.14485550
v 6.32007694 -2.37073159 -24.15439034
v 4.88384628 -4.23155260 -24.15439034
v 4.45925570 -6.98632288 -24.14510536
v 5.05408430 -6.44198370 -24.14510536
v 5.99967670 -6.68424129 -24.13657379
v 6.19530964 -6.53749180 -23.33110619
v 6.84504366 -5.86130857 -23.36819458
v 6.44293737 -6.26331425 -22.56207466
v 7.75384855 -4.58387280 -21.86541557
v 7.55083799 -4.86879015 -22.60854912
v 7.36172962 -5.18502474 -23.36934853
v 7.20373774 -5.41604042 -20.32810593
v 6.67410326 -6.07716703 -18.61348152
v 6.07019091 -6.68494415 -21.76825142
v 5.36138535 -7.25839233 -21.70145035
v 4.62296915 -7.75921869 -21.67655754
v 3.86387539 -8.16067219 -18.40690804
v 3.37434149 -8.32840061 -19.21483421
v 1.21705949 -8.94345474 -20.02833366
v 0.57093894 -8.93005466 -24.13306046
v 1.03603137 -8.95414543 -23.31574821
v 0.20125397 -8.99836063 -23.31725502
v 1.58403432 -8.85597706 -22.49868774
v 1.95366907 -8.78767109 -23.31459427
v 2.09284043 -8.72689342 -24.13647270
v 1.68922842 -7.79695988 -24.14294815
v 1.04973269 -8.23690796 -24.14294815
v -1.11151409 -6.55018902 -24.15439034
v -1.79723299 -7.19098997 -24.15439034
v -0.60642183 -8.16428566 -24.14435196
v 0.21495530 -8.28112411 -24.14435196
v -1.36074781 -8.09055996 -24.14435196
v -0.20823009 -8.99469662 -22.45919037
v -2.20892525 -7.92719793 -24.14435196
v -12.63187313 12.11528778 1.97264016
v -12.63493443 11.66685772 2.20375609
v -12.63202381 12.11523724 2.42086935
v -11.96417141 12.57445812 2.20275235
v -12.29651642 12.56903744 1.97213829
v -12.29666710 12.56903744 2.42036748
v -12.63132095 12.13982964 0.63412565
v -12.63091946 12.14018154 0.19498046
v -12.63438225 11.71564102 0.41400099
v -12.19478607 12.57084465 -1.49429810
v -12.19578934 12.57049274 -1.08662081
v -11.76557732 12.57556248 -1.30237913
v -11.45887852 12.58022976 -0.29977304
v -11.39764977 12.58028030 -0.70509148
v -11.82786083 12.57521057 -0.48938340
v -12.64100742 10.15524483 -3.85644746
v -12.64100742 10.16131783 -4.28159046
v -12.63307762 11.61270523 -3.82282162
v -12.63704205 11.14018440 -4.15471506
v -12.63704205 11.13411236 -3.72957230
v -11.78866386 12.57375526 -5.29097176
v -11.42866516 12.57947731 -5.16168737
v -9.82646275 12.58539867 -2.76485801
v -9.44357872 12.58539867 -2.44962716
v -11.14309597 9.94194603 12.67894936
v -11.66906643 9.64483261 12.67443275
v -11.24151421 9.49406815 12.67894936
v -12.09335613 10.57752705 12.67242527
v -12.09496212 10.18656254 12.67117023
v -11.56899166 10.48367500 12.67568684
v -12.63001633 10.49095249 11.83684444
v -12.62544918 10.19022560 12.25169849
v -12.62384319 10.58119106 12.25295353
v -12.63623905 9.50676537 11.32583046
v -12.63167286 9.65301323 11.78811169
v -12.63623905 9.95378971 11.37325764
v -12.62364197 11.34841442 11.90961742
v -12.62504768 11.72472477 11.56507683
v -12.62981510 11.25822735 11.49350834
v -12.64085674 9.90099239 9.53998947
v -12.64085674 9.50054169 9.36729336
v -12.64085674 9.43835926 9.90781784
v -12.64085674 8.35811234 9.66380405
v -12.64085674 8.66691875 9.96969986
v -12.64085674 8.72910213 9.42922497
v -10.38199425 11.62469959 12.67674160
v -10.10585976 12.09345627 12.67337894
v -10.52136612 12.09370708 12.67337894
v -9.46395493 11.63006973 12.67674160
v -9.74003983 11.16131401 12.68010426
v -10.56136608 12.58524895 9.89145660
v -10.46977329 12.58524895 10.33291054
v -9.84302521 12.57937622 11.51604271
v -9.52081776 12.57355499 11.91759682
v -10.47408962 12.57385540 11.86690712
v -10.56738853 12.56828499 12.26846123
v -10.15188217 12.56798363 12.26846123
v -11.75528908 12.57551193 10.03414154
v -11.27493954 12.58038044 10.32824326
v -11.36653233 12.58038044 9.88678932
v -12.14269066 12.57149696 10.88382435
v -11.66299343 12.57591343 10.82676029
v -12.14339352 12.57109547 10.53265858
v -11.75564003 12.57079411 11.57948017
v -11.36929321 12.56968975 11.92397118
v -11.27594376 12.57526112 11.52241707
v -12.23192501 12.56291485 11.97867584
v -12.22851181 12.55945206 12.32085800
v -11.84557724 12.56176090 12.32316685
v -12.61546135 11.81145000 12.32336712
v -12.61350441 12.18429661 12.32095814
v -12.61691666 12.18775940 11.97877598
v -12.62780762 12.10013103 10.51815414
v -12.63192368 11.63408470 10.79775238
v -12.62715530 12.10058308 10.86931992
v -12.63669109 11.19890499 9.89577293
v -12.63669109 11.18324566 10.31097794
v -12.63257599 11.64929199 10.03138065
v -12.64080620 10.27017498 10.54314804
v -12.64080620 10.28583431 10.12789249
v -12.64085674 9.82320118 10.49572086
v -12.22911453 11.81034565 12.66785812
v -11.84412193 12.18550110 12.66775799
v -12.22710705 12.18314171 12.66544914
v -11.32181549 11.71885300 12.67347908
v -11.70675755 11.34364700 12.67357922
v -11.18244267 11.24984550 12.67684174
v -12.19207573 8.48137379 12.67117023
v -11.76597881 8.76378155 12.67503452
v -12.19353104 8.91454697 12.67051792
v -10.31609726 9.34832191 12.68346691
v -10.21767902 9.79619980 12.68346691
v -12.63026714 8.77281570 11.74133682
v -12.62424469 8.48589134 12.20427132
v -12.62570000 8.91906357 12.20366859
v -12.64085674 8.08739853 10.57170486
v -12.64085674 7.77859116 10.26580906
v -12.62881184 7.82230473 11.80346966
v -12.63483429 8.10927963 11.34053516
v -10.67132854 12.58524895 -4.24696064
v -10.54771519 12.58529854 -3.84390044
v -12.64095688 10.33782864 -5.64148474
v -12.63774490 11.19775009 -5.43154860
v -12.63453293 11.66986942 -5.48695612
v -12.26665497 12.56878662 -4.22954512
v -11.90740871 12.57415676 -4.48756170
v -12.26735783 12.56838512 -4.61684608
v -11.78304291 12.57455826 -3.69720101
v -11.30018425 12.57992840 -3.55210733
v -11.42379761 12.57987881 -3.95521760
v -12.62986565 12.09094620 -4.30342197
v -12.63056850 12.09054470 -4.69072294
v -12.63378048 11.61842632 -4.63526535
v -12.64100742 10.32498074 -2.09018040
v -12.64100742 10.28186893 -2.53600073
v -12.63197327 11.65109921 -2.20671701
v -12.63649082 11.17180347 -2.48601341
v -12.63649082 11.21496487 -2.04024339
v -12.62800884 12.08652973 -2.74578667
v -12.62856102 12.08587742 -3.11838245
v -12.63252544 11.60728455 -3.02508307
v -12.14118481 12.57054329 -2.69399261
v -11.65887833 12.57526112 -2.92149496
v -12.14173698 12.56984043 -3.06658840
v -11.28226662 12.58063126 -1.93755877
v -11.22916794 12.58063126 -2.35703015
v -11.71147537 12.57591343 -2.12947774
v -10.41707611 12.58534908 -1.84988022
v -9.98114300 12.58539867 -1.95407057
v -10.36397648 12.58534908 -2.26930165
v -10.05838203 12.58539867 -1.11738610
v -9.64648914 12.58539867 -0.80436343
v -9.62239838 12.58539867 -1.22162664
v -10.61677361 12.58529854 -0.20250866
v -10.14370155 12.58534908 -0.29480442
v -10.55554485 12.58534908 -0.60782713
v -10.39860630 12.58529854 0.46223167
v -10.11915970 12.58534908 0.72170377
v -9.92553425 12.58534908 0.36993590
v -12.63749409 11.26896763 -0.72657198
v -12.63744450 11.28020954 -0.26634783
v -12.63398075 11.70475006 -0.48536834
v -12.63297749 11.69385910 -1.35326982
v -12.62951469 12.12964153 -1.11206615
v -12.62851048 12.12999249 -1.51974344
v -12.25887585 12.56943893 0.60466528
v -11.88949203 12.57480907 0.35513043
v -12.25847435 12.56979084 0.16552009
v -10.94580650 12.58524895 1.51487517
v -10.62932110 12.58524895 1.29414833
v -10.90876770 12.58524895 1.03472638
v -11.59463692 12.57982826 1.50498819
v -11.55754852 12.57982826 1.02483940
v -11.92693233 12.57445812 1.27442443
v -12.63784599 11.26685905 1.08421183
v -12.63779545 11.24266911 1.53545237
v -12.63473415 11.69109917 1.30433643
v -12.64095688 10.44181824 -0.26740178
v -12.64095688 10.43057632 -0.72762591
v -12.64090729 10.38465405 1.55402184
v -12.64090729 10.40884495 1.10283160
v -12.62881184 12.56366730 1.74157453
v -12.63167286 12.11528778 1.52446115
v -12.63779545 11.21842766 1.98664260
v -12.62916279 12.56366730 2.63793254
v -11.63172626 12.57982826 1.98518717
v -12.29631615 12.56908798 1.52395928
v -12.64090729 10.43308544 0.65159106
v -12.64090729 10.45301056 0.19282238
v -12.63167286 12.13947868 1.07327080
v -12.62825966 12.56406879 0.85425031
v -12.62745667 12.56477165 -0.02404006
v -12.63051796 12.14053249 -0.24416472
v -12.63744450 11.29145145 0.19387633
v -12.63784599 11.29110050 0.63302153
v -12.19373131 12.57119560 -1.90197539
v -12.62399387 12.56612682 -1.68621707
v -12.62605095 12.56547451 -0.87086254
v -12.19684315 12.57019234 -0.67894357
v -11.33636951 12.58028030 -1.11046016
v -11.33536625 12.58063126 -1.51813745
v -11.52010822 12.58022976 0.10554541
v -11.08989620 12.58524895 -0.11021289
v -10.96738720 12.58529854 -0.92084980
v -12.25807285 12.57014179 -0.27362508
v -12.64100742 10.41933441 -1.18785012
v -12.64100742 10.36814213 -1.64441049
v -12.64100742 10.14912224 -3.43130469
v -12.64100742 10.65551949 -3.63627267
v -12.64095688 10.66766453 -4.48655796
v -12.64095688 10.16744041 -4.70673275
v -12.62911320 12.08522511 -3.49092817
v -12.62911320 12.09129810 -3.91612101
v -12.63699245 11.14630795 -4.57985783
v -12.63704205 11.12798882 -3.30437922
v -12.26811028 12.56803417 -5.00414705
v -11.54811287 12.57947731 -4.74562883
v -11.06866646 12.58524895 -5.03240299
v -12.64095688 10.28593445 -5.17709494
v -10.79494095 12.58524895 -4.65007067
v -10.20929718 12.58534908 -3.08008909
v -10.31087780 12.58539867 -2.68877292
v -9.54515934 12.58544922 -2.05831122
v -10.61712551 10.23910904 12.68351650
v -11.04467678 10.38987350 12.67894936
v -12.09656811 9.79559708 12.66986561
v -12.19498634 9.34771919 12.66986561
v -11.33988285 9.04619026 12.67894936
v -10.81396294 9.34330273 12.68351650
v -12.09169960 10.96849155 12.67367935
v -12.61767006 10.67137814 12.66911221
v -12.62093258 9.88944912 12.66660309
v -11.04307079 10.78083897 12.68020439
v -12.63458347 10.79172897 11.42194080
v -12.63618946 10.40076447 11.42068577
v -12.62710571 9.79926109 12.25044441
v -12.62223721 10.97215557 12.25425816
v -12.64085674 9.36051750 10.86349869
v -12.63628960 9.05979061 11.27840233
v -12.62715530 9.35223675 12.20301628
v -12.64075661 10.25451660 10.95835400
v -12.61746883 11.43865299 12.32577610
v -12.62032986 12.19122219 11.63659477
v -12.62650299 12.10098457 11.22048569
v -12.63598824 11.16798878 11.07734966
v -10.37812996 12.58524895 10.77436447
v -10.16518211 12.58519840 11.11448860
v -10.65300941 12.58524895 9.45000267
v -12.64085674 10.30149269 9.71268654
v -12.64085674 9.10009193 9.19459629
v -12.64085674 8.97572613 10.27559566
v -12.64085674 9.37617588 10.44829273
v -12.64085674 8.04930496 9.35795784
v -12.64085674 7.98712254 9.89843273
v -12.64085674 8.60473633 10.51017475
v -9.19866085 12.56768227 12.31915188
v -8.94977856 12.56155968 12.67041779
v -10.65812874 11.15599442 12.68010426
v -10.24262238 11.15569305 12.68010426
v -9.69035339 12.09315491 12.67337894
v -9.82972527 12.56216240 12.67001629
v -10.66073895 12.56271362 12.67001629
v -10.93682289 12.09400845 12.67337894
v -9.18782043 12.09877586 12.67337894
v -10.01617432 10.69260788 12.68346691
v -10.11925983 10.24407768 12.68346691
v -10.97782612 12.58524895 9.73938656
v -10.79459000 12.58524895 10.62234497
v -10.38073921 12.57937622 11.46535301
v -9.73637581 12.56773281 12.26846123
v -10.79624653 12.57967758 11.46535301
v -10.98289585 12.56858635 12.26846123
v -12.14404583 12.57064342 10.18154335
v -11.18329620 12.58038044 10.76969719
v -12.62238789 12.56702995 10.94088840
v -12.14203835 12.57189846 11.23499012
v -11.18264389 12.58078194 11.12086201
v -12.62374306 12.56622696 10.23860741
v -12.23538780 12.56637764 11.63654423
v -11.46259308 12.56411934 12.32552528
v -12.61832237 12.56401920 11.63418579
v -12.61149693 12.55709267 12.31854916
v -12.22509956 12.55598927 12.66304016
v -11.45917988 12.56065655 12.66765690
v -12.61405659 11.43519020 12.66795826
v -12.61004162 12.18083382 12.66314030
v -12.62851048 12.09972954 10.16703892
v -12.63664055 11.16758728 10.72618389
v -12.64080620 10.74846745 9.76011467
v -12.64075661 10.71714973 10.59057617
v -12.23107147 11.43749905 12.67031765
v -11.46118736 12.18785954 12.67011642
v -12.61817169 8.19896603 12.66725540
v -11.33847809 8.61301708 12.67960167
v -12.62108231 9.06531143 12.66595078
v -10.41451645 8.90044403 12.68346691
v -10.75684834 8.47971821 12.68351650
v -12.63483429 8.62661839 11.27900505
v -12.62278938 8.05271816 12.20492363
v -12.64085674 8.39620495 10.87755108
v -12.64085674 7.46978426 9.95991325
v -12.64085674 7.22235727 9.52172184
v -11.06455135 12.58524895 -4.21323395
v -10.81732559 12.58529854 -3.40706396
v -10.42410183 12.58534908 -3.44079041
v -12.64095688 10.72563171 -5.37614059
v -12.63774490 11.14590645 -4.96715879
v -12.63132095 12.09014320 -5.07797384
v -12.62590122 12.56341648 -3.97152877
v -12.26590252 12.56918812 -3.84224439
v -11.54741001 12.57987881 -4.35832787
v -12.62735653 12.56266403 -4.74613047
v -12.14228916 12.56918812 -3.43918443
v -11.17657089 12.57997894 -3.14904737
v -12.64100742 10.23870754 -2.98177075
v -12.64100742 10.77883148 -1.87376976
v -12.64100742 10.69255829 -2.76535988
v -12.62745667 12.13034439 -1.92742074
v -12.62745667 12.08718300 -2.37319064
v -12.63649082 11.12864113 -2.93183351
v -12.63649082 11.25807667 -1.59447348
v -12.62349129 12.56577587 -2.46649027
v -12.62459564 12.56447029 -3.21163177
v -12.14063263 12.57119560 -2.32139683
v -11.17601871 12.58063126 -2.77645159
v -10.85305882 12.58534908 -1.74563968
v -10.74686146 12.58534908 -2.58453250
v -10.47022533 12.58534908 -1.43040884
v -9.59825802 12.58544922 -1.63883960
v -10.49431515 12.58534908 -1.01319575
v -9.67062950 12.58539867 -0.38715041
v -10.67800331 12.58529854 0.20280980
v -9.73185921 12.58539867 0.01821825
v -10.87167931 12.58524895 0.55457765
v -10.31283569 12.58529854 1.07342136
v -12.63749409 11.25777531 -1.18679607
v -12.64095688 10.83318424 -0.96777558
v -12.64090729 10.85566902 -0.04732730
v -12.63051796 12.12934017 -0.70438886
v -12.25922680 12.56908798 1.04381049
v -11.52045918 12.57987881 0.54469061
v -11.26234245 12.58519840 1.73560214
v -11.18816471 12.58524895 0.77530456
v -12.64090729 10.84267044 0.86408716
v -12.64085674 10.79423904 1.76651800
v -12.64085674 7.59415007 9.17582607
v -11.40608120 9.79338932 12.67669106
v -11.83197689 10.33511829 12.67342854
v -12.64095688 10.16984940 -6.00640202
v -10.88011074 10.09055233 12.68120766
v -11.93200111 9.49627590 12.67217445
v -11.07694817 9.19474697 12.68120766
v -12.35468483 10.81993484 12.67142105
v -12.35794735 10.03800583 12.66886139
v -11.30605602 10.63223171 12.67794609
v -10.52442837 12.58524895 9.08483505
v -12.64100742 9.90510750 -3.96650982
v -9.58425617 12.58539867 -2.80295086
v -10.97852898 9.64262486 12.68120766
v -11.50444984 9.34551144 12.67669106
v -11.83037090 10.72608376 12.67468357
v -12.35634136 10.42897034 12.67016697
v -9.35073090 11.39850235 12.67839718
v -10.35313606 12.58524895 9.96744156
v -9.57416821 12.57937622 11.54138756
v -10.01798058 9.57476997 12.68346691
v -12.64085674 7.82872915 10.60241985
v -12.63483429 7.85061073 11.37125015
v -10.41291046 12.58529854 -4.06226873
v -12.63613892 11.45978165 -5.69142199
v -12.64100742 10.09808064 -2.19838595
v -12.64095688 10.22927189 -0.60757619
v -12.64090729 10.19193268 1.22217870
v -12.63644028 11.44266796 2.31928873
v -12.63066864 12.33947754 2.75351548
v -11.63177681 12.57982826 2.20927668
v -12.29676819 12.56903744 2.64445710
v -12.64095688 10.23609734 0.31216949
v -12.64100742 10.19243431 -1.29605544
v -12.20838642 12.56803417 -5.21217632
v -12.64095688 10.03278637 -5.07461119
v -10.73521805 12.58524895 -4.85809994
v -9.25216198 12.58539867 -2.29203677
v -11.30766201 10.24126720 12.67669106
v -10.78169155 10.53843021 12.68120766
v -11.83363247 9.94415379 12.67217445
v -12.35955334 9.64704132 12.66760731
v -10.10927296 12.58519840 10.79970932
v -12.64085674 10.13230896 9.35610104
v -12.64085674 9.33140850 9.01070690
v -12.64085674 8.76016808 9.15896225
v -8.96644115 12.56753254 12.31935215
v -8.83655453 12.32999229 12.67207336
v -9.81647587 10.47117805 12.68346691
v -11.99548912 12.57310295 9.88709068
v -11.21797657 12.58283901 9.59238625
v -12.63879871 10.98149014 9.62034130
v -12.63056850 11.88231468 9.89160728
v -12.40442085 8.12358379 12.66951370
v -10.50791645 8.48222733 12.68346691
v -10.96989727 8.33853912 12.68155956
v -12.62580013 7.67886734 12.03493690
v -12.64085674 7.24178028 9.92453098
v -10.07449245 12.58534908 -3.29850721
v -12.63292694 11.90595341 -5.51465988
v -12.64100742 9.98857021 -3.09183311
v -9.44056702 12.58544922 -0.64787716
v -9.39233685 12.58544922 -1.48235333
v -10.07629871 12.58534908 1.02724838
v -9.68894768 12.58539867 0.32381311
v -12.64090729 10.57732582 1.88586509
v -12.64085674 7.77964497 9.05853653
v -12.64085674 7.36619616 9.14039326
v -4.79456186 12.58544922 -8.33582878
v -5.10171270 12.58539867 -8.64117241
v -5.22126055 12.58544922 -8.18907928
v -4.11516666 12.58539867 -9.29421902
v -4.54869080 12.58539867 -9.19374275
v -4.24154043 12.58544922 -8.88839912
v -4.70226622 12.58534908 -9.92583561
v -4.26879215 12.58534908 -10.02631187
v -2.39768243 12.58539867 -9.60939980
v -2.22177339 12.58539867 -10.05331326
v -2.72495866 12.58539867 -9.82109261
v -1.22654510 12.58544922 -9.54967594
v -1.47261691 12.58544922 -9.91760445
v -1.64847577 12.58544922 -9.47369194
v -0.64948320 12.58544922 -10.10189533
v -0.49440220 12.58539867 -10.57807922
v -0.89555502 12.58539867 -10.46977329
v 0.04647411 12.58168507 -9.00192451
v 0.28175554 12.57787037 -8.60900211
v 0.41630962 12.58168507 -9.13903809
v 0.62469029 11.31127548 -7.60147762
v 0.40019926 11.72472477 -7.63580608
v 0.19347481 11.29265594 -7.61984634
v 1.42092323 12.15413380 -7.52177906
v 1.01389837 12.15548801 -7.58677244
v 1.23843956 11.74198914 -7.55244398
v -0.61174178 12.13772202 -7.61964560
v -0.42474121 11.70590401 -7.62893057
v -0.21801676 12.13797283 -7.64489031
v -1.39964354 11.29662132 -7.48318434
v -1.01555455 11.28517818 -7.54812765
v -1.20255518 11.71704578 -7.53879261
v -4.39310789 10.39594650 -6.18482018
v -4.03647184 10.40553284 -6.41960001
v 3.71235776 12.58539867 -10.15358829
v 4.19923162 12.58539867 -10.07374001
v 4.31747484 12.58549976 -8.56448555
v 4.69574165 12.58549976 -8.38200188
v 4.65574217 12.58544922 -8.84834862
v 3.64209437 12.58544922 -9.47434425
v 3.79065108 12.58544922 -9.11068153
v 4.12896824 12.58544922 -9.39449501
v 2.58252501 12.58544922 -8.99138451
v 3.01745439 12.58544922 -8.90912628
v 2.86889791 12.58544922 -9.27278900
v 2.37073159 12.57516098 -8.02692127
v 2.76837134 12.58032990 -8.28619289
v 2.33344173 12.58032990 -8.36845112
v -1.13028443 8.02250481 -7.52177906
v -1.32019591 8.41040802 -7.50898123
v -2.31050587 8.80920219 -7.25748873
v -1.91025651 8.80378151 -7.37683582
v -0.42679894 10.03715229 -7.62014771
v -0.63512939 9.62872219 -7.60529184
v -0.20095284 9.64091778 -7.63284492
v -0.46363693 8.44438553 -7.61608219
v -0.21932165 8.84453487 -7.63083744
v -0.65349823 8.83228874 -7.60323429
v 0.65937024 8.05823898 -7.59038591
v 0.43708748 8.45748425 -7.62441349
v 0.19282238 8.05733585 -7.60965824
v 1.09153926 9.65763092 -7.56930733
v 1.51863933 9.64347744 -7.49658489
v 1.29685843 10.07248497 -7.53824091
v -5.19270372 12.57696724 -6.81513166
v -5.03626728 12.57305241 -6.32529688
v -4.77428627 12.57235050 -6.52981281
v -4.50402355 12.57626438 -7.16639757
v -4.49569225 12.58088207 -7.59841633
v -4.92239094 12.58088207 -7.45171642
v -3.48074007 12.58544922 -8.77718258
v -3.02714062 12.58544922 -8.97135925
v -3.35441685 12.58539867 -9.18305302
v -3.27140570 12.58118343 -8.12112427
v -2.93574834 12.57691765 -7.87088680
v -2.81780648 12.58118343 -8.31530190
v -1.83728302 12.57315350 -7.82511568
v -2.10077024 12.57716846 -8.16724682
v -2.21866179 12.57285213 -7.72288227
v -3.74161744 12.57199860 -7.06291008
v -3.39762855 12.57229996 -7.24474096
v -3.73333621 12.57661629 -7.49492836
v -3.94859266 11.26369762 -6.48263597
v -4.11591959 11.69496346 -6.39320087
v -4.30522871 11.25406170 -6.24785662
v -4.73453712 11.68602943 -5.95385504
v -4.54517794 12.12693119 -6.09919977
v -4.80715942 12.12763405 -5.89463329
v -3.41529489 11.70485020 -6.80976152
v -3.23863292 12.13641739 -6.90210772
v -3.58262157 12.13611603 -6.72032642
v -3.40671277 9.60899830 -6.79375172
v -3.54327416 10.01205826 -6.72404051
v -2.02940273 10.05321217 -7.34346104
v -2.25379348 9.63875961 -7.27420139
v -1.85359418 9.63333988 -7.39349842
v -2.56621385 10.46174335 -7.15445280
v -2.92716622 10.45035076 -7.01548243
v -2.79055429 10.04724026 -7.08514309
v -2.52606344 11.29636955 -7.17713785
v -2.71035385 11.71654415 -7.13051319
v -2.88701582 11.28497696 -7.03816748
v -2.15231323 12.14841175 -7.32509232
v -1.96802282 11.72823811 -7.37171698
v -1.77093446 12.14866257 -7.42732525
v -1.42092323 10.45627308 -7.47766399
v -1.24511456 10.03634930 -7.52770138
v -1.03678417 10.44482994 -7.54255676
v 0.43854293 10.06801796 -7.62933207
v 0.64386213 10.48292255 -7.59826565
v 0.21269684 10.46425247 -7.61663437
v 2.78006506 12.57029247 -7.54346037
v 3.15205860 12.57059383 -7.40152836
v 3.17770481 12.57546139 -7.80273151
v 1.52882755 12.57651615 -8.17417336
v 1.15909231 12.57275200 -7.89763737
v 1.56611717 12.57139683 -7.83264351
v 1.25635672 12.58168507 -8.76920223
v 1.02122581 12.58163452 -9.02265167
v 0.88667178 12.57787037 -8.49261570
v 2.19883752 12.58544922 -9.60849667
v 1.67728364 12.58544922 -9.58059216
v 1.91241455 12.58544922 -9.32709217
v 2.21800947 12.58539867 -10.20417786
v 1.69650567 12.58539867 -10.17622375
v -0.03362598 12.58544922 -9.87102985
v 0.33615938 12.58544922 -10.00814342
v 0.12145501 12.58539867 -10.34721375
v -0.48180500 12.57767010 -8.44669437
v -0.64029878 12.57365513 -8.02852726
v -0.24657375 12.57385540 -8.05377197
v -1.29746068 12.57741928 -8.34546471
v -1.13896692 12.58143425 -8.76363182
v -1.56089759 12.58143425 -8.68764687
v 3.92791533 12.57576275 -7.47831631
v 4.33182859 12.58063126 -7.69698524
v 3.95356131 12.58063126 -7.87946892
v 4.23672199 12.57064342 -6.86707640
v 4.57117510 12.57044315 -6.65703964
v 4.64063549 12.57551193 -7.08579588
v 3.85524297 11.26033497 -6.61287403
v 3.60731411 11.70530224 -6.76454210
v 3.46829343 11.28964520 -6.82230854
v 4.32871675 11.67584133 -6.34507084
v 4.41524076 12.12060738 -6.28670216
v 4.08078814 12.12080860 -6.49673891
v 2.61539817 12.14971638 -7.20007372
v 2.84837103 11.73436069 -7.11590862
v 2.98739171 12.15001774 -7.05814219
v 1.87838709 11.32522774 -7.40333509
v 2.29384351 11.32196617 -7.28850508
v 2.06092095 11.73732185 -7.37267065
v 1.33073533 8.44423485 -7.53241873
v 1.53560293 8.82932758 -7.49367380
v 1.10850286 8.84348011 -7.56639624
v 2.13946509 10.05506992 -7.35068798
v 2.33314061 10.48081493 -7.27751398
v 1.91763413 10.48407650 -7.39234400
v 3.13715291 9.55188465 -6.98682499
v 2.94287491 10.01471806 -7.07475424
v 2.74919939 9.58897305 -7.14792871
v 3.52350020 10.41115379 -6.79214573
v 3.71777797 9.94836998 -6.70421600
v 3.91044974 10.38184357 -6.58271122
v 4.80650663 10.76101398 -5.97076845
v 4.64058495 10.33125401 -6.13071775
v 4.29739952 10.35253429 -6.37322617
v -4.48741150 12.58544922 -8.03048515
v -4.36786366 12.58544922 -8.48252869
v -4.98216486 12.58539867 -9.09321594
v -5.34080839 12.58544922 -7.73703527
v -3.68169284 12.58539867 -9.39474583
v -3.98884344 12.58534908 -9.70008945
v -4.85584164 12.58539867 -9.49908638
v -3.93438959 12.58544922 -8.58305454
v -3.83526826 12.58534908 -10.12683868
v -3.41168118 12.58534908 -10.16643715
v -3.05218458 12.58534908 -10.03278637
v -2.57354140 12.58544922 -9.16548729
v -2.07040644 12.58544922 -9.39770699
v -1.71863854 12.58539867 -10.28553295
v -3.22809339 12.58539867 -9.58887291
v -0.98047316 12.58549976 -9.18179798
v -0.80461437 12.58549976 -9.62571144
v -1.29670787 12.58539867 -10.36151791
v -1.82433450 12.58549976 -9.02982903
v -0.40346149 12.58544922 -9.73396683
v -0.09319916 12.58539867 -10.68633461
v 0.70599490 12.58539867 -10.14520741
v 1.17500198 12.58539867 -10.14831924
v -0.18875715 12.58549976 -9.39484596
v -0.32331124 12.58168507 -8.86486053
v 0.14715128 12.57410717 -8.07901669
v 0.51698679 12.57410717 -8.21607971
v 0.78609496 12.58163452 -9.27610111
v 0.55086374 12.58544922 -9.66902351
v 0.84918129 10.89777660 -7.56714916
v 1.05590582 11.32989597 -7.58310890
v 0.60692376 12.15684319 -7.65176582
v 0.17570826 12.13822365 -7.67013502
v -0.23769046 11.27403641 -7.63821507
v -0.01319945 10.86053753 -7.60393667
v 1.82794809 12.15272808 -7.45678568
v 1.60345709 12.56622696 -7.49111414
v 0.78940737 12.56898785 -7.62110138
v 1.46288037 11.32849026 -7.51811552
v -0.79874235 12.56958961 -7.61036110
v -1.00546682 12.13752079 -7.59440136
v -0.63141549 11.27378559 -7.61297083
v -0.01129230 12.57009125 -7.66085005
v -1.78378260 11.30801392 -7.41829157
v -1.59673190 10.87614536 -7.42757607
v -0.82850385 10.85330963 -7.55741262
v -1.38955569 12.14891338 -7.52950811
v -4.49458838 10.81320953 -6.10251188
v -3.67983580 10.41511822 -6.65437937
v -3.78131604 10.83243179 -6.57207108
v 3.22553396 12.58539867 -10.23343754
v 3.49353790 12.58539867 -9.83800602
v 4.46723557 12.58539867 -9.67835808
v 4.68605566 12.58539867 -9.99389076
v 3.93925786 12.58549976 -8.74696922
v 3.97920752 12.58549976 -8.28067207
v 4.73569155 12.58549976 -7.91570473
v 4.61579227 12.58544922 -9.31464577
v 3.15527058 12.58544922 -9.55419350
v 3.45238376 12.58549976 -8.82681847
v 2.14754534 12.58544922 -9.07364273
v 2.29610205 12.58544922 -8.70998001
v 3.16601086 12.58549976 -8.54541397
v 2.72034121 12.58539867 -9.63645172
v 1.97314203 12.56999111 -7.76765013
v 2.40807152 12.56999111 -7.68539190
v 3.20335078 12.58032990 -8.20388412
v 1.89851248 12.58032990 -8.45070934
v -0.70790201 8.04423618 -7.60132694
v -1.08767474 8.82009315 -7.57568121
v -1.51005721 8.79836178 -7.49618340
v -2.47818398 9.22425747 -7.20489168
v -1.67778552 9.21341610 -7.44353580
v -0.21851864 10.44563293 -7.63500309
v -0.65269524 10.43343735 -7.60745001
v -1.06930602 9.61647606 -7.57773876
v -0.84340972 9.22024250 -7.59043646
v 0.02494345 9.24468327 -7.64559269
v 0.23322374 9.65311337 -7.66044855
v -0.27372548 8.05643177 -7.62888050
v 0.21485491 8.85673046 -7.65839100
v 1.12591803 8.05909157 -7.57116413
v 0.68140274 8.85763359 -7.63916874
v 0.66443920 9.67178345 -7.64207983
v 0.88622010 9.24272633 -7.60042381
v 1.74042022 9.21442032 -7.45492840
v 1.94573939 9.62932491 -7.42386246
v 1.50217760 10.48738956 -7.50712395
v 1.07507765 10.50149250 -7.57989693
v -5.34908962 12.58083153 -7.30501699
v -4.87983131 12.56918812 -5.83541155
v -4.35586834 12.56778336 -6.24454403
v -4.51230478 12.57169819 -6.73437929
v -4.08560610 12.57169819 -6.88107872
v -4.06899357 12.58088207 -7.74516582
v -3.60711336 12.58549976 -8.37136173
v -2.69986463 12.58549976 -8.75966644
v -3.72500515 12.58118343 -7.92699718
v -3.05363989 12.57260132 -7.42652225
v -2.60004067 12.57260132 -7.62069988
v -2.36420703 12.58118343 -8.50942898
v -1.57384610 12.56908798 -7.48293352
v -1.45595443 12.57340431 -7.92729807
v -1.98282838 12.58143425 -8.61166191
v -2.33660364 12.56858635 -7.27851772
v -3.74989843 12.56738186 -6.63089132
v -3.06192088 12.56803417 -6.99450350
v -5.06914043 12.12828636 -5.69011688
v -3.59195662 11.27328300 -6.71741581
v -3.92656016 12.13581467 -6.53849554
v -4.28319645 12.12622929 -6.30376577
v -4.66186476 11.24447536 -6.01307678
v -3.24801803 11.27358437 -6.89919662
v -2.89464426 12.13676834 -7.08393860
v -3.01494503 9.63278770 -7.01588392
v -3.28811836 10.43895817 -6.87651157
v -1.80501223 10.46766567 -7.41272068
v -2.20526171 10.47313595 -7.29342365
v -2.65399265 9.64418030 -7.15485430
v -1.45339489 9.62791920 -7.51284552
v -2.34182334 10.87619591 -7.22371244
v -3.06372762 10.85341072 -6.94577122
v -2.16511130 11.30776215 -7.31610870
v -2.53369212 12.14816093 -7.22290945
v 2.38242531 12.56512356 -7.28418875
v 3.12641263 12.56567478 -7.00037575
v 3.52405214 12.57084465 -7.25964689
v 3.57534432 12.58063126 -8.06195259
v 1.49148762 12.58168507 -8.51570225
v 0.75211769 12.57410717 -7.96263075
v 1.62604165 12.58544922 -9.04573822
v 1.15577996 12.58544922 -9.55263710
v 2.48521042 12.58539867 -9.88990116
v 1.44220293 12.58544922 -9.83404160
v 2.73956323 12.58539867 -10.23213291
v -0.71703625 12.58148479 -8.83961582
v -1.03402376 12.57340431 -8.00328255
v 3.90226912 12.57084465 -7.07711315
v 4.71004534 12.58063126 -7.51450157
v 3.83285904 12.56577587 -6.64840698
v 4.50176525 12.56542397 -6.22833347
v 4.10317183 10.81536770 -6.46120596
v 4.24219275 11.23102474 -6.40338898
v 3.74633503 12.12100887 -6.70677567
v 3.35938525 12.15031910 -6.91621017
v 3.08134365 11.31895447 -7.03179359
v 3.32927251 10.87398720 -6.88012505
v 4.57664585 11.23082447 -6.19335222
v 2.24340463 12.14946556 -7.34200573
v 2.70935011 11.31865311 -7.17372513
v 1.69585323 10.91313457 -7.43400002
v 2.52681637 10.90655994 -7.20439005
v 1.96270299 8.81517410 -7.42095137
v 2.36124611 9.62601185 -7.30903196
v 2.74864745 10.47755241 -7.16273403
v 3.52510619 9.51484585 -6.82572126
v 3.13660073 10.44046307 -7.00163031
v 2.55547357 9.16322803 -7.22110271
v 2.39878654 8.75881386 -7.29482889
f 2012 2013 2011
f 2014 2015 2011
f 2016 2017 2014
f 2018 2019 2016
f 2021 2022 2020
f 2024 2025 2023
f 2027 2028 2026
f 2026 2030 2029
f 2032 2033 2031
f 2033 2034 2029
f 2036 2037 2035
f 2039 2040 2038
f 2037 2041 2038
f 2043 2044 2042
f 2041 2045 2044
f 2047 2048 2046
f 2050 2051 2049
f 2052 2053 2049
f 2054 2055 2052
f 2056 2057 2054
f 2058 2059 2057
f 2060 2061 2055
f 2053 2063 2062
f 2065 2066 2064
f 2067 2068 2064
f 2070 2071 2069
f 2071 2072 2067
f 2074 2075 2073
f 2077 2078 2076
f 2080 2081 2079
f 2082 2083 2081
f 2084 2085 2083
f 2084 2087 2086
f 2089 2090 2088
f 2090 2092 2091
f 2093 2094 2092
f 2093 2095 2050
f 2095 2097 2096
f 2099 2100 2098
f 2101 2102 2100
f 2104 2105 2103
f 2107 2108 2106
f 2109 2110 2106
f 2111 2112 2110
f 2114 2115 2113
f 2117 2118 2116
f 2120 2121 2119
f 2123 2124 2122
f 2125 2126 2124
f 2127 2128 2125
f 2129 2130 2127
f 2132 2133 2131
f 2134 2135 2133
f 2136 2137 2135
f 2139 2140 2138
f 2142 2143 2141
f 2144 2145 2141
f 2146 2147 2142
f 2149 2150 2148
f 2147 2151 2150
f 2152 2153 2148
f 2154 2155 2152
f 2156 2157 2154
f 2159 2160 2158
f 2161 2162 2158
f 2163 2164 2161
f 2165 2166 2163
f 2166 2168 2167
f 2134 2170 2169
f 2171 2172 2170
f 2174 2175 2173
f 2177 2178 2176
f 2179 2180 2173
f 2178 2181 2179
f 2182 2183 2181
f 2184 2185 2183
f 2182 2187 2186
f 2189 2190 2188
f 2192 2193 2191
f 2194 2195 2193
f 2196 2197 2195
f 2198 2199 2196
f 2200 2201 2194
f 2201 2203 2202
f 2204 2205 2203
f 2207 2208 2206
f 2209 2210 2208
f 2212 2213 2211
f 2214 2215 2213
f 2217 2218 2216
f 2220 2221 2219
f 2216 2223 2222
f 2224 2225 2223
f 2226 2227 2225
f 2227 2228 2219
f 2230 2231 2229
f 2233 2234 2232
f 2235 2236 2232
f 2237 2238 2236
f 2240 2241 2239
f 2242 2243 2239
f 2244 2245 2242
f 2246 2247 2245
f 2248 2249 2243
f 2249 2251 2250
f 2253 2254 2252
f 2255 2256 2254
f 2257 2258 2256
f 2259 2260 2253
f 2261 2262 2259
f 2264 2265 2263
f 2267 2268 2266
f 2270 2271 2269
f 2273 2274 2272
f 2275 2276 2274
f 2277 2278 2276
f 2279 2280 2277
f 2282 2283 2281
f 2284 2285 2281
f 2286 2287 2275
f 2289 2290 2288
f 2291 2292 2288
f 2293 2294 2291
f 2295 2296 2293
f 2297 2298 2295
f 2300 2301 2299
f 2303 2304 2302
f 2306 2307 2305
f 2309 2310 2308
f 2312 2313 2311
f 2315 2316 2314
f 2314 2318 2317
f 2319 2320 2317
f 2320 2322 2321
f 2323 2324 2322
f 2325 2326 2324
f 2327 2328 2326
f 2330 2331 2329
f 2333 2334 2332
f 2335 2336 2334
f 2337 2338 2336
f 2339 2340 2338
f 2341 2342 2339
f 2341 2344 2343
f 2345 2346 2343
f 2348 2349 2347
f 2349 2350 2345
f 2351 2352 2344
f 2352 2353 2347
f 2354 2355 2353
f 2357 2358 2356
f 2360 2361 2359
f 2363 2364 2362
f 2366 2367 2365
f 2362 2369 2368
f 2371 2372 2370
f 2373 2374 2370
f 2375 2376 2372
f 2377 2378 2375
f 2380 2381 2379
f 2382 2383 2379
f 2385 2386 2384
f 2387 2388 2384
f 2390 2391 2389
f 2392 2393 2391
f 2394 2395 2393
f 2397 2398 2396
f 2400 2401 2399
f 2403 2404 2402
f 2405 2406 2404
f 2408 2409 2407
f 2411 2412 2410
f 2414 2415 2413
f 2416 2417 2415
f 2419 2420 2418
f 2421 2422 2419
f 2423 2424 2422
f 2424 2426 2425
f 2427 2428 2426
f 2430 2431 2429
f 2433 2434 2432
f 2435 2436 2434
f 2437 2438 2436
f 2439 2440 2438
f 2441 2442 2440
f 2442 2443 2432
f 2445 2446 2444
f 2447 2448 2444
f 2449 2450 2437
f 2452 2453 2451
f 2454 2455 2451
f 2457 2458 2456
f 2458 2459 2454
f 2423 2461 2460
f 2463 2464 2462
f 2465 2466 2464
f 2467 2468 2466
f 2469 2470 2467
f 2469 2472 2471
f 2473 2474 2472
f 2475 2476 2474
f 2477 2478 2476
f 2479 2480 2478
f 2482 2483 2481
f 2485 2486 2484
f 2487 2488 2484
f 2490 2491 2489
f 2492 2493 2489
f 2494 2495 2492
f 2477 2496 2495
f 2498 2499 2497
f 2497 2501 2500
f 2502 2503 2501
f 2505 2506 2504
f 2507 2508 2504
f 2508 2510 2509
f 2512 2513 2511
f 2515 2516 2514
f 2517 2518 2516
f 2519 2520 2514
f 2521 2522 2519
f 2524 2525 2523
f 2526 2527 2525
f 2529 2530 2528
f 2524 2532 2531
f 2533 2534 2532
f 2535 2536 2534
f 2537 2538 2536
f 2540 2541 2539
f 2543 2544 2542
f 2545 2546 2542
f 2548 2549 2547
f 2550 2551 2547
f 2553 2554 2552
f 2556 2557 2555
f 2559 2560 2558
f 2562 2563 2561
f 2564 2565 2563
f 2567 2568 2566
f 2569 2570 2566
f 2571 2572 2569
f 2574 2575 2573
f 2577 2578 2576
f 2580 2581 2579
f 2583 2584 2582
f 2585 2586 2584
f 2587 2588 2581
f 2562 2587 2577
f 2590 2591 2589
f 2592 2593 2591
f 2595 2596 2594
f 2597 2598 2596
f 2600 2601 2599
f 2602 2603 2601
f 2605 2606 2604
f 2606 2607 2599
f 2609 2610 2608
f 2611 2612 2608
f 2613 2614 2611
f 2615 2616 2613
f 2618 2619 2617
f 2620 2621 2619
f 2622 2623 2621
f 2625 2626 2624
f 2625 2628 2627
f 2629 2630 2628
f 2632 2633 2631
f 2633 2635 2634
f 2637 2638 2636
f 2639 2640 2638
f 2642 2643 2641
f 2644 2645 2642
f 2647 2648 2646
f 2650 2651 2649
f 2652 2653 2651
f 2655 2656 2654
f 2653 2658 2657
f 2659 2660 2658
f 2661 2662 2660
f 2664 2665 2663
f 2666 2667 2664
f 2669 2670 2668
f 2671 2672 2670
f 2674 2675 2673
f 2676 2677 2673
f 2678 2679 2676
f 2680 2681 2678
f 2683 2684 2682
f 2685 2686 2682
f 2688 2689 2687
f 2690 2691 2688
f 2693 2694 2692
f 2695 2696 2694
f 2697 2698 2696
f 2697 2699 2683
f 2701 2702 2700
f 2704 2705 2703
f 2706 2707 2705
f 2708 2709 2707
f 2710 2711 2709
f 2712 2713 2711
f 2715 2716 2714
f 2718 2719 2717
f 2720 2721 2719
f 2723 2724 2722
f 2726 2727 2725
f 2729 2730 2728
f 2731 2732 2730
f 2734 2735 2733
f 2736 2737 2735
f 2737 2738 2728
f 2739 2740 2729
f 2742 2743 2741
f 2741 2744 2740
f 2746 2747 2745
f 2739 2748 2747
f 2750 2751 2749
f 2753 2754 2752
f 2755 2756 2752
f 2757 2758 2755
f 2756 2759 2612
f 2759 2761 2760
f 2762 2763 2761
f 2573 2764 2763
f 2758 2765 2762
f 2767 2768 2766
f 2770 2771 2769
f 2773 2774 2772
f 2775 2776 2774
f 2775 2777 2616
f 2767 2773 2770
f 2766 2778 2777
f 2779 2780 2778
f 2614 2780 2753
f 2781 2782 2750
f 2784 2785 2783
f 2784 2786 2643
f 2781 2787 2786
f 2782 2788 2738
f 2748 2788 2783
f 2736 2757 2751
f 2789 2790 2726
f 2790 2792 2791
f 2793 2794 2791
f 2795 2796 2793
f 2796 2797 2570
f 2722 2798 2792
f 2799 2800 2798
f 2800 2801 2795
f 2802 2803 2801
f 2804 2805 2799
f 2805 2807 2806
f 2808 2809 2807
f 2810 2811 2809
f 2812 2813 2811
f 2814 2815 2813
f 2817 2818 2816
f 2819 2820 2818
f 2822 2823 2821
f 2824 2825 2819
f 2817 2827 2826
f 2828 2829 2827
f 2831 2832 2830
f 2833 2834 2830
f 2835 2836 2834
f 2808 2838 2837
f 2810 2840 2839
f 2840 2841 2835
f 2843 2844 2842
f 2846 2847 2845
f 2849 2850 2848
f 2852 2853 2851
f 2855 2856 2854
f 2855 2858 2857
f 2859 2860 2857
f 2861 2862 2859
f 2863 2864 2861
f 2858 2865 2863
f 2867 2868 2866
f 2870 2871 2869
f 2872 2873 2871
f 2874 2875 2870
f 2877 2878 2876
f 2879 2880 2872
f 2879 2882 2881
f 2884 2885 2883
f 2886 2887 2885
f 2887 2888 2881
f 2889 2890 2888
f 2886 2892 2891
f 2894 2895 2893
f 2896 2897 2893
f 2898 2899 2896
f 2900 2901 2897
f 2894 2903 2902
f 2890 2905 2904
f 2902 2906 2905
f 2908 2909 2907
f 2910 2911 2909
f 2913 2914 2912
f 2916 2917 2915
f 2916 2919 2918
f 2919 2921 2920
f 2923 2924 2922
f 2925 2926 2924
f 2927 2928 2926
f 2930 2931 2929
f 2933 2934 2932
f 2935 2936 2932
f 2929 2937 2935
f 2938 2939 2937
f 2940 2941 2938
f 2941 2943 2942
f 2945 2946 2944
f 2948 2949 2947
f 2950 2951 2947
f 2952 2953 2950
f 2954 2955 2953
f 2957 2958 2956
f 2959 2960 2958
f 2961 2962 2956
f 2964 2965 2963
f 2966 2967 2965
f 2968 2969 2967
f 2971 2972 2970
f 2974 2975 2973
f 2976 2977 2973
f 2979 2980 2978
f 2981 2982 2980
f 2984 2985 2983
f 2985 2987 2986
f 2988 2989 2987
f 2990 2991 2989
f 2993 2994 2992
f 2996 2997 2995
f 2998 2999 2995
f 3000 3001 2998
f 3002 3003 3001
f 3005 3006 3004
f 3007 3008 3006
f 3010 3011 3009
f 3013 3014 3012
f 3012 3016 3015
f 3018 3019 3017
f 3021 3022 3020
f 3022 3023 3017
f 3025 3026 3024
f 3028 3029 3027
f 3030 3031 3027
f 2988 3033 3032
f 3034 3035 3033
f 3036 3037 3035
f 2979 3038 3036
f 3039 3040 2978
f 3042 3043 3041
f 3044 3045 3043
f 3047 3048 3046
f 3049 3050 2964
f 3049 3052 3051
f 3050 3054 3053
f 3048 3055 3053
f 2966 3055 3044
f 3047 3056 3045
f 3058 3059 3057
f 3060 3061 3059
f 3063 3064 3062
f 3066 3067 3065
f 2912 3068 3067
f 2923 3066 3063
f 3064 3069 3057
f 3069 3071 3070
f 3073 3074 3072
f 3075 3076 3074
f 3078 3079 3077
f 3080 3081 3079
f 3075 3082 3080
f 3084 3085 3083
f 3086 3087 3085
f 3089 3090 3088
f 3090 3092 3091
f 3094 3095 3093
f 3097 3098 3096
f 3100 3101 3099
f 3102 3103 3099
f 2877 3105 3104
f 3106 3107 3105
f 3108 3109 3107
f 3110 3111 3109
f 3110 3113 3112
f 3114 3115 3113
f 3117 3118 3116
f 3115 3119 3116
f 3114 3121 3120
f 3108 3122 3121
f 3123 3124 3122
f 3126 3127 3125
f 3128 3129 3125
f 3130 3131 3128
f 3132 3133 3129
f 3135 3136 3134
f 3134 3138 3137
f 3135 3139 3117
f 3139 3140 3098
f 3141 3142 3138
f 3144 3145 3143
f 3136 3146 3145
f 3147 3148 3143
f 3148 3149 3018
f 3151 3152 3150
f 3154 3155 3153
f 3157 3158 3156
f 3160 3161 3159
f 3162 3163 3160
f 3163 3164 3011
f 3166 3167 3165
f 3169 3170 3168
f 3172 3173 3171
f 3174 3175 3171
f 3176 3177 3174
f 3178 3179 3177
f 3180 3181 3179
f 3182 3183 3175
f 3185 3186 3184
f 3187 3188 3184
f 3189 3190 2294
f 3190 3191 2292
f 3193 3194 3192
f 3189 3195 3194
f 3183 3197 3196
f 3198 3199 3192
f 3197 3200 3198
f 3202 3203 3201
f 3205 3206 3204
f 3207 3208 3204
f 3209 3210 3205
f 3211 3212 3206
f 3203 3213 3212
f 3214 3215 3188
f 3215 3216 3213
f 3185 3202 3200
f 3182 3217 3186
f 3181 3218 3217
f 2306 3220 3219
f 3220 3221 3176
f 2618 3221 3169
f 3156 3223 3222
f 3158 3225 3224
f 2620 3226 3154
f 3223 3226 3168
f 3224 3227 3155
f 3227 3228 3151
f 3149 3229 3152
f 3230 3231 3147
f 3230 3232 3132
f 3133 3234 3233
f 3124 3235 3233
f 3236 3237 3229
f 3131 3236 3231
f 3238 3239 3130
f 3235 3240 3126
f 3240 3242 3241
f 2659 3244 3243
f 3242 3245 3243
f 2661 3246 3106
f 3123 3246 3245
f 2652 3247 3244
f 3234 3248 3120
f 3146 3249 3232
f 3248 3249 3119
f 3118 3250 3112
f 3097 3251 3250
f 3252 3253 3104
f 3111 3254 3252
f 3100 3254 3251
f 3255 3256 3101
f 3257 3258 3256
f 3260 3261 3259
f 3084 3262 3260
f 3264 3265 3263
f 3096 3265 3255
f 3257 3266 3261
f 3264 3267 3266
f 3269 3270 3268
f 3095 3271 3259
f 3092 3272 3268
f 3271 3272 3086
f 3089 3273 3087
f 3082 3274 3273
f 3070 3276 3275
f 3061 3277 3062
f 3278 3279 3046
f 3277 3280 2925
f 3281 3282 3078
f 3282 3283 3076
f 3275 3283 3058
f 3284 3285 3281
f 3060 3285 3279
f 3284 3286 3056
f 3287 3288 3286
f 3077 3289 3287
f 3290 3291 3289
f 3088 3292 3081
f 3292 3293 3290
f 3294 3295 3293
f 3295 3296 3040
f 3298 3299 3297
f 3091 3299 3294
f 3270 3300 3297
f 3301 3302 3298
f 3296 3302 3038
f 3303 3304 3037
f 3028 3303 3301
f 3300 3305 3029
f 3094 3306 3269
f 3307 3308 3306
f 3267 3309 3093
f 3310 3311 3309
f 3311 3312 3307
f 3263 3313 3310
f 3140 3314 3313
f 3312 3316 3315
f 3137 3316 3314
f 3317 3318 3142
f 3318 3319 3315
f 3308 3320 3305
f 3319 3321 3320
f 3030 3321 3025
f 3322 3323 3031
f 3322 3325 3324
f 3024 3326 3325
f 3026 3317 3021
f 3141 3144 3023
f 3327 3328 3019
f 3228 3329 3327
f 3157 3331 3330
f 3015 3329 3225
f 3330 3332 3013
f 3161 3333 3332
f 3328 3334 3020
f 3016 3335 3334
f 3335 3336 3326
f 3338 3339 3337
f 3014 3337 3336
f 3010 3338 3333
f 3340 3341 3009
f 3339 3342 3324
f 3341 3343 3342
f 3323 3344 3304
f 3032 3344 3343
f 3340 3345 2990
f 3346 3347 3005
f 3345 3348 3347
f 3164 3349 3348
f 3007 3349 3166
f 3351 3352 3350
f 3352 3353 3008
f 3354 3355 3353
f 3357 3358 3356
f 3358 3359 3354
f 3361 3362 3360
f 2342 3364 3363
f 3365 3366 3364
f 3367 3368 3366
f 3370 3371 3369
f 3373 3374 3372
f 3376 3377 3375
f 3378 3379 3377
f 3380 3381 3379
f 3383 3384 3382
f 3386 3387 3385
f 3389 3390 3388
f 3391 3392 3388
f 3393 3394 3391
f 3387 3395 3393
f 3396 3397 3392
f 3398 3399 3397
f 3401 3402 3400
f 3404 3405 3403
f 3407 3408 3406
f 3409 3410 3408
f 3411 3412 3409
f 3413 3414 3407
f 3415 3416 3413
f 3417 3418 3415
f 3420 3421 3419
f 3422 3423 3421
f 3424 3425 3423
f 3427 3428 3426
f 8053 8054 8055
f 8056 8057 8058
f 3433 3434 3431
f 3435 3436 3433
f 3437 3438 3436
f 3440 3441 3439
f 3442 3443 3441
f 3445 3446 3444
f 3448 3449 3447
f 3450 3451 3449
f 3448 3453 3452
f 3453 3455 3454
f 3457 3458 3456
f 3459 3460 3458
f 3461 3462 3456
f 3464 3465 3463
f 3466 3467 3464
f 3469 3470 3468
f 3471 3472 3468
f 8059 8060 8061
f 8062 8063 8064
f 8065 8066 8067
f 3482 3483 3481
f 3484 3485 3469
f 3486 8069 8068
f 8070 8071 8072
f 3491 8074 8073
f 3493 3495 3494
f 3496 3497 3495
f 3498 3499 3497
f 3500 3501 3499
f 3501 3502 3494
f 3504 3505 3503
f 3487 3506 3505
f 3507 3508 3503
f 3509 3510 3507
f 3512 3513 3511
f 3498 3514 3513
f 3515 3516 3514
f 3517 3518 3516
f 3519 3520 3518
f 3522 3523 3521
f 3525 3526 3524
f 3528 3529 3527
f 3519 3530 3528
f 3531 3532 3515
f 3533 3534 3492
f 3536 3537 3535
f 3539 3540 3538
f 8446 8447 8448
f 8449 8450 8451
f 3545 8453 8452
f 3549 3550 3548
f 3551 3552 3548
f 3553 3554 3551
f 3555 3556 3553
f 3557 3558 3550
f 3558 3559 3555
f 3561 3562 3560
f 8454 8455 8456
f 8457 8458 8459
f 3568 3569 3567
f 8460 8461 8462
f 3556 3572 3571
f 3573 3574 3572
f 3575 3576 3571
f 3577 3578 3575
f 3579 3580 3577
f 3580 3582 3581
f 3583 3584 3581
f 3585 3586 3583
f 3587 3588 3585
f 3590 3591 3589
f 3586 3592 3591
f 3593 3594 3589
f 3595 3596 3593
f 3597 3598 3595
f 3599 3600 3597
f 3602 3603 3601
f 3604 3605 3601
f 3607 3608 3606
f 3609 3610 3606
f 3587 3611 3610
f 3607 3613 3612
f 3615 3616 3614
f 3618 3619 3617
f 8463 8464 8465
f 8466 8467 8468
f 8469 8470 8471
f 8472 8473 8474
f 8475 8476 8477
f 3633 8478 8479
f 3636 3637 3635
f 3638 3639 3637
f 3641 3642 3640
f 3644 3645 3643
f 3646 8076 8075
f 3647 3649 3644
f 3457 3651 3650
f 3653 3654 3652
f 3654 3655 3650
f 3656 3657 3651
f 3658 3659 3656
f 3661 3662 3660
f 3663 3664 3660
f 3666 3667 3665
f 3667 3668 3663
f 3485 3670 3669
f 3668 3671 3669
f 3673 3674 3672
f 3675 3676 3674
f 3678 3679 3677
f 3681 3682 3680
f 3684 3685 3683
f 3687 3688 3686
f 3688 3689 3683
f 3690 3691 3685
f 3692 3693 3691
f 3695 3696 3694
f 3692 3697 3696
f 3698 3699 3694
f 3701 3702 3700
f 3702 3703 3698
f 3705 3706 3704
f 3701 3705 3504
f 3508 3707 3703
f 3708 3709 3699
f 3711 3712 3710
f 3695 3713 3712
f 3715 3716 3714
f 3718 3719 3717
f 3719 3720 3714
f 3721 3722 3718
f 3724 3725 3723
f 3726 3727 3725
f 3728 3729 3727
f 3731 3732 3730
f 3732 3733 3728
f 3735 3736 3734
f 3733 3736 3722
f 3738 3739 3737
f 3741 3742 3740
f 3743 3744 3742
f 3745 3746 3740
f 3748 3749 3747
f 3751 3752 3750
f 3753 3754 3751
f 3754 3756 3755
f 3757 3758 3756
f 3759 3760 3758
f 3762 3763 3761
f 3765 3766 3764
f 3767 3768 3764
f 3769 3770 3762
f 3771 3772 3770
f 3771 3774 3773
f 3578 3776 3775
f 3778 3779 3777
f 3781 3782 3780
f 3784 3785 3783
f 3786 3787 3785
f 3788 3789 3787
f 3790 3791 3789
f 3793 3794 3792
f 3792 3796 3795
f 3797 3798 3795
f 3799 3800 3797
f 3802 3803 3801
f 3803 3805 3804
f 3806 3807 3805
f 3808 3809 3807
f 3810 3811 3809
f 3812 3813 3811
f 3812 3814 3793
f 3815 3816 3814
f 3818 3819 3817
f 3820 3821 3819
f 3822 3823 3817
f 3824 3825 3822
f 3827 3828 3826
f 3829 3830 3828
f 3831 3832 3830
f 3833 3834 3832
f 3833 3836 3835
f 3810 3838 3837
f 3839 3840 3838
f 3808 3842 3841
f 3843 3844 3806
f 3846 3847 3845
f 3802 3849 3848
f 3850 3851 3849
f 3852 3853 3851
f 3855 3856 3854
f 3857 3858 3854
f 3860 3861 3859
f 3862 3863 3857
f 3861 3864 3862
f 3865 3866 3786
f 3868 3869 3867
f 3871 3872 3870
f 3873 3874 3870
f 3876 3877 3875
f 3878 3879 3863
f 3881 3882 3880
f 3884 3885 3883
f 3887 3888 3886
f 3890 3891 3889
f 3889 3893 3892
f 3894 3895 3892
f 3897 3898 3896
f 3898 3899 3894
f 3890 3901 3900
f 3903 3904 3902
f 3905 3906 3904
f 3908 3909 3907
f 3910 3911 3888
f 3913 3914 3912
f 3915 3916 3914
f 3918 3919 3917
f 3913 3920 3917
f 3920 3922 3921
f 3908 3923 3922
f 3925 3926 3924
f 3927 3928 3924
f 3930 3931 3929
f 3930 3932 3925
f 3934 3935 3933
f 3936 3937 3935
f 3939 3940 3938
f 3941 3942 3938
f 3944 3945 3943
f 3947 3948 3946
f 3949 3950 3946
f 3951 3952 3949
f 3954 3955 3953
f 3953 3956 3952
f 3947 3958 3957
f 3960 3961 3959
f 3958 3962 3961
f 3963 3964 3959
f 3965 3966 3963
f 3968 3969 3967
f 3971 3972 3970
f 3973 3974 3970
f 3976 3977 3975
f 3978 3979 3977
f 3981 3982 3980
f 3983 3984 3974
f 3986 3987 3985
f 3985 3988 3984
f 3989 3990 3987
f 3992 3993 3991
f 3989 3994 3993
f 3996 3997 3995
f 3998 3999 3997
f 4000 4001 3998
f 4003 4004 4002
f 4005 4006 4004
f 4008 4009 4007
f 4010 4011 2098
f 4005 4012 4011
f 4009 4012 2109
f 4003 4013 2111
f 4002 4014 4001
f 4013 4016 4015
f 4000 4017 4016
f 2117 4019 4018
f 4019 4020 4015
f 4021 4022 4017
f 3996 4023 4021
f 4025 4026 4024
f 4028 4029 4027
f 4028 4031 4030
f 4033 4034 4032
f 4034 4035 4031
f 4036 4037 4035
f 4039 4040 4038
f 4038 4041 4037
f 4043 4044 4042
f 4045 4046 4043
f 4048 4049 4047
f 4050 4051 4047
f 4053 4054 4052
f 4052 4056 4055
f 4058 4059 4057
f 4060 4061 4059
f 4062 4063 4060
f 2119 4065 4064
f 4066 4067 4064
f 4058 4069 4068
f 4070 4071 4069
f 4072 4073 4071
f 4074 4075 4073
f 4076 4077 4074
f 4079 4080 4078
f 4081 4082 4080
f 4083 4084 4082
f 2132 4085 4084
f 4087 4088 4086
f 4089 4090 4088
f 4091 4092 2177
f 4091 4094 4093
f 4095 4096 4093
f 4097 4098 4095
f 4099 4100 4097
f 4102 4103 4101
f 4076 4105 4104
f 4106 4107 4105
f 4108 4109 4107
f 4109 4110 4101
f 4111 4112 4110
f 4113 4114 4111
f 4115 4116 4108
f 4072 4117 4106
f 4118 4119 4070
f 4118 4121 4120
f 4123 4124 4122
f 4126 4127 4125
f 4128 4129 4127
f 4130 4131 4129
f 4130 4133 4132
f 4134 4135 4133
f 4136 4137 4135
f 4139 4140 4138
f 4126 4141 4139
f 4143 4144 4142
f 4145 8481 8480
f 4149 4150 4148
f 4146 4151 4149
f 8482 8483 8484
f 8485 8486 8487
f 8488 8489 8490
f 8491 8492 8493
f 4152 4161 4160
f 4162 4163 4160
f 2217 4164 4161
f 4165 4166 4164
f 4168 4169 4167
f 4171 4172 4170
f 4174 4175 4173
f 4177 4178 4176
f 4179 4180 2233
f 2238 4182 4181
f 4181 4183 4179
f 4185 4186 4184
f 4188 4189 4187
f 4191 4192 4190
f 4193 4194 4190
f 4196 4197 4195
f 4199 4200 4198
f 4201 4202 4198
f 4203 4204 4201
f 4197 4205 4203
f 4206 4207 4205
f 4208 4209 4207
f 4211 4212 4210
f 4214 4215 4213
f 4216 4217 4213
f 4217 4219 4218
f 4220 4221 4219
f 4223 4224 4222
f 4226 4227 4225
f 4228 4229 4225
f 4231 4232 4230
f 4234 4235 4233
f 4236 4237 4235
f 4239 4240 4238
f 4242 4243 4241
f 4245 4246 4244
f 4246 4247 4241
f 4098 4248 4247
f 4248 4250 4249
f 4245 4251 4096
f 4251 4253 4252
f 4240 4254 4244
f 4232 4255 4233
f 4255 4256 4254
f 4231 4257 2189
f 4258 4259 4237
f 4259 4260 4230
f 4202 4261 4258
f 4262 4263 4260
f 4262 4264 2200
f 4264 4266 4265
f 4226 4268 4267
f 4265 4268 2204
f 4269 4270 4267
f 2209 4271 4229
f 4222 4227 4214
f 4215 4270 4210
f 4211 4272 4209
f 4274 4275 4273
f 4275 4277 4276
f 4278 4279 4273
f 4281 4282 4280
f 4280 4283 4279
f 4274 4284 2265
f 4285 4286 4284
f 4208 4288 4287
f 4283 4288 4285
f 4206 4289 4286
f 4272 4290 4204
f 4269 4291 4290
f 4261 4291 4266
f 4199 4236 4191
f 4200 4292 4195
f 4294 4295 4293
f 4292 4296 4294
f 4194 4297 4296
f 4192 4298 4187
f 4239 4298 4234
f 4185 4193 4189
f 4183 4186 4177
f 4180 4300 4299
f 4301 4302 4299
f 4176 4303 4300
f 4188 4304 4178
f 4305 4306 4304
f 4243 4305 4238
f 4112 4308 4307
f 4309 4310 4308
f 4310 4311 4249
f 4242 4311 4174
f 4114 4313 4312
f 4312 4314 4309
f 4175 4314 4172
f 4306 4315 4303
f 4173 4316 4315
f 4316 4317 4301
f 4171 4318 4317
f 4319 4320 4313
f 4170 4320 4167
f 4319 4322 4321
f 4322 4324 4323
f 4321 4326 4325
f 4327 4328 4326
f 4325 4329 4168
f 4169 4331 4330
f 4330 4332 4318
f 4333 4334 4331
f 4335 4336 4166
f 4335 4337 4334
f 4336 4338 4162
f 4339 4340 4140
f 4151 4163 4144
f 4339 4341 4150
f 4143 4342 4340
f 4343 4344 4342
f 4345 4346 4333
f 4338 4346 4142
f 4329 4347 4345
f 4348 4349 4328
f 4347 4349 4343
f 4134 4350 4348
f 4350 4351 4344
f 4138 4351 4128
f 4122 4131 4120
f 4117 4353 4352
f 4132 4353 4119
f 4115 4352 4137
f 4327 4354 4136
f 4116 4356 4355
f 4323 4356 4354
f 4113 4355 4324
f 4307 4357 4102
f 4250 4358 4357
f 4103 4359 4104
f 4360 4361 4359
f 4363 4364 4362
f 4365 4366 4362
f 4365 4367 4361
f 4100 4360 4358
f 4090 4368 4094
f 4099 4368 4366
f 4081 4363 4089
f 4079 4369 4364
f 4370 4371 4369
f 4367 4371 4077
f 4068 4372 4062
f 4075 4373 4372
f 4067 4375 4374
f 4370 4375 4373
f 4066 4376 4063
f 4377 4378 4056
f 4057 4378 4121
f 4379 4380 4061
f 4380 4381 4055
f 4053 4383 4382
f 4385 4386 4384
f 4387 4388 4384
f 4385 4389 3598
f 4391 4392 4390
f 4393 4394 4390
f 4395 4396 4393
f 4397 4398 4395
f 4398 4400 4399
f 4401 4402 4396
f 4404 4405 4403
f 4406 4407 4405
f 4408 4409 4403
f 4410 4411 4404
f 4412 4413 3873
f 4415 4416 4414
f 4418 4419 4417
f 4421 4422 4420
f 4424 4425 4423
f 4426 4427 4423
f 4426 4428 3968
f 3903 4430 4429
f 4414 4431 4430
f 4429 4433 4432
f 4434 4435 4433
f 4421 4437 4436
f 4436 4438 4425
f 4439 4440 4422
f 4418 4439 4424
f 4419 4441 4431
f 4434 4441 4427
f 4442 4443 4416
f 4445 4446 4444
f 4442 4445 3874
f 4447 4448 3880
f 4449 4450 4447
f 4452 4453 4451
f 3875 4453 4450
f 4444 4454 4452
f 4443 4455 4417
f 4413 4456 4455
f 4456 4457 4440
f 4410 4458 4457
f 4459 4460 4409
f 4462 4463 4461
f 4464 4465 4463
f 4467 4468 4466
f 4468 4469 4461
f 4462 4470 4459
f 4460 4471 4458
f 4471 4472 4420
f 4470 4474 4473
f 4437 4476 4475
f 4473 4476 4472
f 4477 4478 4474
f 4402 4479 4478
f 3976 4480 4479
f 4480 4481 4475
f 4394 4477 4469
f 4389 4482 4392
f 4033 4483 4388
f 4482 4483 4397
f 4386 4484 4382
f 4485 4486 4383
f 4486 4487 4387
f 4051 4485 4381
f 4379 4488 4048
f 4376 4489 4488
f 4490 4491 4065
f 4489 4491 4044
f 4046 4492 4049
f 4039 4493 4492
f 4493 4494 4050
f 4487 4494 4036
f 4032 4495 4400
f 4024 4495 4027
f 4030 4041 4023
f 4040 4496 4022
f 4018 4496 4045
f 3995 4497 4029
f 4498 4499 4497
f 4499 4500 4025
f 4502 4503 4501
f 4505 4506 4504
f 4503 4507 4504
f 4508 4509 3994
f 4505 4508 3986
f 3983 4510 4506
f 3981 4511 4510
f 4501 4511 4500
f 3980 4512 4026
f 4512 4513 4399
f 4401 4513 3978
f 3979 3982 3973
f 3972 4514 3975
f 4514 4515 4481
f 4515 4516 4438
f 4516 4517 4428
f 3971 4518 4517
f 3988 4519 4518
f 4520 4521 3990
f 4519 4521 3969
f 3967 4522 4435
f 4523 4524 4522
f 4525 4526 4432
f 4524 4527 4525
f 4520 4528 4523
f 3966 4528 3992
f 4529 4530 3950
f 4530 4531 3962
f 3965 4531 4527
f 3948 4532 3943
f 4533 4534 4532
f 3957 4536 4535
f 4537 4538 4536
f 4535 4539 4533
f 4540 4541 4539
f 4541 4542 3942
f 4544 4545 4543
f 4546 4547 4543
f 4548 4549 3939
f 2021 4551 4550
f 4552 4553 4551
f 3941 4553 4534
f 3944 4552 3936
f 3934 4555 4554
f 3945 4554 3951
f 3928 3933 3931
f 3923 4556 3927
f 4555 4556 3954
f 3926 4557 3921
f 4557 4559 4558
f 4560 4561 4559
f 4563 4564 4562
f 4565 4566 4561
f 4566 4567 4562
f 4569 4570 4568
f 4571 4572 4570
f 4573 4574 4572
f 4575 4576 4574
f 4577 4578 4576
f 4563 4580 4579
f 4582 4583 4581
f 4584 4585 4583
f 4587 4588 4586
f 4590 4591 4589
f 4593 4594 4592
f 4595 4596 4593
f 4598 4599 4597
f 4596 4600 4599
f 4601 4602 4600
f 4591 4603 4601
f 4590 4605 4604
f 4607 4608 4606
f 4610 4611 4609
f 4613 4614 4612
f 4614 4616 4615
f 4613 4618 4617
f 4619 4620 4617
f 4621 4622 4620
f 4624 4625 4623
f 4627 4628 4626
f 4630 4631 4629
f 4631 4632 4626
f 4633 4634 4629
f 4636 4637 4635
f 4638 4639 4637
f 4640 4641 4635
f 4643 4644 4642
f 4644 4645 4640
f 4647 4648 4646
f 4650 4651 4649
f 4653 4654 4652
f 4656 4657 4655
f 4657 4658 4652
f 4660 4661 4659
f 4659 4663 4662
f 4660 4665 4664
f 4666 4667 4664
f 4668 4669 4666
f 4670 4671 4668
f 4673 4674 4672
f 4673 4675 4671
f 4676 4677 4573
f 4676 4679 4678
f 4680 4681 4679
f 4682 4683 4678
f 4684 4685 4682
f 4686 4687 4684
f 4689 4690 4688
f 4685 4692 4691
f 4694 4695 4693
f 4696 4697 4695
f 4699 4700 4698
f 4699 4701 4683
f 4703 4704 4702
f 4705 4706 4704
f 4705 4708 4707
f 4710 4711 4709
f 4713 4714 4712
f 4715 4716 4714
f 4718 4719 4717
f 4717 4720 4713
f 4721 4722 4720
f 4723 4724 4715
f 4725 4726 4716
f 4728 4729 4727
f 4731 4732 4730
f 4733 4734 4732
f 4728 4736 4735
f 4738 4739 4737
f 4740 4741 4739
f 4743 4744 4742
f 4740 4745 4744
f 4746 4747 4742
f 4749 4750 4748
f 4750 4751 4746
f 4753 4754 4752
f 4755 4756 4752
f 4758 4759 4757
f 4760 4761 4757
f 4763 4764 4762
f 4765 4766 4762
f 4768 4769 4767
f 4769 4770 4763
f 4768 4772 4771
f 4773 4774 4772
f 4775 4776 4774
f 4778 4779 4777
f 4780 4781 4777
f 4782 4783 4780
f 4784 4785 4782
f 4787 4788 4786
f 4790 4791 4789
f 4792 4793 4791
f 4795 4796 4794
f 4797 4798 4796
f 4799 4800 4794
f 4801 4802 4799
f 4803 4804 4801
f 4804 4805 2485
f 4807 4808 4806
f 4809 4810 4808
f 4811 4812 4810
f 4813 4814 4812
f 4815 4816 4814
f 4817 4818 4815
f 4820 4821 4819
f 4822 4823 4819
f 4824 4825 4822
f 4827 4828 4826
f 4830 4831 4829
f 4833 4834 4832
f 4836 4837 4835
f 4839 4840 4838
f 4841 4842 4838
f 4842 4844 4843
f 4846 4847 4845
f 4848 4849 4847
f 4843 4850 4849
f 4852 4853 4851
f 4853 4854 4845
f 4855 4856 4852
f 4858 4859 4857
f 4860 4861 4858
f 4860 4863 4862
f 4864 4865 4863
f 4866 4867 4862
f 4868 4869 4867
f 4870 4871 2167
f 4872 4873 4871
f 4869 4875 4874
f 2164 4873 4868
f 4874 4876 4861
f 4878 4879 4877
f 4881 4882 4880
f 4884 4885 4883
f 4883 4887 4886
f 4889 4890 4888
f 4891 4892 4890
f 4894 4895 4893
f 4897 4898 4896
f 4897 4900 4899
f 4902 4903 4901
f 4903 4904 4899
f 4905 4906 4902
f 4908 4909 4907
f 4911 4912 4910
f 4913 4914 4912
f 4915 4916 4913
f 4918 4919 4917
f 4921 4922 4920
f 4924 4925 4923
f 4926 4927 4925
f 4928 4929 4927
f 4930 4931 4928
f 4933 4934 4932
f 4935 4936 4933
f 4935 4938 4937
f 4939 4940 4937
f 4941 4942 4939
f 4943 4944 4941
f 4946 4947 4945
f 4949 4950 4948
f 4951 4952 4950
f 4953 4954 4952
f 4955 4956 4942
f 4958 4959 4957
f 4960 4961 4959
f 4962 4963 4961
f 4965 4966 4964
f 4968 4969 4967
f 4971 4972 4970
f 4973 4974 4970
f 4975 4976 4973
f 4977 4978 4975
f 4980 4981 4979
f 4983 4984 4982
f 4979 4985 4984
f 4986 4987 4982
f 4988 4989 4986
f 4990 4991 4988
f 4958 4992 4989
f 4994 4995 4993
f 4997 4998 4996
f 5000 5001 4999
f 5002 5003 5001
f 5005 5006 5004
f 5007 5008 5006
f 5009 5010 5007
f 5012 5013 5011
f 5014 5015 5013
f 5017 5018 5016
f 5020 5021 5019
f 5021 5023 5022
f 5024 5025 5023
f 5026 5027 5025
f 5028 5029 5027
f 5031 5032 5030
f 5033 5034 5032
f 5036 5037 5035
f 5039 5040 5038
f 5041 5042 5038
f 5043 5044 5041
f 5042 5046 5045
f 5047 5048 5046
f 5050 5051 5049
f 5053 5054 5052
f 5049 5055 5000
f 5056 5057 5055
f 5058 5059 5057
f 5002 5061 5060
f 5059 5062 5061
f 5063 5064 5060
f 5065 5066 5063
f 5067 5068 5065
f 5062 5069 5067
f 5071 5072 5070
f 5073 5074 5070
f 5076 5077 5075
f 5078 5079 5077
f 5076 5081 5080
f 5083 5084 5082
f 5085 5086 5084
f 5088 5089 5087
f 5091 5092 5090
f 5093 5094 5085
f 5096 5097 5095
f 5099 5100 5098
f 5101 5102 5098
f 5103 5104 5101
f 5105 5106 5104
f 5108 5109 5107
f 5110 5111 5109
f 5112 5113 5111
f 5115 5116 5114
f 5113 5117 5114
f 5118 5119 5117
f 5121 5122 5120
f 5124 5125 5123
f 5126 5127 5120
f 5128 5129 5126
f 5125 5130 5128
f 5131 5132 5129
f 5134 5135 5133
f 5136 5137 5133
f 5139 5140 5138
f 5140 5141 5136
f 5143 5144 5142
f 5146 5147 5145
f 5148 5149 5147
f 5148 5150 5141
f 5150 5152 5151
f 5154 5155 5153
f 5152 5156 5153
f 5157 5158 5156
f 5159 5160 5158
f 5161 5162 5159
f 2951 5164 5163
f 5166 5167 5165
f 5166 5169 5168
f 5171 5172 5170
f 5172 5174 5173
f 5175 5176 5174
f 5175 5177 2823
f 5178 5179 5177
f 5181 5182 5180
f 5183 5184 5180
f 5183 5185 5171
f 5187 5188 5186
f 5190 5191 5189
f 5193 5194 5192
f 5196 5197 5195
f 5199 5200 5198
f 5202 5203 5201
f 5200 5205 5204
f 5204 5207 5206
f 5209 5210 5208
f 5209 5212 5211
f 5213 5214 5005
f 5073 5215 5213
f 5216 5217 5215
f 5219 5220 5218
f 5221 5222 5220
f 5224 5225 5223
f 5221 5225 5198
f 5227 5228 5226
f 5230 5231 5229
f 5231 5232 5226
f 5233 5234 5230
f 5235 5236 5232
f 5236 5238 5237
f 5239 5240 5237
f 5227 5242 5241
f 5192 5242 5240
f 5223 5243 5228
f 5219 5244 5243
f 5229 5244 5217
f 5009 5246 5245
f 5218 5246 5214
f 5245 5247 5210
f 5249 5250 5248
f 5251 5252 5248
f 5254 5255 5253
f 5257 5258 5256
f 5259 5260 5258
f 5262 5263 5261
f 5265 5266 5264
f 5267 5268 5264
f 5259 5269 5265
f 5269 5271 5270
f 5271 5272 5261
f 5272 5273 5254
f 5255 5275 5274
f 5277 5278 5276
f 5279 5280 5278
f 5277 5281 5033
f 5280 5282 5274
f 5252 5262 5253
f 5249 5282 5024
f 5018 5284 5283
f 5208 5285 5284
f 5207 5287 5286
f 5285 5286 5251
f 5206 5247 5222
f 5287 5288 5263
f 5205 5289 5288
f 5289 5290 5270
f 5196 5291 5290
f 5266 5291 5267
f 5199 5201 5197
f 5292 5293 5241
f 5224 5293 5202
f 5194 5294 5292
f 5187 5294 5189
f 5186 5295 5203
f 5296 5297 5295
f 5297 5298 5195
f 5181 5299 5296
f 5298 5300 5268
f 5300 5301 5260
f 5299 5302 5301
f 5303 5304 5302
f 5184 5305 5303
f 5188 5306 5182
f 5307 5308 5306
f 5191 5309 5307
f 5309 5311 5310
f 5185 5308 5178
f 5305 5313 5312
f 5170 5314 5313
f 5169 5315 5314
f 5173 5316 5168
f 5317 5318 5316
f 5317 5319 2948
f 2933 5319 5176
f 5318 5320 5167
f 5163 5321 5320
f 2955 5323 5322
f 5324 5325 5323
f 5327 5328 5326
f 5330 5331 5329
f 5332 5333 5329
f 5335 5336 5334
f 5334 5337 5332
f 5339 5340 5338
f 5341 5342 5338
f 5344 5345 5343
f 5347 5348 5346
f 5350 5351 5349
f 5352 5353 5351
f 5354 5355 5353
f 5352 5357 5356
f 5359 5360 5358
f 5362 5363 5361
f 5363 5364 5360
f 5366 5367 5365
f 5368 5369 5365
f 5370 5371 5369
f 5372 5373 5366
f 5375 5376 5374
f 5372 5377 5376
f 2355 5379 5378
f 5379 5380 5374
f 5381 5382 5378
f 5384 5385 5383
f 5386 5387 5384
f 5364 5387 5368
f 5389 5390 5388
f 5392 5393 5391
f 5395 5396 5394
f 5393 5398 5397
f 5397 5399 5389
f 5401 5402 5400
f 5403 5404 5399
f 5406 5407 5405
f 5408 5409 5405
f 5410 5411 5408
f 5410 5412 5390
f 5391 5413 5396
f 5383 5413 5388
f 5370 5415 5414
f 5412 5415 5386
f 5407 5416 5414
f 5382 5416 2348
f 5371 5381 5377
f 5362 5417 5385
f 5394 5417 5357
f 5356 5419 5418
f 5361 5420 5419
f 5421 5422 5420
f 5423 5424 5418
f 5425 5426 5423
f 5428 5429 5427
f 5430 5431 5429
f 5433 5434 5432
f 5435 5436 5434
f 5437 5438 5432
f 5439 5440 5433
f 5439 5442 5441
f 5444 5445 5443
f 5446 5447 5445
f 5447 5448 5441
f 5450 5451 5449
f 5453 5454 5452
f 5455 5456 5452
f 5458 5459 5457
f 5461 5462 5460
f 5463 5464 5460
f 5465 5466 5463
f 5468 5469 5467
f 5470 5471 5469
f 5472 5473 5471
f 4790 5475 5474
f 4783 5474 5470
f 5475 5477 5476
f 5478 5479 5477
f 5480 5481 5479
f 5482 5483 5481
f 5485 5486 5484
f 5487 5488 5484
f 5490 5491 5489
f 5491 5493 5492
f 5490 5495 5494
f 5487 5496 5489
f 5497 5498 5492
f 5499 5500 5497
f 5502 5503 5501
f 5502 5504 2515
f 5500 5504 5482
f 5488 5498 5480
f 5476 5505 5472
f 5507 5508 5506
f 5468 5507 4781
f 5510 5511 5509
f 5509 5513 5512
f 5510 5515 5514
f 5516 5517 5514
f 5518 5519 5516
f 5520 5521 5518
f 5523 5524 5522
f 5525 5526 5519
f 5528 5529 5527
f 5517 5530 5528
f 5530 5532 5531
f 5533 5534 5531
f 5536 5537 5535
f 5537 5538 5533
f 5538 5539 4758
f 5540 5541 5536
f 5542 5543 4904
f 4906 5545 5544
f 5547 5548 5546
f 4756 5550 5549
f 5552 5553 5551
f 5553 5554 5549
f 5555 5556 5551
f 5557 5558 5555
f 5559 5560 5556
f 5562 5563 5561
f 5565 5566 5564
f 5554 5568 5567
f 4747 5568 5565
f 5562 5569 5560
f 5569 5571 5570
f 5552 5570 5566
f 5550 5572 5557
f 5546 5573 5572
f 5548 5575 5574
f 5573 5577 5576
f 5578 5579 5577
f 5580 5581 5576
f 5544 5582 5542
f 5545 5578 5574
f 5582 5583 5541
f 5539 5583 5575
f 5585 5586 5584
f 5585 5588 5587
f 5525 5589 5588
f 5526 5590 5532
f 5522 5589 5521
f 5467 5591 5466
f 5592 5593 5464
f 5594 5595 5461
f 5465 5596 5508
f 5596 5597 5512
f 5462 5598 5597
f 5598 5599 5515
f 5600 5601 5599
f 5601 5602 5520
f 5457 5603 5456
f 5595 5603 5600
f 5605 5606 5604
f 5607 5608 5606
f 5609 5610 5607
f 5446 5611 5609
f 4818 5613 5612
f 5611 5614 5613
f 5616 5617 5615
f 5614 5618 5615
f 5444 5619 5618
f 5619 5621 5620
f 5622 5623 5621
f 5624 5625 5623
f 5626 5627 5622
f 5628 5629 5620
f 5629 5630 5616
f 5632 5633 5631
f 5608 5634 5631
f 5634 5635 5454
f 5636 5637 5593
f 5594 5637 5453
f 5636 5638 5632
f 5639 5640 5592
f 5641 5642 5473
f 5591 5642 5639
f 5638 5644 5643
f 5640 5645 5644
f 5646 5647 5641
f 5647 5649 5648
f 5505 5650 5646
f 5483 5651 5650
f 5501 5652 5651
f 5652 5653 5649
f 5654 5655 5653
f 5656 5657 5654
f 5659 5660 5658
f 5661 5662 5658
f 5664 5665 5663
f 5666 5667 5665
f 5666 5669 5668
f 5659 5670 5655
f 5662 5671 5450
f 5449 5672 5670
f 5648 5672 5645
f 5451 5673 5643
f 5673 5674 5633
f 5674 5675 5604
f 5676 5677 5663
f 5671 5677 5675
f 5605 5678 5448
f 5676 5679 5678
f 5679 5680 5440
f 5667 5681 5680
f 5682 5683 5442
f 5443 5683 5626
f 5438 5684 5682
f 5435 5681 5430
f 5668 5685 5431
f 5686 5687 5428
f 5427 5688 5426
f 5686 5689 2455
f 5690 5691 5349
f 5102 5692 5691
f 5692 5694 5693
f 5350 5695 5395
f 5392 5697 5696
f 5693 5697 5695
f 5106 5698 5694
f 5699 5700 5698
f 5700 5701 5696
f 5398 5702 5400
f 5347 5702 5701
f 5344 5703 5342
f 5705 5706 5704
f 5339 5705 5333
f 5707 5708 5331
f 5154 5709 5707
f 5335 5708 5328
f 5711 5712 5710
f 5713 5714 5712
f 5716 5717 5715
f 5718 5719 5717
f 5720 5721 5715
f 5722 5723 2960
f 5724 5725 5723
f 5324 5724 5721
f 5727 5728 5726
f 5729 5730 5728
f 5731 5732 5730
f 8077 8379 8079
f 8080 8081 8380
f 8083 8084 8085
f 8086 8087 8088
f 8089 8090 8091
f 5745 5746 5744
f 2996 5748 5747
f 5748 5750 5749
f 5752 5753 5751
f 5754 5755 5751
f 5756 5757 5754
f 5759 5760 5758
f 5759 5762 5761
f 5758 5763 5757
f 5764 5765 5763
f 5766 5767 5765
f 5768 5769 3451
f 5770 5771 5769
f 5773 5774 5772
f 5775 5776 5772
f 5778 5779 5777
f 5781 5782 5780
f 3437 5783 5782
f 5784 5785 5780
f 5787 5788 5786
f 8092 8093 8094
f 5787 5792 5791
f 8095 8096 8097
f 5784 5795 5786
f 5776 5785 5778
f 5752 5796 5774
f 5797 5798 5781
f 5799 5800 5796
f 5801 5802 5800
f 5775 5802 5797
f 5803 5804 5801
f 5770 5803 5766
f 5767 5799 5755
f 5749 5753 5745
f 5747 5806 5805
f 8098 8099 8100
f 5809 8102 8101
f 5811 5812 5805
f 5810 5814 5813
f 8103 5815 8104
f 8105 5816 8106
f 8107 8108 8109
f 8110 8111 8112
f 8113 8114 8115
f 8116 8117 8118
f 8119 8120 8121
f 8122 8123 8124
f 8125 8126 8127
f 8128 8129 8130
f 5788 5826 5779
f 8131 8132 8133
f 8134 8135 8136
f 8137 8138 8139
f 8140 8141 8142
f 5734 8143 8144
f 5832 5833 5831
f 5834 5835 5833
f 5834 5837 5836
f 5729 5838 5837
f 5840 5841 5839
f 5842 5843 5841
f 5844 5845 5838
f 5718 5844 5727
f 5731 5832 5830
f 8145 8146 8147
f 5794 8149 8148
f 5846 8151 8150
f 5849 5850 5732
f 5851 5852 5714
f 5847 5853 5852
f 5854 5855 5726
f 5851 5854 5850
f 5856 5857 5719
f 5858 5859 5713
f 5855 5859 5856
f 5860 5861 5858
f 3404 5862 5711
f 5860 5863 5336
f 5327 5864 5861
f 5865 5866 5720
f 5864 5865 5857
f 5322 5867 5164
f 5866 5868 5325
f 5869 5870 5868
f 5326 5871 5869
f 5160 5871 5709
f 5867 5870 5162
f 5161 5872 5321
f 5873 5874 5872
f 5165 5874 5143
f 5146 5873 5157
f 5142 5875 5315
f 5145 5876 5144
f 5875 5877 5312
f 5877 5879 5878
f 5880 5881 5879
f 5876 5882 5880
f 5304 5878 5256
f 5257 5883 5273
f 5881 5884 5883
f 5884 5885 5275
f 5886 5887 5882
f 5139 5886 5149
f 5885 5887 5276
f 5138 5888 5281
f 5135 5889 5888
f 5891 5892 5890
f 5894 5895 5893
f 5897 5898 5896
f 5899 5900 5898
f 5901 5902 5899
f 5897 5904 5903
f 5904 5906 5905
f 5056 5906 5893
f 5058 5908 5907
f 5910 5911 5909
f 5911 5912 5907
f 5895 5913 5908
f 5896 5914 5894
f 5132 5914 5892
f 5131 5915 5913
f 5916 5917 5915
f 5917 5918 5909
f 5127 5891 5134
f 5122 5919 5123
f 5137 5920 5121
f 5151 5921 5920
f 5922 5923 5921
f 5155 5924 5922
f 5330 5925 5924
f 5703 5926 5706
f 5704 5927 5925
f 5929 5930 5928
f 5923 5931 5919
f 5930 5931 5927
f 5124 5929 5112
f 5118 5928 5926
f 5343 5932 5119
f 5348 5933 5932
f 5115 5933 5699
f 5110 5916 5130
f 5107 5116 5105
f 5934 5935 5103
f 5108 5935 5918
f 5095 5936 5355
f 5937 5938 5936
f 5690 5938 5099
f 5424 5939 5354
f 5939 5940 5096
f 5688 5941 5940
f 5943 5944 5942
f 5685 5943 5941
f 5945 5946 5942
f 5946 5947 5097
f 5949 5950 5948
f 5951 5952 5949
f 5945 5953 5951
f 5094 5955 5954
f 5952 5956 5955
f 5958 5959 5957
f 5959 5960 5078
f 5954 5961 5958
f 5093 5962 5950
f 5963 5964 5962
f 5948 5965 5947
f 5965 5966 5937
f 5092 5966 5964
f 5091 5967 5100
f 5967 5968 5934
f 5910 5968 5088
f 5090 5969 5089
f 5083 5970 5963
f 5970 5971 5969
f 5086 5957 5080
f 5216 5972 5233
f 5074 5973 5064
f 5975 5976 5974
f 5072 5976 5972
f 5075 5977 5975
f 5978 5979 5974
f 5979 5980 5081
f 5980 5981 5082
f 5068 5982 5981
f 5982 5983 5971
f 5983 5984 5087
f 5912 5984 5069
f 5066 5978 5071
f 5047 5985 5054
f 5052 5905 5051
f 5044 5986 5985
f 5903 5986 5901
f 5987 5988 5040
f 5990 5991 5989
f 5992 5993 5991
f 5994 5995 5990
f 5987 5996 5995
f 5997 5998 5043
f 5902 5998 5036
f 5034 5999 5035
f 5900 6000 5890
f 5889 6000 5999
f 5037 6001 5030
f 5988 6002 5997
f 6001 6002 5028
f 5026 5279 5031
f 5020 5283 5250
f 5029 5994 5022
f 5989 6003 5019
f 6003 6004 5016
f 5011 5212 5017
f 6005 6006 6004
f 4983 6005 5993
f 6006 6007 5012
f 4987 6008 6007
f 6008 6010 6009
f 5010 5211 5015
f 5004 6011 5973
f 6013 6014 6012
f 6011 6014 5003
f 5014 6016 6015
f 5008 6015 6012
f 6009 6017 6016
f 6018 6019 6017
f 6019 6020 6013
f 6020 6021 4999
f 5050 6023 6022
f 6021 6024 6023
f 6025 6026 6022
f 6024 6027 4996
f 4994 6025 4998
f 6029 6030 6028
f 6018 6030 6027
f 4992 6028 6010
f 6032 6033 6031
f 4985 6031 4990
f 5992 6034 4980
f 5996 6035 6034
f 6036 6037 6035
f 5039 6038 6036
f 6039 6040 6038
f 5045 6041 6039
f 6042 6043 6041
f 6044 6045 6042
f 5048 6046 6044
f 6026 6047 5053
f 6047 6048 6046
f 4993 6049 6048
f 6050 6051 6049
f 6053 6054 6052
f 4951 6055 6053
f 6057 6058 6056
f 6060 6061 6059
f 6060 6062 4976
f 6064 6065 6063
f 6067 6068 6066
f 6070 6071 6069
f 6072 6073 6071
f 6074 6075 6070
f 6077 6078 6076
f 6080 6081 6079
f 6082 6083 6081
f 6084 6085 6082
f 6087 6088 6086
f 6090 6091 6089
f 6093 6094 6092
f 6096 6097 6095
f 6099 6100 6098
f 6100 6101 6095
f 6103 6104 6102
f 6105 6106 6104
f 6107 6108 6106
f 6109 6110 6102
f 6111 6112 6108
f 6112 6113 6109
f 6113 6115 6114
f 6115 6117 6116
f 6118 6119 6117
f 6121 6122 6120
f 6123 6124 6122
f 6111 6123 6118
f 6110 6126 6125
f 6127 6128 6125
f 6129 6130 6127
f 6132 6133 6131
f 6135 6136 6134
f 6131 6136 6129
f 6135 6138 6137
f 6139 6140 6137
f 6141 6142 6139
f 6143 6144 6142
f 6145 6146 4974
f 6147 6148 6096
f 6150 6151 6149
f 6147 6152 6151
f 6153 6154 6149
f 6156 6157 6155
f 6158 6159 6157
f 6160 6161 6159
f 6162 6163 6161
f 6140 6162 6130
f 6160 6164 6128
f 6164 6165 6103
f 6165 6167 6166
f 6153 6167 6158
f 6168 6169 6155
f 6144 6168 6163
f 6143 6171 6170
f 6126 6172 6132
f 6105 6173 6101
f 6152 6173 6166
f 6107 6174 6124
f 6099 6175 6174
f 6176 6177 6175
f 6179 6180 6178
f 6181 6182 6178
f 6183 6184 6181
f 6186 6187 6185
f 6189 6190 6188
f 6190 6191 6185
f 6193 6194 6192
f 6195 6196 6194
f 6197 6198 6196
f 6199 6200 6195
f 6199 6202 6201
f 6200 6204 6203
f 6206 6207 6205
f 6208 6209 6207
f 6210 6211 6209
f 6212 6213 6205
f 6214 6215 6212
f 6216 6217 6215
f 6219 6220 6218
f 6221 6222 6220
f 6223 6224 6222
f 6225 6226 6224
f 6228 6229 6227
f 6230 6231 6229
f 6232 6233 6231
f 6235 6236 6234
f 6238 6239 6237
f 6240 6241 6238
f 6243 6244 6242
f 6245 6246 6230
f 6247 6248 6245
f 6242 6249 6248
f 6251 6252 6250
f 3687 6253 6252
f 6250 6254 6246
f 6255 6256 6254
f 6240 6257 6253
f 6258 6259 6257
f 6260 6261 6237
f 6261 6262 6258
f 6263 6264 6260
f 6265 6266 6263
f 6268 6269 6267
f 6270 6271 6269
f 6273 6274 6272
f 6276 6277 6275
f 6272 6278 6277
f 3720 6280 6279
f 6271 6279 6278
f 6274 6281 6267
f 6283 6284 6282
f 6268 6283 6266
f 6286 6287 6285
f 6289 6290 6288
f 6291 6292 6287
f 6292 6293 6288
f 6294 6295 6289
f 6296 6297 6198
f 6213 6298 6296
f 6298 6300 6299
f 6299 6301 6295
f 6303 6304 6302
f 6264 6305 6286
f 6285 6306 6262
f 6235 6306 6290
f 6301 6307 6236
f 6255 6259 6234
f 6308 6309 6307
f 6256 6309 6232
f 8494 6312 8495
f 6313 8496 8497
f 8498 8499 8500
f 8501 8502 8503
f 8504 8505 8506
f 8507 8508 8509
f 6323 6324 6227
f 6325 6326 6323
f 6311 6326 6225
f 6327 6328 6221
f 6327 6330 6329
f 6226 6331 6218
f 6332 6333 6331
f 6334 6335 6233
f 6325 6335 6332
f 6337 6338 6336
f 6308 6338 6334
f 6217 6336 6300
f 6333 6340 6339
f 6337 6341 6340
f 6216 6342 6341
f 6343 6344 6208
f 6197 6345 6206
f 6203 6346 6345
f 6347 6348 6202
f 6189 6347 6193
f 6294 6349 6297
f 6349 6350 6192
f 6191 6350 6293
f 6291 6303 6186
f 6351 6352 6302
f 6304 6305 6282
f 6353 6354 6284
f 6351 6354 6084
f 6184 6353 6281
f 6273 6355 6182
f 6179 6356 6093
f 6092 6097 6089
f 6145 6358 6357
f 6357 6359 6148
f 6359 6360 6090
f 6091 6361 6180
f 6360 6362 6087
f 6183 6363 6085
f 6086 6363 6361
f 6364 6365 6187
f 6080 6364 6352
f 6366 6367 6365
f 6188 6367 6077
f 6076 6368 6348
f 6369 6370 6368
f 6075 6371 6370
f 6371 6372 6201
f 6072 6369 6067
f 6068 6078 6063
f 6366 6373 6064
f 6375 6376 6374
f 6079 6376 6373
f 6088 6377 6083
f 6377 6378 6374
f 6379 6380 6378
f 6362 6381 6379
f 6062 6381 6358
f 6058 6380 6059
f 6057 6382 6375
f 6382 6383 6065
f 6384 6385 6383
f 6055 6386 6385
f 6387 6388 6056
f 6054 6389 6050
f 6388 6389 6384
f 4978 6390 6061
f 6390 6391 6387
f 6051 6391 6045
f 4977 6392 6043
f 4972 6393 6392
f 6393 6394 6040
f 4981 6396 6395
f 6037 6397 6396
f 6394 6398 6397
f 6395 6399 6032
f 6400 6401 6398
f 4971 6403 6402
f 6402 6404 6400
f 6150 6403 6146
f 6154 6405 6404
f 4968 6405 6156
f 6399 6406 4966
f 4967 6406 6401
f 4965 6407 6033
f 4969 6408 4964
f 6169 6409 6408
f 6170 6410 6409
f 6412 6413 6411
f 6413 6414 6410
f 6414 6415 6407
f 4991 6415 4960
f 6417 6418 6416
f 4957 6418 6029
f 6417 6419 4997
f 6419 6421 6420
f 4995 6420 6052
f 4956 6416 4963
f 4953 6421 4955
f 6386 6422 6066
f 4949 6423 6422
f 6423 6424 6073
f 4946 6425 6424
f 4948 6426 4947
f 4944 6426 4954
f 4962 6412 4940
f 4936 6411 6171
f 6141 6427 4934
f 6428 6429 6427
f 6134 6430 4931
f 4930 6428 6138
f 6114 6432 6431
f 6432 6433 6430
f 6172 6431 6133
f 6434 6435 6433
f 6116 6436 6434
f 6429 6438 6437
f 4926 6439 6438
f 6440 6441 6439
f 6443 6444 6442
f 6445 6446 6444
f 6446 6447 5561
f 6449 6450 6448
f 6451 6452 6442
f 4920 6451 5563
f 5559 6453 4921
f 5581 6454 5558
f 6454 6455 6453
f 4910 6456 6455
f 4924 6452 6440
f 4922 6457 6441
f 6458 6459 6457
f 6459 6460 6437
f 4932 6460 4918
f 4917 6461 4938
f 4943 6461 4916
f 4919 6462 4914
f 6456 6462 6458
f 5580 6463 4911
f 6463 6464 4909
f 4908 4945 4915
f 4907 6465 6425
f 6465 6466 6069
f 6467 6468 6466
f 6467 6469 4905
f 5579 6469 6464
f 6470 6471 4901
f 6468 6471 6074
f 6472 6473 4900
f 6470 6473 6372
f 6472 6474 6204
f 6346 6475 6343
f 6474 6476 6475
f 4896 6477 6476
f 4898 6479 6478
f 6477 6480 4894
f 4893 6481 6344
f 6210 6482 4891
f 6481 6483 6482
f 6211 6484 6214
f 4889 6485 6484
f 6485 6486 6342
f 6487 6488 6486
f 6489 6490 6219
f 6488 6489 6339
f 6490 6491 6330
f 6492 6493 6491
f 4884 6494 6493
f 6487 6495 6492
f 4880 6497 6496
f 4885 6498 6497
f 4888 6498 6495
f 4878 6500 6499
f 6501 6502 6500
f 6503 6504 6501
f 4882 6499 4887
f 6503 6506 6505
f 4876 6506 4877
f 4879 6507 4859
f 4881 6508 6507
f 6510 6511 6509
f 4892 6509 6496
f 6511 6512 6508
f 6483 6513 6510
f 6514 6515 4895
f 6513 6515 4856
f 6516 6517 4857
f 4855 6516 6512
f 6517 6518 4864
f 6514 6519 4854
f 6480 6520 6519
f 6522 6523 6521
f 6478 6523 6520
f 5543 6524 6479
f 5540 6525 6524
f 6525 6526 6521
f 5590 6527 5535
f 6526 6527 5584
f 5587 6528 4848
f 4846 6522 5586
f 4850 6518 4851
f 4844 6529 4865
f 6530 6531 6529
f 6530 6533 6532
f 4839 6528 5524
f 4837 6533 4841
f 4836 6535 6534
f 6537 6538 6536
f 6539 6540 6536
f 6541 6542 6539
f 6543 6544 6540
f 6543 6546 6545
f 6547 6548 6545
f 6549 6550 6547
f 6551 6552 6549
f 6554 6555 6553
f 6557 6558 6556
f 6556 6559 6555
f 6552 6561 6560
f 6563 6564 6562
f 6565 6566 6562
f 6568 6569 6567
f 6569 6570 6565
f 6572 6573 6571
f 6574 6575 6573
f 6577 6578 6576
f 2153 6580 6579
f 6581 6582 6579
f 6583 6584 6581
f 6585 6586 6583
f 6588 6589 6587
f 6590 6591 6589
f 6592 6593 6591
f 6595 6596 6594
f 6598 6599 6597
f 6599 6600 6594
f 6601 6602 6597
f 6603 6604 6601
f 6606 6607 6605
f 6608 6609 6602
f 2039 6610 6598
f 6600 6612 6611
f 6614 6615 6613
f 6617 6618 6616
f 6620 6621 6619
f 6619 6622 6617
f 6618 6624 6623
f 6625 6626 6611
f 6626 6627 6615
f 6614 6628 6595
f 6596 6629 6603
f 6606 6629 6592
f 6593 6628 6623
f 6624 6630 6587
f 6632 6633 6631
f 6634 6635 6633
f 6636 6637 6635
f 6638 6639 6637
f 4745 6640 4748
f 6642 6643 6641
f 6645 6646 6644
f 6647 6648 6646
f 6650 6651 6649
f 6645 6652 6651
f 6642 6653 6650
f 6647 6653 6636
f 6634 6655 6654
f 6656 6657 6640
f 4738 6658 6656
f 6657 6660 6659
f 6641 6660 6638
f 6658 6661 6639
f 6661 6662 6631
f 6662 6663 6590
f 6588 6664 6632
f 2139 6665 6664
f 6655 6665 6586
f 6582 6666 2149
f 6667 6668 6585
f 6654 6669 6648
f 6668 6670 6669
f 6576 6671 6670
f 6577 6667 6580
f 6578 6673 6672
f 6675 6676 6674
f 6563 6675 6550
f 6677 6678 6674
f 6678 6679 6548
f 6680 6681 6672
f 6681 6682 6671
f 6682 6683 6644
f 6652 6685 6684
f 6683 6686 6685
f 6676 6687 6680
f 6688 6689 6686
f 6690 6691 6689
f 6691 6692 6684
f 6649 6692 6575
f 6574 6693 6643
f 6694 6695 6572
f 6696 6697 6693
f 6699 6700 6698
f 6697 6701 6659
f 6695 6699 6696
f 6702 6703 6700
f 4773 6705 6704
f 6704 6706 6568
f 6694 6706 6702
f 6571 6690 6570
f 6566 6688 6687
f 6567 6707 4775
f 6560 6707 6564
f 6559 6708 6561
f 6551 6709 6553
f 6546 6710 6709
f 6535 6711 6538
f 6541 6711 4833
f 4835 6712 4834
f 6713 6714 4840
f 6714 6715 6712
f 5523 6716 6713
f 5459 6716 5602
f 4829 6715 5458
f 4827 4832 4831
f 6717 6718 4826
f 6542 6718 6710
f 6719 6720 6717
f 6554 6720 4825
f 4823 6721 4809
f 6719 6722 6721
f 4828 6723 6722
f 6723 6724 4811
f 4830 6725 6724
f 5455 6726 6725
f 6726 6727 4813
f 4817 6728 5610
f 5635 6728 6727
f 4807 6729 4820
f 6729 6731 6730
f 6732 6733 6731
f 6732 6735 6734
f 4816 6735 4806
f 4805 6736 5617
f 5612 6736 6734
f 4800 6737 5486
f 4798 6733 4803
f 4793 6738 4797
f 6730 6738 4787
f 4795 6739 4789
f 5478 6739 5485
f 4786 6740 4821
f 6741 6742 6740
f 4824 6742 6557
f 4788 4792 4785
f 6743 6744 4779
f 4784 6744 6741
f 6743 6745 6558
f 6746 6747 6745
f 6708 6747 4776
f 6746 6748 4771
f 4778 6749 6748
f 4770 6750 5513
f 5506 6750 6749
f 4767 6751 6705
f 4766 6752 6751
f 5511 5527 4764
f 6753 6754 5529
f 4761 6753 5534
f 4759 5547 4755
f 4754 6755 4760
f 6754 6756 4765
f 6755 6757 6756
f 5567 6758 4753
f 6760 6761 6759
f 6759 6762 6757
f 6752 6762 6703
f 6701 6763 4749
f 6761 6763 6698
f 4751 6760 6758
f 4737 6765 6764
f 6663 6764 6607
f 6766 6767 6765
f 4735 6768 6767
f 6768 6769 6605
f 6769 6770 6604
f 6770 6772 6771
f 6771 6773 6608
f 4734 6774 6773
f 4694 6775 6774
f 4730 6772 4736
f 6776 6777 4729
f 6778 6779 6777
f 4741 6776 6766
f 4743 6780 6778
f 5564 6781 6780
f 6782 6783 5571
f 6783 6784 6781
f 6447 6785 6782
f 4725 6786 6784
f 6786 6787 6779
f 4727 6787 4724
f 4722 4731 4723
f 4726 6785 6448
f 4658 6449 6445
f 4711 6788 4656
f 6788 6790 6789
f 6450 6789 4712
f 4718 6790 4708
f 4703 6791 4719
f 4698 6792 6791
f 6792 6793 4721
f 4733 6793 4696
f 4697 4700 4691
f 4681 6794 4686
f 4689 6794 2019
f 4677 6796 6795
f 4702 6796 4701
f 6797 6798 6795
f 4669 6797 4706
f 4707 4710 4667
f 4709 6799 4661
f 6801 6802 6800
f 6443 6803 4653
f 4923 6804 6803
f 6804 6805 4650
f 6435 6805 4929
f 6436 6806 4651
f 4649 6807 4654
f 4647 6808 6807
f 4655 6808 6799
f 6806 6809 4648
f 4646 6810 4663
f 6812 6813 6811
f 6119 6811 6809
f 6810 6813 6800
f 6121 6814 6812
f 6815 6816 6814
f 6177 6817 6120
f 6816 6818 6801
f 6818 6819 4618
f 6815 6817 4645
f 6176 6820 4641
f 6094 6820 6098
f 6356 6821 4636
f 4638 6822 4634
f 6823 6824 6355
f 6821 6824 6822
f 4630 6823 6276
f 4624 6825 4628
f 6825 6826 4633
f 6826 6828 6827
f 4639 6827 4642
f 6829 6830 6828
f 4619 6831 6830
f 4623 6832 6829
f 4643 6831 6819
f 4662 6833 4610
f 4612 6833 6802
f 4609 6834 4665
f 6834 6835 4670
f 6836 6837 6835
f 6836 6839 6838
f 4615 6839 4611
f 6840 6841 6838
f 6840 6842 4608
f 4616 6843 6842
f 4622 6844 6843
f 6846 6847 6845
f 6832 6848 4621
f 6845 6849 6844
f 6849 6850 4606
f 4607 6852 6851
f 3846 6853 6852
f 6853 6854 4604
f 6854 6856 6855
f 6855 6857 4603
f 6857 6859 6858
f 4595 6860 4589
f 4587 6861 4605
f 6861 6862 6851
f 6862 6863 6841
f 6863 6865 6864
f 6837 6864 4674
f 4586 6866 6865
f 4588 6860 4584
f 4592 6867 4585
f 6867 6868 4579
f 4582 6869 6866
f 4580 6870 4581
f 4672 6869 4577
f 4575 6798 4675
f 2015 4569 4565
f 4578 6871 4568
f 4567 6871 6870
f 4558 4564 3918
f 6868 6872 3919
f 4594 6873 6872
f 3915 6873 4598
f 3909 3912 3911
f 3907 6874 3955
f 6875 6876 6874
f 6877 6878 6876
f 6878 6879 3956
f 6879 6880 4529
f 4526 6880 3905
f 3906 6877 3900
f 6881 6882 3902
f 6882 6883 4415
f 6883 6884 4446
f 6885 6886 6884
f 4448 6887 3899
f 6886 6887 4454
f 6885 6888 3895
f 3901 6888 6881
f 3891 6875 3910
f 3916 6889 3886
f 4597 6890 6889
f 3887 6891 3893
f 3896 6891 3884
f 6890 6892 3885
f 4602 6893 6892
f 6858 6894 6893
f 6895 6896 6894
f 6896 6897 3883
f 3897 6897 3881
f 6898 6899 4449
f 3876 6899 3879
f 4451 6900 3871
f 4411 4412 3869
f 3872 6901 3867
f 6901 6903 6902
f 6902 6904 3866
f 3877 6903 6900
f 3878 6905 6904
f 6905 6906 3788
f 3864 6907 6906
f 6898 6908 3858
f 3882 6909 6908
f 3855 6911 6910
f 6895 6911 6909
f 3852 6910 6859
f 3850 3859 3856
f 3848 6912 3843
f 6912 6913 3845
f 6856 6913 3853
f 3844 6915 6914
f 6850 6915 3847
f 3842 6914 6847
f 6917 6918 6916
f 6848 6918 6846
f 4625 6919 6916
f 3841 6917 3839
f 3840 6920 3831
f 6921 6922 6919
f 6920 6922 3836
f 4627 6923 6921
f 3737 6924 6923
f 6924 6925 3835
f 6927 6928 6926
f 6929 6930 3826
f 6927 6931 3834
f 6931 6932 6929
f 6934 6935 6933
f 6934 6936 3741
f 6936 6938 6937
f 6932 6939 6937
f 6939 6941 6940
f 6938 6942 6930
f 6942 6943 3825
f 3824 6944 3827
f 3816 6944 3821
f 3815 3837 3829
f 3804 3813 3798
f 3800 3860 3801
f 3820 6945 3794
f 3765 6946 3796
f 3790 6947 6946
f 3799 6947 6907
f 3865 4406 3868
f 3784 6948 4407
f 3781 6949 6948
f 4408 6949 4464
f 6950 6951 4465
f 6951 6952 4466
f 3594 6952 3779
f 3777 6954 6953
f 3780 6954 6950
f 6953 6955 3772
f 3774 6956 3775
f 6957 6958 6956
f 6959 6960 6955
f 3782 6961 6959
f 3783 6962 6961
f 3768 6962 3791
f 6945 6963 3766
f 3763 6960 3767
f 3759 6957 3769
f 6964 6965 3760
f 6963 6966 3761
f 6964 6966 3818
f 6965 6967 3755
f 3823 6968 6967
f 6968 6970 6969
f 6933 6970 6943
f 6972 6973 6971
f 6969 6973 3752
f 3552 3750 3748
f 6974 6975 6972
f 6975 6976 3749
f 6978 6979 6977
f 6979 6981 6980
f 6983 6984 6982
f 6985 6986 6984
f 6983 6987 3746
f 6935 6987 6971
f 6974 6982 6981
f 6940 6988 3743
f 6926 6989 6941
f 6925 6990 6928
f 4632 6991 3738
f 6275 6992 6991
f 3735 6992 6280
f 3734 6993 3739
f 6990 6993 3731
f 3730 6994 6989
f 3726 6995 6994
f 6995 6996 6988
f 6997 6998 3723
f 3721 6999 3729
f 6270 7000 3715
f 3710 7001 6239
f 6265 7001 7000
f 3713 7002 3716
f 3717 7002 3709
f 3708 7003 6999
f 6997 7003 3707
f 3711 7004 3693
f 3686 7004 6241
f 6249 7005 6251
f 7005 7006 3689
f 3678 7007 3690
f 3697 7008 3700
f 7007 7009 7008
f 7011 7012 7010
f 7013 7014 7012
f 7009 7010 3706
f 3679 3684 3680
f 7006 7015 3681
f 7016 7017 3682
f 7018 7019 7017
f 3677 7020 7011
f 7019 7021 7020
f 3664 7022 7021
f 7018 7023 3661
f 3659 3665 3662
f 3673 7025 7024
f 3675 7026 7023
f 7026 7027 3657
f 3652 7027 7024
f 7025 7029 7028
f 7030 7031 7029
f 7032 7033 7028
f 7033 7034 3653
f 7034 7036 7035
f 7037 7038 7036
f 7039 7040 7037
f 7032 7041 7039
f 7042 7043 7041
f 3649 7042 7031
f 7030 7044 3645
f 7045 7046 7044
f 3672 7047 7045
f 7016 7048 3676
f 7049 7050 7048
f 7047 7050 3642
f 6244 7049 7015
f 7051 7052 3641
f 8510 8511 8512
f 8513 8514 8515
f 8516 8517 8518
f 8519 8520 8521
f 8522 8523 8524
f 8525 8526 8527
f 7064 7065 7063
f 7052 7063 7046
f 7064 7067 7066
f 7068 7069 7067
f 7051 7070 7068
f 3640 6243 3636
f 3638 6247 6228
f 3634 7070 3635
f 8528 8529 8530
f 8531 8532 8533
f 8534 8535 8536
f 8537 7075 8538
f 3639 7076 7074
f 6314 7076 6324
f 8539 8540 8541
f 8542 8543 8544
f 8545 8546 8547
f 8548 8549 8550
f 8551 8552 8553
f 8554 8555 8556
f 8557 8558 8559
f 8560 8561 8562
f 8563 8564 8565
f 8566 8567 8568
f 3617 7087 7086
f 7085 8569 8570
f 3614 7089 7087
f 3615 7088 4147
f 4148 7090 3616
f 3613 7091 7089
f 7090 7092 3612
f 3608 7094 7093
f 7092 7095 7094
f 4141 7095 4341
f 4124 7096 4125
f 7093 7096 3605
f 4123 4377 3602
f 4054 7097 3603
f 7098 7099 7097
f 3600 7098 4484
f 4391 4467 3596
f 7100 7101 3588
f 3592 7101 3599
f 7100 7102 7099
f 3604 7102 3609
f 3590 7104 7103
f 3773 7104 3778
f 3584 7103 3776
f 3582 7105 3611
f 7105 7106 7091
f 7107 7108 7106
f 6958 7109 3576
f 3757 7110 7109
f 7111 7112 3574
f 3579 7112 7107
f 7108 7113 7086
f 3568 7113 7111
f 8571 8572 8573
f 8574 8575 8576
f 8577 8578 8579
f 3569 7115 3560
f 3559 7115 3573
f 3554 7110 3753
f 7116 7117 3549
f 3546 3561 3557
f 7117 7118 3547
f 7119 7120 7118
f 7122 7123 7121
f 3747 7123 7116
f 7122 7124 7119
f 6978 7121 6976
f 7124 7125 3540
f 7120 7126 3541
f 3539 7127 7126
f 7128 7129 7055
f 7127 7130 7128
f 7130 7132 7131
f 7066 7129 3537
f 7131 7133 3535
f 3536 7134 7065
f 7135 7136 7133
f 7136 7138 7137
f 7134 7137 3643
f 8152 7140 8153
f 7138 7139 3648
f 7135 7141 3534
f 3496 7142 3531
f 7141 7143 7142
f 7132 7144 7143
f 3532 7146 7145
f 3538 7146 7144
f 6977 7147 7125
f 7147 7148 7145
f 3530 7149 6986
f 7149 7150 6980
f 7148 7150 3517
f 3525 7151 3744
f 7151 7152 3745
f 7152 7153 6985
f 7153 7154 3529
f 7155 7156 3724
f 6996 7156 3526
f 7155 7158 7157
f 7159 7160 7157
f 3527 7154 3521
f 3524 7160 3522
f 3523 7161 3520
f 7161 7162 3511
f 7159 7163 7162
f 7164 7165 7163
f 3510 7166 6998
f 7158 7166 7164
f 7167 7168 8381
f 8155 7169 8156
f 7168 7170 3509
f 3512 7171 3500
f 7170 7171 7165
f 8157 8158 8159
f 8160 8161 8162
f 8163 8164 8165
f 7175 7176 3488
f 3704 7177 7175
f 7014 7178 7177
f 7013 7022 3670
f 3482 7178 3484
f 8166 7179 8167
f 8168 8169 8170
f 8171 8172 8173
f 8174 8175 8176
f 8177 8178 8179
f 8180 8181 8182
f 8183 8184 8185
f 8186 8187 8188
f 8189 8190 8191
f 8192 8193 8194
f 8195 8196 8197
f 8198 8199 8200
f 8201 8202 8203
f 8204 8205 8206
f 8207 8208 8209
f 8210 7191 8211
f 7196 7197 3470
f 3466 7196 3671
f 7199 7200 7198
f 3666 7200 3467
f 7199 7202 7201
f 7201 7203 3465
f 7202 7205 7204
f 7206 7207 7205
f 3462 7208 3658
f 7198 7208 7206
f 3452 7210 7209
f 7210 7211 3459
f 3655 7212 7209
f 7035 7213 7212
f 3450 7213 3446
f 7038 7214 3444
f 7188 7215 7040
f 7216 7217 7194
f 7217 7218 7215
f 3445 7219 5768
f 7214 7218 3440
f 3439 7220 7219
f 3438 7221 3443
f 5798 7222 7221
f 7220 7222 5804
f 3442 7216 3434
f 7224 7225 7223
f 7195 8213 8212
f 7227 7228 7226
f 7228 7229 3463
f 7197 7229 7223
f 3427 7224 3424
f 3422 7231 7230
f 3428 7230 3435
f 7231 7232 5783
f 7232 7233 5795
f 3420 7234 7233
f 7234 7235 5792
f 3418 7236 7235
f 7236 7237 5793
f 7237 7238 5853
f 7238 7239 5710
f 3419 7240 3416
f 7227 7240 3425
f 3417 7241 7239
f 7226 7242 3414
f 3411 7242 7203
f 3405 7241 3406
f 5862 7243 5863
f 7244 7245 5337
f 7243 7246 7244
f 7245 7247 5340
f 3400 7248 7247
f 3401 7249 3410
f 3403 7249 7246
f 7204 7250 3412
f 7250 7251 3402
f 7251 7252 3399
f 3398 7253 7248
f 7253 7254 5341
f 3396 7255 7254
f 7255 7256 5345
f 7256 7257 5346
f 5401 7257 3394
f 7207 7258 7252
f 7259 7260 3461
f 7258 7260 3389
f 3383 7259 3460
f 3384 7262 7261
f 3454 7262 7211
f 7263 7264 7261
f 3385 3390 3382
f 7264 7265 3386
f 3380 7266 3395
f 5402 7266 5403
f 3378 5411 5404
f 3376 7267 5409
f 7269 7270 7268
f 7271 7272 7268
f 7267 7273 7270
f 7274 7275 7273
f 7265 7276 3381
f 7276 7277 3375
f 7277 7278 7274
f 7263 7279 7278
f 7280 7281 7275
f 7282 7283 7280
f 7284 7285 3372
f 7285 7286 7283
f 3369 7287 7286
f 3373 7288 3455
f 7279 7288 7282
f 3447 7289 3374
f 5771 7290 7289
f 5764 7291 7290
f 3370 7292 5760
f 7291 7292 7284
f 7281 7293 7271
f 7294 7295 7287
f 7293 7295 3367
f 2346 7272 3365
f 3368 7296 3360
f 7296 7297 3357
f 7294 7298 7297
f 7299 7300 5761
f 3371 7300 7298
f 7299 7301 3359
f 7302 7303 3361
f 3351 7302 3356
f 7303 7305 7304
f 7304 7306 2331
f 7305 7308 7307
f 3165 7308 3350
f 3002 7309 3355
f 7301 7310 3003
f 5762 7311 7310
f 5750 7312 5756
f 7311 7312 2999
f 7313 7314 5812
f 7313 7316 7315
f 2997 7314 2992
f 5840 7317 5835
f 5813 7317 7316
f 7318 7319 7315
f 7319 7320 2993
f 2994 7321 3000
f 7322 7323 7321
f 7320 7324 7322
f 7309 7323 3004
f 7324 7326 7325
f 7326 7327 2986
f 7318 7328 7327
f 5839 7329 7328
f 3346 7325 2991
f 2981 3034 2984
f 7329 7330 2983
f 7331 7332 3291
f 3039 7333 7331
f 2977 7334 7332
f 3288 7334 3041
f 2971 7335 2982
f 7333 7335 2974
f 2972 7330 5843
f 7337 7338 7336
f 5836 7338 5842
f 5845 7339 7336
f 7339 7341 7340
f 5722 7341 5716
f 7337 7342 2970
f 7342 7343 2975
f 7344 7345 7343
f 2959 7344 7340
f 7346 7347 7345
f 7347 7348 2976
f 3042 7348 2968
f 2957 7349 7346
f 7351 7352 7350
f 7349 7350 2969
f 2961 5725 2954
f 2962 7353 7351
f 2946 7353 2952
f 2939 7354 2945
f 2963 7355 2942
f 7354 7355 7352
f 2943 7356 3052
f 2944 2949 2936
f 2846 7357 2931
f 7357 7358 2940
f 7359 7360 7358
f 7360 7361 7356
f 7362 7363 7361
f 7364 7365 7363
f 7365 7366 3051
f 2927 7367 7366
f 3278 7368 3280
f 7367 7368 3054
f 7369 7370 7364
f 2928 7370 2920
f 7369 7372 7371
f 7371 7373 2918
f 2913 2922 2921
f 2915 7374 2914
f 7375 7376 7374
f 2906 7377 2907
f 7377 7378 7376
f 7378 7379 3068
f 2903 7380 7379
f 2901 7381 7380
f 3065 7381 3071
f 3073 7382 3274
f 3083 7382 2899
f 3072 3276 2900
f 7383 7384 3262
f 2898 7385 7383
f 7384 7386 3258
f 3102 7386 2892
f 2889 7387 2895
f 7385 7387 2891
f 2884 3253 3103
f 2904 2911 2880
f 2875 7388 2882
f 2883 7388 2878
f 7389 7390 2910
f 7390 7391 2873
f 7392 7393 2866
f 7393 7394 2695
f 7396 7397 7395
f 7395 7398 7394
f 7396 7399 2860
f 7401 7402 7400
f 7403 7404 7400
f 7405 7406 7403
f 7408 7409 7407
f 7408 7410 7404
f 7410 7412 7411
f 7413 7414 7411
f 7401 7414 2865
f 2854 7415 7402
f 7416 7417 7415
f 7392 7418 7399
f 7418 7419 2856
f 7420 7421 7419
f 7389 7422 2868
f 7422 7423 7420
f 2908 7424 7423
f 7375 7425 7424
f 7426 7427 7425
f 2852 7426 2917
f 7421 7427 7416
f 7405 7417 2851
f 7373 7428 2853
f 7429 7430 7428
f 7372 7431 7429
f 2849 7431 7362
f 7409 7432 2848
f 7430 7432 7406
f 7359 7433 2850
f 2845 7434 7433
f 2847 7436 7435
f 7407 7434 2843
f 7435 7437 2844
f 2842 7438 7412
f 2831 7439 7438
f 7440 7441 7439
f 7441 7442 7413
f 2864 7442 2706
f 2708 7440 2836
f 2832 7437 2829
f 2833 7444 7443
f 2828 7445 7444
f 2826 7436 2824
f 2930 7446 2825
f 2822 7446 2934
f 2821 7447 2820
f 7448 7449 7447
f 5310 7448 5179
f 7451 7452 7450
f 7453 7454 2816
f 7451 7453 7449
f 7454 7455 7445
f 7456 7457 7455
f 7458 7459 7457
f 7443 7459 2839
f 7458 7460 2812
f 2543 7461 2814
f 2806 2815 2802
f 2552 7462 7461
f 7462 7463 2803
f 2723 7465 7464
f 2731 7465 2789
f 2715 7467 7466
f 2744 7467 7464
f 2717 7468 2716
f 2714 7469 2724
f 7469 7470 2804
f 7470 7471 2838
f 7471 7472 2712
f 7468 7473 7472
f 2710 2841 2837
f 2704 7474 2862
f 7474 7475 7397
f 2703 2713 2701
f 2700 7476 7475
f 2702 7473 2721
f 7477 7478 7476
f 7398 7478 2699
f 7479 7480 7391
f 2693 7479 2867
f 2869 7481 2666
f 2690 7481 7480
f 2692 7482 2691
f 2686 7483 2698
f 7483 7484 7482
f 7485 7486 2684
f 2720 7485 7477
f 7487 7488 7486
f 2718 7489 7487
f 7466 7490 7489
f 2743 7491 7490
f 7492 7493 7488
f 7493 7494 2685
f 2679 7495 7494
f 7495 7496 7484
f 7496 7497 2689
f 2681 7498 7497
f 2677 7492 7491
f 2742 2746 2674
f 7499 7500 2680
f 2675 7501 7499
f 7501 7502 2669
f 2745 7503 7502
f 2785 7504 7503
f 7506 7507 7505
f 2668 7507 7500
f 7506 7508 7498
f 2655 7509 7508
f 2687 7509 2667
f 2663 7510 2874
f 2876 7510 2662
f 2657 2665 2654
f 2656 7511 2649
f 7505 7512 7511
f 2647 7512 2672
f 2671 7504 2645
f 2754 7513 2749
f 7514 7515 7513
f 7515 7516 2787
f 7518 7519 7517
f 2779 7519 7514
f 2639 7520 7518
f 7520 7521 7516
f 7521 7522 2641
f 2637 7523 7522
f 2644 7524 2648
f 7523 7525 7524
f 7527 7528 7526
f 2646 7528 2650
f 2635 7526 7525
f 7527 7529 3247
f 3241 7529 2632
f 2631 7530 3127
f 3238 7530 2629
f 2634 2636 2630
f 7532 7533 7531
f 2768 7533 7517
f 2640 7532 2627
f 2626 7535 7534
f 2769 7535 7531
f 2624 7536 3239
f 7536 7537 3237
f 7538 7539 7537
f 7539 7540 3150
f 7540 7541 3153
f 7541 7542 2622
f 7534 7543 7538
f 7544 7545 2771
f 7543 7545 7542
f 7546 7547 2623
f 7544 7548 7546
f 2772 7549 7548
f 7550 7551 7547
f 2617 7551 3178
f 7552 7553 7549
f 7553 7554 7550
f 7554 7555 3180
f 7556 7557 7552
f 2776 7558 7556
f 7559 7560 2615
f 7562 7563 7561
f 7563 7564 2760
f 7564 7565 2609
f 2600 7559 2610
f 7560 7566 7558
f 2602 7565 2595
f 2597 7562 2592
f 7567 7568 2594
f 7569 7570 7567
f 2465 7570 2473
f 7571 7572 2598
f 7572 7573 7569
f 7573 7574 2475
f 7574 7576 7575
f 7577 7578 7576
f 2590 7577 7571
f 2593 7579 2576
f 7579 7580 2564
f 2764 7580 7561
f 2734 7581 2765
f 7581 7582 2574
f 2725 2733 2732
f 2565 2575 2571
f 2727 7583 7582
f 2572 7583 2794
f 2568 7584 2561
f 7584 7586 7585
f 2588 7585 2585
f 7587 7588 2586
f 7589 7590 7587
f 2560 7589 7586
f 7590 7592 7591
f 2558 2567 2556
f 2797 7463 2557
f 2554 7593 2555
f 7593 7595 7594
f 2551 7596 7595
f 2559 7594 7592
f 2548 2553 2546
f 7598 7599 7597
f 7460 7597 2544
f 7598 7601 7600
f 7450 7601 7456
f 7600 7602 2540
f 5311 7603 7452
f 7603 7604 7602
f 5190 7605 7604
f 7606 7607 5239
f 5193 7607 7605
f 7606 7608 2541
f 2539 7609 7599
f 7609 7610 2545
f 7611 7612 7610
f 7608 7613 7611
f 5238 7614 7613
f 7612 7615 2549
f 7616 7617 7615
f 7618 7619 5235
f 2535 7620 7619
f 7614 7620 7616
f 5977 7621 5234
f 7621 7622 7618
f 2537 7622 5079
f 2533 7623 7617
f 7623 7624 2550
f 7625 7626 2538
f 2529 7625 5960
f 7626 7627 2531
f 7627 7629 7628
f 2528 7630 7629
f 5961 7631 2530
f 7632 7633 7631
f 5956 7634 7632
f 7636 7637 7635
f 7637 7638 5953
f 7638 7639 7634
f 5669 7635 5944
f 5664 7640 7636
f 7639 7642 7641
f 5661 7642 7640
f 7643 7644 7641
f 7644 7645 7633
f 7645 7646 7630
f 7647 7648 7646
f 5660 7649 7643
f 7647 7649 5657
f 5503 7650 5656
f 7651 7652 7648
f 7628 7652 2526
f 7624 7653 7596
f 2523 7654 7653
f 7654 7655 7591
f 7656 7657 7655
f 2522 7656 2527
f 7657 7658 7588
f 2520 7651 7650
f 7659 7660 2518
f 7661 7662 7658
f 7662 7663 2582
f 7660 7661 2521
f 7664 7665 7663
f 7665 7667 7666
f 7659 7668 7664
f 7668 7670 7669
f 5499 7670 2517
f 2511 7669 5493
f 2513 7671 7667
f 7672 7673 7671
f 7674 7675 7673
f 2509 7676 7675
f 7676 7677 7666
f 2583 7677 2579
f 7678 7679 2578
f 7679 7680 2589
f 2510 7678 2580
f 7680 7681 7578
f 2507 7682 7681
f 2505 7674 2502
f 2503 7683 2500
f 7685 7686 7684
f 5494 7686 2512
f 7672 7685 7683
f 2499 7687 2506
f 2493 7688 7687
f 7688 7689 7682
f 7575 7689 2496
f 7684 7690 2498
f 7690 7691 2490
f 5495 7692 7691
f 7692 7693 2482
f 7694 7695 6737
f 5496 7695 7693
f 2488 7694 4802
f 5630 7696 2486
f 2487 7697 2483
f 2481 7698 2491
f 7698 7699 2494
f 7700 7701 7697
f 7696 7702 7700
f 7699 7701 2479
f 2480 7703 2471
f 7702 7704 7703
f 5628 7705 7704
f 2470 7705 5625
f 2463 7706 7568
f 7706 7707 2603
f 2604 7707 2461
f 2462 7708 2460
f 7708 7709 2427
f 2468 7710 7709
f 7710 7712 7711
f 5624 7713 7712
f 5627 7714 7713
f 5684 7715 7714
f 7716 7717 7711
f 7718 7719 7715
f 7719 7720 7716
f 7721 7722 5437
f 7722 7723 7718
f 7721 7724 2459
f 5687 7724 5436
f 5422 5689 5425
f 2452 5421 5359
f 7726 7727 7725
f 5367 7725 5358
f 7726 7729 7728
f 7728 7730 2450
f 7727 7731 2453
f 2456 7731 2449
f 2435 7723 2457
f 2430 7720 2433
f 2428 7717 2429
f 2416 2605 2421
f 2414 7566 2607
f 7732 7733 7555
f 7732 7735 7734
f 2413 7735 7557
f 7733 7736 3218
f 3187 7736 2412
f 7734 7737 2410
f 2417 7738 7737
f 2418 7739 7738
f 2408 3214 2411
f 7739 7740 2409
f 2405 7741 2407
f 3216 7741 3207
f 7742 7743 7740
f 2420 7744 7742
f 2425 7745 7744
f 2431 7746 7745
f 2448 7746 2443
f 2406 7743 2447
f 2403 7747 3208
f 7747 7749 7748
f 4276 7749 2400
f 2402 2446 2401
f 7751 7752 7750
f 7752 7753 2396
f 2441 7751 2445
f 2439 7754 7753
f 7730 7755 7754
f 7750 7756 2399
f 7756 7757 4278
f 4281 7758 2390
f 2398 7758 7757
f 2397 7759 2392
f 7755 7760 7759
f 5373 7761 7729
f 7760 7761 2394
f 2395 5375 2387
f 5380 7762 2388
f 7764 7765 7763
f 7762 7766 7765
f 7767 7768 2381
f 7764 7767 2385
f 2386 7769 2389
f 7769 7770 4282
f 2380 7771 7770
f 7771 7772 4287
f 7772 7773 4212
f 4216 7773 2383
f 2378 7775 7774
f 2382 7775 4220
f 2377 7777 7776
f 7778 7779 7777
f 2371 7780 7778
f 7780 7782 7781
f 7784 7785 7783
f 7786 7787 2374
f 2325 7789 7788
f 7791 7792 7790
f 7792 7794 7793
f 7791 7796 7795
f 7790 7798 7797
f 7799 7800 7798
f 7789 7801 7800
f 7802 7803 7799
f 7793 7804 7802
f 7805 7806 7804
f 7805 7807 7786
f 7782 7787 7783
f 2369 7808 2373
f 7806 7808 2360
f 2368 2376 2365
f 2366 7774 7768
f 7763 7809 2367
f 7810 7811 2358
f 2359 7811 7803
f 7788 7810 2333
f 2361 2364 2356
f 7809 7812 2363
f 7814 7815 7813
f 7815 7816 7812
f 2354 7813 7766
f 5406 7269 2350
f 2337 7814 2351
f 2357 7816 2335
f 2329 7817 2340
f 2330 3363 3362
f 2332 7817 2327
f 7306 7818 2328
f 2321 7818 2315
f 7307 7819 2316
f 3162 7820 3167
f 7819 7820 2312
f 2308 2318 2311
f 3159 7821 2313
f 7822 7823 3331
f 7823 7824 7821
f 7825 7826 3170
f 3222 7826 7822
f 2305 7827 7825
f 7829 7830 7828
f 2307 7831 7830
f 7829 7832 2310
f 7824 7827 2309
f 2319 7832 2304
f 2323 7833 7801
f 2303 7834 7833
f 7836 7837 7835
f 7828 7837 2302
f 7838 7839 7836
f 7834 7839 7797
f 7838 7840 7796
f 7835 7841 2301
f 7831 7842 7841
f 7842 7843 2298
f 3173 7843 3219
f 2296 7844 3195
f 3196 7844 3172
f 7845 7846 2289
f 2300 7847 7840
f 7846 7848 7847
f 2290 2299 2297
f 2286 7849 7848
f 7849 7850 7795
f 7845 7851 2287
f 7852 7853 3191
f 7851 7853 2279
f 2285 7852 3193
f 3199 3201 2282
f 3211 7854 2283
f 7855 7856 7854
f 7858 7859 7857
f 3210 7858 7855
f 7860 7861 7857
f 7862 7863 7861
f 7863 7864 7856
f 2284 7864 2280
f 2273 7865 7850
f 7865 7866 7794
f 7866 7867 7807
f 7784 7867 2270
f 2272 7868 2271
f 7862 7869 2278
f 7868 7869 2266
f 2269 7871 7870
f 2268 7872 7871
f 7860 7873 2267
f 7874 7875 7873
f 7876 7877 7859
f 7877 7878 7874
f 7876 7880 7879
f 7748 7880 3209
f 2264 7879 4277
f 7881 7882 4289
f 4196 7883 7881
f 7884 7885 7882
f 2263 7885 7878
f 4293 7886 7883
f 7887 7888 7886
f 7888 7889 7884
f 7889 7890 7875
f 7890 7891 7872
f 7892 7893 7891
f 2262 7894 7893
f 7894 7895 7870
f 7895 7896 7785
f 7896 7897 7781
f 2261 7898 7897
f 7887 7899 7892
f 7899 7900 2260
f 2255 7902 7901
f 4295 7902 7900
f 7903 7904 4184
f 4297 7904 7901
f 2257 7903 4182
f 2251 7905 2252
f 7905 7906 7898
f 2248 7908 7907
f 7906 7907 7779
f 7776 7909 4221
f 2247 7909 7908
f 2246 4223 4218
f 2258 7910 2250
f 2240 7910 2237
f 7911 7912 2234
f 7913 7914 4332
f 4302 7914 7911
f 2229 7913 4337
f 4165 7915 2230
f 2231 7916 7912
f 7917 7918 2220
f 7916 7918 2235
f 7917 7919 2241
f 7919 7920 2244
f 7921 7922 4224
f 2228 7921 7920
f 7922 7923 4228
f 2226 7924 7923
f 2221 7915 2222
f 8580 8581 8582
f 8583 8584 8585
f 8586 8587 8588
f 8589 8590 8591
f 8592 8593 8594
f 8595 8596 8597
f 8598 8599 8600
f 8601 8602 8603
f 8604 8605 8606
f 7937 7938 7935
f 6328 7937 7933
f 8607 8608 8609
f 2224 7930 2212
f 2210 7924 2211
f 7939 7940 7938
f 2215 7940 2206
f 6329 7941 7939
f 7942 7943 7941
f 6494 7944 7942
f 7946 7947 7945
f 4886 7947 7944
f 2207 7949 7948
f 7943 7950 7949
f 4271 7948 2205
f 7946 7951 7950
f 2202 7951 2198
f 2199 7945 6502
f 4257 4263 2192
f 4253 4256 2188
f 4092 4252 2187
f 2190 7952 2186
f 2191 7953 7952
f 7953 7954 2184
f 6504 7954 2197
f 6505 7955 2185
f 4875 7956 7955
f 2180 7956 4872
f 2175 4086 2176
f 4083 4087 2171
f 2174 4870 2172
f 4866 6531 2162
f 7957 7958 6534
f 6532 7958 2159
f 7959 7960 2160
f 7960 7961 2165
f 2151 7962 2156
f 7959 7963 7962
f 7957 7964 7963
f 6537 7965 7964
f 7965 7966 2157
f 6679 7966 6544
f 2155 6677 6673
f 2146 7967 7961
f 2168 7968 2169
f 7967 7969 7968
f 6666 7970 2143
f 7971 7972 7970
f 2138 7971 6584
f 6630 7973 2140
f 6622 7974 7973
f 7975 7976 7972
f 2144 7976 2130
f 2136 7969 2145
f 2129 7977 2137
f 7974 7978 7975
f 2128 7978 6621
f 2123 7979 7977
f 7979 7980 2131
f 7980 7981 4085
f 2120 7982 7981
f 4078 7982 4374
f 2122 7983 2121
f 7984 7985 7983
f 7985 7986 4490
f 4042 7986 2118
f 2116 7988 7987
f 7988 7989 2113
f 7984 7990 7989
f 2126 7991 7990
f 6620 7992 7991
f 7992 7993 2114
f 7994 7995 7987
f 4020 7995 2112
f 7996 7997 2115
f 7994 7997 2107
f 7993 7999 7998
f 2103 8000 6627
f 7998 8000 7996
f 6613 7999 6616
f 2105 4007 2108
f 6625 8001 2104
f 8002 8003 8001
f 8004 8005 8002
f 4008 8003 2099
f 2089 4010 2097
f 2091 8006 2086
f 8006 8007 2077
f 2088 8008 4006
f 2087 8009 8008
f 8009 8010 4014
f 2082 8011 8010
f 8012 8013 4498
f 8011 8012 3999
f 4502 8013 2080
f 2076 8014 2085
f 2079 8015 4507
f 8014 8016 8015
f 4509 8016 2073
f 2075 8017 3991
f 3964 8017 2072
f 2070 4537 3960
f 2074 2078 2068
f 8007 8018 2065
f 2062 8018 2094
f 2063 8019 2066
f 2069 8019 2061
f 2060 8020 4538
f 4540 8020 2059
f 4542 8022 8021
f 4548 8021 4545
f 2058 8023 8022
f 8025 8026 8024
f 8023 8024 4546
f 2102 8027 2096
f 2047 8028 8027
f 8028 8029 2051
f 2056 8029 8025
f 8005 8030 2101
f 2048 8030 2042
f 6612 8031 8004
f 2043 8031 6610
f 2046 8032 8026
f 2045 8033 8032
f 8033 8034 4547
f 6609 8035 2040
f 6775 8036 8035
f 2034 8034 2036
f 2032 4549 4544
f 2035 8036 2027
f 2023 8037 4692
f 4693 8037 2028
f 8039 8040 8038
f 8039 8042 8041
f 8042 8043 2031
f 2025 8041 2030
f 8043 8044 3940
f 8044 8045 4550
f 2020 8046 3937
f 8046 8047 3929
f 2022 8049 8048
f 8038 8049 8045
f 4690 8050 8048
f 8040 8051 4688
f 4687 8051 2024
f 2017 4680 4571
f 2012 4560 3932
f 2013 8052 2018
f 8050 8052 8047
f 2013 2012 1974
f 2011 2013 31
f 2012 2011 546
f 2015 2014 547
f 2011 2015 546
f 2014 2011 31
f 2017 2016 2006
f 2014 2017 547
f 2016 2014 31
f 2019 2018 503
f 2016 2019 2006
f 2018 2016 31
f 2022 2021 502
f 2020 2022 501
f 2021 2020 1976
f 2025 2024 2009
f 2023 2025 1981
f 2024 2023 2008
f 2028 2027 1983
f 2026 2028 1981
f 2027 2026 1982
f 2030 2026 1981
f 2029 2030 87
f 2026 2029 1982
f 2033 2032 541
f 2031 2033 87
f 2032 2031 1978
f 2034 2033 541
f 2029 2034 1982
f 2033 2029 87
f 2037 2036 540
f 2035 2037 413
f 2036 2035 1982
f 2040 2039 535
f 2038 2040 413
f 2039 2038 536
f 2041 2037 540
f 2038 2041 536
f 2037 2038 413
f 2044 2043 536
f 2042 2044 461
f 2043 2042 1893
f 2045 2041 540
f 2044 2045 461
f 2041 2044 536
f 2048 2047 669
f 2046 2048 461
f 2047 2046 670
f 2051 2050 668
f 2049 2051 56
f 2050 2049 672
f 2053 2052 673
f 2049 2053 672
f 2052 2049 56
f 2055 2054 1863
f 2052 2055 673
f 2054 2052 56
f 2057 2056 1985
f 2054 2057 1863
f 2056 2054 56
f 2059 2058 1984
f 2057 2059 1863
f 2058 2057 1985
f 2061 2060 674
f 2055 2061 673
f 2060 2055 1863
f 2063 2053 673
f 2062 2063 671
f 2053 2062 672
f 2066 2065 671
f 2064 2066 13
f 2065 2064 1864
f 2068 2067 1861
f 2064 2068 1864
f 2067 2064 13
f 2071 2070 676
f 2069 2071 13
f 2070 2069 674
f 2072 2071 676
f 2067 2072 1861
f 2071 2067 13
f 2075 2074 1861
f 2073 2075 239
f 2074 2073 653
f 2078 2077 1864
f 2076 2078 653
f 2077 2076 657
f 2081 2080 660
f 2079 2081 247
f 2080 2079 652
f 2083 2082 658
f 2081 2083 247
f 2082 2081 660
f 2085 2084 657
f 2083 2085 247
f 2084 2083 658
f 2087 2084 658
f 2086 2087 654
f 2084 2086 657
f 2090 2089 656
f 2088 2090 654
f 2089 2088 655
f 2092 2090 656
f 2091 2092 144
f 2090 2091 654
f 2094 2093 672
f 2092 2094 144
f 2093 2092 656
f 2095 2093 656
f 2050 2095 668
f 2093 2050 672
f 2097 2095 656
f 2096 2097 153
f 2095 2096 668
f 2100 2099 1892
f 2098 2100 153
f 2099 2098 1890
f 2102 2101 669
f 2100 2102 153
f 2101 2100 1892
f 2105 2104 1891
f 2103 2105 1886
f 2104 2103 1894
f 2108 2107 1886
f 2106 2108 171
f 2107 2106 1887
f 2110 2109 1889
f 2106 2110 1887
f 2109 2106 171
f 2112 2111 1888
f 2110 2112 1887
f 2111 2110 1889
f 2115 2114 1884
f 2113 2115 83
f 2114 2113 1885
f 2118 2117 1879
f 2116 2118 636
f 2117 2116 1878
f 2121 2120 1880
f 2119 2121 635
f 2120 2119 928
f 2124 2123 632
f 2122 2124 482
f 2123 2122 1880
f 2126 2125 631
f 2124 2126 482
f 2125 2124 632
f 2128 2127 633
f 2125 2128 631
f 2127 2125 632
f 2130 2129 1882
f 2127 2130 633
f 2129 2127 632
f 2133 2132 925
f 2131 2133 399
f 2132 2131 1696
f 2135 2134 620
f 2133 2135 399
f 2134 2133 925
f 2137 2136 1882
f 2135 2137 399
f 2136 2135 620
f 2140 2139 1897
f 2138 2140 1881
f 2139 2138 1896
f 2143 2142 624
f 2141 2143 45
f 2142 2141 622
f 2145 2144 1882
f 2141 2145 622
f 2144 2141 45
f 2147 2146 623
f 2142 2147 624
f 2146 2142 622
f 2150 2149 624
f 2148 2150 479
f 2149 2148 612
f 2151 2147 623
f 2150 2151 479
f 2147 2150 624
f 2153 2152 613
f 2148 2153 612
f 2152 2148 479
f 2155 2154 614
f 2152 2155 613
f 2154 2152 479
f 2157 2156 615
f 2154 2157 614
f 2156 2154 479
f 2160 2159 617
f 2158 2160 373
f 2159 2158 618
f 2162 2161 914
f 2158 2162 618
f 2161 2158 373
f 2164 2163 621
f 2161 2164 914
f 2163 2161 373
f 2166 2165 619
f 2163 2166 621
f 2165 2163 373
f 2168 2166 619
f 2167 2168 475
f 2166 2167 621
f 2170 2134 925
f 2169 2170 475
f 2134 2169 620
f 2172 2171 923
f 2170 2172 475
f 2171 2170 925
f 2175 2174 923
f 2173 2175 52
f 2174 2173 919
f 2178 2177 922
f 2176 2178 52
f 2177 2176 920
f 2180 2179 918
f 2173 2180 919
f 2179 2173 52
f 2181 2178 922
f 2179 2181 918
f 2178 2179 52
f 2183 2182 1697
f 2181 2183 918
f 2182 2181 922
f 2185 2184 1698
f 2183 2185 918
f 2184 2183 1697
f 2187 2182 922
f 2186 2187 262
f 2182 2186 1697
f 2190 2189 1203
f 2188 2190 262
f 2189 2188 1204
f 2193 2192 1198
f 2191 2193 116
f 2192 2191 1203
f 2195 2194 1195
f 2193 2195 116
f 2194 2193 1198
f 2197 2196 1197
f 2195 2197 116
f 2196 2195 1195
f 2199 2198 1196
f 2196 2199 1197
f 2198 2196 1195
f 2201 2200 1199
f 2194 2201 1195
f 2200 2194 1198
f 2203 2201 1199
f 2202 2203 139
f 2201 2202 1195
f 2205 2204 1200
f 2203 2205 139
f 2204 2203 1199
f 2208 2207 1213
f 2206 2208 257
f 2207 2206 958
f 2210 2209 1155
f 2208 2210 257
f 2209 2208 1213
f 1158 8611 8610
f 2211 2213 257
f 2212 2211 1154
f 2215 2214 959
f 2213 2215 257
f 1158 8612 8611
f 2218 2217 1161
f 2216 2218 1157
f 2217 2216 1171
f 2221 2220 1172
f 2219 2221 79
f 2220 2219 1173
f 2223 2216 1157
f 2222 2223 79
f 2216 2222 1171
f 2225 2224 1154
f 2223 2225 79
f 2224 2223 1157
f 2227 2226 1156
f 2225 2227 79
f 2226 2225 1154
f 2228 2227 1156
f 2219 2228 1173
f 2227 2219 79
f 2231 2230 1172
f 2229 2231 1167
f 2230 2229 1169
f 2234 2233 1168
f 2232 2234 378
f 2233 2232 1208
f 2236 2235 1174
f 2232 2236 1208
f 2235 2232 378
f 2238 2237 1502
f 2236 2238 1208
f 2237 2236 1174
f 2241 2240 1174
f 2239 2241 308
f 2240 2239 1115
f 2243 2242 1109
f 2239 2243 1115
f 2242 2239 308
f 2245 2244 1110
f 2242 2245 1109
f 2244 2242 308
f 2247 2246 1111
f 2245 2247 1109
f 2246 2245 1110
f 2249 2248 1114
f 2243 2249 1115
f 2248 2243 1109
f 2251 2249 1114
f 2250 2251 415
f 2249 2250 1115
f 2254 2253 1144
f 2252 2254 415
f 2253 2252 1113
f 2256 2255 1216
f 2254 2256 415
f 2255 2254 1144
f 2258 2257 1502
f 2256 2258 415
f 2257 2256 1216
f 2260 2259 1501
f 2253 2260 1144
f 2259 2253 1113
f 2262 2261 1119
f 2259 2262 1501
f 2261 2259 1113
f 2265 2264 1242
f 2263 2265 299
f 2264 2263 1219
f 2268 2267 1118
f 2266 2268 1116
f 2267 2266 1117
f 2271 2270 1498
f 2269 2271 1116
f 2270 2269 1120
f 2274 2273 1497
f 2272 2274 67
f 2273 2272 1498
f 2276 2275 1490
f 2274 2276 67
f 2275 2274 1497
f 2278 2277 1245
f 2276 2278 67
f 2277 2276 1490
f 2280 2279 1488
f 2277 2280 1245
f 2279 2277 1490
f 2283 2282 1244
f 2281 2283 243
f 2282 2281 1483
f 2285 2284 1488
f 2281 2285 1483
f 2284 2281 243
f 2287 2286 1491
f 2275 2287 1490
f 2286 2275 1497
f 2290 2289 1492
f 2288 2290 66
f 2289 2288 164
f 2292 2291 1489
f 2288 2292 164
f 2291 2288 66
f 2294 2293 1486
f 2291 2294 1489
f 2293 2291 66
f 2296 2295 1485
f 2293 2296 1486
f 2295 2293 66
f 2298 2297 1484
f 2295 2298 1485
f 2297 2295 66
f 2301 2300 1494
f 2299 2301 1484
f 2300 2299 1492
f 2304 2303 1508
f 2302 2304 1346
f 2303 2302 1493
f 2307 2306 1345
f 2305 2307 1344
f 2306 2305 1347
f 2310 2309 1344
f 2308 2310 16
f 2309 2308 1342
f 2313 2312 1350
f 2311 2313 1342
f 2312 2311 1349
f 2316 2315 1513
f 2314 2316 1349
f 2315 2314 1510
f 2318 2314 1349
f 2317 2318 16
f 2314 2317 1510
f 2320 2319 1508
f 2317 2320 1510
f 2319 2317 16
f 2322 2320 1508
f 2321 2322 286
f 2320 2321 1510
f 2324 2323 1509
f 2322 2324 286
f 2323 2322 1508
f 2326 2325 1511
f 2324 2326 286
f 2325 2324 1509
f 2328 2327 1512
f 2326 2328 286
f 2327 2326 1511
f 2331 2330 1515
f 2329 2331 1512
f 2330 2329 1514
f 2334 2333 1507
f 2332 2334 151
f 2333 2332 1511
f 2336 2335 1228
f 2334 2336 151
f 2335 2334 1507
f 2338 2337 1230
f 2336 2338 151
f 2337 2336 1228
f 2340 2339 1514
f 2338 2340 151
f 2339 2338 1230
f 2342 2341 1516
f 2339 2342 1514
f 2341 2339 1230
f 2344 2341 1230
f 2343 2344 230
f 2341 2343 1516
f 2346 2345 1235
f 2343 2346 1516
f 2345 2343 230
f 2349 2348 1234
f 2347 2349 230
f 2348 2347 1232
f 2350 2349 1234
f 2345 2350 1235
f 2349 2345 230
f 2352 2351 1229
f 2344 2352 230
f 2351 2344 1230
f 2353 2352 1229
f 2347 2353 1232
f 2352 2347 230
f 2355 2354 1231
f 2353 2355 1232
f 2354 2353 1229
f 2358 2357 1507
f 2356 2358 307
f 2357 2356 1106
f 2361 2360 1104
f 2359 2361 307
f 2360 2359 1102
f 2364 2363 1106
f 2362 2364 1104
f 2363 2362 1105
f 2367 2366 1107
f 2365 2367 1105
f 2366 2365 1108
f 2369 2362 1104
f 2368 2369 331
f 2362 2368 1105
f 2372 2371 1500
f 2370 2372 331
f 2371 2370 1121
f 2374 2373 1122
f 2370 2374 1121
f 2373 2370 331
f 2376 2375 1108
f 2372 2376 331
f 2375 2372 1500
f 2378 2377 1499
f 2375 2378 1108
f 2377 2375 1500
f 2381 2380 1505
f 2379 2381 300
f 2380 2379 1504
f 2383 2382 1503
f 2379 2383 1504
f 2382 2379 300
f 2386 2385 1505
f 2384 2386 108
f 2385 2384 1506
f 2388 2387 1240
f 2384 2388 1506
f 2387 2384 108
f 2391 2390 1141
f 2389 2391 108
f 2390 2389 1139
f 2393 2392 1239
f 2391 2393 108
f 2392 2391 1141
f 2395 2394 1138
f 2393 2395 108
f 2394 2393 1239
f 2398 2397 1141
f 2396 2398 360
f 2397 2396 1132
f 2401 2400 1131
f 2399 2401 1043
f 2400 2399 1130
f 2404 2403 1576
f 2402 2404 14
f 2403 2402 1131
f 2406 2405 1038
f 2404 2406 14
f 2405 2404 1576
f 2409 2408 1579
f 2407 2409 1038
f 2408 2407 1577
f 2412 2411 1578
f 2410 2412 1477
f 2411 2410 1579
f 2415 2414 1258
f 2413 2415 119
f 2414 2413 1259
f 2417 2416 1582
f 2415 2417 119
f 2416 2415 1258
f 2420 2419 1039
f 2418 2420 297
f 2419 2418 1582
f 2422 2421 1581
f 2419 2422 1039
f 2421 2419 1582
f 2424 2423 1580
f 2422 2424 1039
f 2423 2422 1581
f 2426 2424 1580
f 2425 2426 195
f 2424 2425 1039
f 2428 2427 1583
f 2426 2428 195
f 2427 2426 1580
f 2431 2430 1037
f 2429 2431 195
f 2430 2429 1036
f 2434 2433 1035
f 2432 2434 430
f 2433 2432 1037
f 2436 2435 1135
f 2434 2436 430
f 2435 2434 1035
f 2438 2437 1133
f 2436 2438 430
f 2437 2436 1135
f 2440 2439 1042
f 2438 2440 430
f 2439 2438 1133
f 2442 2441 1041
f 2440 2442 430
f 2441 2440 1042
f 2443 2442 1041
f 2432 2443 1037
f 2442 2432 430
f 2446 2445 1043
f 2444 2446 14
f 2445 2444 1041
f 2448 2447 1040
f 2444 2448 1041
f 2447 2444 14
f 2450 2449 1134
f 2437 2450 1133
f 2449 2437 1135
f 2453 2452 1045
f 2451 2453 169
f 2452 2451 1046
f 2455 2454 1574
f 2451 2455 1046
f 2454 2451 169
f 2458 2457 1034
f 2456 2458 169
f 2457 2456 1135
f 2459 2458 1034
f 2454 2459 1574
f 2458 2454 169
f 2461 2423 1581
f 2460 2461 1475
f 2423 2460 1580
f 2464 2463 1248
f 2462 2464 370
f 2463 2462 1475
f 2466 2465 1247
f 2464 2466 370
f 2465 2464 1248
f 2468 2467 1252
f 2466 2468 370
f 2467 2466 1247
f 2470 2469 1253
f 2467 2470 1252
f 2469 2467 1247
f 2472 2469 1247
f 2471 2472 319
f 2469 2471 1253
f 2474 2473 1246
f 2472 2474 319
f 2473 2472 1247
f 2476 2475 1731
f 2474 2476 319
f 2475 2474 1246
f 2478 2477 1250
f 2476 2478 319
f 2477 2476 1731
f 2480 2479 1249
f 2478 2480 319
f 2479 2478 1250
f 2483 2482 1725
f 2481 2483 1251
f 2482 2481 1728
f 2486 2485 1727
f 2484 2486 182
f 2485 2484 1724
f 2488 2487 1725
f 2484 2488 1724
f 2487 2484 182
f 2491 2490 1728
f 2489 2491 351
f 2490 2489 1729
f 2493 2492 893
f 2489 2493 1729
f 2492 2489 351
f 2495 2494 1250
f 2492 2495 893
f 2494 2492 351
f 2496 2477 1731
f 2495 2496 893
f 2477 2495 1250
f 2499 2498 1729
f 2497 2499 892
f 2498 2497 1730
f 2501 2497 892
f 2500 2501 467
f 2497 2500 1730
f 2503 2502 888
f 2501 2503 467
f 2502 2501 892
f 2506 2505 892
f 2504 2506 889
f 2505 2504 890
f 2508 2507 891
f 2504 2508 890
f 2507 2504 889
f 2510 2508 891
f 2509 2510 881
f 2508 2509 890
f 2513 2512 1734
f 2511 2513 887
f 2512 2511 896
f 2516 2515 898
f 2514 2516 499
f 2515 2514 897
f 2518 2517 886
f 2516 2518 499
f 2517 2516 898
f 2520 2519 1778
f 2514 2520 897
f 2519 2514 499
f 2522 2521 884
f 2519 2522 1778
f 2521 2519 499
f 2525 2524 1781
f 2523 2525 883
f 2524 2523 1779
f 2527 2526 1778
f 2525 2527 883
f 2526 2525 1781
f 2530 2529 1782
f 2528 2530 1776
f 2529 2528 1780
f 2532 2524 1779
f 2531 2532 484
f 2524 2531 1781
f 2534 2533 804
f 2532 2534 484
f 2533 2532 1779
f 2536 2535 805
f 2534 2536 484
f 2535 2534 804
f 2538 2537 803
f 2536 2538 484
f 2537 2536 805
f 2541 2540 1792
f 2539 2541 1787
f 2540 2539 1791
f 2544 2543 869
f 2542 2544 480
f 2543 2542 1737
f 2546 2545 1785
f 2542 2546 1737
f 2545 2542 480
f 2549 2548 1785
f 2547 2549 472
f 2548 2547 1784
f 2551 2550 1783
f 2547 2551 1784
f 2550 2547 472
f 2554 2553 1784
f 2552 2554 349
f 2553 2552 1737
f 2557 2556 875
f 2555 2557 349
f 2556 2555 1736
f 2560 2559 1735
f 2558 2560 879
f 2559 2558 1736
f 2563 2562 1256
f 2561 2563 432
f 2562 2561 878
f 2565 2564 1255
f 2563 2565 432
f 2564 2563 1256
f 2568 2567 879
f 2566 2568 432
f 2567 2566 875
f 2570 2569 876
f 2566 2570 875
f 2569 2566 432
f 2572 2571 1463
f 2569 2572 876
f 2571 2569 432
f 2575 2574 1463
f 2573 2575 1255
f 2574 2573 1469
f 2578 2577 1473
f 2576 2578 40
f 2577 2576 1256
f 2581 2580 1473
f 2579 2581 464
f 2580 2579 881
f 2584 2583 464
f 2582 2584 12
f 2583 2582 880
f 2586 2585 877
f 2584 2586 12
f 2585 2584 464
f 2588 2587 878
f 2581 2588 464
f 2587 2581 1473
f 2587 2562 878
f 2577 2587 1473
f 2562 2577 1256
f 2591 2590 1474
f 2589 2591 40
f 2590 2589 1733
f 2593 2592 1254
f 2591 2593 40
f 2592 2591 1474
f 2596 2595 1472
f 2594 2596 24
f 2595 2594 1471
f 2598 2597 1474
f 2596 2598 24
f 2597 2596 1472
f 2601 2600 1470
f 2599 2601 107
f 2600 2599 1257
f 2603 2602 1471
f 2601 2603 107
f 2602 2601 1470
f 2606 2605 1258
f 2604 2606 107
f 2605 2604 1581
f 2607 2606 1258
f 2599 2607 1257
f 2606 2599 107
f 2610 2609 1470
f 2608 2610 9
f 2609 2608 1468
f 2612 2611 1262
f 2608 2612 1468
f 2611 2608 9
f 2614 2613 1260
f 2611 2614 1262
f 2613 2611 9
f 2616 2615 1466
f 2613 2616 1260
f 2615 2613 9
f 2619 2618 1348
f 2617 2619 402
f 2618 2617 1124
f 2621 2620 1322
f 2619 2621 402
f 2620 2619 1348
f 2623 2622 1325
f 2621 2623 402
f 2622 2621 1322
f 2626 2625 1386
f 2624 2626 1324
f 2625 2624 1328
f 2628 2625 1328
f 2627 2628 136
f 2625 2627 1386
f 2630 2629 1388
f 2628 2630 136
f 2629 2628 1328
f 2633 2632 1451
f 2631 2633 1388
f 2632 2631 1450
f 2635 2633 1451
f 2634 2635 1271
f 2633 2634 1388
f 2638 2637 1270
f 2636 2638 136
f 2637 2636 1271
f 2640 2639 1387
f 2638 2640 136
f 2639 2638 1270
f 2643 2642 1455
f 2641 2643 129
f 2642 2641 1269
f 2645 2644 1454
f 2642 2645 1455
f 2644 2642 1269
f 2648 2647 1454
f 2646 2648 111
f 2647 2646 1453
f 2651 2650 1452
f 2649 2651 1272
f 2650 2649 1453
f 2653 2652 1447
f 2651 2653 1272
f 2652 2651 1452
f 2656 2655 1274
f 2654 2656 1272
f 2655 2654 1273
f 2658 2653 1447
f 2657 2658 120
f 2653 2657 1272
f 2660 2659 1446
f 2658 2660 120
f 2659 2658 1447
f 2662 2661 1427
f 2660 2662 120
f 2661 2660 1446
f 2665 2664 1273
f 2663 2665 120
f 2664 2663 1285
f 2667 2666 1442
f 2664 2667 1273
f 2666 2664 1285
f 2670 2669 1441
f 2668 2670 29
f 2669 2668 1439
f 2672 2671 1454
f 2670 2672 29
f 2671 2670 1441
f 2675 2674 1440
f 2673 2675 47
f 2674 2673 1459
f 2677 2676 1292
f 2673 2677 1459
f 2676 2673 47
f 2679 2678 1289
f 2676 2679 1292
f 2678 2676 47
f 2681 2680 1438
f 2678 2681 1289
f 2680 2678 47
f 2684 2683 1293
f 2682 2684 234
f 2683 2682 1291
f 2686 2685 1288
f 2682 2686 1291
f 2685 2682 234
f 2689 2688 1290
f 2687 2689 497
f 2688 2687 1442
f 2691 2690 1443
f 2688 2691 1290
f 2690 2688 1442
f 2694 2693 1297
f 2692 2694 22
f 2693 2692 1443
f 2696 2695 1296
f 2694 2696 22
f 2695 2694 1297
f 2698 2697 1291
f 2696 2698 22
f 2697 2696 1296
f 2699 2697 1296
f 2683 2699 1293
f 2697 2683 1291
f 2702 2701 1434
f 2700 2702 1294
f 2701 2700 1433
f 2705 2704 861
f 2703 2705 386
f 2704 2703 1433
f 2707 2706 860
f 2705 2707 386
f 2706 2705 861
f 2709 2708 866
f 2707 2709 386
f 2708 2707 860
f 2711 2710 408
f 2709 2711 386
f 2710 2709 866
f 2713 2712 1434
f 2711 2713 386
f 2712 2711 408
f 2716 2715 1461
f 2714 2716 1435
f 2715 2714 1462
f 2719 2718 1295
f 2717 2719 440
f 2718 2717 1461
f 2721 2720 1294
f 2719 2721 440
f 2720 2719 1295
f 2724 2723 1462
f 2722 2724 1436
f 2723 2722 1465
f 2727 2726 1464
f 2725 2727 448
f 2726 2725 1267
f 2730 2729 1458
f 2728 2730 125
f 2729 2728 1456
f 2732 2731 1267
f 2730 2732 125
f 2731 2730 1458
f 2735 2734 1268
f 2733 2735 125
f 2734 2733 448
f 2737 2736 1266
f 2735 2737 125
f 2736 2735 1268
f 2738 2737 1266
f 2728 2738 1456
f 2737 2728 125
f 2740 2739 1457
f 2729 2740 1458
f 2739 2729 1456
f 2743 2742 1459
f 2741 2743 460
f 2742 2741 1457
f 2744 2741 460
f 2740 2744 1458
f 2741 2740 1457
f 2747 2746 1457
f 2745 2747 99
f 2746 2745 1440
f 2748 2739 1456
f 2747 2748 99
f 2739 2747 1457
f 2751 2750 1266
f 2749 2751 38
f 2750 2749 1264
f 2754 2753 1261
f 2752 2754 38
f 2753 2752 1262
f 2756 2755 1467
f 2752 2756 1262
f 2755 2752 38
f 2758 2757 1268
f 2755 2758 1467
f 2757 2755 38
f 2759 2756 1467
f 2612 2759 1468
f 2756 2612 1262
f 2761 2759 1467
f 2760 2761 251
f 2759 2760 1468
f 2763 2762 1469
f 2761 2763 251
f 2762 2761 1467
f 2764 2573 1255
f 2763 2764 251
f 2573 2763 1469
f 2765 2758 1268
f 2762 2765 1469
f 2758 2762 1467
f 2768 2767 1331
f 2766 2768 26
f 2767 2766 1329
f 2771 2770 1330
f 2769 2771 291
f 2770 2769 1331
f 2774 2773 1329
f 2772 2774 260
f 2773 2772 1330
f 2776 2775 1466
f 2774 2776 260
f 2775 2774 1329
f 2777 2775 1329
f 2616 2777 1260
f 2775 2616 1466
f 2773 2767 1329
f 2770 2773 1330
f 2767 2770 1331
f 2778 2766 26
f 2777 2778 1260
f 2766 2777 1329
f 2780 2779 1261
f 2778 2780 1260
f 2779 2778 26
f 2780 2614 1260
f 2753 2780 1261
f 2614 2753 1262
f 2782 2781 1265
f 2750 2782 1266
f 2781 2750 1264
f 2785 2784 1455
f 2783 2785 99
f 2784 2783 1265
f 2786 2784 1265
f 2643 2786 129
f 2784 2643 1455
f 2787 2781 1264
f 2786 2787 129
f 2781 2786 1265
f 2788 2782 1265
f 2738 2788 1456
f 2782 2738 1266
f 2788 2748 1456
f 2783 2788 1265
f 2748 2783 99
f 2757 2736 1268
f 2751 2757 38
f 2736 2751 1266
f 2790 2789 1465
f 2726 2790 1464
f 2789 2726 1267
f 2792 2790 1465
f 2791 2792 391
f 2790 2791 1464
f 2794 2793 876
f 2791 2794 1464
f 2793 2791 391
f 2796 2795 874
f 2793 2796 876
f 2795 2793 391
f 2797 2796 874
f 2570 2797 875
f 2796 2570 876
f 2798 2722 1436
f 2792 2798 391
f 2722 2792 1465
f 2800 2799 870
f 2798 2800 391
f 2799 2798 1436
f 2801 2800 870
f 2795 2801 874
f 2800 2795 391
f 2803 2802 873
f 2801 2803 874
f 2802 2801 870
f 2805 2804 871
f 2799 2805 870
f 2804 2799 1436
f 2807 2805 871
f 2806 2807 21
f 2805 2806 870
f 2809 2808 872
f 2807 2809 21
f 2808 2807 871
f 2811 2810 867
f 2809 2811 21
f 2810 2809 872
f 2813 2812 869
f 2811 2813 21
f 2812 2811 867
f 2815 2814 873
f 2813 2815 21
f 2814 2813 869
f 2818 2817 792
f 2816 2818 791
f 2817 2816 1739
f 2820 2819 1795
f 2818 2820 791
f 2819 2818 792
f 2823 2822 1796
f 2821 2823 34
f 2822 2821 1795
f 2825 2824 1745
f 2819 2825 1795
f 2824 2819 792
f 2827 2817 1739
f 2826 2827 232
f 2817 2826 792
f 2829 2828 863
f 2827 2829 232
f 2828 2827 1739
f 2832 2831 1738
f 2830 2832 863
f 2831 2830 864
f 2834 2833 865
f 2830 2834 864
f 2833 2830 863
f 2836 2835 866
f 2834 2836 864
f 2835 2834 865
f 2838 2808 871
f 2837 2838 408
f 2808 2837 872
f 2840 2810 872
f 2839 2840 865
f 2810 2839 867
f 2841 2840 872
f 2835 2841 866
f 2840 2835 865
f 2844 2843 1743
f 2842 2844 1738
f 2843 2842 1741
f 2847 2846 1745
f 2845 2847 1743
f 2846 2845 1744
f 2850 2849 1742
f 2848 2850 417
f 2849 2848 858
f 2853 2852 857
f 2851 2853 855
f 2852 2851 856
f 2856 2855 1432
f 2854 2856 1430
f 2855 2854 1431
f 2858 2855 1431
f 2857 2858 340
f 2855 2857 1432
f 2860 2859 1437
f 2857 2860 1432
f 2859 2857 340
f 2862 2861 861
f 2859 2862 1437
f 2861 2859 340
f 2864 2863 862
f 2861 2864 861
f 2863 2861 340
f 2865 2858 1431
f 2863 2865 862
f 2858 2863 340
f 2868 2867 1444
f 2866 2868 37
f 2867 2866 1297
f 2871 2870 1287
f 2869 2871 103
f 2870 2869 1285
f 2873 2872 1429
f 2871 2873 103
f 2872 2871 1287
f 2875 2874 1286
f 2870 2875 1287
f 2874 2870 1285
f 2878 2877 1428
f 2876 2878 1286
f 2877 2876 1427
f 2880 2879 1426
f 2872 2880 1429
f 2879 2872 1287
f 2882 2879 1287
f 2881 2882 442
f 2879 2881 1426
f 2885 2884 1424
f 2883 2885 442
f 2884 2883 1428
f 2887 2886 1423
f 2885 2887 442
f 2886 2885 1424
f 2888 2887 1423
f 2881 2888 1426
f 2887 2881 442
f 2890 2889 1425
f 2888 2890 1426
f 2889 2888 1423
f 2892 2886 1424
f 2891 2892 1309
f 2886 2891 1423
f 2895 2894 1425
f 2893 2895 11
f 2894 2893 1306
f 2897 2896 1304
f 2893 2897 1306
f 2896 2893 11
f 2899 2898 1307
f 2896 2899 1304
f 2898 2896 11
f 2901 2900 1305
f 2897 2901 1306
f 2900 2897 1304
f 2903 2894 1306
f 2902 2903 1302
f 2894 2902 1425
f 2905 2890 1425
f 2904 2905 181
f 2890 2904 1426
f 2906 2902 1302
f 2905 2906 181
f 2902 2905 1425
f 2909 2908 1299
f 2907 2909 181
f 2908 2907 1300
f 2911 2910 1429
f 2909 2911 181
f 2910 2909 1299
f 2914 2913 1413
f 2912 2914 1303
f 2913 2912 1412
f 2917 2916 857
f 2915 2917 377
f 2916 2915 1413
f 2919 2916 1413
f 2918 2919 853
f 2916 2918 857
f 2921 2919 1413
f 2920 2921 454
f 2919 2920 853
f 2924 2923 1415
f 2922 2924 454
f 2923 2922 1412
f 2926 2925 852
f 2924 2926 454
f 2925 2924 1415
f 2928 2927 851
f 2926 2928 454
f 2927 2926 852
f 2931 2930 1745
f 2929 2931 264
f 2930 2929 1746
f 2934 2933 1796
f 2932 2934 1746
f 2933 2932 1748
f 2936 2935 1747
f 2932 2936 1748
f 2935 2932 1746
f 2937 2929 264
f 2935 2937 1747
f 2929 2935 1746
f 2939 2938 847
f 2937 2939 1747
f 2938 2937 264
f 2941 2940 848
f 2938 2941 847
f 2940 2938 264
f 2943 2941 848
f 2942 2943 846
f 2941 2942 847
f 2946 2945 1749
f 2944 2946 130
f 2945 2944 1747
f 2949 2948 1748
f 2947 2949 130
f 2948 2947 1750
f 2951 2950 1758
f 2947 2951 1750
f 2950 2947 130
f 2953 2952 1752
f 2950 2953 1758
f 2952 2950 130
f 2955 2954 1757
f 2953 2955 1758
f 2954 2953 1752
f 2958 2957 842
f 2956 2958 190
f 2957 2956 844
f 2960 2959 839
f 2958 2960 190
f 2959 2958 842
f 2962 2961 1752
f 2956 2962 844
f 2961 2956 190
f 2965 2964 850
f 2963 2965 435
f 2964 2963 846
f 2967 2966 1417
f 2965 2967 435
f 2966 2965 850
f 2969 2968 845
f 2967 2969 435
f 2968 2967 1417
f 2972 2971 1403
f 2970 2972 1341
f 2971 2970 1404
f 2975 2974 1404
f 2973 2975 332
f 2974 2973 1405
f 2977 2976 1408
f 2973 2977 1405
f 2976 2973 332
f 2980 2979 1383
f 2978 2980 345
f 2979 2978 1402
f 2982 2981 1403
f 2980 2982 345
f 2981 2980 1383
f 2985 2984 1384
f 2983 2985 1374
f 2984 2983 1403
f 2987 2985 1384
f 2986 2987 236
f 2985 2986 1374
f 2989 2988 1337
f 2987 2989 236
f 2988 2987 1384
f 2991 2990 1379
f 2989 2991 236
f 2990 2989 1337
f 2994 2993 1375
f 2992 2994 379
f 2993 2992 1372
f 2997 2996 1373
f 2995 2997 379
f 2996 2995 1529
f 2999 2998 1525
f 2995 2999 1529
f 2998 2995 379
f 3001 3000 1377
f 2998 3001 1525
f 3000 2998 379
f 3003 3002 1523
f 3001 3003 1525
f 3002 3001 1377
f 3006 3005 1380
f 3004 3006 49
f 3005 3004 1378
f 3008 3007 1382
f 3006 3008 49
f 3007 3006 1380
f 3011 3010 1335
f 3009 3011 354
f 3010 3009 1336
f 3014 3013 1334
f 3012 3014 1318
f 3013 3012 1333
f 3016 3012 1318
f 3015 3016 1317
f 3012 3015 1333
f 3019 3018 1320
f 3017 3019 85
f 3018 3017 1275
f 3022 3021 1276
f 3020 3022 85
f 3021 3020 1319
f 3023 3022 1276
f 3017 3023 1275
f 3022 3017 85
f 3026 3025 1400
f 3024 3026 1319
f 3025 3024 1399
f 3029 3028 1314
f 3027 3029 375
f 3028 3027 1315
f 3031 3030 1399
f 3027 3031 1315
f 3030 3027 375
f 3033 2988 1384
f 3032 3033 388
f 2988 3032 1337
f 3035 3034 1383
f 3033 3035 388
f 3034 3033 1384
f 3037 3036 1316
f 3035 3037 388
f 3036 3035 1383
f 3038 2979 1402
f 3036 3038 1316
f 2979 3036 1383
f 3040 3039 1313
f 2978 3040 1402
f 3039 2978 345
f 3043 3042 1417
f 3041 3043 123
f 3042 3041 1408
f 3045 3044 1409
f 3043 3045 123
f 3044 3043 1417
f 3048 3047 1409
f 3046 3048 466
f 3047 3046 1411
f 3050 3049 849
f 2964 3050 850
f 3049 2964 846
f 3052 3049 846
f 3051 3052 60
f 3049 3051 849
f 3054 3050 849
f 3053 3054 466
f 3050 3053 850
f 3055 3048 1409
f 3053 3055 850
f 3048 3053 466
f 3055 2966 850
f 3044 3055 1409
f 2966 3044 1417
f 3056 3047 1411
f 3045 3056 123
f 3047 3045 1409
f 3059 3058 1418
f 3057 3059 376
f 3058 3057 1416
f 3061 3060 1410
f 3059 3061 376
f 3060 3059 1418
f 3064 3063 1414
f 3062 3064 376
f 3063 3062 1415
f 3067 3066 1412
f 3065 3067 321
f 3066 3065 1414
f 3068 2912 1303
f 3067 3068 321
f 2912 3067 1412
f 3066 2923 1412
f 3063 3066 1414
f 2923 3063 1415
f 3069 3064 1414
f 3057 3069 1416
f 3064 3057 376
f 3071 3069 1414
f 3070 3071 1305
f 3069 3070 1416
f 3074 3073 1308
f 3072 3074 273
f 3073 3072 1304
f 3076 3075 1419
f 3074 3076 273
f 3075 3074 1308
f 3079 3078 1419
f 3077 3079 235
f 3078 3077 1406
f 3081 3080 1420
f 3079 3081 235
f 3080 3079 1419
f 3082 3075 1308
f 3080 3082 1420
f 3075 3080 1419
f 3085 3084 1422
f 3083 3085 293
f 3084 3083 1307
f 3087 3086 1421
f 3085 3087 293
f 3086 3085 1422
f 3090 3089 1421
f 3088 3090 1311
f 3089 3088 1420
f 3092 3090 1421
f 3091 3092 277
f 3090 3091 1311
f 3095 3094 1396
f 3093 3095 110
f 3094 3093 1397
f 3098 3097 1281
f 3096 3098 339
f 3097 3096 1283
f 3101 3100 1283
f 3099 3101 256
f 3100 3099 1284
f 3103 3102 1424
f 3099 3103 1284
f 3102 3099 256
f 3105 2877 1427
f 3104 3105 237
f 2877 3104 1428
f 3107 3106 1445
f 3105 3107 237
f 3106 3105 1427
f 3109 3108 1280
f 3107 3109 237
f 3108 3107 1445
f 3111 3110 1282
f 3109 3111 237
f 3110 3109 1280
f 3113 3110 1280
f 3112 3113 309
f 3110 3112 1282
f 3115 3114 1449
f 3113 3115 309
f 3114 3113 1280
f 3118 3117 1281
f 3116 3118 309
f 3117 3116 1279
f 3119 3115 1449
f 3116 3119 1279
f 3115 3116 309
f 3121 3114 1280
f 3120 3121 42
f 3114 3120 1449
f 3122 3108 1445
f 3121 3122 42
f 3108 3121 1280
f 3124 3123 1448
f 3122 3124 42
f 3123 3122 1445
f 3127 3126 1450
f 3125 3127 355
f 3126 3125 1391
f 3129 3128 1389
f 3125 3129 1391
f 3128 3125 355
f 3131 3130 1327
f 3128 3131 1389
f 3130 3128 355
f 3133 3132 1392
f 3129 3133 1391
f 3132 3129 1389
f 3136 3135 1279
f 3134 3136 1277
f 3135 3134 1278
f 3138 3134 1277
f 3137 3138 437
f 3134 3137 1278
f 3139 3135 1278
f 3117 3139 1281
f 3135 3117 1279
f 3140 3139 1278
f 3098 3140 339
f 3139 3098 1281
f 3142 3141 1276
f 3138 3142 437
f 3141 3138 1277
f 3145 3144 1277
f 3143 3145 81
f 3144 3143 1275
f 3146 3136 1279
f 3145 3146 81
f 3136 3145 1277
f 3148 3147 1390
f 3143 3148 1275
f 3147 3143 81
f 3149 3148 1390
f 3018 3149 1320
f 3148 3018 1275
f 3152 3151 1320
f 3150 3152 231
f 3151 3150 1321
f 3155 3154 1323
f 3153 3155 1321
f 3154 3153 1322
f 3158 3157 1333
f 3156 3158 1323
f 3157 3156 1332
f 3161 3160 1335
f 3159 3161 419
f 3160 3159 1350
f 3163 3162 1381
f 3160 3163 1335
f 3162 3160 1350
f 3164 3163 1381
f 3011 3164 354
f 3163 3011 1335
f 3167 3166 1381
f 3165 3167 131
f 3166 3165 1382
f 3170 3169 1347
f 3168 3170 427
f 3169 3168 1348
f 3173 3172 1485
f 3171 3173 101
f 3172 3171 1480
f 3175 3174 1126
f 3171 3175 1480
f 3174 3171 101
f 3177 3176 1124
f 3174 3177 1126
f 3176 3174 101
f 3179 3178 1125
f 3177 3179 1126
f 3178 3177 1124
f 3181 3180 1478
f 3179 3181 1126
f 3180 3179 1125
f 3183 3182 1479
f 3175 3183 1480
f 3182 3175 1126
f 3186 3185 1479
f 3184 3186 394
f 3185 3184 1482
f 3188 3187 1578
f 3184 3188 1482
f 3187 3184 394
f 3190 3189 1487
f 2294 3190 1489
f 3189 2294 1486
f 3191 3190 1487
f 2292 3191 164
f 3190 2292 1489
f 3194 3193 1487
f 3192 3194 161
f 3193 3192 1483
f 3195 3189 1486
f 3194 3195 161
f 3189 3194 1487
f 3197 3183 1479
f 3196 3197 161
f 3183 3196 1480
f 3199 3198 1481
f 3192 3199 1483
f 3198 3192 161
f 3200 3197 1479
f 3198 3200 1481
f 3197 3198 161
f 3203 3202 1482
f 3201 3203 1244
f 3202 3201 1481
f 3206 3205 1129
f 3204 3206 64
f 3205 3204 1127
f 3208 3207 1576
f 3204 3208 1127
f 3207 3204 64
f 3210 3209 1128
f 3205 3210 1129
f 3209 3205 1127
f 3212 3211 1244
f 3206 3212 64
f 3211 3206 1129
f 3213 3203 1482
f 3212 3213 64
f 3203 3212 1244
f 3215 3214 1577
f 3188 3215 1482
f 3214 3188 1578
f 3216 3215 1577
f 3213 3216 64
f 3215 3213 1482
f 3202 3185 1482
f 3200 3202 1481
f 3185 3200 1479
f 3217 3182 1126
f 3186 3217 394
f 3182 3186 1479
f 3218 3181 1478
f 3217 3218 394
f 3181 3217 1126
f 3220 2306 1347
f 3219 3220 101
f 2306 3219 1345
f 3221 3220 1347
f 3176 3221 1124
f 3220 3176 101
f 3221 2618 1124
f 3169 3221 1347
f 2618 3169 1348
f 3223 3156 1323
f 3222 3223 427
f 3156 3222 1332
f 3225 3158 1333
f 3224 3225 283
f 3158 3224 1323
f 3226 2620 1348
f 3154 3226 1323
f 2620 3154 1322
f 3226 3223 1323
f 3168 3226 1348
f 3223 3168 427
f 3227 3224 283
f 3155 3227 1321
f 3224 3155 1323
f 3228 3227 283
f 3151 3228 1320
f 3227 3151 1321
f 3229 3149 1390
f 3152 3229 231
f 3149 3152 1320
f 3231 3230 1389
f 3147 3231 1390
f 3230 3147 81
f 3232 3230 81
f 3132 3232 1392
f 3230 3132 1389
f 3234 3133 1392
f 3233 3234 42
f 3133 3233 1391
f 3235 3124 1448
f 3233 3235 1391
f 3124 3233 42
f 3237 3236 1327
f 3229 3237 231
f 3236 3229 1390
f 3236 3131 1327
f 3231 3236 1390
f 3131 3231 1389
f 3239 3238 1328
f 3130 3239 1327
f 3238 3130 355
f 3240 3235 1448
f 3126 3240 1450
f 3235 3126 1391
f 3242 3240 1448
f 3241 3242 447
f 3240 3241 1450
f 3244 2659 1447
f 3243 3244 447
f 2659 3243 1446
f 3245 3242 1448
f 3243 3245 1446
f 3242 3243 447
f 3246 2661 1446
f 3106 3246 1445
f 2661 3106 1427
f 3246 3123 1445
f 3245 3246 1446
f 3123 3245 1448
f 3247 2652 1452
f 3244 3247 447
f 2652 3244 1447
f 3248 3234 1392
f 3120 3248 1449
f 3234 3120 42
f 3249 3146 1279
f 3232 3249 1392
f 3146 3232 81
f 3249 3248 1392
f 3119 3249 1279
f 3248 3119 1449
f 3250 3118 1281
f 3112 3250 1282
f 3118 3112 309
f 3251 3097 1283
f 3250 3251 1282
f 3097 3250 1281
f 3253 3252 1284
f 3104 3253 1428
f 3252 3104 237
f 3254 3111 1282
f 3252 3254 1284
f 3111 3252 237
f 3254 3100 1284
f 3251 3254 1282
f 3100 3251 1283
f 3256 3255 1393
f 3101 3256 256
f 3255 3101 1283
f 3258 3257 1310
f 3256 3258 256
f 3257 3256 1393
f 3261 3260 1310
f 3259 3261 110
f 3260 3259 1422
f 3262 3084 1307
f 3260 3262 1310
f 3084 3260 1422
f 3265 3264 1393
f 3263 3265 339
f 3264 3263 1394
f 3265 3096 339
f 3255 3265 1393
f 3096 3255 1283
f 3266 3257 1393
f 3261 3266 110
f 3257 3261 1310
f 3267 3264 1394
f 3266 3267 110
f 3264 3266 1393
f 3270 3269 1395
f 3268 3270 277
f 3269 3268 1396
f 3271 3095 1396
f 3259 3271 1422
f 3095 3259 110
f 3272 3092 1421
f 3268 3272 1396
f 3092 3268 277
f 3272 3271 1396
f 3086 3272 1421
f 3271 3086 1422
f 3273 3089 1420
f 3087 3273 293
f 3089 3087 1421
f 3274 3082 1308
f 3273 3274 293
f 3082 3273 1420
f 3276 3070 1305
f 3275 3276 273
f 3070 3275 1416
f 3277 3061 1410
f 3062 3277 1415
f 3061 3062 376
f 3279 3278 1410
f 3046 3279 1411
f 3278 3046 466
f 3280 3277 1410
f 2925 3280 852
f 3277 2925 1415
f 3282 3281 1418
f 3078 3282 1419
f 3281 3078 1406
f 3283 3282 1418
f 3076 3283 273
f 3282 3076 1419
f 3283 3275 273
f 3058 3283 1418
f 3275 3058 1416
f 3285 3284 1411
f 3281 3285 1418
f 3284 3281 1406
f 3285 3060 1418
f 3279 3285 1411
f 3060 3279 1410
f 3286 3284 1406
f 3056 3286 123
f 3284 3056 1411
f 3288 3287 1407
f 3286 3288 123
f 3287 3286 1406
f 3289 3077 235
f 3287 3289 1407
f 3077 3287 1406
f 3291 3290 1313
f 3289 3291 1407
f 3290 3289 235
f 3292 3088 1311
f 3081 3292 235
f 3088 3081 1420
f 3293 3292 1311
f 3290 3293 1313
f 3292 3290 235
f 3295 3294 1312
f 3293 3295 1313
f 3294 3293 1311
f 3296 3295 1312
f 3040 3296 1402
f 3295 3040 1313
f 3299 3298 1312
f 3297 3299 277
f 3298 3297 1314
f 3299 3091 277
f 3294 3299 1312
f 3091 3294 1311
f 3300 3270 1395
f 3297 3300 1314
f 3270 3297 277
f 3302 3301 1316
f 3298 3302 1312
f 3301 3298 1314
f 3302 3296 1312
f 3038 3302 1316
f 3296 3038 1402
f 3304 3303 1315
f 3037 3304 388
f 3303 3037 1316
f 3303 3028 1315
f 3301 3303 1316
f 3028 3301 1314
f 3305 3300 1395
f 3029 3305 375
f 3300 3029 1314
f 3306 3094 1397
f 3269 3306 1395
f 3094 3269 1396
f 3308 3307 1401
f 3306 3308 1395
f 3307 3306 1397
f 3309 3267 1394
f 3093 3309 1397
f 3267 3093 110
f 3311 3310 1398
f 3309 3311 1397
f 3310 3309 1394
f 3312 3311 1398
f 3307 3312 1401
f 3311 3307 1397
f 3313 3263 339
f 3310 3313 1398
f 3263 3310 1394
f 3314 3140 1278
f 3313 3314 1398
f 3140 3313 339
f 3316 3312 1398
f 3315 3316 437
f 3312 3315 1401
f 3316 3137 437
f 3314 3316 1398
f 3137 3314 1278
f 3318 3317 1400
f 3142 3318 437
f 3317 3142 1276
f 3319 3318 1400
f 3315 3319 1401
f 3318 3315 437
f 3320 3308 1401
f 3305 3320 375
f 3308 3305 1395
f 3321 3319 1400
f 3320 3321 375
f 3319 3320 1401
f 3321 3030 375
f 3025 3321 1400
f 3030 3025 1399
f 3323 3322 1338
f 3031 3323 1315
f 3322 3031 1399
f 3325 3322 1399
f 3324 3325 167
f 3322 3324 1338
f 3326 3024 1319
f 3325 3326 167
f 3024 3325 1399
f 3317 3026 1400
f 3021 3317 1276
f 3026 3021 1319
f 3144 3141 1277
f 3023 3144 1275
f 3141 3023 1276
f 3328 3327 1317
f 3019 3328 85
f 3327 3019 1320
f 3329 3228 283
f 3327 3329 1317
f 3228 3327 1320
f 3331 3157 1332
f 3330 3331 419
f 3157 3330 1333
f 3329 3015 1317
f 3225 3329 283
f 3015 3225 1333
f 3332 3330 419
f 3013 3332 1334
f 3330 3013 1333
f 3333 3161 1335
f 3332 3333 1334
f 3161 3332 419
f 3334 3328 1317
f 3020 3334 1319
f 3328 3020 85
f 3335 3016 1318
f 3334 3335 1319
f 3016 3334 1317
f 3336 3335 1318
f 3326 3336 167
f 3335 3326 1319
f 3339 3338 1336
f 3337 3339 167
f 3338 3337 1334
f 3337 3014 1334
f 3336 3337 167
f 3014 3336 1318
f 3338 3010 1336
f 3333 3338 1334
f 3010 3333 1335
f 3341 3340 1337
f 3009 3341 1336
f 3340 3009 354
f 3342 3339 1336
f 3324 3342 1338
f 3339 3324 167
f 3343 3341 1337
f 3342 3343 1338
f 3341 3342 1336
f 3344 3323 1338
f 3304 3344 388
f 3323 3304 1315
f 3344 3032 388
f 3343 3344 1338
f 3032 3343 1337
f 3345 3340 354
f 2990 3345 1379
f 3340 2990 1337
f 3347 3346 1379
f 3005 3347 1380
f 3346 3005 1378
f 3348 3345 354
f 3347 3348 1380
f 3345 3347 1379
f 3349 3164 1381
f 3348 3349 1380
f 3164 3348 354
f 3349 3007 1380
f 3166 3349 1381
f 3007 3166 1382
f 3352 3351 1521
f 3350 3352 1382
f 3351 3350 1520
f 3353 3352 1521
f 3008 3353 49
f 3352 3008 1382
f 3355 3354 1523
f 3353 3355 49
f 3354 3353 1521
f 3358 3357 1524
f 3356 3358 1521
f 3357 3356 1522
f 3359 3358 1524
f 3354 3359 1523
f 3358 3354 1521
f 3362 3361 1515
f 3360 3362 371
f 3361 3360 1522
f 3364 2342 1516
f 3363 3364 371
f 2342 3363 1514
f 3366 3365 1517
f 3364 3366 371
f 3365 3364 1516
f 3368 3367 1518
f 3366 3368 371
f 3367 3366 1517
f 3371 3370 1527
f 3369 3371 117
f 3370 3369 1526
f 3374 3373 1096
f 3372 3374 1095
f 3373 3372 1531
f 3377 3376 1227
f 3375 3377 474
f 3376 3375 1237
f 3379 3378 1226
f 3377 3379 474
f 3378 3377 1227
f 3381 3380 1092
f 3379 3381 474
f 3380 3379 1226
f 3384 3383 1542
f 3382 3384 1093
f 3383 3382 1541
f 3387 3386 1092
f 3385 3387 350
f 3386 3385 1093
f 3390 3389 1541
f 3388 3390 350
f 3389 3388 1088
f 3392 3391 1533
f 3388 3392 1088
f 3391 3388 350
f 3394 3393 1532
f 3391 3394 1533
f 3393 3391 350
f 3395 3387 1092
f 3393 3395 1532
f 3387 3393 350
f 3397 3396 1089
f 3392 3397 1088
f 3396 3392 1533
f 3399 3398 1090
f 3397 3399 1088
f 3398 3397 1089
f 3402 3401 1536
f 3400 3402 1090
f 3401 3400 1537
f 3405 3404 1555
f 3403 3405 154
f 3404 3403 1535
f 3408 3407 1049
f 3406 3408 154
f 3407 3406 1047
f 3410 3409 1536
f 3408 3410 154
f 3409 3408 1049
f 3412 3411 1538
f 3409 3412 1536
f 3411 3409 1049
f 3414 3413 1048
f 3407 3414 1049
f 3413 3407 1047
f 3416 3415 1550
f 3413 3416 1048
f 3415 3413 1047
f 3418 3417 1554
f 3415 3418 1550
f 3417 3415 1047
f 3421 3420 1069
f 3419 3421 344
f 3420 3419 1550
f 3423 3422 1068
f 3421 3423 344
f 3422 3421 1069
f 3425 3424 1050
f 3423 3425 344
f 3424 3423 1068
f 3428 3427 1068
f 3426 3428 452
f 3427 3426 1546
f 8053 8214 8215
f 8054 3430 8216
f 3429 8055 8217
f 3432 8056 8218
f 8057 8219 8214
f 8058 3429 8217
f 3434 3433 1052
f 3431 3434 1058
f 3433 3431 452
f 3436 3435 1053
f 3433 3436 1052
f 3435 3433 452
f 3438 3437 1054
f 3436 3438 1052
f 3437 3436 1053
f 3441 3440 1057
f 3439 3441 74
f 3440 3439 1059
f 3443 3442 1052
f 3441 3443 74
f 3442 3441 1057
f 3446 3445 1062
f 3444 3446 178
f 3445 3444 1059
f 3449 3448 1543
f 3447 3449 359
f 3448 3447 1096
f 3451 3450 1062
f 3449 3451 359
f 3450 3449 1543
f 3453 3448 1096
f 3452 3453 1094
f 3448 3452 1543
f 3455 3453 1096
f 3454 3455 276
f 3453 3454 1094
f 3458 3457 1076
f 3456 3458 312
f 3457 3456 1074
f 3460 3459 1542
f 3458 3460 312
f 3459 3458 1076
f 3462 3461 1540
f 3456 3462 1074
f 3461 3456 312
f 3465 3464 1553
f 3463 3465 185
f 3464 3463 1051
f 3467 3466 1551
f 3464 3467 1553
f 3466 3464 1051
f 3470 3469 1544
f 3468 3470 258
f 3469 3468 1549
f 1548 8221 8220
f 3468 3472 1549
f 3471 3468 258
f 8059 8222 8223
f 8060 8224 8225
f 8061 8226 8227
f 8062 8228 8229
f 8063 8230 8231
f 8064 8232 8233
f 8065 8234 8235
f 8066 8236 8232
f 8067 8231 8237
f 3483 3482 1549
f 1064 8239 8238
f 3482 3481 1622
f 3485 3484 1545
f 3469 3485 1544
f 3484 3469 1549
f 3488 3487 1621
f 8068 8240 8241
f 8069 8242 8243
f 8070 8244 8245
f 8071 8246 8242
f 8072 8241 8247
f 3493 3492 1642
f 3491 8073 8248
f 8074 8249 8250
f 3495 3493 1642
f 3494 3495 150
f 3493 3494 990
f 3497 3496 1641
f 3495 3497 150
f 3496 3495 1642
f 3499 3498 986
f 3497 3499 150
f 3498 3497 1641
f 3501 3500 988
f 3499 3501 150
f 3500 3499 986
f 3502 3501 988
f 3494 3502 990
f 3501 3494 150
f 3505 3504 1621
f 3503 3505 406
f 3504 3503 991
f 989 8251 8243
f 3505 3506 406
f 3487 3505 1621
f 3508 3507 992
f 3503 3508 991
f 3507 3503 406
f 3510 3509 1623
f 3507 3510 992
f 3509 3507 406
f 3513 3512 986
f 3511 3513 274
f 3512 3511 987
f 3514 3498 1641
f 3513 3514 274
f 3498 3513 986
f 3516 3515 1628
f 3514 3516 274
f 3515 3514 1641
f 3518 3517 1627
f 3516 3518 274
f 3517 3516 1628
f 3520 3519 983
f 3518 3520 274
f 3519 3518 1627
f 3523 3522 985
f 3521 3523 983
f 3522 3521 1625
f 3526 3525 1833
f 3524 3526 984
f 3525 3524 1625
f 3529 3528 1626
f 3527 3529 495
f 3528 3527 983
f 3530 3519 1627
f 3528 3530 1626
f 3519 3528 983
f 3532 3531 1632
f 3515 3532 1628
f 3531 3515 1641
f 3534 3533 1643
f 3492 3534 1642
f 1644 8252 8250
f 3537 3536 1640
f 3535 3537 1633
f 3536 3535 1639
f 3540 3539 1630
f 3538 3540 446
f 3539 3538 1631
f 8446 8613 8614
f 8447 3543 8615
f 3542 8448 8616
f 8449 8617 8618
f 8450 8619 8615
f 8451 8614 8620
f 3547 3546 1837
f 3545 8452 8619
f 8453 8618 8621
f 3550 3549 1837
f 3548 3550 469
f 3549 3548 708
f 3552 3551 709
f 3548 3552 708
f 3551 3548 469
f 3554 3553 1847
f 3551 3554 709
f 3553 3551 469
f 3556 3555 1839
f 3553 3556 1847
f 3555 3553 469
f 3558 3557 1838
f 3550 3558 469
f 3557 3550 1837
f 3559 3558 1838
f 3555 3559 1839
f 3558 3555 469
f 1656 8623 8622
f 3560 3562 221
f 3561 3560 1838
f 8454 8624 8625
f 8455 3564 8626
f 8456 8623 8627
f 8457 8628 8629
f 8458 8630 8626
f 8459 8625 8631
f 3569 3568 946
f 3567 3569 221
f 3568 3567 947
f 8460 8629 8632
f 8461 3570 8633
f 3566 8462 8630
f 3572 3556 1839
f 3571 3572 364
f 3556 3571 1847
f 3574 3573 946
f 3572 3574 364
f 3573 3572 1839
f 3576 3575 1657
f 3571 3576 1847
f 3575 3571 364
f 3578 3577 1687
f 3575 3578 1657
f 3577 3575 364
f 3580 3579 1658
f 3577 3580 1687
f 3579 3577 364
f 3582 3580 1658
f 3581 3582 90
f 3580 3581 1687
f 3584 3583 1685
f 3581 3584 1687
f 3583 3581 90
f 3586 3585 1684
f 3583 3586 1685
f 3585 3583 90
f 3588 3587 1694
f 3585 3588 1684
f 3587 3585 90
f 3591 3590 1685
f 3589 3591 457
f 3590 3589 1683
f 3592 3586 1684
f 3591 3592 457
f 3586 3591 1685
f 3594 3593 1677
f 3589 3594 1683
f 3593 3589 457
f 3596 3595 1678
f 3593 3596 1677
f 3595 3593 457
f 3598 3597 1871
f 3595 3598 1678
f 3597 3595 457
f 3600 3599 1874
f 3597 3600 1871
f 3599 3597 457
f 3603 3602 640
f 3601 3603 385
f 3602 3601 641
f 3605 3604 941
f 3601 3605 641
f 3604 3601 385
f 3608 3607 1693
f 3606 3608 941
f 3607 3606 1691
f 3610 3609 1694
f 3606 3610 1691
f 3609 3606 941
f 3611 3587 90
f 3610 3611 1691
f 3587 3610 1694
f 3613 3607 1691
f 3612 3613 942
f 3607 3612 1693
f 3616 3615 944
f 3614 3616 942
f 3615 3614 943
f 948 8635 8634
f 3617 3619 943
f 3618 3617 947
f 8463 8636 8637
f 8464 8638 8639
f 8465 8640 8641
f 8466 8642 8643
f 8467 8644 8645
f 8468 8646 8647
f 8469 8648 8649
f 8470 8650 8644
f 8471 8643 8651
f 8472 8652 8653
f 8473 8654 8646
f 8474 8645 8655
f 8475 8656 8657
f 8476 8658 8654
f 8477 8653 8659
f 8478 3633 8660
f 3632 3634 374
f 8479 8661 8662
f 3637 3636 1648
f 3635 3637 374
f 3636 3635 1647
f 3639 3638 976
f 3637 3639 374
f 3638 3637 1648
f 3642 3641 1645
f 3640 3642 1082
f 3641 3640 1647
f 3645 3644 978
f 3643 3645 275
f 3644 3643 979
f 3648 3647 979
f 8075 8253 8254
f 8076 3646 8255
f 3649 3647 977
f 3644 3649 978
f 3647 3644 979
f 3651 3457 1074
f 3650 3651 357
f 3457 3650 1076
f 3654 3653 1077
f 3652 3654 357
f 3653 3652 1078
f 3655 3654 1077
f 3650 3655 1076
f 3654 3650 357
f 3657 3656 1073
f 3651 3657 357
f 3656 3651 1074
f 3659 3658 1075
f 3656 3659 1073
f 3658 3656 1074
f 3662 3661 1073
f 3660 3662 19
f 3661 3660 1072
f 3664 3663 1070
f 3660 3664 1072
f 3663 3660 19
f 3667 3666 1551
f 3665 3667 19
f 3666 3665 1075
f 3668 3667 1551
f 3663 3668 1070
f 3667 3663 19
f 3670 3485 1545
f 3669 3670 1070
f 3485 3669 1544
f 3671 3668 1551
f 3669 3671 1544
f 3668 3669 1070
f 3674 3673 1083
f 3672 3674 199
f 3673 3672 1086
f 3676 3675 1085
f 3674 3676 199
f 3675 3674 1083
f 3679 3678 995
f 3677 3679 209
f 3678 3677 996
f 3682 3681 1084
f 3680 3682 209
f 3681 3680 1080
f 3685 3684 995
f 3683 3685 246
f 3684 3683 1080
f 3688 3687 1081
f 3686 3688 246
f 3687 3686 1618
f 3689 3688 1081
f 3683 3689 1080
f 3688 3683 246
f 3691 3690 994
f 3685 3691 246
f 3690 3685 995
f 3693 3692 1610
f 3691 3693 246
f 3692 3691 994
f 3696 3695 1610
f 3694 3696 51
f 3695 3694 1609
f 3697 3692 994
f 3696 3697 51
f 3692 3696 1610
f 3699 3698 993
f 3694 3699 1609
f 3698 3694 51
f 3702 3701 991
f 3700 3702 51
f 3701 3700 1620
f 3703 3702 991
f 3698 3703 993
f 3702 3698 51
f 3706 3705 1620
f 3704 3706 249
f 3705 3704 1621
f 3705 3701 1620
f 3504 3705 1621
f 3701 3504 991
f 3707 3508 992
f 3703 3707 993
f 3508 3703 991
f 3709 3708 1611
f 3699 3709 1609
f 3708 3699 993
f 3712 3711 1610
f 3710 3712 1607
f 3711 3710 1619
f 3713 3695 1609
f 3712 3713 1607
f 3695 3712 1610
f 3716 3715 1607
f 3714 3716 146
f 3715 3714 1608
f 3719 3718 1613
f 3717 3719 146
f 3718 3717 1611
f 3720 3719 1613
f 3714 3720 1608
f 3719 3714 146
f 3722 3721 1832
f 3718 3722 1613
f 3721 3718 1611
f 3725 3724 712
f 3723 3725 403
f 3724 3723 711
f 3727 3726 710
f 3725 3727 403
f 3726 3725 712
f 3729 3728 1832
f 3727 3729 403
f 3728 3727 710
f 3732 3731 713
f 3730 3732 710
f 3731 3730 714
f 3733 3732 713
f 3728 3733 1832
f 3732 3728 710
f 3736 3735 1613
f 3734 3736 713
f 3735 3734 1829
f 3736 3733 713
f 3722 3736 1613
f 3733 3722 1832
f 3739 3738 1829
f 3737 3739 348
f 3738 3737 715
f 3742 3741 1834
f 3740 3742 334
f 3741 3740 705
f 3744 3743 1833
f 3742 3744 334
f 3743 3742 1834
f 3746 3745 1624
f 3740 3746 705
f 3745 3740 334
f 3749 3748 707
f 3747 3749 194
f 3748 3747 708
f 3752 3751 1844
f 3750 3752 707
f 3751 3750 709
f 3754 3753 1846
f 3751 3754 1844
f 3753 3751 709
f 3756 3754 1846
f 3755 3756 177
f 3754 3755 1844
f 3758 3757 1689
f 3756 3758 177
f 3757 3756 1846
f 3760 3759 1690
f 3758 3760 177
f 3759 3758 1689
f 3763 3762 1681
f 3761 3763 28
f 3762 3761 1690
f 3766 3765 1849
f 3764 3766 28
f 3765 3764 1851
f 3768 3767 1682
f 3764 3768 1851
f 3767 3764 28
f 3770 3769 1688
f 3762 3770 1681
f 3769 3762 1690
f 3772 3771 1686
f 3770 3772 1681
f 3771 3770 1688
f 3774 3771 1688
f 3773 3774 172
f 3771 3773 1686
f 3776 3578 1687
f 3775 3776 172
f 3578 3775 1657
f 3779 3778 1683
f 3777 3779 1680
f 3778 3777 1686
f 3782 3781 1852
f 3780 3782 449
f 3781 3780 1679
f 3785 3784 1853
f 3783 3785 341
f 3784 3783 1852
f 3787 3786 701
f 3785 3787 341
f 3786 3785 1853
f 3789 3788 703
f 3787 3789 341
f 3788 3787 701
f 3791 3790 1851
f 3789 3791 341
f 3790 3789 703
f 3794 3793 1850
f 3792 3794 1849
f 3793 3792 1946
f 3796 3792 1849
f 3795 3796 265
f 3792 3795 1946
f 3798 3797 1947
f 3795 3798 1946
f 3797 3795 265
f 3800 3799 702
f 3797 3800 1947
f 3799 3797 265
f 3803 3802 1950
f 3801 3803 1947
f 3802 3801 1948
f 3805 3803 1950
f 3804 3805 423
f 3803 3804 1947
f 3807 3806 1945
f 3805 3807 423
f 3806 3805 1950
f 3809 3808 566
f 3807 3809 423
f 3808 3807 1945
f 3811 3810 565
f 3809 3811 423
f 3810 3809 566
f 3813 3812 1946
f 3811 3813 423
f 3812 3811 565
f 3814 3812 565
f 3793 3814 1850
f 3812 3793 1946
f 3816 3815 1841
f 3814 3816 1850
f 3815 3814 565
f 3819 3818 1848
f 3817 3819 158
f 3818 3817 1845
f 3821 3820 1850
f 3819 3821 158
f 3820 3819 1848
f 3823 3822 1843
f 3817 3823 1845
f 3822 3817 158
f 3825 3824 1840
f 3822 3825 1843
f 3824 3822 158
f 3828 3827 1841
f 3826 3828 73
f 3827 3826 1840
f 3830 3829 353
f 3828 3830 73
f 3829 3828 1841
f 3832 3831 1842
f 3830 3832 73
f 3831 3830 353
f 3834 3833 1830
f 3832 3834 73
f 3833 3832 1842
f 3836 3833 1842
f 3835 3836 716
f 3833 3835 1830
f 3838 3810 566
f 3837 3838 353
f 3810 3837 565
f 3840 3839 564
f 3838 3840 353
f 3839 3838 566
f 3842 3808 1945
f 3841 3842 560
f 3808 3841 566
f 3844 3843 1953
f 3806 3844 1945
f 3843 3806 1950
f 3847 3846 1961
f 3845 3847 1953
f 3846 3845 1962
f 3849 3802 1948
f 3848 3849 380
f 3802 3848 1950
f 3851 3850 1949
f 3849 3851 380
f 3850 3849 1948
f 3853 3852 1952
f 3851 3853 380
f 3852 3851 1949
f 3856 3855 1949
f 3854 3856 109
f 3855 3854 1951
f 3858 3857 697
f 3854 3858 1951
f 3857 3854 109
f 3861 3860 702
f 3859 3861 109
f 3860 3859 1948
f 3863 3862 700
f 3857 3863 697
f 3862 3857 109
f 3864 3861 702
f 3862 3864 700
f 3861 3862 109
f 3866 3865 1671
f 3786 3866 701
f 3865 3786 1853
f 3869 3868 1672
f 3867 3869 304
f 3868 3867 1671
f 3872 3871 1668
f 3870 3872 304
f 3871 3870 1664
f 3874 3873 1665
f 3870 3874 1664
f 3873 3870 304
f 3877 3876 698
f 3875 3877 269
f 3876 3875 699
f 3879 3878 698
f 3863 3879 697
f 3878 3863 700
f 3882 3881 1854
f 3880 3882 44
f 3881 3880 1670
f 3885 3884 695
f 3883 3885 694
f 3884 3883 696
f 3888 3887 689
f 3886 3888 39
f 3887 3886 695
f 3891 3890 691
f 3889 3891 689
f 3890 3889 690
f 3893 3889 689
f 3892 3893 358
f 3889 3892 690
f 3895 3894 1666
f 3892 3895 690
f 3894 3892 358
f 3898 3897 1670
f 3896 3898 358
f 3897 3896 696
f 3899 3898 1670
f 3894 3899 1666
f 3898 3894 358
f 3901 3890 690
f 3900 3901 392
f 3890 3900 691
f 3904 3903 1858
f 3902 3904 392
f 3903 3902 1857
f 3906 3905 1855
f 3904 3906 392
f 3905 3904 1858
f 3909 3908 1969
f 3907 3909 1856
f 3908 3907 1970
f 3911 3910 1856
f 3888 3911 39
f 3910 3888 689
f 3914 3913 692
f 3912 3914 39
f 3913 3912 1969
f 3916 3915 693
f 3914 3916 39
f 3915 3914 692
f 3919 3918 1966
f 3917 3919 692
f 3918 3917 1967
f 3920 3913 1969
f 3917 3920 1967
f 3913 3917 692
f 3922 3920 1969
f 3921 3922 160
f 3920 3921 1967
f 3923 3908 1970
f 3922 3923 160
f 3908 3922 1969
f 3926 3925 1968
f 3924 3926 160
f 3925 3924 1972
f 3928 3927 1973
f 3924 3928 1972
f 3927 3924 160
f 3931 3930 1972
f 3929 3931 92
f 3930 3929 1974
f 3932 3930 1974
f 3925 3932 1968
f 3930 3925 1972
f 3935 3934 1971
f 3933 3935 92
f 3934 3933 1973
f 3937 3936 1976
f 3935 3937 92
f 3936 3935 1971
f 3940 3939 1978
f 3938 3940 126
f 3939 3938 1979
f 3942 3941 1977
f 3938 3942 1979
f 3941 3938 126
f 3945 3944 1971
f 3943 3945 82
f 3944 3943 1975
f 3948 3947 1862
f 3946 3948 82
f 3947 3946 684
f 3950 3949 683
f 3946 3950 684
f 3949 3946 82
f 3952 3951 682
f 3949 3952 683
f 3951 3949 82
f 3955 3954 1970
f 3953 3955 323
f 3954 3953 682
f 3956 3953 323
f 3952 3956 683
f 3953 3952 682
f 3958 3947 684
f 3957 3958 675
f 3947 3957 1862
f 3961 3960 675
f 3959 3961 93
f 3960 3959 676
f 3962 3958 684
f 3961 3962 93
f 3958 3961 675
f 3964 3963 679
f 3959 3964 676
f 3963 3959 93
f 3966 3965 680
f 3963 3966 679
f 3965 3963 93
f 3969 3968 1860
f 3967 3969 681
f 3968 3967 686
f 3972 3971 1859
f 3970 3972 54
f 3971 3970 1866
f 3974 3973 650
f 3970 3974 1866
f 3973 3970 54
f 3977 3976 647
f 3975 3977 54
f 3976 3975 646
f 3979 3978 648
f 3977 3979 54
f 3978 3977 647
f 3982 3981 650
f 3980 3982 648
f 3981 3980 649
f 3984 3983 1865
f 3974 3984 1866
f 3983 3974 650
f 3987 3986 678
f 3985 3987 105
f 3986 3985 1865
f 3988 3985 105
f 3984 3988 1866
f 3985 3984 1865
f 3990 3989 677
f 3987 3990 105
f 3989 3987 678
f 3993 3992 677
f 3991 3993 239
f 3992 3991 679
f 3994 3989 678
f 3993 3994 239
f 3989 3993 677
f 3997 3996 666
f 3995 3997 314
f 3996 3995 663
f 3999 3998 661
f 3997 3999 314
f 3998 3997 666
f 4001 4000 667
f 3998 4001 661
f 4000 3998 666
f 4004 4003 1889
f 4002 4004 212
f 4003 4002 667
f 4006 4005 655
f 4004 4006 212
f 4005 4004 1889
f 4009 4008 1890
f 4007 4009 171
f 4008 4007 1891
f 4011 4010 655
f 2098 4011 1890
f 4010 2098 153
f 4012 4005 1889
f 4011 4012 1890
f 4005 4011 655
f 4012 4009 1890
f 2109 4012 1889
f 4009 2109 171
f 4013 4003 667
f 2111 4013 1888
f 4003 2111 1889
f 4014 4002 212
f 4001 4014 661
f 4002 4001 667
f 4016 4013 667
f 4015 4016 271
f 4013 4015 1888
f 4017 4000 666
f 4016 4017 271
f 4000 4016 667
f 4019 2117 1878
f 4018 4019 271
f 2117 4018 1879
f 4020 4019 1878
f 4015 4020 1888
f 4019 4015 271
f 4022 4021 665
f 4017 4022 271
f 4021 4017 666
f 4023 3996 663
f 4021 4023 665
f 3996 4021 666
f 4026 4025 649
f 4024 4026 229
f 4025 4024 662
f 4029 4028 663
f 4027 4029 662
f 4028 4027 664
f 4031 4028 664
f 4030 4031 3
f 4028 4030 663
f 4034 4033 1870
f 4032 4034 664
f 4033 4032 1868
f 4035 4034 1870
f 4031 4035 3
f 4034 4031 664
f 4037 4036 1876
f 4035 4037 3
f 4036 4035 1870
f 4040 4039 1877
f 4038 4040 665
f 4039 4038 1876
f 4041 4038 665
f 4037 4041 3
f 4038 4037 1876
f 4044 4043 638
f 4042 4044 634
f 4043 4042 1879
f 4046 4045 1877
f 4043 4046 638
f 4045 4043 1879
f 4049 4048 638
f 4047 4049 318
f 4048 4047 639
f 4051 4050 1875
f 4047 4051 639
f 4050 4047 318
f 4054 4053 1873
f 4052 4054 640
f 4053 4052 1872
f 4056 4052 640
f 4055 4056 113
f 4052 4055 1872
f 4059 4058 935
f 4057 4059 113
f 4058 4057 936
f 4061 4060 637
f 4059 4061 113
f 4060 4059 935
f 4063 4062 930
f 4060 4063 637
f 4062 4060 935
f 4065 2119 635
f 4064 4065 228
f 2119 4064 928
f 4067 4066 930
f 4064 4067 928
f 4066 4064 228
f 4069 4058 936
f 4068 4069 36
f 4058 4068 935
f 4071 4070 933
f 4069 4071 36
f 4070 4069 936
f 4073 4072 931
f 4071 4073 36
f 4072 4071 933
f 4075 4074 929
f 4073 4075 36
f 4074 4073 931
f 4077 4076 932
f 4074 4077 929
f 4076 4074 931
f 4080 4079 927
f 4078 4080 317
f 4079 4078 926
f 4082 4081 924
f 4080 4082 317
f 4081 4080 927
f 4084 4083 925
f 4082 4084 317
f 4083 4082 924
f 4085 2132 1696
f 4084 4085 317
f 2132 4084 925
f 4088 4087 924
f 4086 4088 920
f 4087 4086 923
f 4090 4089 1182
f 4088 4090 920
f 4089 4088 924
f 4092 4091 921
f 2177 4092 922
f 4091 2177 920
f 4094 4091 920
f 4093 4094 456
f 4091 4093 921
f 4096 4095 1179
f 4093 4096 921
f 4095 4093 456
f 4098 4097 1192
f 4095 4098 1179
f 4097 4095 456
f 4100 4099 1181
f 4097 4100 1192
f 4099 4097 456
f 4103 4102 1185
f 4101 4103 282
f 4102 4101 1184
f 4105 4076 931
f 4104 4105 282
f 4076 4104 932
f 4107 4106 934
f 4105 4107 282
f 4106 4105 931
f 4109 4108 1183
f 4107 4109 282
f 4108 4107 934
f 4110 4109 1183
f 4101 4110 1184
f 4109 4101 282
f 4112 4111 1191
f 4110 4112 1184
f 4111 4110 1183
f 4114 4113 1190
f 4111 4114 1191
f 4113 4111 1183
f 4116 4115 1186
f 4108 4116 1183
f 4115 4108 934
f 4117 4072 933
f 4106 4117 934
f 4072 4106 931
f 4119 4118 937
f 4070 4119 933
f 4118 4070 936
f 4121 4118 936
f 4120 4121 642
f 4118 4120 937
f 4124 4123 641
f 4122 4124 238
f 4123 4122 642
f 4127 4126 939
f 4125 4127 238
f 4126 4125 940
f 4129 4128 1695
f 4127 4129 238
f 4128 4127 939
f 4131 4130 937
f 4129 4131 238
f 4130 4129 1695
f 4133 4130 1695
f 4132 4133 383
f 4130 4132 937
f 4135 4134 1188
f 4133 4135 383
f 4134 4133 1695
f 4137 4136 1186
f 4135 4137 383
f 4136 4135 1188
f 4140 4139 938
f 4138 4140 192
f 4139 4138 939
f 4141 4126 940
f 4139 4141 938
f 4126 4139 939
f 4144 4143 1692
f 4142 4144 1211
f 4143 4142 1212
f 4147 4146 944
f 8480 8663 8664
f 8481 8665 8666
f 4150 4149 1692
f 4148 4150 141
f 4149 4148 944
f 4151 4146 8666
f 4149 4151 1692
f 4146 4149 944
f 8482 8667 8668
f 8483 4154 8669
f 4153 8484 8670
f 8485 8664 8671
f 8486 8672 8667
f 8487 8670 8665
f 8488 8673 8674
f 8489 8675 8672
f 8490 8671 8676
f 8491 8677 8678
f 8492 8679 8675
f 8493 8674 8680
f 4161 4152 1161
f 4160 4161 122
f 4152 4160 1162
f 4163 4162 1211
f 4160 4163 1162
f 4162 4160 122
f 4164 2217 1171
f 4161 4164 122
f 2217 4161 1161
f 4166 4165 1169
f 4164 4166 122
f 4165 4164 1171
f 4169 4168 1209
f 4167 4169 1166
f 4168 4167 1189
f 4172 4171 1165
f 4170 4172 434
f 4171 4170 1166
f 4175 4174 1194
f 4173 4175 1165
f 4174 4173 1176
f 4178 4177 1206
f 4176 4178 1177
f 4177 4176 1207
f 4180 4179 1207
f 2233 4180 1168
f 4179 2233 1208
f 4182 2238 1502
f 4181 4182 96
f 2238 4181 1208
f 4183 4181 96
f 4179 4183 1207
f 4181 4179 1208
f 4186 4185 1206
f 4184 4186 96
f 4185 4184 1143
f 4189 4188 1206
f 4187 4189 250
f 4188 4187 1175
f 4192 4191 1148
f 4190 4192 250
f 4191 4190 1146
f 4194 4193 1143
f 4190 4194 1146
f 4193 4190 250
f 4197 4196 1214
f 4195 4197 162
f 4196 4195 1145
f 4200 4199 1146
f 4198 4200 162
f 4199 4198 1147
f 4202 4201 1149
f 4198 4202 1147
f 4201 4198 162
f 4204 4203 1152
f 4201 4204 1149
f 4203 4201 162
f 4205 4197 1214
f 4203 4205 1152
f 4197 4203 162
f 4207 4206 1215
f 4205 4207 1152
f 4206 4205 1214
f 4209 4208 1153
f 4207 4209 1152
f 4208 4207 1215
f 4212 4211 1153
f 4210 4212 8
f 4211 4210 1151
f 4215 4214 1202
f 4213 4215 8
f 4214 4213 1201
f 4217 4216 1503
f 4213 4217 1201
f 4216 4213 8
f 4219 4217 1503
f 4218 4219 1111
f 4217 4218 1201
f 4221 4220 1499
f 4219 4221 1111
f 4220 4219 1503
f 4224 4223 1110
f 4222 4224 352
f 4223 4222 1201
f 4227 4226 1202
f 4225 4227 352
f 4226 4225 1200
f 4229 4228 1155
f 4225 4229 1200
f 4228 4225 352
f 4232 4231 1204
f 4230 4232 400
f 4231 4230 1205
f 4235 4234 1148
f 4233 4235 400
f 4234 4233 1178
f 4237 4236 1147
f 4235 4237 400
f 4236 4235 1148
f 4240 4239 1178
f 4238 4240 489
f 4239 4238 1175
f 4243 4242 1176
f 4241 4243 489
f 4242 4241 1193
f 4246 4245 1179
f 4244 4246 489
f 4245 4244 1180
f 4247 4246 1179
f 4241 4247 1193
f 4246 4241 489
f 4248 4098 1192
f 4247 4248 1193
f 4098 4247 1179
f 4250 4248 1192
f 4249 4250 382
f 4248 4249 1193
f 4251 4245 1180
f 4096 4251 921
f 4245 4096 1179
f 4253 4251 1180
f 4252 4253 262
f 4251 4252 921
f 4254 4240 1178
f 4244 4254 1180
f 4240 4244 489
f 4255 4232 1204
f 4233 4255 1178
f 4232 4233 400
f 4256 4255 1204
f 4254 4256 1180
f 4255 4254 1178
f 4257 4231 1205
f 2189 4257 1203
f 4231 2189 1204
f 4259 4258 1150
f 4237 4259 400
f 4258 4237 1147
f 4260 4259 1150
f 4230 4260 1205
f 4259 4230 400
f 4261 4202 1149
f 4258 4261 1150
f 4202 4258 1147
f 4263 4262 1198
f 4260 4263 1205
f 4262 4260 1150
f 4264 4262 1150
f 2200 4264 1199
f 4262 2200 1198
f 4266 4264 1150
f 4265 4266 433
f 4264 4265 1199
f 4268 4226 1200
f 4267 4268 433
f 4226 4267 1202
f 4268 4265 433
f 2204 4268 1200
f 4265 2204 1199
f 4270 4269 1151
f 4267 4270 1202
f 4269 4267 433
f 4271 2209 1213
f 4229 4271 1200
f 2209 4229 1155
f 4227 4222 352
f 4214 4227 1202
f 4222 4214 1201
f 4270 4215 1202
f 4210 4270 1151
f 4215 4210 8
f 4272 4211 1151
f 4209 4272 1152
f 4211 4209 1153
f 4275 4274 1242
f 4273 4275 1130
f 4274 4273 1241
f 4277 4275 1242
f 4276 4277 425
f 4275 4276 1130
f 4279 4278 1140
f 4273 4279 1241
f 4278 4273 1130
f 4282 4281 1139
f 4280 4282 143
f 4281 4280 1140
f 4283 4280 143
f 4279 4283 1241
f 4280 4279 1140
f 4284 4274 1241
f 2265 4284 299
f 4274 2265 1242
f 4286 4285 1215
f 4284 4286 299
f 4285 4284 1241
f 4288 4208 1215
f 4287 4288 143
f 4208 4287 1153
f 4288 4283 143
f 4285 4288 1215
f 4283 4285 1241
f 4289 4206 1214
f 4286 4289 299
f 4206 4286 1215
f 4290 4272 1151
f 4204 4290 1149
f 4272 4204 1152
f 4291 4269 433
f 4290 4291 1149
f 4269 4290 1151
f 4291 4261 1149
f 4266 4291 433
f 4261 4266 1150
f 4236 4199 1147
f 4191 4236 1148
f 4199 4191 1146
f 4292 4200 1146
f 4195 4292 1145
f 4200 4195 162
f 4295 4294 1142
f 4293 4295 133
f 4294 4293 1145
f 4296 4292 1146
f 4294 4296 1142
f 4292 4294 1145
f 4297 4194 1143
f 4296 4297 1142
f 4194 4296 1146
f 4298 4192 1148
f 4187 4298 1175
f 4192 4187 250
f 4298 4239 1175
f 4234 4298 1148
f 4239 4234 1178
f 4193 4185 1143
f 4189 4193 250
f 4185 4189 1206
f 4186 4183 96
f 4177 4186 1206
f 4183 4177 1207
f 4300 4180 1207
f 4299 4300 493
f 4180 4299 1168
f 4302 4301 1164
f 4299 4302 1168
f 4301 4299 493
f 4303 4176 1177
f 4300 4303 493
f 4176 4300 1207
f 4304 4188 1175
f 4178 4304 1177
f 4188 4178 1206
f 4306 4305 1176
f 4304 4306 1177
f 4305 4304 1175
f 4305 4243 1176
f 4238 4305 1175
f 4243 4238 489
f 4308 4112 1191
f 4307 4308 382
f 4112 4307 1184
f 4310 4309 1194
f 4308 4310 382
f 4309 4308 1191
f 4311 4310 1194
f 4249 4311 1193
f 4310 4249 382
f 4311 4242 1193
f 4174 4311 1194
f 4242 4174 1176
f 4313 4114 1190
f 4312 4313 434
f 4114 4312 1191
f 4314 4312 434
f 4309 4314 1194
f 4312 4309 1191
f 4314 4175 1194
f 4172 4314 434
f 4175 4172 1165
f 4315 4306 1176
f 4303 4315 493
f 4306 4303 1177
f 4316 4173 1165
f 4315 4316 493
f 4173 4315 1176
f 4317 4316 1165
f 4301 4317 1164
f 4316 4301 493
f 4318 4171 1166
f 4317 4318 1164
f 4171 4317 1165
f 4320 4319 1189
f 4313 4320 434
f 4319 4313 1190
f 4320 4170 434
f 4167 4320 1189
f 4170 4167 1166
f 4322 4319 1190
f 4321 4322 1187
f 4319 4321 1189
f 4324 4322 1190
f 4323 4324 451
f 4322 4323 1187
f 4326 4321 1187
f 4325 4326 35
f 4321 4325 1189
f 4328 4327 1188
f 4326 4328 35
f 4327 4326 1187
f 4329 4325 35
f 4168 4329 1209
f 4325 4168 1189
f 4331 4169 1209
f 4330 4331 193
f 4169 4330 1166
f 4332 4330 193
f 4318 4332 1164
f 4330 4318 1166
f 4334 4333 1170
f 4331 4334 193
f 4333 4331 1209
f 4336 4335 1170
f 4166 4336 122
f 4335 4166 1169
f 4337 4335 1169
f 4334 4337 193
f 4335 4334 1170
f 4338 4336 1170
f 4162 4338 1211
f 4336 4162 122
f 4340 4339 1692
f 4140 4340 192
f 4339 4140 938
f 4163 4151 1162
f 4144 4163 1211
f 4151 4144 1692
f 4341 4339 938
f 4150 4341 141
f 4339 4150 1692
f 4342 4143 1212
f 4340 4342 192
f 4143 4340 1692
f 4344 4343 1210
f 4342 4344 192
f 4343 4342 1212
f 4346 4345 1212
f 4333 4346 1170
f 4345 4333 1209
f 4346 4338 1170
f 4142 4346 1212
f 4338 4142 1211
f 4347 4329 35
f 4345 4347 1212
f 4329 4345 1209
f 4349 4348 1210
f 4328 4349 35
f 4348 4328 1188
f 4349 4347 35
f 4343 4349 1210
f 4347 4343 1212
f 4350 4134 1695
f 4348 4350 1210
f 4134 4348 1188
f 4351 4350 1695
f 4344 4351 192
f 4350 4344 1210
f 4351 4138 192
f 4128 4351 1695
f 4138 4128 939
f 4131 4122 238
f 4120 4131 937
f 4122 4120 642
f 4353 4117 933
f 4352 4353 383
f 4117 4352 934
f 4353 4132 383
f 4119 4353 933
f 4132 4119 937
f 4352 4115 934
f 4137 4352 383
f 4115 4137 1186
f 4354 4327 1187
f 4136 4354 1186
f 4327 4136 1188
f 4356 4116 1186
f 4355 4356 451
f 4116 4355 1183
f 4356 4323 451
f 4354 4356 1186
f 4323 4354 1187
f 4355 4113 1183
f 4324 4355 451
f 4113 4324 1190
f 4357 4307 382
f 4102 4357 1185
f 4307 4102 1184
f 4358 4250 1192
f 4357 4358 1185
f 4250 4357 382
f 4359 4103 1185
f 4104 4359 932
f 4103 4104 282
f 4361 4360 1181
f 4359 4361 932
f 4360 4359 1185
f 4364 4363 927
f 4362 4364 244
f 4363 4362 1182
f 4366 4365 1181
f 4362 4366 1182
f 4365 4362 244
f 4367 4365 244
f 4361 4367 932
f 4365 4361 1181
f 4360 4100 1181
f 4358 4360 1185
f 4100 4358 1192
f 4368 4090 1182
f 4094 4368 456
f 4090 4094 920
f 4368 4099 456
f 4366 4368 1182
f 4099 4366 1181
f 4363 4081 927
f 4089 4363 1182
f 4081 4089 924
f 4369 4079 926
f 4364 4369 244
f 4079 4364 927
f 4371 4370 929
f 4369 4371 244
f 4370 4369 926
f 4371 4367 244
f 4077 4371 929
f 4367 4077 932
f 4372 4068 36
f 4062 4372 930
f 4068 4062 935
f 4373 4075 929
f 4372 4373 930
f 4075 4372 36
f 4375 4067 930
f 4374 4375 926
f 4067 4374 928
f 4375 4370 926
f 4373 4375 930
f 4370 4373 929
f 4376 4066 228
f 4063 4376 637
f 4066 4063 930
f 4378 4377 642
f 4056 4378 113
f 4377 4056 640
f 4378 4057 113
f 4121 4378 642
f 4057 4121 936
f 4380 4379 639
f 4061 4380 113
f 4379 4061 637
f 4381 4380 639
f 4055 4381 1872
f 4380 4055 113
f 4383 4053 1872
f 4382 4383 295
f 4053 4382 1873
f 4386 4385 1871
f 4384 4386 295
f 4385 4384 1869
f 4388 4387 1870
f 4384 4388 1869
f 4387 4384 295
f 4389 4385 1869
f 3598 4389 1678
f 4385 3598 1871
f 4392 4391 1678
f 4390 4392 80
f 4391 4390 645
f 4394 4393 643
f 4390 4394 645
f 4393 4390 80
f 4396 4395 1867
f 4393 4396 643
f 4395 4393 80
f 4398 4397 1868
f 4395 4398 1867
f 4397 4395 80
f 4400 4398 1868
f 4399 4400 229
f 4398 4399 1867
f 4402 4401 647
f 4396 4402 643
f 4401 4396 1867
f 4405 4404 1672
f 4403 4405 441
f 4404 4403 1673
f 4407 4406 1853
f 4405 4407 441
f 4406 4405 1672
f 4409 4408 1676
f 4403 4409 1673
f 4408 4403 441
f 4411 4410 1674
f 4404 4411 1672
f 4410 4404 1673
f 4413 4412 1674
f 3873 4413 1665
f 4412 3873 304
f 4416 4415 1663
f 4414 4416 200
f 4415 4414 1857
f 4419 4418 688
f 4417 4419 200
f 4418 4417 1662
f 4422 4421 1660
f 4420 4422 395
f 4421 4420 1661
f 4425 4424 1660
f 4423 4425 197
f 4424 4423 688
f 4427 4426 686
f 4423 4427 688
f 4426 4423 197
f 4428 4426 197
f 3968 4428 1860
f 4426 3968 686
f 4430 3903 1857
f 4429 4430 687
f 3903 4429 1858
f 4431 4414 200
f 4430 4431 687
f 4414 4430 1857
f 4433 4429 687
f 4432 4433 398
f 4429 4432 1858
f 4435 4434 686
f 4433 4435 398
f 4434 4433 687
f 4437 4421 1661
f 4436 4437 1659
f 4421 4436 1660
f 4438 4436 1659
f 4425 4438 197
f 4436 4425 1660
f 4440 4439 1662
f 4422 4440 395
f 4439 4422 1660
f 4439 4418 1662
f 4424 4439 1660
f 4418 4424 688
f 4441 4419 688
f 4431 4441 687
f 4419 4431 200
f 4441 4434 687
f 4427 4441 688
f 4434 4427 686
f 4443 4442 1665
f 4416 4443 200
f 4442 4416 1663
f 4446 4445 1663
f 4444 4446 486
f 4445 4444 1664
f 4445 4442 1663
f 3874 4445 1664
f 4442 3874 1665
f 4448 4447 1669
f 3880 4448 1670
f 4447 3880 44
f 4450 4449 699
f 4447 4450 1669
f 4449 4447 44
f 4453 4452 1669
f 4451 4453 269
f 4452 4451 1664
f 4453 3875 269
f 4450 4453 1669
f 3875 4450 699
f 4454 4444 486
f 4452 4454 1669
f 4444 4452 1664
f 4455 4443 1665
f 4417 4455 1662
f 4443 4417 200
f 4456 4413 1674
f 4455 4456 1662
f 4413 4455 1665
f 4457 4456 1674
f 4440 4457 395
f 4456 4440 1662
f 4458 4410 1673
f 4457 4458 395
f 4410 4457 1674
f 4460 4459 1675
f 4409 4460 1673
f 4459 4409 1676
f 4463 4462 1676
f 4461 4463 488
f 4462 4461 644
f 4465 4464 1679
f 4463 4465 488
f 4464 4463 1676
f 4468 4467 645
f 4466 4468 488
f 4467 4466 1677
f 4469 4468 645
f 4461 4469 644
f 4468 4461 488
f 4470 4462 644
f 4459 4470 1675
f 4462 4459 1676
f 4471 4460 1675
f 4458 4471 395
f 4460 4458 1673
f 4472 4471 1675
f 4420 4472 1661
f 4471 4420 395
f 4474 4470 644
f 4473 4474 94
f 4470 4473 1675
f 4476 4437 1661
f 4475 4476 94
f 4437 4475 1659
f 4476 4473 94
f 4472 4476 1661
f 4473 4472 1675
f 4478 4477 643
f 4474 4478 94
f 4477 4474 644
f 4479 4402 647
f 4478 4479 94
f 4402 4478 643
f 4480 3976 646
f 4479 4480 94
f 3976 4479 647
f 4481 4480 646
f 4475 4481 1659
f 4480 4475 94
f 4477 4394 643
f 4469 4477 644
f 4394 4469 645
f 4482 4389 1869
f 4392 4482 80
f 4389 4392 1678
f 4483 4033 1868
f 4388 4483 1869
f 4033 4388 1870
f 4483 4482 1869
f 4397 4483 1868
f 4482 4397 80
f 4484 4386 1871
f 4382 4484 1873
f 4386 4382 295
f 4486 4485 1875
f 4383 4486 295
f 4485 4383 1872
f 4487 4486 1875
f 4387 4487 1870
f 4486 4387 295
f 4485 4051 1875
f 4381 4485 1872
f 4051 4381 639
f 4488 4379 637
f 4048 4488 638
f 4379 4048 639
f 4489 4376 228
f 4488 4489 638
f 4376 4488 637
f 4491 4490 634
f 4065 4491 228
f 4490 4065 635
f 4491 4489 228
f 4044 4491 634
f 4489 4044 638
f 4492 4046 1877
f 4049 4492 318
f 4046 4049 638
f 4493 4039 1876
f 4492 4493 318
f 4039 4492 1877
f 4494 4493 1876
f 4050 4494 1875
f 4493 4050 318
f 4494 4487 1875
f 4036 4494 1876
f 4487 4036 1870
f 4495 4032 664
f 4400 4495 229
f 4032 4400 1868
f 4495 4024 229
f 4027 4495 664
f 4024 4027 662
f 4041 4030 3
f 4023 4041 665
f 4030 4023 663
f 4496 4040 1877
f 4022 4496 271
f 4040 4022 665
f 4496 4018 271
f 4045 4496 1877
f 4018 4045 1879
f 4497 3995 314
f 4029 4497 662
f 3995 4029 663
f 4499 4498 659
f 4497 4499 662
f 4498 4497 314
f 4500 4499 659
f 4025 4500 649
f 4499 4025 662
f 4503 4502 652
f 4501 4503 361
f 4502 4501 659
f 4506 4505 1865
f 4504 4506 361
f 4505 4504 651
f 4507 4503 652
f 4504 4507 651
f 4503 4504 361
f 4509 4508 651
f 3994 4509 239
f 4508 3994 678
f 4508 4505 651
f 3986 4508 678
f 4505 3986 1865
f 4510 3983 650
f 4506 4510 361
f 3983 4506 1865
f 4511 3981 649
f 4510 4511 361
f 3981 4510 650
f 4511 4501 361
f 4500 4511 649
f 4501 4500 659
f 4512 3980 648
f 4026 4512 229
f 3980 4026 649
f 4513 4512 648
f 4399 4513 1867
f 4512 4399 229
f 4513 4401 1867
f 3978 4513 648
f 4401 3978 647
f 3982 3979 648
f 3973 3982 650
f 3979 3973 54
f 4514 3972 1859
f 3975 4514 646
f 3972 3975 54
f 4515 4514 1859
f 4481 4515 1659
f 4514 4481 646
f 4516 4515 1859
f 4438 4516 197
f 4515 4438 1659
f 4517 4516 1859
f 4428 4517 1860
f 4516 4428 197
f 4518 3971 1866
f 4517 4518 1860
f 3971 4517 1859
f 4519 3988 105
f 4518 4519 1860
f 3988 4518 1866
f 4521 4520 681
f 3990 4521 105
f 4520 3990 677
f 4521 4519 105
f 3969 4521 681
f 4519 3969 1860
f 4522 3967 681
f 4435 4522 398
f 3967 4435 686
f 4524 4523 680
f 4522 4524 398
f 4523 4522 681
f 4526 4525 685
f 4432 4526 1858
f 4525 4432 398
f 4527 4524 680
f 4525 4527 685
f 4524 4525 398
f 4528 4520 677
f 4523 4528 680
f 4520 4523 681
f 4528 3966 680
f 3992 4528 677
f 3966 3992 679
f 4530 4529 685
f 3950 4530 684
f 4529 3950 683
f 4531 4530 685
f 3962 4531 93
f 4530 3962 684
f 4531 3965 93
f 4527 4531 685
f 3965 4527 680
f 4532 3948 1862
f 3943 4532 1975
f 3948 3943 82
f 4534 4533 1977
f 4532 4534 1975
f 4533 4532 1862
f 4536 3957 675
f 4535 4536 362
f 3957 4535 1862
f 4538 4537 674
f 4536 4538 362
f 4537 4536 675
f 4539 4535 362
f 4533 4539 1977
f 4535 4533 1862
f 4541 4540 1984
f 4539 4541 1977
f 4540 4539 362
f 4542 4541 1984
f 3942 4542 1979
f 4541 3942 1977
f 4545 4544 1980
f 4543 4545 390
f 4544 4543 541
f 4547 4546 539
f 4543 4547 541
f 4546 4543 390
f 4549 4548 1980
f 3939 4549 1978
f 4548 3939 1979
f 4551 2021 1976
f 4550 4551 126
f 2021 4550 502
f 4553 4552 1975
f 4551 4553 126
f 4552 4551 1976
f 4553 3941 126
f 4534 4553 1975
f 3941 4534 1977
f 4552 3944 1975
f 3936 4552 1976
f 3944 3936 1971
f 4555 3934 1973
f 4554 4555 682
f 3934 4554 1971
f 4554 3945 1971
f 3951 4554 682
f 3945 3951 82
f 3933 3928 1973
f 3931 3933 92
f 3928 3931 1972
f 4556 3923 1970
f 3927 4556 1973
f 3923 3927 160
f 4556 4555 1973
f 3954 4556 1970
f 4555 3954 682
f 4557 3926 1968
f 3921 4557 1967
f 3926 3921 160
f 4559 4557 1968
f 4558 4559 72
f 4557 4558 1967
f 4561 4560 546
f 4559 4561 72
f 4560 4559 1968
f 4564 4563 1966
f 4562 4564 72
f 4563 4562 1957
f 4566 4565 545
f 4561 4566 72
f 4565 4561 546
f 4567 4566 545
f 4562 4567 1957
f 4566 4562 72
f 4570 4569 547
f 4568 4570 1
f 4569 4568 545
f 4572 4571 2004
f 4570 4572 1
f 4571 4570 547
f 4574 4573 2002
f 4572 4574 1
f 4573 4572 2004
f 4576 4575 550
f 4574 4576 1
f 4575 4574 2002
f 4578 4577 1956
f 4576 4578 1
f 4577 4576 550
f 4580 4563 1957
f 4579 4580 259
f 4563 4579 1966
f 4583 4582 1958
f 4581 4583 259
f 4582 4581 1956
f 4585 4584 542
f 4583 4585 259
f 4584 4583 1958
f 4588 4587 1965
f 4586 4588 1958
f 4587 4586 1960
f 4591 4590 1964
f 4589 4591 543
f 4590 4589 1965
f 4594 4593 544
f 4592 4594 134
f 4593 4592 542
f 4596 4595 543
f 4593 4596 544
f 4595 4593 542
f 4599 4598 544
f 4597 4599 327
f 4598 4597 693
f 4600 4596 543
f 4599 4600 327
f 4596 4599 544
f 4602 4601 1963
f 4600 4602 327
f 4601 4600 543
f 4603 4591 1964
f 4601 4603 1963
f 4591 4601 543
f 4605 4590 1965
f 4604 4605 462
f 4590 4604 1964
f 4608 4607 1959
f 4606 4608 562
f 4607 4606 1961
f 4611 4610 554
f 4609 4611 552
f 4610 4609 553
f 4614 4613 563
f 4612 4614 554
f 4613 4612 1954
f 4616 4614 563
f 4615 4616 91
f 4614 4615 554
f 4618 4613 1954
f 4617 4618 68
f 4613 4617 563
f 4620 4619 559
f 4617 4620 563
f 4619 4617 68
f 4622 4621 561
f 4620 4622 563
f 4621 4620 559
f 4625 4624 717
f 4623 4625 254
f 4624 4623 568
f 4628 4627 717
f 4626 4628 267
f 4627 4626 715
f 4631 4630 1827
f 4629 4631 267
f 4630 4629 1828
f 4632 4631 1827
f 4626 4632 715
f 4631 4626 267
f 4634 4633 567
f 4629 4634 1828
f 4633 4629 267
f 4637 4636 1944
f 4635 4637 458
f 4636 4635 569
f 4639 4638 567
f 4637 4639 458
f 4638 4637 1944
f 4641 4640 556
f 4635 4641 569
f 4640 4635 458
f 4644 4643 557
f 4642 4644 458
f 4643 4642 558
f 4645 4644 557
f 4640 4645 556
f 4644 4640 458
f 4648 4647 519
f 4646 4648 517
f 4647 4646 518
f 4651 4650 1992
f 4649 4651 519
f 4650 4649 1993
f 4654 4653 1993
f 4652 4654 315
f 4653 4652 515
f 4657 4656 516
f 4655 4657 315
f 4656 4655 1998
f 4658 4657 516
f 4652 4658 515
f 4657 4652 315
f 4661 4660 2000
f 4659 4661 518
f 4660 4659 553
f 4663 4659 518
f 4662 4663 424
f 4659 4662 553
f 4665 4660 553
f 4664 4665 106
f 4660 4664 2000
f 4667 4666 2001
f 4664 4667 2000
f 4666 4664 106
f 4669 4668 548
f 4666 4669 2001
f 4668 4666 106
f 4671 4670 549
f 4668 4671 548
f 4670 4668 106
f 4674 4673 549
f 4672 4674 492
f 4673 4672 550
f 4675 4673 550
f 4671 4675 548
f 4673 4671 549
f 4677 4676 2005
f 4573 4677 2002
f 4676 4573 2004
f 4679 4676 2004
f 4678 4679 443
f 4676 4678 2005
f 4681 4680 2006
f 4679 4681 443
f 4680 4679 2004
f 4683 4682 508
f 4678 4683 2005
f 4682 4678 443
f 4685 4684 2008
f 4682 4685 508
f 4684 4682 443
f 4687 4686 2007
f 4684 4687 2008
f 4686 4684 443
f 4690 4689 503
f 4688 4690 211
f 4689 4688 2007
f 4692 4685 2008
f 4691 4692 6
f 4685 4691 508
f 4695 4694 504
f 4693 4695 6
f 4694 4693 1983
f 4697 4696 506
f 4695 4697 6
f 4696 4695 504
f 4700 4699 508
f 4698 4700 506
f 4699 4698 507
f 4701 4699 507
f 4683 4701 2005
f 4699 4683 508
f 4704 4703 2003
f 4702 4704 336
f 4703 4702 507
f 4706 4705 2001
f 4704 4706 336
f 4705 4704 2003
f 4708 4705 2003
f 4707 4708 1999
f 4705 4707 2001
f 4711 4710 1999
f 4709 4711 1998
f 4710 4709 2000
f 4714 4713 510
f 4712 4714 61
f 4713 4712 509
f 4716 4715 511
f 4714 4716 61
f 4715 4714 510
f 4719 4718 2003
f 4717 4719 233
f 4718 4717 509
f 4720 4717 233
f 4713 4720 510
f 4717 4713 509
f 4722 4721 505
f 4720 4722 510
f 4721 4720 233
f 4724 4723 1997
f 4715 4724 511
f 4723 4715 510
f 4726 4725 512
f 4716 4726 61
f 4725 4716 511
f 4729 4728 1996
f 4727 4729 470
f 4728 4727 1997
f 4732 4731 505
f 4730 4732 298
f 4731 4730 1997
f 4734 4733 504
f 4732 4734 298
f 4733 4732 505
f 4736 4728 1997
f 4735 4736 533
f 4728 4735 1996
f 4739 4738 530
f 4737 4739 528
f 4738 4737 529
f 4741 4740 1995
f 4739 4741 528
f 4740 4739 530
f 4744 4743 1995
f 4742 4744 220
f 4743 4742 1988
f 4745 4740 530
f 4744 4745 220
f 4740 4744 1995
f 4747 4746 596
f 4742 4747 1988
f 4746 4742 220
f 4750 4749 527
f 4748 4750 220
f 4749 4748 525
f 4751 4750 527
f 4746 4751 596
f 4750 4746 220
f 4754 4753 1915
f 4752 4754 46
f 4753 4752 597
f 4756 4755 1919
f 4752 4756 597
f 4755 4752 46
f 4759 4758 1592
f 4757 4759 46
f 4758 4757 1011
f 4761 4760 1009
f 4757 4761 1011
f 4760 4757 46
f 4764 4763 1014
f 4762 4764 112
f 4763 4762 1012
f 4766 4765 1914
f 4762 4766 1012
f 4765 4762 112
f 4769 4768 1905
f 4767 4769 1012
f 4768 4767 1013
f 4770 4769 1905
f 4763 4770 1014
f 4769 4763 1012
f 4772 4768 1013
f 4771 4772 598
f 4768 4771 1905
f 4774 4773 599
f 4772 4774 598
f 4773 4772 1013
f 4776 4775 600
f 4774 4776 598
f 4775 4774 599
f 4779 4778 903
f 4777 4779 248
f 4778 4777 1588
f 4781 4780 899
f 4777 4781 1588
f 4780 4777 248
f 4783 4782 908
f 4780 4783 899
f 4782 4780 248
f 4785 4784 902
f 4782 4785 908
f 4784 4782 248
f 4788 4787 907
f 4786 4788 902
f 4787 4786 1714
f 4791 4790 908
f 4789 4791 365
f 4790 4789 1716
f 4793 4792 907
f 4791 4793 365
f 4792 4791 908
f 4796 4795 365
f 4794 4796 77
f 4795 4794 905
f 4798 4797 906
f 4796 4798 77
f 4797 4796 365
f 4800 4799 904
f 4794 4800 905
f 4799 4794 77
f 4802 4801 1724
f 4799 4802 904
f 4801 4799 77
f 4804 4803 1726
f 4801 4804 1724
f 4803 4801 77
f 4805 4804 1726
f 2485 4805 1727
f 4804 2485 1724
f 4808 4807 1713
f 4806 4808 285
f 4807 4806 1715
f 4810 4809 1712
f 4808 4810 285
f 4809 4808 1713
f 4812 4811 1711
f 4810 4812 285
f 4811 4810 1712
f 4814 4813 1020
f 4812 4814 285
f 4813 4812 1711
f 4816 4815 1024
f 4814 4816 285
f 4815 4814 1020
f 4818 4817 1023
f 4815 4818 1024
f 4817 4815 1020
f 4821 4820 1714
f 4819 4821 387
f 4820 4819 1713
f 4823 4822 909
f 4819 4823 1713
f 4822 4819 387
f 4825 4824 602
f 4822 4825 909
f 4824 4822 387
f 4828 4827 1708
f 4826 4828 145
f 4827 4826 1710
f 4831 4830 1708
f 4829 4831 1707
f 4830 4829 1709
f 4834 4833 1902
f 4832 4834 1707
f 4833 4832 1710
f 4837 4836 616
f 4835 4837 266
f 4836 4835 1902
f 4840 4839 1705
f 4838 4840 266
f 4839 4838 1899
f 4842 4841 1900
f 4838 4842 1899
f 4841 4838 266
f 4844 4842 1900
f 4843 4844 911
f 4842 4843 1899
f 4847 4846 1701
f 4845 4847 27
f 4846 4845 1594
f 4849 4848 1899
f 4847 4849 27
f 4848 4847 1701
f 4850 4843 911
f 4849 4850 27
f 4843 4849 1899
f 4853 4852 1593
f 4851 4853 27
f 4852 4851 913
f 4854 4853 1593
f 4845 4854 1594
f 4853 4845 27
f 4856 4855 1595
f 4852 4856 1593
f 4855 4852 913
f 4859 4858 917
f 4857 4859 328
f 4858 4857 912
f 4861 4860 916
f 4858 4861 917
f 4860 4858 912
f 4863 4860 912
f 4862 4863 57
f 4860 4862 916
f 4865 4864 911
f 4863 4865 57
f 4864 4863 912
f 4867 4866 914
f 4862 4867 916
f 4866 4862 57
f 4869 4868 915
f 4867 4869 916
f 4868 4867 914
f 4871 4870 919
f 2167 4871 621
f 4870 2167 475
f 4873 4872 915
f 4871 4873 621
f 4872 4871 919
f 4875 4869 915
f 4874 4875 97
f 4869 4874 916
f 4873 2164 621
f 4868 4873 915
f 2164 4868 914
f 4876 4874 97
f 4861 4876 917
f 4874 4861 916
f 4879 4878 962
f 4877 4879 917
f 4878 4877 1699
f 4882 4881 962
f 4880 4882 960
f 4881 4880 961
f 4885 4884 1650
f 4883 4885 960
f 4884 4883 1651
f 4887 4883 960
f 4886 4887 216
f 4883 4886 1651
f 4890 4889 964
f 4888 4890 439
f 4889 4888 965
f 4892 4891 1649
f 4890 4892 439
f 4891 4890 964
f 4895 4894 1006
f 4893 4895 189
f 4894 4893 1003
f 4898 4897 1008
f 4896 4898 1005
f 4897 4896 1007
f 4900 4897 1007
f 4899 4900 401
f 4897 4899 1008
f 4903 4902 593
f 4901 4903 401
f 4902 4901 591
f 4904 4903 593
f 4899 4904 1008
f 4903 4899 401
f 4906 4905 592
f 4902 4906 593
f 4905 4902 591
f 4909 4908 1920
f 4907 4909 590
f 4908 4907 1941
f 4912 4911 1920
f 4910 4912 138
f 4911 4910 1917
f 4914 4913 579
f 4912 4914 138
f 4913 4912 1920
f 4916 4915 580
f 4913 4916 579
f 4915 4913 1920
f 4919 4918 1942
f 4917 4919 579
f 4918 4917 726
f 4922 4921 1918
f 4920 4922 524
f 4921 4920 1990
f 4925 4924 520
f 4923 4925 23
f 4924 4923 523
f 4927 4926 522
f 4925 4927 23
f 4926 4925 520
f 4929 4928 1991
f 4927 4929 23
f 4928 4927 522
f 4931 4930 575
f 4928 4931 1991
f 4930 4928 522
f 4934 4933 728
f 4932 4934 521
f 4933 4932 726
f 4936 4935 727
f 4933 4936 728
f 4935 4933 726
f 4938 4935 726
f 4937 4938 198
f 4935 4937 727
f 4940 4939 737
f 4937 4940 727
f 4939 4937 198
f 4942 4941 578
f 4939 4942 737
f 4941 4939 198
f 4944 4943 580
f 4941 4944 578
f 4943 4941 198
f 4947 4946 1923
f 4945 4947 580
f 4946 4945 1941
f 4950 4949 1924
f 4948 4950 59
f 4949 4948 1923
f 4952 4951 581
f 4950 4952 59
f 4951 4950 1924
f 4954 4953 578
f 4952 4954 59
f 4953 4952 581
f 4956 4955 583
f 4942 4956 737
f 4955 4942 578
f 4959 4958 733
f 4957 4959 381
f 4958 4957 1821
f 4961 4960 732
f 4959 4961 381
f 4960 4959 733
f 4963 4962 737
f 4961 4963 381
f 4962 4961 732
f 4966 4965 736
f 4964 4966 179
f 4965 4964 1822
f 4969 4968 724
f 4967 4969 179
f 4968 4967 735
f 4972 4971 1807
f 4970 4972 500
f 4971 4970 1808
f 4974 4973 768
f 4970 4974 1808
f 4973 4970 500
f 4976 4975 769
f 4973 4976 768
f 4975 4973 500
f 4978 4977 1937
f 4975 4978 769
f 4977 4975 500
f 4981 4980 747
f 4979 4981 734
f 4980 4979 1819
f 4984 4983 1819
f 4982 4984 140
f 4983 4982 1818
f 4985 4979 734
f 4984 4985 140
f 4979 4984 1819
f 4987 4986 1820
f 4982 4987 1818
f 4986 4982 140
f 4989 4988 733
f 4986 4989 1820
f 4988 4986 140
f 4991 4990 731
f 4988 4991 733
f 4990 4988 140
f 4992 4958 1821
f 4989 4992 1820
f 4958 4989 733
f 4995 4994 582
f 4993 4995 473
f 4994 4993 1939
f 4998 4997 582
f 4996 4998 95
f 4997 4996 1940
f 5001 5000 741
f 4999 5001 738
f 5000 4999 740
f 5003 5002 742
f 5001 5003 738
f 5002 5001 741
f 5006 5005 752
f 5004 5006 305
f 5005 5004 753
f 5008 5007 744
f 5006 5008 305
f 5007 5006 752
f 5010 5009 1814
f 5007 5010 744
f 5009 5007 752
f 5013 5012 743
f 5011 5013 114
f 5012 5011 1816
f 5015 5014 744
f 5013 5015 114
f 5014 5013 743
f 5018 5017 1815
f 5016 5018 750
f 5017 5016 1816
f 5021 5020 751
f 5019 5021 748
f 5020 5019 750
f 5023 5021 751
f 5022 5023 55
f 5021 5022 748
f 5025 5024 774
f 5023 5025 55
f 5024 5023 751
f 5027 5026 1800
f 5025 5027 55
f 5026 5025 774
f 5029 5028 749
f 5027 5029 55
f 5028 5027 1800
f 5032 5031 770
f 5030 5032 356
f 5031 5030 1800
f 5034 5033 772
f 5032 5034 356
f 5033 5032 770
f 5037 5036 1804
f 5035 5037 356
f 5036 5035 1801
f 5040 5039 746
f 5038 5040 302
f 5039 5038 1805
f 5042 5041 1810
f 5038 5042 1805
f 5041 5038 302
f 5044 5043 1803
f 5041 5044 1810
f 5043 5041 302
f 5046 5042 1810
f 5045 5046 397
f 5042 5045 1805
f 5048 5047 1812
f 5046 5048 397
f 5047 5046 1810
f 5051 5050 1813
f 5049 5051 124
f 5050 5049 740
f 5054 5053 1812
f 5052 5054 764
f 5053 5052 1813
f 5055 5049 124
f 5000 5055 741
f 5049 5000 740
f 5057 5056 762
f 5055 5057 741
f 5056 5055 124
f 5059 5058 763
f 5057 5059 741
f 5058 5057 762
f 5061 5002 741
f 5060 5061 268
f 5002 5060 742
f 5062 5059 763
f 5061 5062 268
f 5059 5061 741
f 5064 5063 760
f 5060 5064 742
f 5063 5060 268
f 5066 5065 761
f 5063 5066 760
f 5065 5063 268
f 5068 5067 1766
f 5065 5068 761
f 5067 5065 268
f 5069 5062 763
f 5067 5069 1766
f 5062 5067 268
f 5072 5071 757
f 5070 5072 208
f 5071 5070 760
f 5074 5073 753
f 5070 5074 760
f 5073 5070 208
f 5077 5076 806
f 5075 5077 301
f 5076 5075 758
f 5079 5078 803
f 5077 5079 301
f 5078 5077 806
f 5081 5076 758
f 5080 5081 404
f 5076 5080 806
f 5084 5083 816
f 5082 5084 404
f 5083 5082 817
f 5086 5085 1770
f 5084 5086 404
f 5085 5084 816
f 5089 5088 820
f 5087 5089 70
f 5088 5087 818
f 5092 5091 821
f 5090 5092 815
f 5091 5090 820
f 5094 5093 1769
f 5085 5094 1770
f 5093 5085 816
f 5097 5096 1768
f 5095 5097 822
f 5096 5095 1572
f 5100 5099 821
f 5098 5100 127
f 5099 5098 823
f 5102 5101 1765
f 5098 5102 823
f 5101 5098 127
f 5104 5103 825
f 5101 5104 1765
f 5103 5101 127
f 5106 5105 1565
f 5104 5106 1765
f 5105 5104 825
f 5109 5108 824
f 5107 5109 490
f 5108 5107 825
f 5111 5110 826
f 5109 5111 490
f 5110 5109 824
f 5113 5112 829
f 5111 5113 490
f 5112 5111 826
f 5116 5115 1565
f 5114 5116 490
f 5115 5114 1563
f 5117 5113 829
f 5114 5117 1563
f 5113 5114 490
f 5119 5118 1562
f 5117 5119 1563
f 5118 5117 829
f 5122 5121 1761
f 5120 5122 240
f 5121 5120 1762
f 5125 5124 826
f 5123 5125 240
f 5124 5123 828
f 5127 5126 1763
f 5120 5127 1762
f 5126 5120 240
f 5129 5128 827
f 5126 5129 1763
f 5128 5126 240
f 5130 5125 826
f 5128 5130 827
f 5125 5128 240
f 5132 5131 1764
f 5129 5132 1763
f 5131 5129 827
f 5135 5134 1802
f 5133 5135 476
f 5134 5133 1762
f 5137 5136 830
f 5133 5137 1762
f 5136 5133 476
f 5140 5139 831
f 5138 5140 476
f 5139 5138 771
f 5141 5140 831
f 5136 5141 830
f 5140 5136 476
f 5144 5143 833
f 5142 5144 786
f 5143 5142 1759
f 5147 5146 832
f 5145 5147 289
f 5146 5145 833
f 5149 5148 831
f 5147 5149 289
f 5148 5147 832
f 5150 5148 832
f 5141 5150 830
f 5148 5141 831
f 5152 5150 832
f 5151 5152 69
f 5150 5151 830
f 5155 5154 838
f 5153 5155 69
f 5154 5153 836
f 5156 5152 832
f 5153 5156 836
f 5152 5153 69
f 5158 5157 834
f 5156 5158 836
f 5157 5156 832
f 5160 5159 837
f 5158 5160 836
f 5159 5158 834
f 5162 5161 835
f 5159 5162 837
f 5161 5159 834
f 5164 2951 1758
f 5163 5164 835
f 2951 5163 1750
f 5167 5166 1751
f 5165 5167 104
f 5166 5165 1759
f 5169 5166 1759
f 5168 5169 787
f 5166 5168 1751
f 5172 5171 789
f 5170 5172 787
f 5171 5170 788
f 5174 5172 789
f 5173 5174 50
f 5172 5173 787
f 5176 5175 1796
f 5174 5176 50
f 5175 5174 789
f 5177 5175 789
f 2823 5177 34
f 5175 2823 1796
f 5179 5178 1794
f 5177 5179 34
f 5178 5177 789
f 5182 5181 793
f 5180 5182 241
f 5181 5180 1797
f 5184 5183 788
f 5180 5184 1797
f 5183 5180 241
f 5185 5183 241
f 5171 5185 789
f 5183 5171 788
f 5188 5187 795
f 5186 5188 793
f 5187 5186 794
f 5191 5190 797
f 5189 5191 795
f 5190 5189 796
f 5194 5193 796
f 5192 5194 330
f 5193 5192 798
f 5197 5196 1789
f 5195 5197 303
f 5196 5195 779
f 5200 5199 1789
f 5198 5200 1788
f 5199 5198 1790
f 5203 5202 794
f 5201 5203 303
f 5202 5201 1790
f 5205 5200 1789
f 5204 5205 778
f 5200 5204 1788
f 5207 5204 778
f 5206 5207 777
f 5204 5206 1788
f 5210 5209 1814
f 5208 5210 777
f 5209 5208 1815
f 5212 5209 1815
f 5211 5212 114
f 5209 5211 1814
f 5214 5213 754
f 5005 5214 752
f 5213 5005 753
f 5215 5073 208
f 5213 5215 754
f 5073 5213 753
f 5217 5216 755
f 5215 5217 754
f 5216 5215 208
f 5220 5219 756
f 5218 5220 202
f 5219 5218 754
f 5222 5221 1788
f 5220 5222 202
f 5221 5220 756
f 5225 5224 1790
f 5223 5225 756
f 5224 5223 799
f 5225 5221 756
f 5198 5225 1790
f 5221 5198 1788
f 5228 5227 799
f 5226 5228 367
f 5227 5226 800
f 5231 5230 801
f 5229 5231 367
f 5230 5229 755
f 5232 5231 801
f 5226 5232 800
f 5231 5226 367
f 5234 5233 759
f 5230 5234 801
f 5233 5230 755
f 5236 5235 802
f 5232 5236 800
f 5235 5232 801
f 5238 5236 802
f 5237 5238 174
f 5236 5237 800
f 5240 5239 798
f 5237 5240 800
f 5239 5237 174
f 5242 5227 800
f 5241 5242 330
f 5227 5241 799
f 5242 5192 330
f 5240 5242 800
f 5192 5240 798
f 5243 5223 756
f 5228 5243 367
f 5223 5228 799
f 5244 5219 754
f 5243 5244 367
f 5219 5243 756
f 5244 5229 367
f 5217 5244 754
f 5229 5217 755
f 5246 5009 752
f 5245 5246 202
f 5009 5245 1814
f 5246 5218 202
f 5214 5246 752
f 5218 5214 754
f 5247 5245 202
f 5210 5247 777
f 5245 5210 1814
f 5250 5249 751
f 5248 5250 201
f 5249 5248 773
f 5252 5251 775
f 5248 5252 773
f 5251 5248 201
f 5255 5254 784
f 5253 5255 773
f 5254 5253 776
f 5258 5257 1798
f 5256 5258 281
f 5257 5256 782
f 5260 5259 781
f 5258 5260 281
f 5259 5258 1798
f 5263 5262 775
f 5261 5263 272
f 5262 5261 776
f 5266 5265 1799
f 5264 5266 176
f 5265 5264 781
f 5268 5267 779
f 5264 5268 781
f 5267 5264 176
f 5269 5259 1798
f 5265 5269 1799
f 5259 5265 781
f 5271 5269 1798
f 5270 5271 272
f 5269 5270 1799
f 5272 5271 1798
f 5261 5272 776
f 5271 5261 272
f 5273 5272 1798
f 5254 5273 784
f 5272 5254 776
f 5275 5255 784
f 5274 5275 389
f 5255 5274 773
f 5278 5277 770
f 5276 5278 389
f 5277 5276 771
f 5280 5279 774
f 5278 5280 389
f 5279 5278 770
f 5281 5277 771
f 5033 5281 772
f 5277 5033 770
f 5282 5280 774
f 5274 5282 773
f 5280 5274 389
f 5262 5252 775
f 5253 5262 776
f 5252 5253 773
f 5282 5249 773
f 5024 5282 774
f 5249 5024 751
f 5284 5018 1815
f 5283 5284 201
f 5018 5283 750
f 5285 5208 777
f 5284 5285 201
f 5208 5284 1815
f 5287 5207 778
f 5286 5287 775
f 5207 5286 777
f 5286 5285 777
f 5251 5286 775
f 5285 5251 201
f 5247 5206 777
f 5222 5247 202
f 5206 5222 1788
f 5288 5287 778
f 5263 5288 272
f 5287 5263 775
f 5289 5205 1789
f 5288 5289 272
f 5205 5288 778
f 5290 5289 1789
f 5270 5290 1799
f 5289 5270 272
f 5291 5196 779
f 5290 5291 1799
f 5196 5290 1789
f 5291 5266 1799
f 5267 5291 779
f 5266 5267 176
f 5201 5199 1790
f 5197 5201 303
f 5199 5197 1789
f 5293 5292 794
f 5241 5293 799
f 5292 5241 330
f 5293 5224 799
f 5202 5293 794
f 5224 5202 1790
f 5294 5194 796
f 5292 5294 794
f 5194 5292 330
f 5294 5187 794
f 5189 5294 796
f 5187 5189 795
f 5295 5186 793
f 5203 5295 303
f 5186 5203 794
f 5297 5296 780
f 5295 5297 303
f 5296 5295 793
f 5298 5297 780
f 5195 5298 779
f 5297 5195 303
f 5299 5181 1797
f 5296 5299 780
f 5181 5296 793
f 5300 5298 780
f 5268 5300 781
f 5298 5268 779
f 5301 5300 780
f 5260 5301 281
f 5300 5260 781
f 5302 5299 1797
f 5301 5302 281
f 5299 5301 780
f 5304 5303 785
f 5302 5304 281
f 5303 5302 1797
f 5305 5184 788
f 5303 5305 785
f 5184 5303 1797
f 5306 5188 795
f 5182 5306 241
f 5188 5182 793
f 5308 5307 1794
f 5306 5308 241
f 5307 5306 795
f 5309 5191 797
f 5307 5309 1794
f 5191 5307 795
f 5311 5309 797
f 5310 5311 790
f 5309 5310 1794
f 5308 5185 241
f 5178 5308 1794
f 5185 5178 789
f 5313 5305 788
f 5312 5313 426
f 5305 5312 785
f 5314 5170 787
f 5313 5314 426
f 5170 5313 788
f 5315 5169 1759
f 5314 5315 426
f 5169 5314 787
f 5316 5173 50
f 5168 5316 1751
f 5173 5168 787
f 5318 5317 1750
f 5316 5318 1751
f 5317 5316 50
f 5319 5317 50
f 2948 5319 1748
f 5317 2948 1750
f 5319 2933 1748
f 5176 5319 50
f 2933 5176 1796
f 5320 5318 1750
f 5167 5320 104
f 5318 5167 1751
f 5321 5163 835
f 5320 5321 104
f 5163 5320 1750
f 5323 2955 1757
f 5322 5323 483
f 2955 5322 1758
f 5325 5324 1756
f 5323 5325 483
f 5324 5323 1757
f 5328 5327 1755
f 5326 5328 1561
f 5327 5326 1760
f 5331 5330 838
f 5329 5331 226
f 5330 5329 1557
f 5333 5332 1560
f 5329 5333 1557
f 5332 5329 226
f 5336 5335 1755
f 5334 5336 137
f 5335 5334 226
f 5337 5334 137
f 5332 5337 1560
f 5334 5332 226
f 5340 5339 1560
f 5338 5340 294
f 5339 5338 1559
f 5342 5341 1539
f 5338 5342 1559
f 5341 5338 294
f 5345 5344 1539
f 5343 5345 100
f 5344 5343 1562
f 5348 5347 1564
f 5346 5348 100
f 5347 5346 1534
f 5351 5350 1568
f 5349 5351 88
f 5350 5349 1569
f 5353 5352 1570
f 5351 5353 88
f 5352 5351 1568
f 5355 5354 1572
f 5353 5355 88
f 5354 5353 1570
f 5357 5352 1568
f 5356 5357 1238
f 5352 5356 1570
f 5360 5359 1044
f 5358 5360 487
f 5359 5358 1045
f 5363 5362 1223
f 5361 5363 1044
f 5362 5361 1238
f 5364 5363 1223
f 5360 5364 487
f 5363 5360 1044
f 5367 5366 1136
f 5365 5367 487
f 5366 5365 1137
f 5369 5368 1222
f 5365 5369 1137
f 5368 5365 487
f 5371 5370 1233
f 5369 5371 1137
f 5370 5369 1222
f 5373 5372 1138
f 5366 5373 1136
f 5372 5366 1137
f 5376 5375 1138
f 5374 5376 416
f 5375 5374 1240
f 5377 5372 1137
f 5376 5377 416
f 5372 5376 1138
f 5379 2355 1231
f 5378 5379 416
f 2355 5378 1232
f 5380 5379 1231
f 5374 5380 1240
f 5379 5374 416
f 5382 5381 1233
f 5378 5382 1232
f 5381 5378 416
f 5385 5384 1223
f 5383 5385 20
f 5384 5383 1221
f 5387 5386 1222
f 5384 5387 1223
f 5386 5384 1221
f 5387 5364 1223
f 5368 5387 1222
f 5364 5368 487
f 5390 5389 1225
f 5388 5390 1221
f 5389 5388 1224
f 5393 5392 1566
f 5391 5393 1224
f 5392 5391 1567
f 5396 5395 1567
f 5394 5396 20
f 5395 5394 1568
f 5398 5393 1566
f 5397 5398 337
f 5393 5397 1224
f 5399 5397 337
f 5389 5399 1225
f 5397 5389 1224
f 5402 5401 1532
f 5400 5402 337
f 5401 5400 1534
f 5404 5403 1226
f 5399 5404 1225
f 5403 5399 337
f 5407 5406 1234
f 5405 5407 412
f 5406 5405 1236
f 5409 5408 1227
f 5405 5409 1236
f 5408 5405 412
f 5411 5410 1225
f 5408 5411 1227
f 5410 5408 412
f 5412 5410 412
f 5390 5412 1221
f 5410 5390 1225
f 5413 5391 1224
f 5396 5413 20
f 5391 5396 1567
f 5413 5383 20
f 5388 5413 1224
f 5383 5388 1221
f 5415 5370 1222
f 5414 5415 412
f 5370 5414 1233
f 5415 5412 412
f 5386 5415 1222
f 5412 5386 1221
f 5416 5407 1234
f 5414 5416 1233
f 5407 5414 412
f 5416 5382 1233
f 2348 5416 1234
f 5382 2348 1232
f 5381 5371 1233
f 5377 5381 416
f 5371 5377 1137
f 5417 5362 1238
f 5385 5417 20
f 5362 5385 1223
f 5417 5394 20
f 5357 5417 1238
f 5394 5357 1568
f 5419 5356 1238
f 5418 5419 78
f 5356 5418 1570
f 5420 5361 1044
f 5419 5420 78
f 5361 5419 1238
f 5422 5421 1046
f 5420 5422 78
f 5421 5420 1044
f 5424 5423 1571
f 5418 5424 1570
f 5423 5418 78
f 5426 5425 1573
f 5423 5426 1571
f 5425 5423 78
f 5429 5428 1575
f 5427 5429 86
f 5428 5427 1573
f 5431 5430 813
f 5429 5431 86
f 5430 5429 1575
f 5434 5433 1774
f 5432 5434 411
f 5433 5432 1028
f 5436 5435 1575
f 5434 5436 411
f 5435 5434 1774
f 5438 5437 1029
f 5432 5438 1028
f 5437 5432 411
f 5440 5439 1033
f 5433 5440 1774
f 5439 5433 1028
f 5442 5439 1028
f 5441 5442 421
f 5439 5441 1033
f 5445 5444 1031
f 5443 5445 421
f 5444 5443 1026
f 5447 5446 1030
f 5445 5447 421
f 5446 5445 1031
f 5448 5447 1030
f 5441 5448 1033
f 5447 5441 421
f 5451 5450 811
f 5449 5451 128
f 5450 5449 807
f 5454 5453 1021
f 5452 5454 366
f 5453 5452 1586
f 5456 5455 1709
f 5452 5456 1586
f 5455 5452 366
f 5459 5458 1706
f 5457 5459 414
f 5458 5457 1709
f 5462 5461 1587
f 5460 5462 1015
f 5461 5460 1016
f 5464 5463 1019
f 5460 5464 1016
f 5463 5460 1015
f 5466 5465 1018
f 5463 5466 1019
f 5465 5463 1015
f 5469 5468 899
f 5467 5469 224
f 5468 5467 1018
f 5471 5470 900
f 5469 5471 224
f 5470 5469 899
f 5473 5472 901
f 5471 5473 224
f 5472 5471 900
f 5475 4790 1716
f 5474 5475 900
f 4790 5474 908
f 5474 4783 908
f 5470 5474 900
f 4783 5470 899
f 5477 5475 1716
f 5476 5477 322
f 5475 5476 900
f 5479 5478 1723
f 5477 5479 322
f 5478 5477 1716
f 5481 5480 1722
f 5479 5481 322
f 5480 5479 1723
f 5483 5482 1721
f 5481 5483 322
f 5482 5481 1722
f 5486 5485 905
f 5484 5486 496
f 5485 5484 1723
f 5488 5487 894
f 5484 5488 1723
f 5487 5484 496
f 5491 5490 896
f 5489 5491 894
f 5490 5489 895
f 5493 5491 896
f 5492 5493 65
f 5491 5492 894
f 5495 5490 895
f 5494 5495 155
f 5490 5494 896
f 5496 5487 496
f 5489 5496 895
f 5487 5489 894
f 5498 5497 1722
f 5492 5498 894
f 5497 5492 65
f 5500 5499 898
f 5497 5500 1722
f 5499 5497 65
f 5503 5502 897
f 5501 5503 347
f 5502 5501 1721
f 5504 5502 1721
f 2515 5504 898
f 5502 2515 897
f 5504 5500 898
f 5482 5504 1721
f 5500 5482 1722
f 5498 5488 894
f 5480 5498 1722
f 5488 5480 1723
f 5505 5476 322
f 5472 5505 901
f 5476 5472 900
f 5508 5507 1018
f 5506 5508 219
f 5507 5506 1588
f 5507 5468 1018
f 4781 5507 1588
f 5468 4781 899
f 5511 5510 1589
f 5509 5511 1014
f 5510 5509 1017
f 5513 5509 1014
f 5512 5513 219
f 5509 5512 1017
f 5515 5510 1017
f 5514 5515 222
f 5510 5514 1589
f 5517 5516 1590
f 5514 5517 1589
f 5516 5514 222
f 5519 5518 1704
f 5516 5519 1590
f 5518 5516 222
f 5521 5520 1703
f 5518 5521 1704
f 5520 5518 222
f 5524 5523 1705
f 5522 5524 290
f 5523 5522 1703
f 5526 5525 1702
f 5519 5526 1590
f 5525 5519 1704
f 5529 5528 1010
f 5527 5529 112
f 5528 5527 1589
f 5530 5517 1590
f 5528 5530 1010
f 5517 5528 1589
f 5532 5530 1590
f 5531 5532 428
f 5530 5531 1010
f 5534 5533 1011
f 5531 5534 1010
f 5533 5531 428
f 5537 5536 1591
f 5535 5537 428
f 5536 5535 1597
f 5538 5537 1591
f 5533 5538 1011
f 5537 5533 428
f 5539 5538 1591
f 4758 5539 1592
f 5538 4758 1011
f 5541 5540 1596
f 5536 5541 1591
f 5540 5536 1597
f 5543 5542 1596
f 4904 5543 1008
f 5542 4904 593
f 5545 4906 592
f 5544 5545 329
f 4906 5544 593
f 5548 5547 1592
f 5546 5548 595
f 5547 5546 1919
f 5550 4756 1919
f 5549 5550 325
f 4756 5549 597
f 5553 5552 1987
f 5551 5553 325
f 5552 5551 1989
f 5554 5553 1987
f 5549 5554 597
f 5553 5549 325
f 5556 5555 1916
f 5551 5556 1989
f 5555 5551 325
f 5558 5557 594
f 5555 5558 1916
f 5557 5555 325
f 5560 5559 1990
f 5556 5560 1989
f 5559 5556 1916
f 5563 5562 1990
f 5561 5563 372
f 5562 5561 513
f 5566 5565 1987
f 5564 5566 481
f 5565 5564 1988
f 5568 5554 1987
f 5567 5568 596
f 5554 5567 597
f 5568 4747 596
f 5565 5568 1987
f 4747 5565 1988
f 5569 5562 513
f 5560 5569 1989
f 5562 5560 1990
f 5571 5569 513
f 5570 5571 481
f 5569 5570 1989
f 5570 5552 1989
f 5566 5570 481
f 5552 5566 1987
f 5572 5550 1919
f 5557 5572 594
f 5550 5557 325
f 5573 5546 595
f 5572 5573 594
f 5546 5572 1919
f 5575 5548 1592
f 5574 5575 329
f 5548 5574 595
f 5577 5573 595
f 5576 5577 255
f 5573 5576 594
f 5579 5578 592
f 5577 5579 255
f 5578 5577 595
f 5581 5580 1917
f 5576 5581 594
f 5580 5576 255
f 5582 5544 329
f 5542 5582 1596
f 5544 5542 593
f 5578 5545 592
f 5574 5578 595
f 5545 5574 329
f 5583 5582 329
f 5541 5583 1591
f 5582 5541 1596
f 5583 5539 1591
f 5575 5583 329
f 5539 5575 1592
f 5586 5585 1701
f 5584 5586 1700
f 5585 5584 1702
f 5588 5585 1702
f 5587 5588 290
f 5585 5587 1701
f 5589 5525 1704
f 5588 5589 290
f 5525 5588 1702
f 5590 5526 1702
f 5532 5590 428
f 5526 5532 1590
f 5589 5522 290
f 5521 5589 1704
f 5522 5521 1703
f 5591 5467 224
f 5466 5591 1019
f 5467 5466 1018
f 5593 5592 1717
f 5464 5593 1016
f 5592 5464 1019
f 5595 5594 1586
f 5461 5595 1587
f 5594 5461 1016
f 5596 5465 1015
f 5508 5596 219
f 5465 5508 1018
f 5597 5596 1015
f 5512 5597 1017
f 5596 5512 219
f 5598 5462 1587
f 5597 5598 1017
f 5462 5597 1015
f 5599 5598 1587
f 5515 5599 222
f 5598 5515 1017
f 5601 5600 414
f 5599 5601 222
f 5600 5599 1587
f 5602 5601 414
f 5520 5602 1703
f 5601 5520 222
f 5603 5457 414
f 5456 5603 1586
f 5457 5456 1709
f 5603 5595 1586
f 5600 5603 414
f 5595 5600 1587
f 5606 5605 1030
f 5604 5606 396
f 5605 5604 1032
f 5608 5607 1022
f 5606 5608 396
f 5607 5606 1030
f 5610 5609 1023
f 5607 5610 1022
f 5609 5607 1030
f 5611 5446 1031
f 5609 5611 1023
f 5446 5609 1030
f 5613 4818 1023
f 5612 5613 324
f 4818 5612 1024
f 5614 5611 1031
f 5613 5614 324
f 5611 5613 1023
f 5617 5616 1727
f 5615 5617 324
f 5616 5615 1585
f 5618 5614 1031
f 5615 5618 1585
f 5614 5615 324
f 5619 5444 1026
f 5618 5619 1585
f 5444 5618 1031
f 5621 5619 1026
f 5620 5621 279
f 5619 5620 1585
f 5623 5622 1025
f 5621 5623 279
f 5622 5621 1026
f 5625 5624 1252
f 5623 5625 279
f 5624 5623 1025
f 5627 5626 1027
f 5622 5627 1025
f 5626 5622 1026
f 5629 5628 1584
f 5620 5629 1585
f 5628 5620 279
f 5630 5629 1584
f 5616 5630 1727
f 5629 5616 1585
f 5633 5632 1719
f 5631 5633 396
f 5632 5631 1021
f 5634 5608 1022
f 5631 5634 1021
f 5608 5631 396
f 5635 5634 1022
f 5454 5635 366
f 5634 5454 1021
f 5637 5636 1021
f 5593 5637 1016
f 5636 5593 1717
f 5637 5594 1016
f 5453 5637 1021
f 5594 5453 1586
f 5638 5636 1717
f 5632 5638 1719
f 5636 5632 1021
f 5640 5639 1718
f 5592 5640 1717
f 5639 5592 1019
f 5642 5641 1718
f 5473 5642 224
f 5641 5473 901
f 5642 5591 224
f 5639 5642 1718
f 5591 5639 1019
f 5644 5638 1717
f 5643 5644 128
f 5638 5643 1719
f 5645 5640 1718
f 5644 5645 128
f 5640 5644 1717
f 5647 5646 1720
f 5641 5647 1718
f 5646 5641 901
f 5649 5647 1720
f 5648 5649 808
f 5647 5648 1718
f 5650 5505 322
f 5646 5650 1720
f 5505 5646 901
f 5651 5483 1721
f 5650 5651 1720
f 5483 5650 322
f 5652 5501 347
f 5651 5652 1720
f 5501 5651 1721
f 5653 5652 347
f 5649 5653 808
f 5652 5649 1720
f 5655 5654 809
f 5653 5655 808
f 5654 5653 347
f 5657 5656 1777
f 5654 5657 809
f 5656 5654 347
f 5660 5659 809
f 5658 5660 10
f 5659 5658 807
f 5662 5661 810
f 5658 5662 807
f 5661 5658 10
f 5665 5664 814
f 5663 5665 438
f 5664 5663 810
f 5667 5666 813
f 5665 5667 438
f 5666 5665 814
f 5669 5666 814
f 5668 5669 812
f 5666 5668 813
f 5670 5659 807
f 5655 5670 808
f 5659 5655 809
f 5671 5662 810
f 5450 5671 811
f 5662 5450 807
f 5672 5449 128
f 5670 5672 808
f 5449 5670 807
f 5672 5648 808
f 5645 5672 128
f 5648 5645 1718
f 5673 5451 811
f 5643 5673 1719
f 5451 5643 128
f 5674 5673 811
f 5633 5674 396
f 5673 5633 1719
f 5675 5674 811
f 5604 5675 1032
f 5674 5604 396
f 5677 5676 1032
f 5663 5677 810
f 5676 5663 438
f 5677 5671 810
f 5675 5677 1032
f 5671 5675 811
f 5678 5605 1032
f 5448 5678 1033
f 5605 5448 1030
f 5679 5676 438
f 5678 5679 1033
f 5676 5678 1032
f 5680 5679 438
f 5440 5680 1774
f 5679 5440 1033
f 5681 5667 813
f 5680 5681 1774
f 5667 5680 438
f 5683 5682 1027
f 5442 5683 421
f 5682 5442 1028
f 5683 5443 421
f 5626 5683 1027
f 5443 5626 1026
f 5684 5438 1029
f 5682 5684 1027
f 5438 5682 1028
f 5681 5435 1774
f 5430 5681 813
f 5435 5430 1575
f 5685 5668 812
f 5431 5685 86
f 5668 5431 813
f 5687 5686 1574
f 5428 5687 1575
f 5686 5428 1573
f 5688 5427 86
f 5426 5688 1571
f 5427 5426 1573
f 5689 5686 1573
f 2455 5689 1046
f 5686 2455 1574
f 5691 5690 823
f 5349 5691 1569
f 5690 5349 88
f 5692 5102 1765
f 5691 5692 1569
f 5102 5691 823
f 5694 5692 1765
f 5693 5694 410
f 5692 5693 1569
f 5695 5350 1569
f 5395 5695 1567
f 5350 5395 1568
f 5697 5392 1567
f 5696 5697 410
f 5392 5696 1566
f 5697 5693 410
f 5695 5697 1567
f 5693 5695 1569
f 5698 5106 1565
f 5694 5698 410
f 5106 5694 1765
f 5700 5699 1564
f 5698 5700 410
f 5699 5698 1565
f 5701 5700 1564
f 5696 5701 1566
f 5700 5696 410
f 5702 5398 1566
f 5400 5702 1534
f 5398 5400 337
f 5702 5347 1534
f 5701 5702 1566
f 5347 5701 1564
f 5703 5344 1562
f 5342 5703 1559
f 5344 5342 1539
f 5706 5705 1559
f 5704 5706 335
f 5705 5704 1557
f 5705 5339 1559
f 5333 5705 1557
f 5339 5333 1560
f 5708 5707 1561
f 5331 5708 226
f 5707 5331 838
f 5709 5154 836
f 5707 5709 1561
f 5154 5707 838
f 5708 5335 226
f 5328 5708 1561
f 5335 5328 1755
f 5712 5711 1556
f 5710 5712 62
f 5711 5710 1555
f 5714 5713 1366
f 5712 5714 62
f 5713 5712 1556
f 5717 5716 840
f 5715 5717 422
f 5716 5715 841
f 5719 5718 1753
f 5717 5719 422
f 5718 5717 840
f 5721 5720 1756
f 5715 5721 841
f 5720 5715 422
f 5723 5722 841
f 2960 5723 190
f 5722 2960 839
f 5725 5724 1757
f 5723 5725 190
f 5724 5723 841
f 5724 5324 1757
f 5721 5724 841
f 5324 5721 1756
f 5728 5727 1352
f 5726 5728 465
f 5727 5726 1753
f 5730 5729 1351
f 5728 5730 465
f 5729 5728 1352
f 5732 5731 1368
f 5730 5732 465
f 5731 5730 1351
f 8077 8382 8257
f 8078 8258 8383
f 8079 8260 8384
f 8080 8262 8385
f 8081 8386 8258
f 8082 8257 8387
f 8083 8266 8267
f 8084 8268 8264
f 8085 8263 8269
f 8086 8270 8271
f 8087 8272 8268
f 8088 8267 8273
f 8089 8269 8274
f 8090 8275 8276
f 8091 8277 8266
f 5746 5745 1357
f 1355 8279 8278
f 5745 5744 1356
f 5748 2996 1529
f 5747 5748 1356
f 2996 5747 1373
f 5750 5748 1529
f 5749 5750 450
f 5748 5749 1356
f 5753 5752 1357
f 5751 5753 450
f 5752 5751 1099
f 5755 5754 1100
f 5751 5755 1099
f 5754 5751 450
f 5757 5756 1528
f 5754 5757 1100
f 5756 5754 450
f 5760 5759 1527
f 5758 5760 292
f 5759 5758 1528
f 5762 5759 1528
f 5761 5762 89
f 5759 5761 1527
f 5763 5758 292
f 5757 5763 1100
f 5758 5757 1528
f 5765 5764 1097
f 5763 5765 1100
f 5764 5763 292
f 5767 5766 1098
f 5765 5767 1100
f 5766 5765 1097
f 5769 5768 1061
f 3451 5769 359
f 5768 3451 1062
f 5771 5770 1097
f 5769 5771 359
f 5770 5769 1061
f 5774 5773 1357
f 5772 5774 175
f 5773 5772 8388
f 5776 5775 1055
f 5772 5776 1353
f 5775 5772 175
f 5779 5778 1354
f 5777 5779 121
f 5778 5777 1353
f 5782 5781 1054
f 5780 5782 253
f 5781 5780 1055
f 5783 3437 1053
f 5782 5783 253
f 3437 5782 1054
f 5785 5784 1354
f 5780 5785 1055
f 5784 5780 253
f 5788 5787 1360
f 5786 5788 1354
f 5787 5786 1361
f 8092 5790 8281
f 5789 8093 8282
f 8094 8283 8284
f 5792 5787 1361
f 5791 5792 30
f 5787 5791 1360
f 8095 8285 8286
f 8096 8287 8283
f 8097 5789 8282
f 5795 5784 253
f 5786 5795 1361
f 5784 5786 1354
f 5785 5776 1055
f 5778 5785 1354
f 5776 5778 1353
f 5796 5752 1099
f 5774 5796 175
f 5752 5774 1357
f 5798 5797 1056
f 5781 5798 1054
f 5797 5781 1055
f 5800 5799 1098
f 5796 5800 175
f 5799 5796 1099
f 5802 5801 1056
f 5800 5802 175
f 5801 5800 1098
f 5802 5775 175
f 5797 5802 1056
f 5775 5797 1055
f 5804 5803 1061
f 5801 5804 1056
f 5803 5801 1098
f 5803 5770 1061
f 5766 5803 1098
f 5770 5766 1097
f 5799 5767 1098
f 5755 5799 1099
f 5767 5755 1100
f 5753 5749 450
f 5745 5753 1357
f 5749 5745 1356
f 5806 5747 1356
f 261 8289 8288
f 5747 5805 1373
f 8098 8290 8291
f 8099 8292 8293
f 8100 8294 8295
f 5811 5810 1370
f 8101 8296 8292
f 8102 8291 8297
f 5812 5811 1370
f 5805 5812 1373
f 261 8296 8289
f 1371 8298 8297
f 5813 5814 333
f 5810 5813 1370
f 8103 8280 8299
f 8104 8300 8278
f 5773 5746 1357
f 8105 8279 8301
f 8106 8302 8288
f 5744 5806 1356
f 8107 8301 8303
f 8108 8304 8294
f 8109 8293 8302
f 5818 8110 8305
f 8111 8306 8300
f 8112 5815 8299
f 8113 8307 8308
f 8114 8309 8306
f 8115 8305 8310
f 8116 8308 8311
f 8117 8312 8304
f 8118 8303 8309
f 8119 8311 8313
f 8120 8314 8315
f 8121 8316 8312
f 8122 8274 8317
f 8123 8318 8314
f 8124 8313 8275
f 8125 8310 8319
f 8126 8320 8277
f 8127 8276 8307
f 5827 8128 8321
f 8129 8322 8320
f 8130 5825 8319
f 5826 5788 1360
f 5779 5826 121
f 5788 5779 1354
f 8131 8273 8322
f 8132 8321 8281
f 8133 8284 8270
f 8134 8317 8323
f 8135 8324 8316
f 8136 8315 8318
f 8137 8295 8324
f 8138 8323 8262
f 8139 8265 8290
f 8140 5829 8325
f 8141 8326 8260
f 8142 8259 8327
f 8143 8261 8328
f 5814 5831 333
f 8144 8298 8256
f 5833 5832 1351
f 5831 5833 333
f 1369 8329 8328
f 5835 5834 1340
f 5833 5835 333
f 5834 5833 1351
f 5837 5834 1351
f 5836 5837 409
f 5834 5836 1340
f 5838 5729 1352
f 5837 5838 409
f 5729 5837 1351
f 5841 5840 1340
f 5839 5841 218
f 5840 5839 1339
f 5843 5842 1341
f 5841 5843 218
f 5842 5841 1340
f 5845 5844 840
f 5838 5845 409
f 5844 5838 1352
f 5844 5718 840
f 5727 5844 1352
f 5718 5727 1753
f 5832 5731 1351
f 1369 8326 8329
f 5731 5830 1368
f 8145 8271 8330
f 8146 8331 8325
f 8147 8327 8272
f 5848 5847 1367
f 8148 8332 8287
f 8149 8286 8333
f 5849 5848 1367
f 5846 8150 8331
f 8151 8330 8332
f 5850 5849 1367
f 5732 5850 465
f 5849 5732 1368
f 5852 5851 1367
f 5714 5852 62
f 5851 5714 1366
f 1365 8334 8333
f 5852 5853 62
f 5847 5852 1367
f 5855 5854 1366
f 5726 5855 1753
f 5854 5726 465
f 5854 5851 1366
f 5850 5854 465
f 5851 5850 1367
f 5857 5856 1754
f 5719 5857 422
f 5856 5719 1753
f 5859 5858 1754
f 5713 5859 1366
f 5858 5713 1556
f 5859 5855 1366
f 5856 5859 1754
f 5855 5856 1753
f 5861 5860 1755
f 5858 5861 1754
f 5860 5858 1556
f 5862 3404 1535
f 5711 5862 1556
f 3404 5711 1555
f 5863 5860 1556
f 5336 5863 137
f 5860 5336 1755
f 5864 5327 1760
f 5861 5864 1754
f 5327 5861 1755
f 5866 5865 1760
f 5720 5866 1756
f 5865 5720 422
f 5865 5864 1760
f 5857 5865 422
f 5864 5857 1754
f 5867 5322 483
f 5164 5867 835
f 5322 5164 1758
f 5868 5866 1760
f 5325 5868 483
f 5866 5325 1756
f 5870 5869 837
f 5868 5870 483
f 5869 5868 1760
f 5871 5326 1561
f 5869 5871 837
f 5326 5869 1760
f 5871 5160 837
f 5709 5871 1561
f 5160 5709 836
f 5870 5867 483
f 5162 5870 837
f 5867 5162 835
f 5872 5161 834
f 5321 5872 104
f 5161 5321 835
f 5874 5873 833
f 5872 5874 104
f 5873 5872 834
f 5874 5165 104
f 5143 5874 833
f 5165 5143 1759
f 5873 5146 833
f 5157 5873 834
f 5146 5157 832
f 5875 5142 786
f 5315 5875 426
f 5142 5315 1759
f 5876 5145 289
f 5144 5876 786
f 5145 5144 833
f 5877 5875 786
f 5312 5877 785
f 5875 5312 426
f 5879 5877 786
f 5878 5879 782
f 5877 5878 785
f 5881 5880 783
f 5879 5881 782
f 5880 5879 786
f 5882 5876 289
f 5880 5882 783
f 5876 5880 786
f 5878 5304 785
f 5256 5878 782
f 5304 5256 281
f 5883 5257 782
f 5273 5883 784
f 5257 5273 1798
f 5884 5881 783
f 5883 5884 784
f 5881 5883 782
f 5885 5884 783
f 5275 5885 389
f 5884 5275 784
f 5887 5886 771
f 5882 5887 783
f 5886 5882 289
f 5886 5139 771
f 5149 5886 289
f 5139 5149 831
f 5887 5885 783
f 5276 5887 771
f 5885 5276 389
f 5888 5138 476
f 5281 5888 772
f 5138 5281 771
f 5889 5135 1802
f 5888 5889 772
f 5135 5888 476
f 5892 5891 1763
f 5890 5892 215
f 5891 5890 1802
f 5895 5894 1764
f 5893 5895 762
f 5894 5893 766
f 5898 5897 765
f 5896 5898 215
f 5897 5896 766
f 5900 5899 1801
f 5898 5900 215
f 5899 5898 765
f 5902 5901 1803
f 5899 5902 1801
f 5901 5899 765
f 5904 5897 766
f 5903 5904 764
f 5897 5903 765
f 5906 5904 766
f 5905 5906 124
f 5904 5905 764
f 5906 5056 124
f 5893 5906 766
f 5056 5893 762
f 5908 5058 762
f 5907 5908 463
f 5058 5907 763
f 5911 5910 818
f 5909 5911 463
f 5910 5909 819
f 5912 5911 818
f 5907 5912 763
f 5911 5907 463
f 5913 5895 1764
f 5908 5913 463
f 5895 5908 762
f 5914 5896 215
f 5894 5914 1764
f 5896 5894 766
f 5914 5132 1764
f 5892 5914 215
f 5132 5892 1763
f 5915 5131 827
f 5913 5915 463
f 5131 5913 1764
f 5917 5916 824
f 5915 5917 463
f 5916 5915 827
f 5918 5917 824
f 5909 5918 819
f 5917 5909 463
f 5891 5127 1763
f 5134 5891 1802
f 5127 5134 1762
f 5919 5122 1761
f 5123 5919 828
f 5122 5123 240
f 5920 5137 830
f 5121 5920 1761
f 5137 5121 1762
f 5921 5151 69
f 5920 5921 1761
f 5151 5920 830
f 5923 5922 1558
f 5921 5923 1761
f 5922 5921 69
f 5924 5155 838
f 5922 5924 1558
f 5155 5922 69
f 5925 5330 1557
f 5924 5925 1558
f 5330 5924 838
f 5926 5703 1562
f 5706 5926 335
f 5703 5706 1559
f 5927 5704 335
f 5925 5927 1558
f 5704 5925 1557
f 5930 5929 828
f 5928 5930 335
f 5929 5928 829
f 5931 5923 1558
f 5919 5931 828
f 5923 5919 1761
f 5931 5930 828
f 5927 5931 1558
f 5930 5927 335
f 5929 5124 828
f 5112 5929 829
f 5124 5112 826
f 5928 5118 829
f 5926 5928 335
f 5118 5926 1562
f 5932 5343 100
f 5119 5932 1563
f 5343 5119 1562
f 5933 5348 1564
f 5932 5933 1563
f 5348 5932 100
f 5933 5115 1563
f 5699 5933 1564
f 5115 5699 1565
f 5916 5110 824
f 5130 5916 827
f 5110 5130 826
f 5116 5107 490
f 5105 5116 1565
f 5107 5105 825
f 5935 5934 819
f 5103 5935 825
f 5934 5103 127
f 5935 5108 825
f 5918 5935 819
f 5108 5918 824
f 5936 5095 822
f 5355 5936 88
f 5095 5355 1572
f 5938 5937 821
f 5936 5938 88
f 5937 5936 822
f 5938 5690 88
f 5099 5938 821
f 5690 5099 823
f 5939 5424 1571
f 5354 5939 1572
f 5424 5354 1570
f 5940 5939 1571
f 5096 5940 1768
f 5939 5096 1572
f 5941 5688 86
f 5940 5941 1768
f 5688 5940 1571
f 5944 5943 812
f 5942 5944 15
f 5943 5942 1768
f 5943 5685 812
f 5941 5943 1768
f 5685 5941 86
f 5946 5945 1767
f 5942 5946 1768
f 5945 5942 15
f 5947 5946 1767
f 5097 5947 822
f 5946 5097 1768
f 5950 5949 1769
f 5948 5950 436
f 5949 5948 1767
f 5952 5951 1772
f 5949 5952 1769
f 5951 5949 1767
f 5953 5945 15
f 5951 5953 1772
f 5945 5951 1767
f 5955 5094 1769
f 5954 5955 445
f 5094 5954 1770
f 5956 5952 1772
f 5955 5956 445
f 5952 5955 1769
f 5959 5958 1782
f 5957 5959 806
f 5958 5957 1770
f 5960 5959 1782
f 5078 5960 803
f 5959 5078 806
f 5961 5954 445
f 5958 5961 1782
f 5954 5958 1770
f 5962 5093 816
f 5950 5962 436
f 5093 5950 1769
f 5964 5963 815
f 5962 5964 436
f 5963 5962 816
f 5965 5948 436
f 5947 5965 822
f 5948 5947 1767
f 5966 5965 436
f 5937 5966 821
f 5965 5937 822
f 5966 5092 821
f 5964 5966 436
f 5092 5964 815
f 5967 5091 820
f 5100 5967 127
f 5091 5100 821
f 5968 5967 820
f 5934 5968 819
f 5967 5934 127
f 5968 5910 819
f 5088 5968 820
f 5910 5088 818
f 5969 5090 815
f 5089 5969 70
f 5090 5089 820
f 5970 5083 817
f 5963 5970 815
f 5083 5963 816
f 5971 5970 817
f 5969 5971 70
f 5970 5969 815
f 5957 5086 1770
f 5080 5957 806
f 5086 5080 404
f 5972 5216 208
f 5233 5972 759
f 5216 5233 755
f 5973 5074 753
f 5064 5973 742
f 5074 5064 760
f 5976 5975 759
f 5974 5976 757
f 5975 5974 758
f 5976 5072 757
f 5972 5976 759
f 5072 5972 208
f 5977 5075 301
f 5975 5977 759
f 5075 5975 758
f 5979 5978 761
f 5974 5979 758
f 5978 5974 757
f 5980 5979 761
f 5081 5980 404
f 5979 5081 758
f 5981 5980 761
f 5082 5981 817
f 5980 5082 404
f 5982 5068 1766
f 5981 5982 817
f 5068 5981 761
f 5983 5982 1766
f 5971 5983 70
f 5982 5971 817
f 5984 5983 1766
f 5087 5984 818
f 5983 5087 70
f 5984 5912 818
f 5069 5984 1766
f 5912 5069 763
f 5978 5066 761
f 5071 5978 757
f 5066 5071 760
f 5985 5047 1810
f 5054 5985 764
f 5047 5054 1812
f 5905 5052 764
f 5051 5905 124
f 5052 5051 1813
f 5986 5044 1803
f 5985 5986 764
f 5044 5985 1810
f 5986 5903 764
f 5901 5986 1803
f 5903 5901 765
f 5988 5987 749
f 5040 5988 302
f 5987 5040 746
f 5991 5990 745
f 5989 5991 25
f 5990 5989 748
f 5993 5992 1819
f 5991 5993 25
f 5992 5991 745
f 5995 5994 749
f 5990 5995 745
f 5994 5990 748
f 5996 5987 746
f 5995 5996 745
f 5987 5995 749
f 5998 5997 1804
f 5043 5998 1803
f 5997 5043 302
f 5998 5902 1803
f 5036 5998 1804
f 5902 5036 1801
f 5999 5034 772
f 5035 5999 1801
f 5034 5035 356
f 6000 5900 1801
f 5890 6000 1802
f 5900 5890 215
f 6000 5889 1802
f 5999 6000 1801
f 5889 5999 772
f 6001 5037 1804
f 5030 6001 1800
f 5037 5030 356
f 6002 5988 749
f 5997 6002 1804
f 5988 5997 302
f 6002 6001 1804
f 5028 6002 749
f 6001 5028 1800
f 5279 5026 774
f 5031 5279 770
f 5026 5031 1800
f 5283 5020 750
f 5250 5283 201
f 5020 5250 751
f 5994 5029 749
f 5022 5994 748
f 5029 5022 55
f 6003 5989 25
f 5019 6003 750
f 5989 5019 748
f 6004 6003 25
f 5016 6004 1816
f 6003 5016 750
f 5212 5011 114
f 5017 5212 1815
f 5011 5017 1816
f 6006 6005 1818
f 6004 6006 1816
f 6005 6004 25
f 6005 4983 1818
f 5993 6005 25
f 4983 5993 1819
f 6007 6006 1818
f 5012 6007 743
f 6006 5012 1816
f 6008 4987 1820
f 6007 6008 743
f 4987 6007 1818
f 6010 6008 1820
f 6009 6010 478
f 6008 6009 743
f 5211 5010 1814
f 5015 5211 114
f 5010 5015 744
f 6011 5004 305
f 5973 6011 742
f 5004 5973 753
f 6014 6013 738
f 6012 6014 305
f 6013 6012 739
f 6014 6011 305
f 5003 6014 738
f 6011 5003 742
f 6016 5014 743
f 6015 6016 739
f 5014 6015 744
f 6015 5008 744
f 6012 6015 739
f 5008 6012 305
f 6017 6009 478
f 6016 6017 739
f 6009 6016 743
f 6019 6018 1817
f 6017 6019 739
f 6018 6017 478
f 6020 6019 1817
f 6013 6020 738
f 6019 6013 739
f 6021 6020 1817
f 4999 6021 740
f 6020 4999 738
f 6023 5050 740
f 6022 6023 95
f 5050 6022 1813
f 6024 6021 1817
f 6023 6024 95
f 6021 6023 740
f 6026 6025 1939
f 6022 6026 1813
f 6025 6022 95
f 6027 6024 1817
f 4996 6027 1940
f 6024 4996 95
f 6025 4994 1939
f 4998 6025 95
f 4994 4998 582
f 6030 6029 1940
f 6028 6030 478
f 6029 6028 1821
f 6030 6018 478
f 6027 6030 1940
f 6018 6027 1817
f 6028 4992 1821
f 6010 6028 478
f 4992 6010 1820
f 6033 6032 736
f 6031 6033 731
f 6032 6031 734
f 6031 4985 734
f 4990 6031 731
f 4985 4990 140
f 6034 5992 745
f 4980 6034 747
f 5992 4980 1819
f 6035 5996 746
f 6034 6035 747
f 5996 6034 745
f 6037 6036 1806
f 6035 6037 747
f 6036 6035 746
f 6038 5039 1805
f 6036 6038 1806
f 5039 6036 746
f 6040 6039 1811
f 6038 6040 1806
f 6039 6038 1805
f 6041 5045 397
f 6039 6041 1811
f 5045 6039 1805
f 6043 6042 1937
f 6041 6043 1811
f 6042 6041 397
f 6045 6044 1938
f 6042 6045 1937
f 6044 6042 397
f 6046 5048 1812
f 6044 6046 1938
f 5048 6044 397
f 6047 6026 1939
f 5053 6047 1812
f 6026 5053 1813
f 6048 6047 1939
f 6046 6048 1938
f 6047 6046 1812
f 6049 4993 473
f 6048 6049 1938
f 4993 6048 1939
f 6051 6050 1935
f 6049 6051 1938
f 6050 6049 473
f 6054 6053 1936
f 6052 6054 473
f 6053 6052 581
f 6055 4951 1924
f 6053 6055 1936
f 4951 6053 581
f 6058 6057 1931
f 6056 6058 213
f 6057 6056 1934
f 6061 6060 769
f 6059 6061 213
f 6060 6059 767
f 6062 6060 767
f 4976 6062 768
f 6060 4976 769
f 6065 6064 1932
f 6063 6065 217
f 6064 6063 1933
f 6068 6067 1921
f 6066 6068 217
f 6067 6066 1922
f 6071 6070 587
f 6069 6071 170
f 6070 6069 588
f 6073 6072 1922
f 6071 6073 170
f 6072 6071 587
f 6075 6074 589
f 6070 6075 587
f 6074 6070 588
f 6078 6077 1933
f 6076 6078 1921
f 6077 6076 1928
f 6081 6080 1929
f 6079 6081 384
f 6080 6079 1930
f 6083 6082 584
f 6081 6083 384
f 6082 6081 1929
f 6085 6084 1615
f 6082 6085 584
f 6084 6082 1929
f 6088 6087 586
f 6086 6088 584
f 6087 6086 585
f 6091 6090 585
f 6089 6091 570
f 6090 6089 718
f 6094 6093 569
f 6092 6094 498
f 6093 6092 570
f 6097 6096 718
f 6095 6097 498
f 6096 6095 1823
f 6100 6099 1824
f 6098 6100 498
f 6099 6098 1825
f 6101 6100 1824
f 6095 6101 1823
f 6100 6095 498
f 6104 6103 723
f 6102 6104 252
f 6103 6102 722
f 6106 6105 1824
f 6104 6106 252
f 6105 6104 723
f 6108 6107 1826
f 6106 6108 252
f 6107 6106 1824
f 6110 6109 573
f 6102 6110 722
f 6109 6102 252
f 6112 6111 574
f 6108 6112 252
f 6111 6108 1826
f 6113 6112 574
f 6109 6113 573
f 6112 6109 252
f 6115 6113 574
f 6114 6115 572
f 6113 6114 573
f 6117 6115 574
f 6116 6117 2
f 6115 6116 572
f 6119 6118 1943
f 6117 6119 2
f 6118 6117 574
f 6122 6121 1943
f 6120 6122 338
f 6121 6120 555
f 6124 6123 1826
f 6122 6124 338
f 6123 6122 1943
f 6123 6111 1826
f 6118 6123 1943
f 6111 6118 574
f 6126 6110 573
f 6125 6126 429
f 6110 6125 722
f 6128 6127 721
f 6125 6128 722
f 6127 6125 429
f 6130 6129 576
f 6127 6130 721
f 6129 6127 429
f 6133 6132 577
f 6131 6133 43
f 6132 6131 429
f 6136 6135 576
f 6134 6136 43
f 6135 6134 575
f 6136 6131 43
f 6129 6136 576
f 6131 6129 429
f 6138 6135 575
f 6137 6138 115
f 6135 6137 576
f 6140 6139 730
f 6137 6140 576
f 6139 6137 115
f 6142 6141 728
f 6139 6142 730
f 6141 6139 115
f 6144 6143 729
f 6142 6144 730
f 6143 6142 728
f 6146 6145 1809
f 4974 6146 1808
f 6145 4974 768
f 6148 6147 1809
f 6096 6148 718
f 6147 6096 1823
f 6151 6150 1809
f 6149 6151 407
f 6150 6149 725
f 6152 6147 1823
f 6151 6152 407
f 6147 6151 1809
f 6154 6153 719
f 6149 6154 725
f 6153 6149 407
f 6157 6156 719
f 6155 6157 173
f 6156 6155 724
f 6159 6158 720
f 6157 6159 173
f 6158 6157 719
f 6161 6160 721
f 6159 6161 173
f 6160 6159 720
f 6163 6162 730
f 6161 6163 173
f 6162 6161 721
f 6162 6140 730
f 6130 6162 721
f 6140 6130 576
f 6164 6160 720
f 6128 6164 722
f 6160 6128 721
f 6165 6164 720
f 6103 6165 723
f 6164 6103 722
f 6167 6165 720
f 6166 6167 407
f 6165 6166 723
f 6167 6153 407
f 6158 6167 720
f 6153 6158 719
f 6169 6168 729
f 6155 6169 724
f 6168 6155 173
f 6168 6144 729
f 6163 6168 173
f 6144 6163 730
f 6171 6143 728
f 6170 6171 491
f 6143 6170 729
f 6172 6126 573
f 6132 6172 577
f 6126 6132 429
f 6173 6105 723
f 6101 6173 1823
f 6105 6101 1824
f 6173 6152 1823
f 6166 6173 723
f 6152 6166 407
f 6174 6107 1824
f 6124 6174 338
f 6107 6124 1826
f 6175 6099 1825
f 6174 6175 338
f 6099 6174 1824
f 6177 6176 556
f 6175 6177 338
f 6176 6175 1825
f 6180 6179 570
f 6178 6180 494
f 6179 6178 571
f 6182 6181 1614
f 6178 6182 571
f 6181 6178 494
f 6184 6183 1615
f 6181 6184 1614
f 6183 6181 494
f 6187 6186 1599
f 6185 6187 168
f 6186 6185 1600
f 6190 6189 1927
f 6188 6190 168
f 6189 6188 1928
f 6191 6190 1927
f 6185 6191 1600
f 6190 6185 168
f 6194 6193 1926
f 6192 6194 431
f 6193 6192 1927
f 6196 6195 1002
f 6194 6196 431
f 6195 6194 1926
f 6198 6197 1001
f 6196 6198 431
f 6197 6196 1002
f 6200 6199 1925
f 6195 6200 1002
f 6199 6195 1926
f 6202 6199 1926
f 6201 6202 142
f 6199 6201 1925
f 6204 6200 1925
f 6203 6204 63
f 6200 6203 1002
f 6207 6206 1000
f 6205 6207 196
f 6206 6205 1001
f 6209 6208 1004
f 6207 6209 196
f 6208 6207 1000
f 6211 6210 964
f 6209 6211 196
f 6210 6209 1004
f 6213 6212 967
f 6205 6213 1001
f 6212 6205 196
f 6215 6214 963
f 6212 6215 967
f 6214 6212 196
f 6217 6216 966
f 6215 6217 967
f 6216 6215 963
f 6220 6219 956
f 6218 6220 163
f 6219 6218 968
f 6222 6221 955
f 6220 6222 163
f 6221 6220 956
f 6224 6223 954
f 6222 6224 163
f 6223 6222 955
f 6226 6225 970
f 6224 6226 163
f 6225 6224 954
f 6229 6228 1616
f 6227 6229 102
f 6228 6227 976
f 6231 6230 972
f 6229 6231 102
f 6230 6229 1616
f 6233 6232 974
f 6231 6233 102
f 6232 6231 972
f 6236 6235 999
f 6234 6236 973
f 6235 6234 1602
f 6239 6238 1619
f 6237 6239 18
f 6238 6237 1603
f 6241 6240 1618
f 6238 6241 1619
f 6240 6238 1603
f 6244 6243 1082
f 6242 6244 4
f 6243 6242 1648
f 6246 6245 1617
f 6230 6246 972
f 6245 6230 1616
f 6248 6247 1648
f 6245 6248 1617
f 6247 6245 1616
f 6249 6242 4
f 6248 6249 1617
f 6242 6248 1648
f 6252 6251 1081
f 6250 6252 310
f 6251 6250 1617
f 6253 3687 1618
f 6252 6253 310
f 3687 6252 1081
f 6254 6250 310
f 6246 6254 972
f 6250 6246 1617
f 6256 6255 973
f 6254 6256 972
f 6255 6254 310
f 6257 6240 1603
f 6253 6257 310
f 6240 6253 1618
f 6259 6258 1602
f 6257 6259 310
f 6258 6257 1603
f 6261 6260 1601
f 6237 6261 1603
f 6260 6237 18
f 6262 6261 1601
f 6258 6262 1602
f 6261 6258 1603
f 6264 6263 1606
f 6260 6264 1601
f 6263 6260 18
f 6266 6265 1604
f 6263 6266 1606
f 6265 6263 18
f 6269 6268 1604
f 6267 6269 278
f 6268 6267 1605
f 6271 6270 1608
f 6269 6271 278
f 6270 6269 1604
f 6274 6273 1614
f 6272 6274 278
f 6273 6272 1612
f 6277 6276 1612
f 6275 6277 7
f 6276 6275 1827
f 6278 6272 278
f 6277 6278 7
f 6272 6277 1612
f 6280 3720 1613
f 6279 6280 7
f 3720 6279 1608
f 6279 6271 1608
f 6278 6279 7
f 6271 6278 278
f 6281 6274 1614
f 6267 6281 1605
f 6274 6267 278
f 6284 6283 1605
f 6282 6284 207
f 6283 6282 1606
f 6283 6268 1605
f 6266 6283 1606
f 6268 6266 1604
f 6287 6286 1598
f 6285 6287 166
f 6286 6285 1601
f 6290 6289 999
f 6288 6290 166
f 6289 6288 997
f 6292 6291 1600
f 6287 6292 166
f 6291 6287 1598
f 6293 6292 1600
f 6288 6293 997
f 6292 6288 166
f 6295 6294 998
f 6289 6295 999
f 6294 6289 997
f 6297 6296 998
f 6198 6297 431
f 6296 6198 1001
f 6298 6213 967
f 6296 6298 998
f 6213 6296 1001
f 6300 6298 967
f 6299 6300 316
f 6298 6299 998
f 6301 6299 316
f 6295 6301 999
f 6299 6295 998
f 6304 6303 1598
f 6302 6304 207
f 6303 6302 1599
f 6305 6264 1606
f 6286 6305 1598
f 6264 6286 1601
f 6306 6285 166
f 6262 6306 1602
f 6285 6262 1601
f 6306 6235 1602
f 6290 6306 166
f 6235 6290 999
f 6307 6301 316
f 6236 6307 973
f 6301 6236 999
f 6259 6255 310
f 6234 6259 1602
f 6255 6234 973
f 6309 6308 974
f 6307 6309 973
f 6308 6307 316
f 6309 6256 973
f 6232 6309 974
f 6256 6232 972
f 6312 8494 8681
f 8495 8682 8683
f 6311 6310 971
f 8496 6313 8684
f 6310 6314 971
f 8497 8683 8685
f 8498 8686 8687
f 8499 8688 8689
f 8500 8690 8691
f 8501 8681 8692
f 8502 8693 8690
f 8503 8689 8682
f 6319 8504 8694
f 8505 8695 8693
f 8506 6318 8692
f 8507 8696 8697
f 8508 8698 8699
f 8509 8700 8701
f 6324 6323 971
f 6227 6324 976
f 6323 6227 102
f 6326 6325 970
f 6323 6326 971
f 6325 6323 102
f 6326 6311 971
f 6225 6326 970
f 6311 6225 954
f 6328 6327 957
f 6221 6328 955
f 6327 6221 956
f 6330 6327 956
f 6329 6330 206
f 6327 6329 957
f 6331 6226 970
f 6218 6331 968
f 6226 6218 163
f 6333 6332 969
f 6331 6333 968
f 6332 6331 970
f 6335 6334 969
f 6233 6335 102
f 6334 6233 974
f 6335 6325 102
f 6332 6335 969
f 6325 6332 970
f 6338 6337 969
f 6336 6338 316
f 6337 6336 966
f 6338 6308 316
f 6334 6338 969
f 6308 6334 974
f 6336 6217 966
f 6300 6336 316
f 6217 6300 967
f 6340 6333 969
f 6339 6340 32
f 6333 6339 968
f 6341 6337 966
f 6340 6341 32
f 6337 6340 969
f 6342 6216 963
f 6341 6342 32
f 6216 6341 966
f 6344 6343 1003
f 6208 6344 1004
f 6343 6208 1000
f 6345 6197 1002
f 6206 6345 1000
f 6197 6206 1001
f 6346 6203 63
f 6345 6346 1000
f 6203 6345 1002
f 6348 6347 1928
f 6202 6348 142
f 6347 6202 1926
f 6347 6189 1928
f 6193 6347 1926
f 6189 6193 1927
f 6349 6294 997
f 6297 6349 431
f 6294 6297 998
f 6350 6349 997
f 6192 6350 1927
f 6349 6192 431
f 6350 6191 1927
f 6293 6350 997
f 6191 6293 1600
f 6303 6291 1598
f 6186 6303 1599
f 6291 6186 1600
f 6352 6351 1929
f 6302 6352 1599
f 6351 6302 207
f 6305 6304 1598
f 6282 6305 1606
f 6304 6282 207
f 6354 6353 1615
f 6284 6354 207
f 6353 6284 1605
f 6354 6351 207
f 6084 6354 1615
f 6351 6084 1929
f 6353 6184 1615
f 6281 6353 1605
f 6184 6281 1614
f 6355 6273 1612
f 6182 6355 571
f 6273 6182 1614
f 6356 6179 571
f 6093 6356 569
f 6179 6093 570
f 6097 6092 498
f 6089 6097 718
f 6092 6089 570
f 6358 6145 768
f 6357 6358 405
f 6145 6357 1809
f 6359 6357 405
f 6148 6359 718
f 6357 6148 1809
f 6360 6359 405
f 6090 6360 585
f 6359 6090 718
f 6361 6091 585
f 6180 6361 494
f 6091 6180 570
f 6362 6360 405
f 6087 6362 586
f 6360 6087 585
f 6363 6183 494
f 6085 6363 584
f 6183 6085 1615
f 6363 6086 584
f 6361 6363 494
f 6086 6361 585
f 6365 6364 1930
f 6187 6365 168
f 6364 6187 1599
f 6364 6080 1930
f 6352 6364 1599
f 6080 6352 1929
f 6367 6366 1933
f 6365 6367 168
f 6366 6365 1930
f 6367 6188 168
f 6077 6367 1933
f 6188 6077 1928
f 6368 6076 1921
f 6348 6368 142
f 6076 6348 1928
f 6370 6369 587
f 6368 6370 142
f 6369 6368 1921
f 6371 6075 589
f 6370 6371 142
f 6075 6370 587
f 6372 6371 589
f 6201 6372 1925
f 6371 6201 142
f 6369 6072 587
f 6067 6369 1921
f 6072 6067 1922
f 6078 6068 1921
f 6063 6078 1933
f 6068 6063 217
f 6373 6366 1930
f 6064 6373 1932
f 6366 6064 1933
f 6376 6375 1932
f 6374 6376 384
f 6375 6374 1931
f 6376 6079 384
f 6373 6376 1932
f 6079 6373 1930
f 6377 6088 586
f 6083 6377 384
f 6088 6083 584
f 6378 6377 586
f 6374 6378 1931
f 6377 6374 384
f 6380 6379 767
f 6378 6380 1931
f 6379 6378 586
f 6381 6362 405
f 6379 6381 767
f 6362 6379 586
f 6381 6062 767
f 6358 6381 405
f 6062 6358 768
f 6380 6058 1931
f 6059 6380 767
f 6058 6059 213
f 6382 6057 1934
f 6375 6382 1932
f 6057 6375 1931
f 6383 6382 1934
f 6065 6383 217
f 6382 6065 1932
f 6385 6384 1936
f 6383 6385 217
f 6384 6383 1934
f 6386 6055 1924
f 6385 6386 217
f 6055 6385 1936
f 6388 6387 1935
f 6056 6388 1934
f 6387 6056 213
f 6389 6054 1936
f 6050 6389 1935
f 6054 6050 473
f 6389 6388 1935
f 6384 6389 1936
f 6388 6384 1934
f 6390 4978 1937
f 6061 6390 213
f 4978 6061 769
f 6391 6390 1937
f 6387 6391 1935
f 6390 6387 213
f 6391 6051 1935
f 6045 6391 1937
f 6051 6045 1938
f 6392 4977 500
f 6043 6392 1811
f 4977 6043 1937
f 6393 4972 1807
f 6392 6393 1811
f 4972 6392 500
f 6394 6393 1807
f 6040 6394 1806
f 6393 6040 1811
f 6396 4981 747
f 6395 6396 188
f 4981 6395 734
f 6397 6037 1806
f 6396 6397 188
f 6037 6396 747
f 6398 6394 1807
f 6397 6398 188
f 6394 6397 1806
f 6399 6395 188
f 6032 6399 736
f 6395 6032 734
f 6401 6400 735
f 6398 6401 188
f 6400 6398 1807
f 6403 4971 1808
f 6402 6403 725
f 4971 6402 1807
f 6404 6402 725
f 6400 6404 735
f 6402 6400 1807
f 6403 6150 725
f 6146 6403 1808
f 6150 6146 1809
f 6405 6154 719
f 6404 6405 735
f 6154 6404 725
f 6405 4968 735
f 6156 6405 719
f 4968 6156 724
f 6406 6399 188
f 4966 6406 179
f 6399 4966 736
f 6406 4967 179
f 6401 6406 188
f 4967 6401 735
f 6407 4965 1822
f 6033 6407 731
f 4965 6033 736
f 6408 4969 724
f 4964 6408 1822
f 4969 4964 179
f 6409 6169 729
f 6408 6409 1822
f 6169 6408 724
f 6410 6170 491
f 6409 6410 1822
f 6170 6409 729
f 6413 6412 732
f 6411 6413 491
f 6412 6411 727
f 6414 6413 732
f 6410 6414 1822
f 6413 6410 491
f 6415 6414 732
f 6407 6415 731
f 6414 6407 1822
f 6415 4991 731
f 4960 6415 732
f 4991 4960 733
f 6418 6417 1940
f 6416 6418 381
f 6417 6416 583
f 6418 4957 381
f 6029 6418 1940
f 4957 6029 1821
f 6419 6417 583
f 4997 6419 582
f 6417 4997 1940
f 6421 6419 583
f 6420 6421 581
f 6419 6420 582
f 6420 4995 582
f 6052 6420 581
f 4995 6052 473
f 6416 4956 583
f 4963 6416 381
f 4956 4963 737
f 6421 4953 581
f 4955 6421 583
f 4953 4955 578
f 6422 6386 1924
f 6066 6422 1922
f 6386 6066 217
f 6423 4949 1923
f 6422 6423 1922
f 4949 6422 1924
f 6424 6423 1923
f 6073 6424 170
f 6423 6073 1922
f 6425 4946 1941
f 6424 6425 170
f 4946 6424 1923
f 6426 4948 59
f 4947 6426 580
f 4948 4947 1923
f 6426 4944 580
f 4954 6426 59
f 4944 4954 578
f 6412 4962 732
f 4940 6412 727
f 4962 4940 737
f 6411 4936 727
f 6171 6411 491
f 4936 6171 728
f 6427 6141 115
f 4934 6427 521
f 6141 4934 728
f 6429 6428 522
f 6427 6429 521
f 6428 6427 115
f 6430 6134 43
f 4931 6430 1991
f 6134 4931 575
f 6428 4930 522
f 6138 6428 115
f 4930 6138 575
f 6432 6114 572
f 6431 6432 43
f 6114 6431 573
f 6433 6432 572
f 6430 6433 1991
f 6432 6430 43
f 6431 6172 573
f 6133 6431 43
f 6172 6133 577
f 6435 6434 1992
f 6433 6435 1991
f 6434 6433 572
f 6436 6116 2
f 6434 6436 1992
f 6116 6434 572
f 6438 6429 522
f 6437 6438 53
f 6429 6437 521
f 6439 4926 520
f 6438 6439 53
f 4926 6438 522
f 6441 6440 524
f 6439 6441 53
f 6440 6439 520
f 6444 6443 515
f 6442 6444 372
f 6443 6442 523
f 6446 6445 514
f 6444 6446 372
f 6445 6444 515
f 6447 6446 514
f 5561 6447 513
f 6446 5561 372
f 6450 6449 516
f 6448 6450 61
f 6449 6448 514
f 6452 6451 524
f 6442 6452 523
f 6451 6442 372
f 6451 4920 524
f 5563 6451 372
f 4920 5563 1990
f 6453 5559 1916
f 4921 6453 1918
f 5559 4921 1990
f 6454 5581 1917
f 5558 6454 1916
f 5581 5558 594
f 6455 6454 1917
f 6453 6455 1918
f 6454 6453 1916
f 6456 4910 138
f 6455 6456 1918
f 4910 6455 1917
f 6452 4924 523
f 6440 6452 524
f 4924 6440 520
f 6457 4922 1918
f 6441 6457 53
f 4922 6441 524
f 6459 6458 1942
f 6457 6459 53
f 6458 6457 1918
f 6460 6459 1942
f 6437 6460 521
f 6459 6437 53
f 6460 4932 521
f 4918 6460 1942
f 4932 4918 726
f 6461 4917 579
f 4938 6461 198
f 4917 4938 726
f 6461 4943 198
f 4916 6461 579
f 4943 4916 580
f 6462 4919 1942
f 4914 6462 138
f 4919 4914 579
f 6462 6456 138
f 6458 6462 1942
f 6456 6458 1918
f 6463 5580 255
f 4911 6463 1920
f 5580 4911 1917
f 6464 6463 255
f 4909 6464 590
f 6463 4909 1920
f 4945 4908 1941
f 4915 4945 580
f 4908 4915 1920
f 6465 4907 590
f 6425 6465 170
f 4907 6425 1941
f 6466 6465 590
f 6069 6466 588
f 6465 6069 170
f 6468 6467 591
f 6466 6468 588
f 6467 6466 590
f 6469 6467 590
f 4905 6469 592
f 6467 4905 591
f 6469 5579 592
f 6464 6469 590
f 5579 6464 255
f 6471 6470 589
f 4901 6471 591
f 6470 4901 401
f 6471 6468 591
f 6074 6471 589
f 6468 6074 588
f 6473 6472 1925
f 4900 6473 401
f 6472 4900 1007
f 6473 6470 401
f 6372 6473 1925
f 6470 6372 589
f 6474 6472 1007
f 6204 6474 63
f 6472 6204 1925
f 6475 6346 63
f 6343 6475 1003
f 6346 6343 1000
f 6476 6474 1007
f 6475 6476 1003
f 6474 6475 63
f 6477 4896 1005
f 6476 6477 1003
f 4896 6476 1007
f 6479 4898 1008
f 6478 6479 187
f 4898 6478 1005
f 6480 6477 1005
f 4894 6480 1006
f 6477 4894 1003
f 6481 4893 189
f 6344 6481 1004
f 4893 6344 1003
f 6482 6210 1004
f 4891 6482 1649
f 6210 4891 964
f 6483 6481 189
f 6482 6483 1649
f 6481 6482 1004
f 6484 6211 964
f 6214 6484 963
f 6211 6214 196
f 6485 4889 965
f 6484 6485 963
f 4889 6484 964
f 6486 6485 965
f 6342 6486 32
f 6485 6342 963
f 6488 6487 1653
f 6486 6488 32
f 6487 6486 965
f 6490 6489 1653
f 6219 6490 956
f 6489 6219 968
f 6489 6488 1653
f 6339 6489 968
f 6488 6339 32
f 6491 6490 1653
f 6330 6491 206
f 6490 6330 956
f 6493 6492 1650
f 6491 6493 206
f 6492 6491 1653
f 6494 4884 1651
f 6493 6494 206
f 4884 6493 1650
f 6495 6487 965
f 6492 6495 1650
f 6487 6492 1653
f 6497 4880 960
f 6496 6497 439
f 4880 6496 961
f 6498 4885 1650
f 6497 6498 439
f 4885 6497 960
f 6498 4888 439
f 6495 6498 1650
f 4888 6495 965
f 6500 4878 1699
f 6499 6500 216
f 4878 6499 962
f 6502 6501 1197
f 6500 6502 216
f 6501 6500 1699
f 6504 6503 1698
f 6501 6504 1197
f 6503 6501 1699
f 6499 4882 962
f 4887 6499 216
f 4882 4887 960
f 6506 6503 1699
f 6505 6506 97
f 6503 6505 1698
f 6506 4876 97
f 4877 6506 1699
f 4876 4877 917
f 6507 4879 962
f 4859 6507 328
f 4879 4859 917
f 6508 4881 961
f 6507 6508 328
f 4881 6507 962
f 6511 6510 1595
f 6509 6511 961
f 6510 6509 1649
f 6509 4892 1649
f 6496 6509 961
f 4892 6496 439
f 6512 6511 1595
f 6508 6512 328
f 6511 6508 961
f 6513 6483 189
f 6510 6513 1595
f 6483 6510 1649
f 6515 6514 1593
f 4895 6515 189
f 6514 4895 1006
f 6515 6513 189
f 4856 6515 1593
f 6513 4856 1595
f 6517 6516 913
f 4857 6517 912
f 6516 4857 328
f 6516 4855 913
f 6512 6516 328
f 4855 6512 1595
f 6518 6517 913
f 4864 6518 911
f 6517 4864 912
f 6519 6514 1006
f 4854 6519 1594
f 6514 4854 1593
f 6520 6480 1005
f 6519 6520 1594
f 6480 6519 1006
f 6523 6522 1594
f 6521 6523 187
f 6522 6521 1700
f 6523 6478 187
f 6520 6523 1594
f 6478 6520 1005
f 6524 5543 1596
f 6479 6524 187
f 5543 6479 1008
f 6525 5540 1597
f 6524 6525 187
f 5540 6524 1596
f 6526 6525 1597
f 6521 6526 1700
f 6525 6521 187
f 6527 5590 1702
f 5535 6527 1597
f 5590 5535 428
f 6527 6526 1597
f 5584 6527 1702
f 6526 5584 1700
f 6528 5587 290
f 4848 6528 1899
f 5587 4848 1701
f 6522 4846 1594
f 5586 6522 1700
f 4846 5586 1701
f 6518 4850 911
f 4851 6518 913
f 4850 4851 27
f 6529 4844 1900
f 4865 6529 57
f 4844 4865 911
f 6531 6530 618
f 6529 6531 57
f 6530 6529 1900
f 6533 6530 1900
f 6532 6533 616
f 6530 6532 618
f 6528 4839 1899
f 5524 6528 290
f 4839 5524 1705
f 6533 4837 616
f 4841 6533 1900
f 4837 4841 266
f 6535 4836 1902
f 6534 6535 132
f 4836 6534 616
f 6538 6537 132
f 6536 6538 75
f 6537 6536 1901
f 6540 6539 1904
f 6536 6540 1901
f 6539 6536 75
f 6542 6541 1710
f 6539 6542 1904
f 6541 6539 75
f 6544 6543 1903
f 6540 6544 1901
f 6543 6540 1904
f 6546 6543 1904
f 6545 6546 223
f 6543 6545 1903
f 6548 6547 606
f 6545 6548 1903
f 6547 6545 223
f 6550 6549 604
f 6547 6550 606
f 6549 6547 223
f 6552 6551 601
f 6549 6552 604
f 6551 6549 223
f 6555 6554 602
f 6553 6555 601
f 6554 6553 910
f 6558 6557 603
f 6556 6558 204
f 6557 6556 602
f 6559 6556 204
f 6555 6559 601
f 6556 6555 602
f 6561 6552 601
f 6560 6561 600
f 6552 6560 604
f 6564 6563 604
f 6562 6564 284
f 6563 6562 605
f 6566 6565 608
f 6562 6566 605
f 6565 6562 284
f 6569 6568 1913
f 6567 6569 284
f 6568 6567 599
f 6570 6569 1913
f 6565 6570 608
f 6569 6565 284
f 6573 6572 1909
f 6571 6573 1907
f 6572 6571 1913
f 6575 6574 1910
f 6573 6575 1907
f 6574 6573 1909
f 6578 6577 613
f 6576 6578 609
f 6577 6576 611
f 6580 2153 613
f 6579 6580 296
f 2153 6579 612
f 6582 6581 625
f 6579 6582 612
f 6581 6579 296
f 6584 6583 1896
f 6581 6584 625
f 6583 6581 296
f 6586 6585 610
f 6583 6586 1896
f 6585 6583 296
f 6589 6588 1898
f 6587 6589 444
f 6588 6587 1897
f 6591 6590 1986
f 6589 6591 444
f 6590 6589 1898
f 6593 6592 630
f 6591 6593 444
f 6592 6591 1986
f 6596 6595 630
f 6594 6596 149
f 6595 6594 628
f 6599 6598 537
f 6597 6599 149
f 6598 6597 535
f 6600 6599 537
f 6594 6600 628
f 6599 6594 149
f 6602 6601 534
f 6597 6602 535
f 6601 6597 149
f 6604 6603 532
f 6601 6604 534
f 6603 6601 149
f 6607 6606 1986
f 6605 6607 468
f 6606 6605 532
f 6609 6608 538
f 6602 6609 535
f 6608 6602 534
f 6610 2039 536
f 6598 6610 537
f 2039 6598 535
f 6612 6600 537
f 6611 6612 270
f 6600 6611 628
f 6615 6614 628
f 6613 6615 205
f 6614 6613 629
f 6618 6617 1895
f 6616 6618 629
f 6617 6616 1883
f 6621 6620 631
f 6619 6621 71
f 6620 6619 1883
f 6622 6619 71
f 6617 6622 1895
f 6619 6617 1883
f 6624 6618 1895
f 6623 6624 444
f 6618 6623 629
f 6626 6625 1894
f 6611 6626 628
f 6625 6611 270
f 6627 6626 1894
f 6615 6627 205
f 6626 6615 628
f 6628 6614 629
f 6595 6628 630
f 6614 6595 628
f 6629 6596 630
f 6603 6629 532
f 6596 6603 149
f 6629 6606 532
f 6592 6629 630
f 6606 6592 1986
f 6628 6593 630
f 6623 6628 629
f 6593 6623 444
f 6630 6624 1895
f 6587 6630 1897
f 6624 6587 444
f 6633 6632 626
f 6631 6633 288
f 6632 6631 1898
f 6635 6634 627
f 6633 6635 288
f 6634 6633 626
f 6637 6636 1911
f 6635 6637 288
f 6636 6635 627
f 6639 6638 531
f 6637 6639 288
f 6638 6637 1911
f 6640 4745 530
f 4748 6640 525
f 4745 4748 220
f 6643 6642 1910
f 6641 6643 306
f 6642 6641 1911
f 6646 6645 1908
f 6644 6646 471
f 6645 6644 1906
f 6648 6647 627
f 6646 6648 471
f 6647 6646 1908
f 6651 6650 1908
f 6649 6651 227
f 6650 6649 1910
f 6652 6645 1906
f 6651 6652 227
f 6645 6651 1908
f 6653 6642 1911
f 6650 6653 1908
f 6642 6650 1910
f 6653 6647 1908
f 6636 6653 1911
f 6647 6636 627
f 6655 6634 626
f 6654 6655 610
f 6634 6654 627
f 6657 6656 531
f 6640 6657 525
f 6656 6640 530
f 6658 4738 529
f 6656 6658 531
f 4738 6656 530
f 6660 6657 531
f 6659 6660 306
f 6657 6659 525
f 6660 6641 306
f 6638 6660 531
f 6641 6638 1911
f 6661 6658 529
f 6639 6661 288
f 6658 6639 531
f 6662 6661 529
f 6631 6662 1898
f 6661 6631 288
f 6663 6662 529
f 6590 6663 1986
f 6662 6590 1898
f 6664 6588 1897
f 6632 6664 626
f 6588 6632 1898
f 6665 2139 1896
f 6664 6665 626
f 2139 6664 1897
f 6665 6655 626
f 6586 6665 1896
f 6655 6586 610
f 6666 6582 625
f 2149 6666 624
f 6582 2149 612
f 6668 6667 611
f 6585 6668 610
f 6667 6585 296
f 6669 6654 610
f 6648 6669 471
f 6654 6648 627
f 6670 6668 611
f 6669 6670 471
f 6668 6669 610
f 6671 6576 609
f 6670 6671 471
f 6576 6670 611
f 6667 6577 611
f 6580 6667 296
f 6577 6580 613
f 6673 6578 613
f 6672 6673 245
f 6578 6672 609
f 6676 6675 605
f 6674 6676 245
f 6675 6674 606
f 6675 6563 605
f 6550 6675 606
f 6563 6550 604
f 6678 6677 614
f 6674 6678 606
f 6677 6674 245
f 6679 6678 614
f 6548 6679 1903
f 6678 6548 606
f 6681 6680 607
f 6672 6681 609
f 6680 6672 245
f 6682 6681 607
f 6671 6682 471
f 6681 6671 609
f 6683 6682 607
f 6644 6683 1906
f 6682 6644 471
f 6685 6652 1906
f 6684 6685 203
f 6652 6684 227
f 6686 6683 607
f 6685 6686 203
f 6683 6685 1906
f 6687 6676 605
f 6680 6687 607
f 6676 6680 245
f 6689 6688 608
f 6686 6689 203
f 6688 6686 607
f 6691 6690 1907
f 6689 6691 203
f 6690 6689 608
f 6692 6691 1907
f 6684 6692 227
f 6691 6684 203
f 6692 6649 227
f 6575 6692 1907
f 6649 6575 1910
f 6693 6574 1909
f 6643 6693 306
f 6574 6643 1910
f 6695 6694 1912
f 6572 6695 1909
f 6694 6572 1913
f 6697 6696 526
f 6693 6697 306
f 6696 6693 1909
f 6700 6699 1912
f 6698 6700 225
f 6699 6698 526
f 6701 6697 526
f 6659 6701 525
f 6697 6659 306
f 6699 6695 1912
f 6696 6699 526
f 6695 6696 1909
f 6703 6702 313
f 6700 6703 225
f 6702 6700 1912
f 6705 4773 1013
f 6704 6705 313
f 4773 6704 599
f 6706 6704 313
f 6568 6706 1913
f 6704 6568 599
f 6706 6694 1913
f 6702 6706 313
f 6694 6702 1912
f 6690 6571 1907
f 6570 6690 608
f 6571 6570 1913
f 6688 6566 608
f 6687 6688 607
f 6566 6687 605
f 6707 6567 284
f 4775 6707 600
f 6567 4775 599
f 6707 6560 600
f 6564 6707 284
f 6560 6564 604
f 6708 6559 204
f 6561 6708 600
f 6559 6561 601
f 6709 6551 223
f 6553 6709 910
f 6551 6553 601
f 6710 6546 1904
f 6709 6710 910
f 6546 6709 223
f 6711 6535 1902
f 6538 6711 75
f 6535 6538 132
f 6711 6541 75
f 4833 6711 1902
f 6541 4833 1710
f 6712 4835 266
f 4834 6712 1707
f 4835 4834 1902
f 6714 6713 1706
f 4840 6714 266
f 6713 4840 1705
f 6715 6714 1706
f 6712 6715 1707
f 6714 6712 266
f 6716 5523 1703
f 6713 6716 1706
f 5523 6713 1705
f 6716 5459 1706
f 5602 6716 1703
f 5459 5602 414
f 6715 4829 1707
f 5458 6715 1706
f 4829 5458 1709
f 4832 4827 1710
f 4831 4832 1707
f 4827 4831 1708
f 6718 6717 910
f 4826 6718 1710
f 6717 4826 145
f 6718 6542 1710
f 6710 6718 910
f 6542 6710 1904
f 6720 6719 909
f 6717 6720 910
f 6719 6717 145
f 6720 6554 910
f 4825 6720 909
f 6554 4825 602
f 6721 4823 909
f 4809 6721 1712
f 4823 4809 1713
f 6722 6719 145
f 6721 6722 1712
f 6719 6721 909
f 6723 4828 1708
f 6722 6723 1712
f 4828 6722 145
f 6724 6723 1708
f 4811 6724 1711
f 6723 4811 1712
f 6725 4830 1709
f 6724 6725 1711
f 4830 6724 1708
f 6726 5455 366
f 6725 6726 1711
f 5455 6725 1709
f 6727 6726 366
f 4813 6727 1020
f 6726 4813 1711
f 6728 4817 1020
f 5610 6728 1022
f 4817 5610 1023
f 6728 5635 1022
f 6727 6728 1020
f 5635 6727 366
f 6729 4807 1715
f 4820 6729 1714
f 4807 4820 1713
f 6731 6729 1715
f 6730 6731 906
f 6729 6730 1714
f 6733 6732 1726
f 6731 6733 906
f 6732 6731 1715
f 6735 6732 1715
f 6734 6735 1024
f 6732 6734 1726
f 6735 4816 1024
f 4806 6735 1715
f 4816 4806 285
f 6736 4805 1726
f 5617 6736 324
f 4805 5617 1727
f 6736 5612 324
f 6734 6736 1726
f 5612 6734 1024
f 6737 4800 904
f 5486 6737 496
f 4800 5486 905
f 6733 4798 906
f 4803 6733 1726
f 4798 4803 77
f 6738 4793 907
f 4797 6738 906
f 4793 4797 365
f 6738 6730 906
f 4787 6738 907
f 6730 4787 1714
f 6739 4795 905
f 4789 6739 1716
f 4795 4789 365
f 6739 5478 1716
f 5485 6739 905
f 5478 5485 1723
f 6740 4786 902
f 4821 6740 387
f 4786 4821 1714
f 6742 6741 603
f 6740 6742 387
f 6741 6740 902
f 6742 4824 387
f 6557 6742 603
f 4824 6557 602
f 4792 4788 907
f 4785 4792 908
f 4788 4785 902
f 6744 6743 603
f 4779 6744 248
f 6743 4779 903
f 6744 4784 248
f 6741 6744 603
f 4784 6741 902
f 6745 6743 903
f 6558 6745 204
f 6743 6558 603
f 6747 6746 598
f 6745 6747 204
f 6746 6745 903
f 6747 6708 204
f 4776 6747 598
f 6708 4776 600
f 6748 6746 903
f 4771 6748 1905
f 6746 4771 598
f 6749 4778 1588
f 6748 6749 1905
f 4778 6748 903
f 6750 4770 1905
f 5513 6750 219
f 4770 5513 1014
f 6750 5506 219
f 6749 6750 1905
f 5506 6749 1588
f 6751 4767 1012
f 6705 6751 313
f 4767 6705 1013
f 6752 4766 1914
f 6751 6752 313
f 4766 6751 1012
f 5527 5511 1589
f 4764 5527 112
f 5511 4764 1014
f 6754 6753 1009
f 5529 6754 112
f 6753 5529 1010
f 6753 4761 1009
f 5534 6753 1010
f 4761 5534 1011
f 5547 4759 1592
f 4755 5547 1919
f 4759 4755 46
f 6755 4754 1915
f 4760 6755 1009
f 4754 4760 46
f 6756 6754 1009
f 4765 6756 1914
f 6754 4765 112
f 6757 6755 1915
f 6756 6757 1914
f 6755 6756 1009
f 6758 5567 596
f 4753 6758 1915
f 5567 4753 597
f 6761 6760 527
f 6759 6761 225
f 6760 6759 1915
f 6762 6759 225
f 6757 6762 1914
f 6759 6757 1915
f 6762 6752 1914
f 6703 6762 225
f 6752 6703 313
f 6763 6701 526
f 4749 6763 527
f 6701 4749 525
f 6763 6761 527
f 6698 6763 526
f 6761 6698 225
f 6760 4751 527
f 6758 6760 1915
f 4751 6758 596
f 6765 4737 528
f 6764 6765 468
f 4737 6764 529
f 6764 6663 529
f 6607 6764 468
f 6663 6607 1986
f 6767 6766 1996
f 6765 6767 468
f 6766 6765 528
f 6768 4735 533
f 6767 6768 468
f 4735 6767 1996
f 6769 6768 533
f 6605 6769 532
f 6768 6605 468
f 6770 6769 533
f 6604 6770 534
f 6769 6604 532
f 6772 6770 533
f 6771 6772 298
f 6770 6771 534
f 6773 6771 298
f 6608 6773 538
f 6771 6608 534
f 6774 4734 504
f 6773 6774 538
f 4734 6773 298
f 6775 4694 1983
f 6774 6775 538
f 4694 6774 504
f 6772 4730 298
f 4736 6772 533
f 4730 4736 1997
f 6777 6776 1995
f 4729 6777 470
f 6776 4729 1996
f 6779 6778 1994
f 6777 6779 470
f 6778 6777 1995
f 6776 4741 1995
f 6766 6776 1996
f 4741 6766 528
f 6780 4743 1988
f 6778 6780 1994
f 4743 6778 1995
f 6781 5564 481
f 6780 6781 1994
f 5564 6780 1988
f 6783 6782 512
f 5571 6783 481
f 6782 5571 513
f 6784 6783 512
f 6781 6784 1994
f 6783 6781 481
f 6785 6447 514
f 6782 6785 512
f 6447 6782 513
f 6786 4725 511
f 6784 6786 1994
f 4725 6784 512
f 6787 6786 511
f 6779 6787 470
f 6786 6779 1994
f 6787 4727 470
f 4724 6787 511
f 4727 4724 1997
f 4731 4722 505
f 4723 4731 1997
f 4722 4723 510
f 6785 4726 512
f 6448 6785 514
f 4726 6448 61
f 6449 4658 516
f 6445 6449 514
f 4658 6445 515
f 6788 4711 1999
f 4656 6788 516
f 4711 4656 1998
f 6790 6788 1999
f 6789 6790 509
f 6788 6789 516
f 6789 6450 516
f 4712 6789 509
f 6450 4712 61
f 6790 4718 509
f 4708 6790 1999
f 4718 4708 2003
f 6791 4703 507
f 4719 6791 233
f 4703 4719 2003
f 6792 4698 506
f 6791 6792 233
f 4698 6791 507
f 6793 6792 506
f 4721 6793 505
f 6792 4721 233
f 6793 4733 505
f 4696 6793 506
f 4733 4696 504
f 4700 4697 506
f 4691 4700 508
f 4697 4691 6
f 6794 4681 2006
f 4686 6794 2007
f 4681 4686 443
f 6794 4689 2007
f 2019 6794 2006
f 4689 2019 503
f 6796 4677 2005
f 6795 6796 336
f 4677 6795 2002
f 6796 4702 336
f 4701 6796 2005
f 4702 4701 507
f 6798 6797 548
f 6795 6798 2002
f 6797 6795 336
f 6797 4669 548
f 4706 6797 336
f 4669 4706 2001
f 4710 4707 1999
f 4667 4710 2000
f 4707 4667 2001
f 6799 4709 1998
f 4661 6799 518
f 4709 4661 2000
f 6802 6801 1954
f 6800 6802 424
f 6801 6800 1955
f 6803 6443 523
f 4653 6803 1993
f 6443 4653 515
f 6804 4923 23
f 6803 6804 1993
f 4923 6803 523
f 6805 6804 23
f 4650 6805 1992
f 6804 4650 1993
f 6805 6435 1992
f 4929 6805 23
f 6435 4929 1991
f 6806 6436 2
f 4651 6806 519
f 6436 4651 1992
f 6807 4649 519
f 4654 6807 315
f 4649 4654 1993
f 6808 4647 518
f 6807 6808 315
f 4647 6807 519
f 6808 4655 315
f 6799 6808 518
f 4655 6799 1998
f 6809 6806 2
f 4648 6809 517
f 6806 4648 519
f 6810 4646 517
f 4663 6810 424
f 4646 4663 518
f 6813 6812 1955
f 6811 6813 517
f 6812 6811 1943
f 6811 6119 1943
f 6809 6811 517
f 6119 6809 2
f 6813 6810 517
f 6800 6813 1955
f 6810 6800 424
f 6814 6121 555
f 6812 6814 1955
f 6121 6812 1943
f 6816 6815 557
f 6814 6816 1955
f 6815 6814 555
f 6817 6177 556
f 6120 6817 555
f 6177 6120 338
f 6818 6816 557
f 6801 6818 1954
f 6816 6801 1955
f 6819 6818 557
f 4618 6819 68
f 6818 4618 1954
f 6817 6815 555
f 4645 6817 556
f 6815 4645 557
f 6820 6176 1825
f 4641 6820 569
f 6176 4641 556
f 6820 6094 569
f 6098 6820 1825
f 6094 6098 498
f 6821 6356 571
f 4636 6821 1944
f 6356 4636 569
f 6822 4638 1944
f 4634 6822 1828
f 4638 4634 567
f 6824 6823 1828
f 6355 6824 571
f 6823 6355 1612
f 6824 6821 571
f 6822 6824 1828
f 6821 6822 1944
f 6823 4630 1828
f 6276 6823 1612
f 4630 6276 1827
f 6825 4624 568
f 4628 6825 267
f 4624 4628 717
f 6826 6825 568
f 4633 6826 567
f 6825 4633 267
f 6828 6826 568
f 6827 6828 558
f 6826 6827 567
f 6827 4639 567
f 4642 6827 558
f 4639 4642 458
f 6830 6829 559
f 6828 6830 558
f 6829 6828 568
f 6831 4619 68
f 6830 6831 558
f 4619 6830 559
f 6832 4623 254
f 6829 6832 559
f 4623 6829 568
f 6831 4643 558
f 6819 6831 68
f 4643 6819 557
f 6833 4662 424
f 4610 6833 554
f 4662 4610 553
f 6833 4612 554
f 6802 6833 424
f 4612 6802 1954
f 6834 4609 552
f 4665 6834 106
f 4609 4665 553
f 6835 6834 552
f 4670 6835 549
f 6834 4670 106
f 6837 6836 551
f 6835 6837 549
f 6836 6835 552
f 6839 6836 552
f 6838 6839 91
f 6836 6838 551
f 6839 4615 91
f 4611 6839 552
f 4615 4611 554
f 6841 6840 1959
f 6838 6841 551
f 6840 6838 91
f 6842 6840 91
f 4608 6842 562
f 6840 4608 1959
f 6843 4616 563
f 6842 6843 562
f 4616 6842 91
f 6844 4622 561
f 6843 6844 562
f 4622 6843 563
f 6847 6846 560
f 6845 6847 477
f 6846 6845 561
f 6848 6832 254
f 4621 6848 561
f 6832 4621 559
f 6849 6845 477
f 6844 6849 562
f 6845 6844 561
f 6850 6849 477
f 4606 6850 1961
f 6849 4606 562
f 6852 4607 1961
f 6851 6852 462
f 4607 6851 1959
f 6853 3846 1962
f 6852 6853 462
f 3846 6852 1961
f 6854 6853 1962
f 4604 6854 1964
f 6853 4604 462
f 6856 6854 1962
f 6855 6856 1952
f 6854 6855 1964
f 6857 6855 1952
f 4603 6857 1963
f 6855 4603 1964
f 6859 6857 1952
f 6858 6859 346
f 6857 6858 1963
f 6860 4595 542
f 4589 6860 1965
f 4595 4589 543
f 6861 4587 1960
f 4605 6861 462
f 4587 4605 1965
f 6862 6861 1960
f 6851 6862 1959
f 6861 6851 462
f 6863 6862 1960
f 6841 6863 551
f 6862 6841 1959
f 6865 6863 1960
f 6864 6865 492
f 6863 6864 551
f 6864 6837 551
f 4674 6864 492
f 6837 4674 549
f 6866 4586 1958
f 6865 6866 492
f 4586 6865 1960
f 6860 4588 1965
f 4584 6860 542
f 4588 4584 1958
f 6867 4592 134
f 4585 6867 259
f 4592 4585 542
f 6868 6867 134
f 4579 6868 1966
f 6867 4579 259
f 6869 4582 1956
f 6866 6869 492
f 4582 6866 1958
f 6870 4580 1957
f 4581 6870 1956
f 4580 4581 259
f 6869 4672 492
f 4577 6869 1956
f 4672 4577 550
f 6798 4575 2002
f 4675 6798 548
f 4575 4675 550
f 4569 2015 547
f 4565 4569 545
f 2015 4565 546
f 6871 4578 1956
f 4568 6871 545
f 4578 4568 1
f 6871 4567 545
f 6870 6871 1956
f 4567 6870 1957
f 4564 4558 72
f 3918 4564 1966
f 4558 3918 1967
f 6872 6868 134
f 3919 6872 692
f 6868 3919 1966
f 6873 4594 544
f 6872 6873 692
f 4594 6872 134
f 6873 3915 692
f 4598 6873 544
f 3915 4598 693
f 3912 3909 1969
f 3911 3912 39
f 3909 3911 1856
f 6874 3907 1856
f 3955 6874 323
f 3907 3955 1970
f 6876 6875 691
f 6874 6876 323
f 6875 6874 1856
f 6878 6877 1855
f 6876 6878 323
f 6877 6876 691
f 6879 6878 1855
f 3956 6879 683
f 6878 3956 323
f 6880 6879 1855
f 4529 6880 685
f 6879 4529 683
f 6880 4526 685
f 3905 6880 1855
f 4526 3905 1858
f 6877 3906 1855
f 3900 6877 691
f 3906 3900 392
f 6882 6881 1667
f 3902 6882 1857
f 6881 3902 392
f 6883 6882 1667
f 4415 6883 1663
f 6882 4415 1857
f 6884 6883 1667
f 4446 6884 486
f 6883 4446 1663
f 6886 6885 1666
f 6884 6886 486
f 6885 6884 1667
f 6887 4448 1669
f 3899 6887 1666
f 4448 3899 1670
f 6887 6886 1666
f 4454 6887 1669
f 6886 4454 486
f 6888 6885 1667
f 3895 6888 690
f 6885 3895 1666
f 6888 3901 690
f 6881 6888 1667
f 3901 6881 392
f 6875 3891 691
f 3910 6875 1856
f 3891 3910 689
f 6889 3916 693
f 3886 6889 695
f 3916 3886 39
f 6890 4597 327
f 6889 6890 695
f 4597 6889 693
f 6891 3887 695
f 3893 6891 358
f 3887 3893 689
f 6891 3896 358
f 3884 6891 695
f 3896 3884 696
f 6892 6890 327
f 3885 6892 694
f 6890 3885 695
f 6893 4602 1963
f 6892 6893 694
f 4602 6892 327
f 6894 6858 346
f 6893 6894 694
f 6858 6893 1963
f 6896 6895 1854
f 6894 6896 694
f 6895 6894 346
f 6897 6896 1854
f 3883 6897 696
f 6896 3883 694
f 6897 3897 696
f 3881 6897 1854
f 3897 3881 1670
f 6899 6898 697
f 4449 6899 699
f 6898 4449 44
f 6899 3876 699
f 3879 6899 697
f 3876 3879 698
f 6900 4451 269
f 3871 6900 1668
f 4451 3871 1664
f 4412 4411 1674
f 3869 4412 304
f 4411 3869 1672
f 6901 3872 1668
f 3867 6901 1671
f 3872 3867 304
f 6903 6901 1668
f 6902 6903 698
f 6901 6902 1671
f 6904 6902 698
f 3866 6904 701
f 6902 3866 1671
f 6903 3877 698
f 6900 6903 1668
f 3877 6900 269
f 6905 3878 700
f 6904 6905 701
f 3878 6904 698
f 6906 6905 700
f 3788 6906 703
f 6905 3788 701
f 6907 3864 702
f 6906 6907 703
f 3864 6906 700
f 6908 6898 44
f 3858 6908 1951
f 6898 3858 697
f 6909 3882 1854
f 6908 6909 1951
f 3882 6908 44
f 6911 3855 1951
f 6910 6911 346
f 3855 6910 1949
f 6911 6895 346
f 6909 6911 1951
f 6895 6909 1854
f 6910 3852 1949
f 6859 6910 346
f 3852 6859 1952
f 3859 3850 1948
f 3856 3859 109
f 3850 3856 1949
f 6912 3848 380
f 3843 6912 1953
f 3848 3843 1950
f 6913 6912 380
f 3845 6913 1962
f 6912 3845 1953
f 6913 6856 1962
f 3853 6913 380
f 6856 3853 1952
f 6915 3844 1953
f 6914 6915 477
f 3844 6914 1945
f 6915 6850 477
f 3847 6915 1953
f 6850 3847 1961
f 6914 3842 1945
f 6847 6914 477
f 3842 6847 560
f 6918 6917 560
f 6916 6918 254
f 6917 6916 564
f 6918 6848 254
f 6846 6918 560
f 6848 6846 561
f 6919 4625 717
f 6916 6919 564
f 4625 6916 254
f 6917 3841 560
f 3839 6917 564
f 3841 3839 566
f 6920 3840 564
f 3831 6920 1842
f 3840 3831 353
f 6922 6921 716
f 6919 6922 564
f 6921 6919 717
f 6922 6920 564
f 3836 6922 716
f 6920 3836 1842
f 6923 4627 715
f 6921 6923 716
f 4627 6921 717
f 6924 3737 348
f 6923 6924 716
f 3737 6923 715
f 6925 6924 348
f 3835 6925 1830
f 6924 3835 716
f 6928 6927 1830
f 6926 6928 714
f 6927 6926 1831
f 6930 6929 704
f 3826 6930 1840
f 6929 3826 73
f 6931 6927 1831
f 3834 6931 73
f 6927 3834 1830
f 6932 6931 1831
f 6929 6932 704
f 6931 6929 73
f 6935 6934 705
f 6933 6935 76
f 6934 6933 706
f 6936 6934 706
f 3741 6936 1834
f 6934 3741 705
f 6938 6936 706
f 6937 6938 704
f 6936 6937 1834
f 6939 6932 1831
f 6937 6939 1834
f 6932 6937 704
f 6941 6939 1831
f 6940 6941 369
f 6939 6940 1834
f 6942 6938 706
f 6930 6942 1840
f 6938 6930 704
f 6943 6942 706
f 3825 6943 1843
f 6942 3825 1840
f 6944 3824 158
f 3827 6944 1841
f 3824 3827 1840
f 6944 3816 1841
f 3821 6944 158
f 3816 3821 1850
f 3837 3815 565
f 3829 3837 353
f 3815 3829 1841
f 3813 3804 423
f 3798 3813 1946
f 3804 3798 1947
f 3860 3800 702
f 3801 3860 1948
f 3800 3801 1947
f 6945 3820 1848
f 3794 6945 1849
f 3820 3794 1850
f 6946 3765 1851
f 3796 6946 265
f 3765 3796 1849
f 6947 3790 703
f 6946 6947 265
f 3790 6946 1851
f 6947 3799 265
f 6907 6947 703
f 3799 6907 702
f 4406 3865 1853
f 3868 4406 1672
f 3865 3868 1671
f 6948 3784 1852
f 4407 6948 441
f 3784 4407 1853
f 6949 3781 1679
f 6948 6949 441
f 3781 6948 1852
f 6949 4408 441
f 4464 6949 1679
f 4408 4464 1676
f 6951 6950 1680
f 4465 6951 488
f 6950 4465 1679
f 6952 6951 1680
f 4466 6952 1677
f 6951 4466 488
f 6952 3594 1677
f 3779 6952 1680
f 3594 3779 1683
f 6954 3777 1680
f 6953 6954 449
f 3777 6953 1686
f 6954 3780 449
f 6950 6954 1680
f 3780 6950 1679
f 6955 6953 449
f 3772 6955 1681
f 6953 3772 1686
f 6956 3774 1688
f 3775 6956 1657
f 3774 3775 172
f 6958 6957 1689
f 6956 6958 1657
f 6957 6956 1688
f 6960 6959 1682
f 6955 6960 1681
f 6959 6955 449
f 6961 3782 1852
f 6959 6961 1682
f 3782 6959 449
f 6962 3783 341
f 6961 6962 1682
f 3783 6961 1852
f 6962 3768 1682
f 3791 6962 341
f 3768 3791 1851
f 6963 6945 1848
f 3766 6963 28
f 6945 3766 1849
f 6960 3763 1681
f 3767 6960 1682
f 3763 3767 28
f 6957 3759 1689
f 3769 6957 1688
f 3759 3769 1690
f 6965 6964 1845
f 3760 6965 177
f 6964 3760 1690
f 6966 6963 1848
f 3761 6966 1690
f 6963 3761 28
f 6966 6964 1690
f 3818 6966 1848
f 6964 3818 1845
f 6967 6965 1845
f 3755 6967 1844
f 6965 3755 177
f 6968 3823 1843
f 6967 6968 1844
f 3823 6967 1845
f 6970 6968 1843
f 6969 6970 76
f 6968 6969 1844
f 6970 6933 76
f 6943 6970 1843
f 6933 6943 706
f 6973 6972 707
f 6971 6973 76
f 6972 6971 1835
f 6973 6969 76
f 3752 6973 707
f 6969 3752 1844
f 3750 3552 709
f 3748 3750 707
f 3552 3748 708
f 6975 6974 982
f 6972 6975 707
f 6974 6972 1835
f 6976 6975 982
f 3749 6976 194
f 6975 3749 707
f 6979 6978 982
f 6977 6979 980
f 6978 6977 981
f 6981 6979 982
f 6980 6981 148
f 6979 6980 980
f 6984 6983 1624
f 6982 6984 148
f 6983 6982 1835
f 6986 6985 1626
f 6984 6986 148
f 6985 6984 1624
f 6987 6983 1835
f 3746 6987 705
f 6983 3746 1624
f 6987 6935 705
f 6971 6987 1835
f 6935 6971 76
f 6982 6974 1835
f 6981 6982 148
f 6974 6981 982
f 6988 6940 369
f 3743 6988 1833
f 6940 3743 1834
f 6989 6926 714
f 6941 6989 369
f 6926 6941 1831
f 6990 6925 348
f 6928 6990 714
f 6925 6928 1830
f 6991 4632 1827
f 3738 6991 1829
f 4632 3738 715
f 6992 6275 7
f 6991 6992 1829
f 6275 6991 1827
f 6992 3735 1829
f 6280 6992 7
f 3735 6280 1613
f 6993 3734 713
f 3739 6993 348
f 3734 3739 1829
f 6993 6990 348
f 3731 6993 713
f 6990 3731 714
f 6994 3730 710
f 6989 6994 369
f 3730 6989 714
f 6995 3726 712
f 6994 6995 369
f 3726 6994 710
f 6996 6995 712
f 6988 6996 1833
f 6995 6988 369
f 6998 6997 992
f 3723 6998 711
f 6997 3723 403
f 6999 3721 1611
f 3729 6999 403
f 3721 3729 1832
f 7000 6270 1604
f 3715 7000 1607
f 6270 3715 1608
f 7001 3710 1607
f 6239 7001 18
f 3710 6239 1619
f 7001 6265 18
f 7000 7001 1607
f 6265 7000 1604
f 7002 3713 1609
f 3716 7002 146
f 3713 3716 1607
f 7002 3717 146
f 3709 7002 1609
f 3717 3709 1611
f 7003 3708 993
f 6999 7003 403
f 3708 6999 1611
f 7003 6997 403
f 3707 7003 993
f 6997 3707 992
f 7004 3711 1619
f 3693 7004 246
f 3711 3693 1610
f 7004 3686 246
f 6241 7004 1619
f 3686 6241 1618
f 7005 6249 4
f 6251 7005 1081
f 6249 6251 1617
f 7006 7005 4
f 3689 7006 1080
f 7005 3689 1081
f 7007 3678 996
f 3690 7007 994
f 3678 3690 995
f 7008 3697 994
f 3700 7008 1620
f 3697 3700 51
f 7009 7007 996
f 7008 7009 1620
f 7007 7008 994
f 7012 7011 1071
f 7010 7012 249
f 7011 7010 996
f 7014 7013 1545
f 7012 7014 249
f 7013 7012 1071
f 7010 7009 996
f 3706 7010 249
f 7009 3706 1620
f 3684 3679 995
f 3680 3684 1080
f 3679 3680 209
f 7015 7006 4
f 3681 7015 1084
f 7006 3681 1080
f 7017 7016 1085
f 3682 7017 209
f 7016 3682 1084
f 7019 7018 1072
f 7017 7019 209
f 7018 7017 1085
f 7020 3677 209
f 7011 7020 1071
f 3677 7011 996
f 7021 7019 1072
f 7020 7021 1071
f 7019 7020 209
f 7022 3664 1070
f 7021 7022 1071
f 3664 7021 1072
f 7023 7018 1085
f 3661 7023 1073
f 7018 3661 1072
f 3665 3659 1075
f 3662 3665 19
f 3659 3662 1073
f 7025 3673 1086
f 7024 7025 1078
f 3673 7024 1083
f 7026 3675 1083
f 7023 7026 1073
f 3675 7023 1085
f 7027 7026 1083
f 3657 7027 357
f 7026 3657 1073
f 7027 3652 357
f 7024 7027 1083
f 3652 7024 1078
f 7029 7025 1086
f 7028 7029 311
f 7025 7028 1078
f 7031 7030 978
f 7029 7031 311
f 7030 7029 1086
f 7033 7032 1079
f 7028 7033 1078
f 7032 7028 311
f 7034 7033 1079
f 3653 7034 1077
f 7033 3653 1078
f 7036 7034 1079
f 7035 7036 178
f 7034 7035 1077
f 7038 7037 1060
f 7036 7038 178
f 7037 7036 1079
f 7040 7039 1087
f 7037 7040 1060
f 7039 7037 1079
f 7041 7032 311
f 7039 7041 1087
f 7032 7039 1079
f 7043 7042 977
f 7041 7043 1087
f 7042 7041 311
f 7042 3649 977
f 7031 7042 311
f 3649 7031 978
f 7044 7030 1086
f 3645 7044 275
f 7030 3645 978
f 7046 7045 1645
f 7044 7046 275
f 7045 7044 1086
f 7047 3672 199
f 7045 7047 1645
f 3672 7045 1086
f 7048 7016 1084
f 3676 7048 199
f 7016 3676 1085
f 7050 7049 1082
f 7048 7050 199
f 7049 7048 1084
f 7050 7047 199
f 3642 7050 1082
f 7047 3642 1645
f 7049 6244 1082
f 7015 7049 1084
f 6244 7015 4
f 7052 7051 1646
f 3641 7052 1645
f 7051 3641 1647
f 8510 7054 8702
f 7053 8511 8703
f 8512 8704 8705
f 8513 8705 8706
f 8514 8707 8613
f 8515 8616 8702
f 8516 8620 8708
f 8517 8709 8624
f 8518 8627 8617
f 8519 8708 8710
f 8520 8711 8712
f 8521 8713 8709
f 8522 8714 8715
f 8523 8716 8713
f 8524 8712 8717
f 8525 8706 8718
f 8526 8719 8711
f 8527 8710 8707
f 7065 7064 1640
f 7063 7065 275
f 7064 7063 1646
f 7063 7052 1646
f 7046 7063 275
f 7052 7046 1645
f 7067 7064 1646
f 7066 7067 157
f 7064 7066 1640
f 7069 7068 1636
f 7067 7069 8720
f 7068 7067 1646
f 7070 7051 1647
f 7068 7070 1636
f 7051 7068 1646
f 6243 3640 1082
f 3636 6243 1648
f 3640 3636 1647
f 6247 3638 1648
f 6228 6247 1616
f 3638 6228 976
f 7070 3634 1636
f 3635 7070 1647
f 3634 3635 374
f 8528 8662 8721
f 8529 8722 8723
f 8530 8724 8660
f 7071 8531 8724
f 8532 8723 8704
f 8533 8703 8720
f 8534 8721 8725
f 8535 8726 8719
f 8536 8718 8722
f 7075 8537 8727
f 8538 8728 8661
f 7074 3632 374
f 7076 3639 976
f 7074 7076 975
f 3639 7074 374
f 7076 6314 975
f 6324 7076 976
f 6314 6324 971
f 8539 8729 8730
f 8540 8731 8684
f 8541 8685 8732
f 8542 8730 8733
f 8543 8734 8728
f 8544 8727 8731
f 8545 8733 8735
f 8546 8736 8726
f 8547 8725 8734
f 8548 8717 8736
f 8549 8735 8656
f 8550 8659 8714
f 8551 8657 8729
f 8552 8732 8688
f 8553 8687 8658
f 8554 8691 8696
f 8555 8701 8642
f 8556 8647 8686
f 8557 8678 8737
f 8558 8738 8739
f 8559 8740 8679
f 8560 8680 8741
f 8561 8742 8650
f 8562 8649 8677
f 8563 8741 8743
f 8564 8744 8640
f 8565 8639 8742
f 8566 8676 8745
f 8567 8746 8744
f 8568 8743 8673
f 7087 3617 943
f 7086 7087 191
f 3617 7086 947
f 8569 8745 8747
f 3619 7088 943
f 8570 8635 8746
f 7089 3614 942
f 7087 7089 191
f 3614 7087 943
f 7088 3615 943
f 320 8663 8747
f 3615 4147 944
f 7090 4148 141
f 3616 7090 942
f 4148 3616 944
f 7091 3613 1691
f 7089 7091 191
f 3613 7089 942
f 7092 7090 141
f 3612 7092 1693
f 7090 3612 942
f 7094 3608 1693
f 7093 7094 940
f 3608 7093 941
f 7095 7092 141
f 7094 7095 940
f 7092 7094 1693
f 7095 4141 940
f 4341 7095 141
f 4141 4341 938
f 7096 4124 641
f 4125 7096 940
f 4124 4125 238
f 7096 7093 940
f 3605 7096 641
f 7093 3605 941
f 4377 4123 642
f 3602 4377 640
f 4123 3602 641
f 7097 4054 1873
f 3603 7097 385
f 4054 3603 640
f 7099 7098 1874
f 7097 7099 385
f 7098 7097 1873
f 7098 3600 1874
f 4484 7098 1873
f 3600 4484 1871
f 4467 4391 645
f 3596 4467 1677
f 4391 3596 1678
f 7101 7100 1874
f 3588 7101 1684
f 7100 3588 1694
f 7101 3592 1684
f 3599 7101 1874
f 3592 3599 457
f 7102 7100 1694
f 7099 7102 385
f 7100 7099 1874
f 7102 3604 385
f 3609 7102 1694
f 3604 3609 941
f 7104 3590 1683
f 7103 7104 172
f 3590 7103 1685
f 7104 3773 172
f 3778 7104 1683
f 3773 3778 1686
f 7103 3584 1685
f 3776 7103 172
f 3584 3776 1687
f 7105 3582 1658
f 3611 7105 1691
f 3582 3611 90
f 7106 7105 1658
f 7091 7106 191
f 7105 7091 1691
f 7108 7107 945
f 7106 7108 191
f 7107 7106 1658
f 7109 6958 1689
f 3576 7109 1847
f 6958 3576 1657
f 7110 3757 1846
f 7109 7110 1847
f 3757 7109 1689
f 7112 7111 945
f 3574 7112 364
f 7111 3574 946
f 7112 3579 364
f 7107 7112 945
f 3579 7107 1658
f 7113 7108 945
f 7086 7113 947
f 7108 7086 191
f 7113 3568 947
f 7111 7113 945
f 3568 7111 946
f 8571 8632 8636
f 8572 8641 8634
f 3570 8573 8633
f 8574 8637 8748
f 8575 8749 8652
f 8576 8655 8638
f 8577 8715 8749
f 8578 8748 8628
f 8579 8631 8716
f 7115 3569 946
f 3560 7115 1838
f 3569 3560 221
f 7115 3559 1838
f 3573 7115 946
f 3559 3573 1839
f 7110 3554 1847
f 3753 7110 1846
f 3554 3753 709
f 7117 7116 1836
f 3549 7117 1837
f 7116 3549 708
f 1656 8622 8621
f 3557 3561 1838
f 3546 3557 1837
f 7118 7117 1836
f 3547 7118 183
f 7117 3547 1837
f 7120 7119 1630
f 7118 7120 183
f 7119 7118 1836
f 7123 7122 1836
f 7121 7123 194
f 7122 7121 981
f 7123 3747 194
f 7116 7123 1836
f 3747 7116 708
f 7124 7122 981
f 7119 7124 1630
f 7122 7119 1836
f 7121 6978 981
f 6976 7121 194
f 6978 6976 982
f 7125 7124 981
f 3540 7125 446
f 7124 3540 1630
f 7126 7120 1630
f 3541 7126 1629
f 7120 3541 183
f 7127 3539 1631
f 7126 7127 1629
f 3539 7126 1630
f 7129 7128 1633
f 7055 7129 157
f 7128 7055 1629
f 7130 7127 1631
f 7128 7130 1633
f 7127 7128 1629
f 7132 7130 1631
f 7131 7132 459
f 7130 7131 1633
f 7129 7066 157
f 3537 7129 1633
f 7066 3537 1640
f 7133 7131 459
f 3535 7133 1639
f 7131 3535 1633
f 7134 3536 1639
f 7065 7134 275
f 3536 7065 1640
f 7136 7135 1643
f 7133 7136 1639
f 7135 7133 459
f 7138 7136 1643
f 7137 7138 979
f 7136 7137 1639
f 7137 7134 1639
f 3643 7137 979
f 7134 3643 275
f 8152 8252 8335
f 8153 8336 8337
f 3533 7139 1643
f 7139 7138 1643
f 186 8253 8337
f 7138 3648 979
f 7141 7135 459
f 3534 7141 1642
f 7135 3534 1643
f 7142 3496 1642
f 3531 7142 1632
f 3496 3531 1641
f 7143 7141 459
f 7142 7143 1632
f 7141 7142 1642
f 7144 7132 1631
f 7143 7144 1632
f 7132 7143 459
f 7146 3532 1632
f 7145 7146 446
f 3532 7145 1628
f 7146 3538 446
f 7144 7146 1632
f 3538 7144 1631
f 7147 6977 980
f 7125 7147 446
f 6977 7125 981
f 7148 7147 980
f 7145 7148 1628
f 7147 7145 446
f 7149 3530 1627
f 6986 7149 148
f 3530 6986 1626
f 7150 7149 1627
f 6980 7150 980
f 7149 6980 148
f 7150 7148 980
f 3517 7150 1627
f 7148 3517 1628
f 7151 3525 1625
f 3744 7151 334
f 3525 3744 1833
f 7152 7151 1625
f 3745 7152 1624
f 7151 3745 334
f 7153 7152 1625
f 6985 7153 1626
f 7152 6985 1624
f 7154 7153 1625
f 3529 7154 495
f 7153 3529 1626
f 7156 7155 984
f 3724 7156 712
f 7155 3724 711
f 7156 6996 712
f 3526 7156 984
f 6996 3526 1833
f 7158 7155 711
f 7157 7158 420
f 7155 7157 984
f 7160 7159 985
f 7157 7160 984
f 7159 7157 420
f 7154 3527 495
f 3521 7154 1625
f 3527 3521 983
f 7160 3524 984
f 3522 7160 985
f 3524 3522 1625
f 7161 3523 985
f 3520 7161 274
f 3523 3520 983
f 7162 7161 985
f 3511 7162 987
f 7161 3511 274
f 7163 7159 420
f 7162 7163 987
f 7159 7162 985
f 7165 7164 1623
f 7163 7165 987
f 7164 7163 420
f 7166 3510 1623
f 6998 7166 711
f 3510 6998 992
f 7166 7158 711
f 7164 7166 1623
f 7158 7164 420
f 7168 7167 988
f 3506 7168 406
f 8154 8251 8338
f 8155 8338 8339
f 8156 7169 8340
f 7167 3502 988
f 7170 7168 988
f 3509 7170 1623
f 7168 3509 406
f 7171 3512 987
f 3500 7171 988
f 3512 3500 986
f 7171 7170 988
f 7165 7171 987
f 7170 7165 1623
f 8157 8341 8342
f 8158 8343 8249
f 8159 8248 8344
f 8160 8342 8345
f 8161 8346 8336
f 8162 8335 8343
f 8163 8245 8341
f 8164 8344 8340
f 8165 8339 8246
f 7176 7175 1622
f 263 8240 8347
f 7175 3488 1621
f 7177 3704 249
f 7175 7177 1622
f 3704 7175 1621
f 7178 7014 1545
f 7177 7178 1622
f 7014 7177 249
f 7022 7013 1071
f 3670 7022 1070
f 7013 3670 1545
f 7178 3482 1622
f 3484 7178 1545
f 3482 3484 1549
f 8166 8239 8348
f 8167 8349 8347
f 3481 7176 1622
f 8168 8350 8351
f 8169 8352 8349
f 8170 8348 8353
f 8171 8351 8354
f 8172 8355 8244
f 8173 8247 8352
f 8174 8354 8356
f 8175 8357 8346
f 8176 8345 8355
f 8177 8233 8358
f 8178 8359 8357
f 8179 8356 8228
f 8180 8358 8360
f 8181 8361 8255
f 8182 8254 8359
f 8183 8360 8362
f 8184 7186 8363
f 7185 8185 8361
f 8186 8235 8364
f 8187 8365 8363
f 8188 8362 8236
f 8189 8364 8366
f 8190 7189 8367
f 7187 8191 8365
f 8192 8368 8369
f 8193 8370 8226
f 8194 8225 8371
f 8195 8353 8368
f 8196 8371 8230
f 8197 8229 8350
f 8198 8223 8372
f 8199 8373 8234
f 8200 8237 8224
f 8201 7193 8374
f 7189 8202 8367
f 8203 8366 8375
f 8204 8218 8374
f 8205 8375 8373
f 8206 8372 8219
f 8207 8227 8376
f 8208 8377 8216
f 8209 8215 8222
f 8210 8221 8370
f 8211 8369 8238
f 3472 3483 1549
f 7197 7196 1051
f 3470 7197 258
f 7196 3470 1544
f 7196 3466 1051
f 3671 7196 1544
f 3466 3671 1551
f 7200 7199 1553
f 7198 7200 1075
f 7199 7198 1552
f 7200 3666 1075
f 3467 7200 1553
f 3666 3467 1551
f 7202 7199 1552
f 7201 7202 1538
f 7199 7201 1553
f 7203 7201 1538
f 3465 7203 185
f 7201 3465 1553
f 7205 7202 1552
f 7204 7205 58
f 7202 7204 1538
f 7207 7206 1540
f 7205 7207 58
f 7206 7205 1552
f 7208 3462 1540
f 3658 7208 1075
f 3462 3658 1074
f 7208 7198 1075
f 7206 7208 1540
f 7198 7206 1552
f 7210 3452 1094
f 7209 7210 1076
f 3452 7209 1543
f 7211 7210 1094
f 3459 7211 1542
f 7210 3459 1076
f 7212 3655 1077
f 7209 7212 1543
f 3655 7209 1076
f 7213 7035 178
f 7212 7213 1543
f 7035 7212 1077
f 7213 3450 1543
f 3446 7213 178
f 3450 3446 1062
f 7214 7038 1060
f 3444 7214 1059
f 7038 3444 178
f 7215 7188 363
f 7040 7215 1060
f 7188 7040 1087
f 7217 7216 1057
f 7194 7217 363
f 7216 7194 1058
f 7218 7217 1057
f 7215 7218 1060
f 7217 7215 363
f 7219 3445 1059
f 5768 7219 1061
f 3445 5768 1062
f 7218 7214 1060
f 3440 7218 1057
f 7214 3440 1059
f 7220 3439 74
f 7219 7220 1061
f 3439 7219 1059
f 7221 3438 1054
f 3443 7221 74
f 3438 3443 1052
f 7222 5798 1056
f 7221 7222 74
f 5798 7221 1054
f 7222 7220 74
f 5804 7222 1056
f 7220 5804 1061
f 7216 3442 1057
f 3434 7216 1058
f 3442 3434 1052
f 7225 7224 1546
f 7223 7225 258
f 7224 7223 1050
f 7225 3471 258
f 7195 8212 8377
f 8213 8376 8220
f 7228 7227 1050
f 7226 7228 185
f 7227 7226 1048
f 7229 7228 1050
f 3463 7229 1051
f 7228 3463 185
f 7229 7197 1051
f 7223 7229 1050
f 7197 7223 258
f 7224 3427 1546
f 3424 7224 1050
f 3427 3424 1068
f 7231 3422 1069
f 7230 7231 1053
f 3422 7230 1068
f 7230 3428 1068
f 3435 7230 1053
f 3428 3435 452
f 7232 7231 1069
f 5783 7232 253
f 7231 5783 1053
f 7233 7232 1069
f 5795 7233 1361
f 7232 5795 253
f 7234 3420 1550
f 7233 7234 1361
f 3420 7233 1069
f 7235 7234 1550
f 5792 7235 30
f 7234 5792 1361
f 7236 3418 1554
f 7235 7236 30
f 3418 7235 1550
f 7237 7236 1554
f 1365 8285 8378
f 7236 5793 30
f 7238 7237 1554
f 5853 7238 62
f 1365 8378 8334
f 7239 7238 1554
f 5710 7239 1555
f 7238 5710 62
f 7240 3419 344
f 3416 7240 1048
f 3419 3416 1550
f 7240 7227 1048
f 3425 7240 344
f 7227 3425 1050
f 7241 3417 1047
f 7239 7241 1555
f 3417 7239 1554
f 7242 7226 185
f 3414 7242 1049
f 7226 3414 1048
f 7242 3411 1049
f 7203 7242 185
f 3411 7203 1538
f 7241 3405 1555
f 3406 7241 1047
f 3405 3406 154
f 7243 5862 1535
f 5863 7243 137
f 5862 5863 1556
f 7245 7244 1537
f 5337 7245 1560
f 7244 5337 137
f 7246 7243 1535
f 7244 7246 1537
f 7243 7244 137
f 7247 7245 1537
f 5340 7247 294
f 7245 5340 1560
f 7248 3400 1090
f 7247 7248 294
f 3400 7247 1537
f 7249 3401 1537
f 3410 7249 154
f 3401 3410 1536
f 7249 3403 154
f 7246 7249 1537
f 3403 7246 1535
f 7250 7204 58
f 3412 7250 1536
f 7204 3412 1538
f 7251 7250 58
f 3402 7251 1090
f 7250 3402 1536
f 7252 7251 58
f 3399 7252 1088
f 7251 3399 1090
f 7253 3398 1089
f 7248 7253 294
f 3398 7248 1090
f 7254 7253 1089
f 5341 7254 1539
f 7253 5341 294
f 7255 3396 1533
f 7254 7255 1539
f 3396 7254 1089
f 7256 7255 1533
f 5345 7256 100
f 7255 5345 1539
f 7257 7256 1533
f 5346 7257 1534
f 7256 5346 100
f 7257 5401 1534
f 3394 7257 1533
f 5401 3394 1532
f 7258 7207 1540
f 7252 7258 1088
f 7207 7252 58
f 7260 7259 1541
f 3461 7260 1540
f 7259 3461 312
f 7260 7258 1540
f 3389 7260 1541
f 7258 3389 1088
f 7259 3383 1541
f 3460 7259 312
f 3383 3460 1542
f 7262 3384 1542
f 7261 7262 276
f 3384 7261 1093
f 7262 3454 276
f 7211 7262 1542
f 3454 7211 1094
f 7264 7263 1091
f 7261 7264 1093
f 7263 7261 276
f 3390 3385 350
f 3382 3390 1541
f 3385 3382 1093
f 7265 7264 1091
f 3386 7265 1092
f 7264 3386 1093
f 7266 3380 1226
f 3395 7266 1532
f 3380 3395 1092
f 7266 5402 1532
f 5403 7266 1226
f 5402 5403 337
f 5411 3378 1227
f 5404 5411 1225
f 3378 5404 1226
f 7267 3376 1237
f 5409 7267 1236
f 3376 5409 1227
f 7270 7269 1236
f 7268 7270 184
f 7269 7268 1235
f 7272 7271 1517
f 7268 7272 1235
f 7271 7268 184
f 7273 7267 1237
f 7270 7273 184
f 7267 7270 1236
f 7275 7274 1530
f 7273 7275 184
f 7274 7273 1237
f 7276 7265 1091
f 3381 7276 474
f 7265 3381 1092
f 7277 7276 1091
f 3375 7277 1237
f 7276 3375 474
f 7278 7277 1091
f 7274 7278 1530
f 7277 7274 1237
f 7279 7263 276
f 7278 7279 1530
f 7263 7278 1091
f 7281 7280 1519
f 7275 7281 184
f 7280 7275 1530
f 7283 7282 1531
f 7280 7283 1519
f 7282 7280 1530
f 7285 7284 1526
f 3372 7285 1531
f 7284 3372 1095
f 7286 7285 1526
f 7283 7286 1519
f 7285 7283 1531
f 7287 3369 117
f 7286 7287 1519
f 3369 7286 1526
f 7288 3373 1531
f 3455 7288 276
f 3373 3455 1096
f 7288 7279 276
f 7282 7288 1531
f 7279 7282 1530
f 7289 3447 359
f 3374 7289 1095
f 3447 3374 1096
f 7290 5771 1097
f 7289 7290 1095
f 5771 7289 359
f 7291 5764 292
f 7290 7291 1095
f 5764 7290 1097
f 7292 3370 1526
f 5760 7292 292
f 3370 5760 1527
f 7292 7291 292
f 7284 7292 1526
f 7291 7284 1095
f 7293 7281 1519
f 7271 7293 1517
f 7281 7271 184
f 7295 7294 1518
f 7287 7295 1519
f 7294 7287 117
f 7295 7293 1519
f 3367 7295 1518
f 7293 3367 1517
f 7272 2346 1235
f 3365 7272 1517
f 2346 3365 1516
f 7296 3368 1518
f 3360 7296 1522
f 3368 3360 371
f 7297 7296 1518
f 3357 7297 1524
f 7296 3357 1522
f 7298 7294 117
f 7297 7298 1524
f 7294 7297 1518
f 7300 7299 1524
f 5761 7300 1527
f 7299 5761 89
f 7300 3371 1527
f 7298 7300 1524
f 3371 7298 117
f 7301 7299 89
f 3359 7301 1523
f 7299 3359 1524
f 7303 7302 1520
f 3361 7303 1515
f 7302 3361 1522
f 7302 3351 1520
f 3356 7302 1522
f 3351 3356 1521
f 7305 7303 1520
f 7304 7305 1513
f 7303 7304 1515
f 7306 7304 1513
f 2331 7306 1512
f 7304 2331 1515
f 7308 7305 1520
f 7307 7308 131
f 7305 7307 1513
f 7308 3165 131
f 3350 7308 1520
f 3165 3350 1382
f 7309 3002 1377
f 3355 7309 49
f 3002 3355 1523
f 7310 7301 89
f 3003 7310 1525
f 7301 3003 1523
f 7311 5762 1528
f 7310 7311 1525
f 5762 7310 89
f 7312 5750 1529
f 5756 7312 1528
f 5750 5756 450
f 7312 7311 1528
f 2999 7312 1529
f 7311 2999 1525
f 7314 7313 1372
f 5812 7314 1373
f 7313 5812 1370
f 7316 7313 1370
f 7315 7316 1339
f 7313 7315 1372
f 7314 2997 1373
f 2992 7314 1372
f 2997 2992 379
f 7317 5840 1339
f 5835 7317 333
f 5840 5835 1340
f 7317 5813 333
f 7316 7317 1339
f 5813 7316 1370
f 7319 7318 1376
f 7315 7319 1372
f 7318 7315 1339
f 7320 7319 1376
f 2993 7320 1375
f 7319 2993 1372
f 7321 2994 1375
f 3000 7321 1377
f 2994 3000 379
f 7323 7322 1378
f 7321 7323 1377
f 7322 7321 1375
f 7324 7320 1376
f 7322 7324 1378
f 7320 7322 1375
f 7323 7309 1377
f 3004 7323 1378
f 7309 3004 49
f 7326 7324 1376
f 7325 7326 236
f 7324 7325 1378
f 7327 7326 1376
f 2986 7327 1374
f 7326 2986 236
f 7328 7318 1339
f 7327 7328 1374
f 7318 7327 1376
f 7329 5839 218
f 7328 7329 1374
f 5839 7328 1339
f 7325 3346 1378
f 2991 7325 236
f 3346 2991 1379
f 3034 2981 1383
f 2984 3034 1384
f 2981 2984 1403
f 7330 7329 218
f 2983 7330 1403
f 7329 2983 1374
f 7332 7331 1405
f 3291 7332 1407
f 7331 3291 1313
f 7333 3039 345
f 7331 7333 1405
f 3039 7331 1313
f 7334 2977 1408
f 7332 7334 1407
f 2977 7332 1405
f 7334 3288 1407
f 3041 7334 1408
f 3288 3041 123
f 7335 2971 1404
f 2982 7335 345
f 2971 2982 1403
f 7335 7333 345
f 2974 7335 1404
f 7333 2974 1405
f 7330 2972 1403
f 5843 7330 218
f 2972 5843 1341
f 7338 7337 1341
f 7336 7338 409
f 7337 7336 843
f 7338 5836 409
f 5842 7338 1341
f 5836 5842 1340
f 7339 5845 840
f 7336 7339 843
f 5845 7336 409
f 7341 7339 840
f 7340 7341 839
f 7339 7340 843
f 7341 5722 839
f 5716 7341 840
f 5722 5716 841
f 7342 7337 843
f 2970 7342 1404
f 7337 2970 1341
f 7343 7342 843
f 2975 7343 332
f 7342 2975 1404
f 7345 7344 842
f 7343 7345 332
f 7344 7343 843
f 7344 2959 842
f 7340 7344 843
f 2959 7340 839
f 7347 7346 845
f 7345 7347 332
f 7346 7345 842
f 7348 7347 845
f 2976 7348 1408
f 7347 2976 332
f 7348 3042 1408
f 2968 7348 845
f 3042 2968 1417
f 7349 2957 844
f 7346 7349 845
f 2957 7346 842
f 7352 7351 1749
f 7350 7352 435
f 7351 7350 844
f 7350 7349 844
f 2969 7350 435
f 7349 2969 845
f 5725 2961 190
f 2954 5725 1757
f 2961 2954 1752
f 7353 2962 1752
f 7351 7353 1749
f 2962 7351 844
f 7353 2946 1749
f 2952 7353 1752
f 2946 2952 130
f 7354 2939 847
f 2945 7354 1749
f 2939 2945 1747
f 7355 2963 435
f 2942 7355 847
f 2963 2942 846
f 7355 7354 847
f 7352 7355 435
f 7354 7352 1749
f 7356 2943 848
f 3052 7356 60
f 2943 3052 846
f 2949 2944 130
f 2936 2949 1748
f 2944 2936 1747
f 7357 2846 1744
f 2931 7357 264
f 2846 2931 1745
f 7358 7357 1744
f 2940 7358 848
f 7357 2940 264
f 7360 7359 1742
f 7358 7360 848
f 7359 7358 1744
f 7361 7360 1742
f 7356 7361 60
f 7360 7356 848
f 7363 7362 854
f 7361 7363 60
f 7362 7361 1742
f 7365 7364 851
f 7363 7365 60
f 7364 7363 854
f 7366 7365 851
f 3051 7366 849
f 7365 3051 60
f 7367 2927 852
f 7366 7367 849
f 2927 7366 851
f 7368 3278 466
f 3280 7368 852
f 3278 3280 1410
f 7368 7367 852
f 3054 7368 466
f 7367 3054 849
f 7370 7369 853
f 7364 7370 851
f 7369 7364 854
f 7370 2928 851
f 2920 7370 853
f 2928 2920 454
f 7372 7369 854
f 7371 7372 5
f 7369 7371 853
f 7373 7371 5
f 2918 7373 857
f 7371 2918 853
f 2922 2913 1412
f 2921 2922 454
f 2913 2921 1413
f 7374 2915 377
f 2914 7374 1303
f 2915 2914 1413
f 7376 7375 1300
f 7374 7376 1303
f 7375 7374 377
f 7377 2906 1302
f 2907 7377 1300
f 2906 2907 181
f 7378 7377 1302
f 7376 7378 1303
f 7377 7376 1300
f 7379 7378 1302
f 3068 7379 321
f 7378 3068 1303
f 7380 2903 1306
f 7379 7380 321
f 2903 7379 1302
f 7381 2901 1305
f 7380 7381 321
f 2901 7380 1306
f 7381 3065 321
f 3071 7381 1305
f 3065 3071 1414
f 7382 3073 1304
f 3274 7382 293
f 3073 3274 1308
f 7382 3083 293
f 2899 7382 1304
f 3083 2899 1307
f 3276 3072 273
f 2900 3276 1305
f 3072 2900 1304
f 7384 7383 1309
f 3262 7384 1310
f 7383 3262 1307
f 7385 2898 11
f 7383 7385 1309
f 2898 7383 1307
f 7386 7384 1309
f 3258 7386 256
f 7384 3258 1310
f 7386 3102 256
f 2892 7386 1309
f 3102 2892 1424
f 7387 2889 1423
f 2895 7387 11
f 2889 2895 1425
f 7387 7385 11
f 2891 7387 1423
f 7385 2891 1309
f 3253 2884 1428
f 3103 3253 1284
f 2884 3103 1424
f 2911 2904 181
f 2880 2911 1429
f 2904 2880 1426
f 7388 2875 1286
f 2882 7388 442
f 2875 2882 1287
f 7388 2883 442
f 2878 7388 1286
f 2883 2878 1428
f 7390 7389 1444
f 2910 7390 1429
f 7389 2910 1299
f 7391 7390 1444
f 2873 7391 103
f 7390 2873 1429
f 7393 7392 1298
f 2866 7393 1297
f 7392 2866 37
f 7394 7393 1298
f 2695 7394 1296
f 7393 2695 1297
f 7397 7396 1437
f 7395 7397 287
f 7396 7395 1298
f 7398 7395 287
f 7394 7398 1296
f 7395 7394 1298
f 7399 7396 1298
f 2860 7399 1432
f 7396 2860 1437
f 7402 7401 1431
f 7400 7402 135
f 7401 7400 1740
f 7404 7403 859
f 7400 7404 1740
f 7403 7400 135
f 7406 7405 855
f 7403 7406 859
f 7405 7403 135
f 7409 7408 859
f 7407 7409 417
f 7408 7407 1741
f 7410 7408 1741
f 7404 7410 1740
f 7408 7404 859
f 7412 7410 1741
f 7411 7412 41
f 7410 7411 1740
f 7414 7413 862
f 7411 7414 1740
f 7413 7411 41
f 7414 7401 1740
f 2865 7414 862
f 7401 2865 1431
f 7415 2854 1430
f 7402 7415 135
f 2854 7402 1431
f 7417 7416 856
f 7415 7417 135
f 7416 7415 1430
f 7418 7392 37
f 7399 7418 1432
f 7392 7399 1298
f 7419 7418 37
f 2856 7419 1430
f 7418 2856 1432
f 7421 7420 1301
f 7419 7421 1430
f 7420 7419 37
f 7422 7389 1299
f 2868 7422 37
f 7389 2868 1444
f 7423 7422 1299
f 7420 7423 1301
f 7422 7420 37
f 7424 2908 1300
f 7423 7424 1301
f 2908 7423 1299
f 7425 7375 377
f 7424 7425 1301
f 7375 7424 1300
f 7427 7426 856
f 7425 7427 1301
f 7426 7425 377
f 7426 2852 856
f 2917 7426 377
f 2852 2917 857
f 7427 7421 1301
f 7416 7427 856
f 7421 7416 1430
f 7417 7405 135
f 2851 7417 856
f 7405 2851 855
f 7428 7373 5
f 2853 7428 855
f 7373 2853 857
f 7430 7429 858
f 7428 7430 855
f 7429 7428 5
f 7431 7372 854
f 7429 7431 858
f 7372 7429 5
f 7431 2849 858
f 7362 7431 854
f 2849 7362 1742
f 7432 7409 859
f 2848 7432 858
f 7409 2848 417
f 7432 7430 858
f 7406 7432 859
f 7430 7406 855
f 7433 7359 1744
f 2850 7433 417
f 7359 2850 1742
f 7434 2845 1743
f 7433 7434 417
f 2845 7433 1744
f 7436 2847 1745
f 7435 7436 232
f 2847 7435 1743
f 7434 7407 417
f 2843 7434 1743
f 7407 2843 1741
f 7437 7435 232
f 2844 7437 1738
f 7435 2844 1743
f 7438 2842 1738
f 7412 7438 41
f 2842 7412 1741
f 7439 2831 864
f 7438 7439 41
f 2831 7438 1738
f 7441 7440 860
f 7439 7441 41
f 7440 7439 864
f 7442 7441 860
f 7413 7442 862
f 7441 7413 41
f 7442 2864 862
f 2706 7442 860
f 2864 2706 861
f 7440 2708 860
f 2836 7440 864
f 2708 2836 866
f 7437 2832 1738
f 2829 7437 232
f 2832 2829 863
f 7444 2833 863
f 7443 7444 147
f 2833 7443 865
f 7445 2828 1739
f 7444 7445 147
f 2828 7444 863
f 7436 2826 232
f 2824 7436 1745
f 2826 2824 792
f 7446 2930 1746
f 2825 7446 1795
f 2930 2825 1745
f 7446 2822 1795
f 2934 7446 1746
f 2822 2934 1796
f 7447 2821 34
f 2820 7447 791
f 2821 2820 1795
f 7449 7448 790
f 7447 7449 791
f 7448 7447 34
f 7448 5310 790
f 5179 7448 34
f 5310 5179 1794
f 7452 7451 790
f 7450 7452 368
f 7451 7450 1793
f 7454 7453 1793
f 2816 7454 1739
f 7453 2816 791
f 7453 7451 1793
f 7449 7453 791
f 7451 7449 790
f 7455 7454 1793
f 7445 7455 147
f 7454 7445 1739
f 7457 7456 868
f 7455 7457 147
f 7456 7455 1793
f 7459 7458 867
f 7457 7459 147
f 7458 7457 868
f 7459 7443 147
f 2839 7459 867
f 7443 2839 865
f 7460 7458 868
f 2812 7460 869
f 7458 2812 867
f 7461 2543 1737
f 2814 7461 873
f 2543 2814 869
f 2815 2806 21
f 2802 2815 873
f 2806 2802 870
f 7462 2552 349
f 7461 7462 873
f 2552 7461 1737
f 7463 7462 349
f 2803 7463 874
f 7462 2803 873
f 7465 2723 1465
f 7464 7465 1458
f 2723 7464 1462
f 7465 2731 1458
f 2789 7465 1465
f 2731 2789 1267
f 7467 2715 1462
f 7466 7467 460
f 2715 7466 1461
f 7467 2744 460
f 7464 7467 1462
f 2744 7464 1458
f 7468 2717 440
f 2716 7468 1435
f 2717 2716 1461
f 7469 2714 1435
f 2724 7469 1436
f 2714 2724 1462
f 7470 7469 1435
f 2804 7470 871
f 7469 2804 1436
f 7471 7470 1435
f 2838 7471 408
f 7470 2838 871
f 7472 7471 1435
f 2712 7472 1434
f 7471 2712 408
f 7473 7468 440
f 7472 7473 1434
f 7468 7472 1435
f 2841 2710 866
f 2837 2841 872
f 2710 2837 408
f 7474 2704 1433
f 2862 7474 1437
f 2704 2862 861
f 7475 7474 1433
f 7397 7475 287
f 7474 7397 1437
f 2713 2703 386
f 2701 2713 1434
f 2703 2701 1433
f 7476 2700 1294
f 7475 7476 287
f 2700 7475 1433
f 7473 2702 1434
f 2721 7473 440
f 2702 2721 1294
f 7478 7477 1293
f 7476 7478 287
f 7477 7476 1294
f 7478 7398 287
f 2699 7478 1293
f 7398 2699 1296
f 7480 7479 1443
f 7391 7480 103
f 7479 7391 1444
f 7479 2693 1443
f 2867 7479 1444
f 2693 2867 1297
f 7481 2869 103
f 2666 7481 1442
f 2869 2666 1285
f 7481 2690 1442
f 7480 7481 103
f 2690 7480 1443
f 7482 2692 22
f 2691 7482 1290
f 2692 2691 1443
f 7483 2686 1288
f 2698 7483 22
f 2686 2698 1291
f 7484 7483 1288
f 7482 7484 1290
f 7483 7482 22
f 7486 7485 1295
f 2684 7486 234
f 7485 2684 1293
f 7485 2720 1295
f 7477 7485 1293
f 2720 7477 1294
f 7488 7487 1460
f 7486 7488 234
f 7487 7486 1295
f 7489 2718 1461
f 7487 7489 1460
f 2718 7487 1295
f 7490 7466 460
f 7489 7490 1460
f 7466 7489 1461
f 7491 2743 1459
f 7490 7491 1460
f 2743 7490 460
f 7493 7492 1292
f 7488 7493 234
f 7492 7488 1460
f 7494 7493 1292
f 2685 7494 1288
f 7493 2685 234
f 7495 2679 1289
f 7494 7495 1288
f 2679 7494 1292
f 7496 7495 1289
f 7484 7496 1290
f 7495 7484 1288
f 7497 7496 1289
f 2689 7497 497
f 7496 2689 1290
f 7498 2681 1438
f 7497 7498 497
f 2681 7497 1289
f 7492 2677 1292
f 7491 7492 1460
f 2677 7491 1459
f 2746 2742 1457
f 2674 2746 1440
f 2742 2674 1459
f 7500 7499 1439
f 2680 7500 1438
f 7499 2680 47
f 7501 2675 1440
f 7499 7501 1439
f 2675 7499 47
f 7502 7501 1440
f 2669 7502 1441
f 7501 2669 1439
f 7503 2745 99
f 7502 7503 1441
f 2745 7502 1440
f 7504 2785 1455
f 7503 7504 1441
f 2785 7503 99
f 7507 7506 1438
f 7505 7507 29
f 7506 7505 1274
f 7507 2668 29
f 7500 7507 1438
f 2668 7500 1439
f 7508 7506 1274
f 7498 7508 497
f 7506 7498 1438
f 7509 2655 1273
f 7508 7509 497
f 2655 7508 1274
f 7509 2687 497
f 2667 7509 1273
f 2687 2667 1442
f 7510 2663 120
f 2874 7510 1286
f 2663 2874 1285
f 7510 2876 1286
f 2662 7510 120
f 2876 2662 1427
f 2665 2657 120
f 2654 2665 1273
f 2657 2654 1272
f 7511 2656 1274
f 2649 7511 1453
f 2656 2649 1272
f 7512 7505 29
f 7511 7512 1453
f 7505 7511 1274
f 7512 2647 1453
f 2672 7512 29
f 2647 2672 1454
f 7504 2671 1441
f 2645 7504 1455
f 2671 2645 1454
f 7513 2754 1261
f 2749 7513 1264
f 2754 2749 38
f 7515 7514 1263
f 7513 7515 1264
f 7514 7513 1261
f 7516 7515 1263
f 2787 7516 129
f 7515 2787 1264
f 7519 7518 1263
f 7517 7519 26
f 7518 7517 1387
f 7519 2779 26
f 7514 7519 1263
f 2779 7514 1261
f 7520 2639 1270
f 7518 7520 1263
f 2639 7518 1387
f 7521 7520 1270
f 7516 7521 129
f 7520 7516 1263
f 7522 7521 1270
f 2641 7522 1269
f 7521 2641 129
f 7523 2637 1271
f 7522 7523 1269
f 2637 7522 1270
f 7524 2644 1269
f 2648 7524 111
f 2644 2648 1454
f 7525 7523 1271
f 7524 7525 111
f 7523 7524 1269
f 7528 7527 1452
f 7526 7528 111
f 7527 7526 1451
f 7528 2646 111
f 2650 7528 1452
f 2646 2650 1453
f 7526 2635 1451
f 7525 7526 111
f 2635 7525 1271
f 7529 7527 1451
f 3247 7529 447
f 7527 3247 1452
f 7529 3241 447
f 2632 7529 1451
f 3241 2632 1450
f 7530 2631 1388
f 3127 7530 355
f 2631 3127 1450
f 7530 3238 355
f 2629 7530 1388
f 3238 2629 1328
f 2636 2634 1271
f 2630 2636 136
f 2634 2630 1388
f 7533 7532 1387
f 7531 7533 1331
f 7532 7531 1386
f 7533 2768 1331
f 7517 7533 1387
f 2768 7517 26
f 7532 2640 1387
f 2627 7532 1386
f 2640 2627 136
f 7535 2626 1386
f 7534 7535 291
f 2626 7534 1324
f 7535 2769 291
f 7531 7535 1386
f 2769 7531 1331
f 7536 2624 1324
f 3239 7536 1327
f 2624 3239 1328
f 7537 7536 1324
f 3237 7537 231
f 7536 3237 1327
f 7539 7538 1326
f 7537 7539 231
f 7538 7537 1324
f 7540 7539 1326
f 3150 7540 1321
f 7539 3150 231
f 7541 7540 1326
f 3153 7541 1322
f 7540 3153 1321
f 7542 7541 1326
f 2622 7542 1325
f 7541 2622 1322
f 7543 7534 291
f 7538 7543 1326
f 7534 7538 1324
f 7545 7544 1325
f 2771 7545 291
f 7544 2771 1330
f 7545 7543 291
f 7542 7545 1325
f 7543 7542 1326
f 7547 7546 1385
f 2623 7547 402
f 7546 2623 1325
f 7548 7544 1330
f 7546 7548 1385
f 7544 7546 1325
f 7549 2772 260
f 7548 7549 1385
f 2772 7548 1330
f 7551 7550 1125
f 7547 7551 402
f 7550 7547 1385
f 7551 2617 402
f 3178 7551 1125
f 2617 3178 1124
f 7553 7552 1476
f 7549 7553 1385
f 7552 7549 260
f 7554 7553 1476
f 7550 7554 1125
f 7553 7550 1385
f 7555 7554 1476
f 3180 7555 1478
f 7554 3180 1125
f 7557 7556 1259
f 7552 7557 1476
f 7556 7552 260
f 7558 2776 1466
f 7556 7558 1259
f 2776 7556 260
f 7560 7559 1257
f 2615 7560 1466
f 7559 2615 9
f 7563 7562 1472
f 7561 7563 251
f 7562 7561 1254
f 7564 7563 1472
f 2760 7564 1468
f 7563 2760 251
f 7565 7564 1472
f 2609 7565 1470
f 7564 2609 1468
f 7559 2600 1257
f 2610 7559 9
f 2600 2610 1470
f 7566 7560 1257
f 7558 7566 1259
f 7560 7558 1466
f 7565 2602 1470
f 2595 7565 1472
f 2602 2595 1471
f 7562 2597 1472
f 2592 7562 1254
f 2597 2592 1474
f 7568 7567 1248
f 2594 7568 1471
f 7567 2594 24
f 7570 7569 1246
f 7567 7570 1248
f 7569 7567 24
f 7570 2465 1248
f 2473 7570 1246
f 2465 2473 1247
f 7572 7571 1732
f 2598 7572 24
f 7571 2598 1474
f 7573 7572 1732
f 7569 7573 1246
f 7572 7569 24
f 7574 7573 1732
f 2475 7574 1731
f 7573 2475 1246
f 7576 7574 1732
f 7575 7576 343
f 7574 7575 1731
f 7578 7577 1733
f 7576 7578 343
f 7577 7576 1732
f 7577 2590 1733
f 7571 7577 1732
f 2590 7571 1474
f 7579 2593 1254
f 2576 7579 1256
f 2593 2576 40
f 7580 7579 1254
f 2564 7580 1255
f 7579 2564 1256
f 7580 2764 1255
f 7561 7580 1254
f 2764 7561 251
f 7581 2734 448
f 2765 7581 1469
f 2734 2765 1268
f 7582 7581 448
f 2574 7582 1463
f 7581 2574 1469
f 2733 2725 448
f 2732 2733 125
f 2725 2732 1267
f 2575 2565 1255
f 2571 2575 1463
f 2565 2571 432
f 7583 2727 1464
f 7582 7583 1463
f 2727 7582 448
f 7583 2572 1463
f 2794 7583 1464
f 2572 2794 876
f 7584 2568 879
f 2561 7584 878
f 2568 2561 432
f 7586 7584 879
f 7585 7586 877
f 7584 7585 878
f 7585 2588 878
f 2585 7585 877
f 2588 2585 464
f 7588 7587 882
f 2586 7588 12
f 7587 2586 877
f 7590 7589 1735
f 7587 7590 882
f 7589 7587 877
f 7589 2560 1735
f 7586 7589 877
f 2560 7586 879
f 7592 7590 1735
f 7591 7592 152
f 7590 7591 882
f 2567 2558 879
f 2556 2567 875
f 2558 2556 1736
f 7463 2797 874
f 2557 7463 349
f 2797 2557 875
f 7593 2554 1784
f 2555 7593 1736
f 2554 2555 349
f 7595 7593 1784
f 7594 7595 152
f 7593 7594 1736
f 7596 2551 1783
f 7595 7596 152
f 2551 7595 1784
f 7594 2559 1736
f 7592 7594 152
f 2559 7592 1735
f 2553 2548 1784
f 2546 2553 1737
f 2548 2546 1785
f 7599 7598 1791
f 7597 7599 480
f 7598 7597 868
f 7597 7460 868
f 2544 7597 480
f 7460 2544 869
f 7601 7598 868
f 7600 7601 368
f 7598 7600 1791
f 7601 7450 368
f 7456 7601 868
f 7450 7456 1793
f 7602 7600 368
f 2540 7602 1792
f 7600 2540 1791
f 7603 5311 797
f 7452 7603 368
f 5311 7452 790
f 7604 7603 797
f 7602 7604 1792
f 7603 7602 368
f 7605 5190 796
f 7604 7605 1792
f 5190 7604 797
f 7607 7606 1792
f 5239 7607 798
f 7606 5239 174
f 7607 5193 798
f 7605 7607 1792
f 5193 7605 796
f 7608 7606 174
f 2541 7608 1787
f 7606 2541 1792
f 7609 2539 1787
f 7599 7609 480
f 2539 7599 1791
f 7610 7609 1787
f 2545 7610 1785
f 7609 2545 480
f 7612 7611 1786
f 7610 7612 1785
f 7611 7610 1787
f 7613 7608 174
f 7611 7613 1786
f 7608 7611 1787
f 7614 5238 802
f 7613 7614 1786
f 5238 7613 174
f 7615 7612 1786
f 2549 7615 472
f 7612 2549 1785
f 7617 7616 804
f 7615 7617 472
f 7616 7615 1786
f 7619 7618 805
f 5235 7619 802
f 7618 5235 801
f 7620 2535 804
f 7619 7620 802
f 2535 7619 805
f 7620 7614 802
f 7616 7620 804
f 7614 7616 1786
f 7621 5977 301
f 5234 7621 801
f 5977 5234 759
f 7622 7621 301
f 7618 7622 805
f 7621 7618 801
f 7622 2537 805
f 5079 7622 301
f 2537 5079 803
f 7623 2533 1779
f 7617 7623 472
f 2533 7617 804
f 7624 7623 1779
f 2550 7624 1783
f 7623 2550 472
f 7626 7625 1780
f 2538 7626 484
f 7625 2538 803
f 7625 2529 1780
f 5960 7625 803
f 2529 5960 1782
f 7627 7626 1780
f 2531 7627 1781
f 7626 2531 484
f 7629 7627 1780
f 7628 7629 453
f 7627 7628 1781
f 7630 2528 1776
f 7629 7630 453
f 2528 7629 1780
f 7631 5961 445
f 2530 7631 1776
f 5961 2530 1782
f 7633 7632 1771
f 7631 7633 1776
f 7632 7631 445
f 7634 5956 1772
f 7632 7634 1771
f 5956 7632 445
f 7637 7636 1773
f 7635 7637 15
f 7636 7635 814
f 7638 7637 1773
f 5953 7638 1772
f 7637 5953 15
f 7639 7638 1773
f 7634 7639 1771
f 7638 7634 1772
f 7635 5669 814
f 5944 7635 15
f 5669 5944 812
f 7640 5664 810
f 7636 7640 1773
f 5664 7636 814
f 7642 7639 1773
f 7641 7642 10
f 7639 7641 1771
f 7642 5661 10
f 7640 7642 1773
f 5661 7640 810
f 7644 7643 1775
f 7641 7644 1771
f 7643 7641 10
f 7645 7644 1775
f 7633 7645 1776
f 7644 7633 1771
f 7646 7645 1775
f 7630 7646 453
f 7645 7630 1776
f 7648 7647 1777
f 7646 7648 453
f 7647 7646 1775
f 7649 5660 809
f 7643 7649 1775
f 5660 7643 10
f 7649 7647 1775
f 5657 7649 809
f 7647 5657 1777
f 7650 5503 897
f 5656 7650 1777
f 5503 5656 347
f 7652 7651 1778
f 7648 7652 453
f 7651 7648 1777
f 7652 7628 453
f 2526 7652 1778
f 7628 2526 1781
f 7653 7624 1779
f 7596 7653 152
f 7624 7596 1783
f 7654 2523 883
f 7653 7654 152
f 2523 7653 1779
f 7655 7654 883
f 7591 7655 882
f 7654 7591 152
f 7657 7656 884
f 7655 7657 882
f 7656 7655 883
f 7656 2522 884
f 2527 7656 883
f 2522 2527 1778
f 7658 7657 884
f 7588 7658 12
f 7657 7588 882
f 7651 2520 1778
f 7650 7651 1777
f 2520 7650 897
f 7660 7659 885
f 2518 7660 499
f 7659 2518 886
f 7662 7661 885
f 7658 7662 12
f 7661 7658 884
f 7663 7662 885
f 2582 7663 880
f 7662 2582 12
f 7661 7660 885
f 2521 7661 884
f 7660 2521 499
f 7665 7664 887
f 7663 7665 880
f 7664 7663 885
f 7667 7665 887
f 7666 7667 33
f 7665 7666 880
f 7668 7659 886
f 7664 7668 887
f 7659 7664 885
f 7670 7668 886
f 7669 7670 65
f 7668 7669 887
f 7670 5499 65
f 2517 7670 886
f 5499 2517 898
f 7669 2511 887
f 5493 7669 65
f 2511 5493 896
f 7671 2513 1734
f 7667 7671 33
f 2513 7667 887
f 7673 7672 888
f 7671 7673 33
f 7672 7671 1734
f 7675 7674 890
f 7673 7675 33
f 7674 7673 888
f 7676 2509 881
f 7675 7676 33
f 2509 7675 890
f 7677 7676 881
f 7666 7677 880
f 7676 7666 33
f 7677 2583 880
f 2579 7677 881
f 2583 2579 464
f 7679 7678 891
f 2578 7679 40
f 7678 2578 1473
f 7680 7679 891
f 2589 7680 1733
f 7679 2589 40
f 7678 2510 891
f 2580 7678 1473
f 2510 2580 881
f 7681 7680 891
f 7578 7681 343
f 7680 7578 1733
f 7682 2507 889
f 7681 7682 343
f 2507 7681 891
f 7674 2505 890
f 2502 7674 888
f 2505 2502 892
f 7683 2503 888
f 2500 7683 1730
f 2503 2500 467
f 7686 7685 1734
f 7684 7686 155
f 7685 7684 1730
f 7686 5494 155
f 2512 7686 1734
f 5494 2512 896
f 7685 7672 1734
f 7683 7685 1730
f 7672 7683 888
f 7687 2499 1729
f 2506 7687 889
f 2499 2506 892
f 7688 2493 893
f 7687 7688 889
f 2493 7687 1729
f 7689 7688 893
f 7682 7689 343
f 7688 7682 889
f 7689 7575 343
f 2496 7689 893
f 7575 2496 1731
f 7690 7684 155
f 2498 7690 1729
f 7684 2498 1730
f 7691 7690 155
f 2490 7691 1728
f 7690 2490 1729
f 7692 5495 895
f 7691 7692 1728
f 5495 7691 155
f 7693 7692 895
f 2482 7693 1725
f 7692 2482 1728
f 7695 7694 1725
f 6737 7695 496
f 7694 6737 904
f 7695 5496 496
f 7693 7695 1725
f 5496 7693 895
f 7694 2488 1725
f 4802 7694 904
f 2488 4802 1724
f 7696 5630 1584
f 2486 7696 182
f 5630 2486 1727
f 7697 2487 182
f 2483 7697 1251
f 2487 2483 1725
f 7698 2481 1251
f 2491 7698 351
f 2481 2491 1728
f 7699 7698 1251
f 2494 7699 1250
f 7698 2494 351
f 7701 7700 1249
f 7697 7701 1251
f 7700 7697 182
f 7702 7696 1584
f 7700 7702 1249
f 7696 7700 182
f 7701 7699 1251
f 2479 7701 1249
f 7699 2479 1250
f 7703 2480 1249
f 2471 7703 1253
f 2480 2471 319
f 7704 7702 1584
f 7703 7704 1253
f 7702 7703 1249
f 7705 5628 279
f 7704 7705 1253
f 5628 7704 1584
f 7705 2470 1253
f 5625 7705 279
f 2470 5625 1252
f 7706 2463 1475
f 7568 7706 1471
f 2463 7568 1248
f 7707 7706 1475
f 2603 7707 107
f 7706 2603 1471
f 7707 2604 107
f 2461 7707 1475
f 2604 2461 1581
f 7708 2462 370
f 2460 7708 1580
f 2462 2460 1475
f 7709 7708 370
f 2427 7709 1583
f 7708 2427 1580
f 7710 2468 1252
f 7709 7710 1583
f 2468 7709 370
f 7712 7710 1252
f 7711 7712 210
f 7710 7711 1583
f 7713 5624 1025
f 7712 7713 210
f 5624 7712 1252
f 7714 5627 1027
f 7713 7714 210
f 5627 7713 1025
f 7715 5684 1029
f 7714 7715 210
f 5684 7714 1027
f 7717 7716 1036
f 7711 7717 1583
f 7716 7711 210
f 7719 7718 1035
f 7715 7719 210
f 7718 7715 1029
f 7720 7719 1035
f 7716 7720 1036
f 7719 7716 210
f 7722 7721 1034
f 5437 7722 1029
f 7721 5437 411
f 7723 7722 1034
f 7718 7723 1035
f 7722 7718 1029
f 7724 7721 411
f 2459 7724 1574
f 7721 2459 1034
f 7724 5687 1574
f 5436 7724 411
f 5687 5436 1575
f 5689 5422 1046
f 5425 5689 1573
f 5422 5425 78
f 5421 2452 1046
f 5359 5421 1044
f 2452 5359 1045
f 7727 7726 1134
f 7725 7727 1045
f 7726 7725 1136
f 7725 5367 1136
f 5358 7725 1045
f 5367 5358 487
f 7729 7726 1136
f 7728 7729 342
f 7726 7728 1134
f 7730 7728 342
f 2450 7730 1133
f 7728 2450 1134
f 7731 7727 1134
f 2453 7731 169
f 7727 2453 1045
f 7731 2456 169
f 2449 7731 1134
f 2456 2449 1135
f 7723 2435 1035
f 2457 7723 1034
f 2435 2457 1135
f 7720 2430 1036
f 2433 7720 1035
f 2430 2433 1037
f 7717 2428 1583
f 2429 7717 1036
f 2428 2429 195
f 2605 2416 1258
f 2421 2605 1581
f 2416 2421 1582
f 7566 2414 1259
f 2607 7566 1257
f 2414 2607 1258
f 7733 7732 1477
f 7555 7733 1478
f 7732 7555 1476
f 7735 7732 1476
f 7734 7735 119
f 7732 7734 1477
f 7735 2413 119
f 7557 7735 1476
f 2413 7557 1259
f 7736 7733 1477
f 3218 7736 394
f 7733 3218 1478
f 7736 3187 394
f 2412 7736 1477
f 3187 2412 1578
f 7737 7734 119
f 2410 7737 1579
f 7734 2410 1477
f 7738 2417 1582
f 7737 7738 1579
f 2417 7737 119
f 7739 2418 297
f 7738 7739 1579
f 2418 7738 1582
f 3214 2408 1577
f 2411 3214 1578
f 2408 2411 1579
f 7740 7739 297
f 2409 7740 1038
f 7739 2409 1579
f 7741 2405 1576
f 2407 7741 1577
f 2405 2407 1038
f 7741 3216 1577
f 3207 7741 1576
f 3216 3207 64
f 7743 7742 1040
f 7740 7743 1038
f 7742 7740 297
f 7744 2420 1039
f 7742 7744 1040
f 2420 7742 297
f 7745 2425 195
f 7744 7745 1040
f 2425 7744 1039
f 7746 2431 1037
f 7745 7746 1040
f 2431 7745 195
f 7746 2448 1040
f 2443 7746 1037
f 2448 2443 1041
f 7743 2406 1038
f 2447 7743 1040
f 2406 2447 14
f 7747 2403 1131
f 3208 7747 1127
f 2403 3208 1576
f 7749 7747 1131
f 7748 7749 425
f 7747 7748 1127
f 7749 4276 425
f 2400 7749 1131
f 4276 2400 1130
f 2446 2402 14
f 2401 2446 1043
f 2402 2401 1131
f 7752 7751 1042
f 7750 7752 360
f 7751 7750 1043
f 7753 7752 1042
f 2396 7753 1132
f 7752 2396 360
f 7751 2441 1042
f 2445 7751 1043
f 2441 2445 1041
f 7754 2439 1133
f 7753 7754 1132
f 2439 7753 1042
f 7755 7730 342
f 7754 7755 1132
f 7730 7754 1133
f 7756 7750 360
f 2399 7756 1130
f 7750 2399 1043
f 7757 7756 360
f 4278 7757 1140
f 7756 4278 1130
f 7758 4281 1140
f 2390 7758 1141
f 4281 2390 1139
f 7758 2398 1141
f 7757 7758 1140
f 2398 7757 360
f 7759 2397 1132
f 2392 7759 1239
f 2397 2392 1141
f 7760 7755 342
f 7759 7760 1239
f 7755 7759 1132
f 7761 5373 1138
f 7729 7761 342
f 5373 7729 1136
f 7761 7760 342
f 2394 7761 1138
f 7760 2394 1239
f 5375 2395 1138
f 2387 5375 1240
f 2395 2387 108
f 7762 5380 1231
f 2388 7762 1506
f 5380 2388 1240
f 7765 7764 1506
f 7763 7765 485
f 7764 7763 1107
f 7766 7762 1231
f 7765 7766 485
f 7762 7765 1506
f 7768 7767 1107
f 2381 7768 300
f 7767 2381 1505
f 7767 7764 1107
f 2385 7767 1505
f 7764 2385 1506
f 7769 2386 1505
f 2389 7769 1139
f 2386 2389 108
f 7770 7769 1505
f 4282 7770 143
f 7769 4282 1139
f 7771 2380 1504
f 7770 7771 143
f 2380 7770 1505
f 7772 7771 1504
f 4287 7772 1153
f 7771 4287 143
f 7773 7772 1504
f 4212 7773 8
f 7772 4212 1153
f 7773 4216 8
f 2383 7773 1504
f 4216 2383 1503
f 7775 2378 1499
f 7774 7775 300
f 2378 7774 1108
f 7775 2382 300
f 4220 7775 1499
f 2382 4220 1503
f 7777 2377 1500
f 7776 7777 17
f 2377 7776 1499
f 7779 7778 1112
f 7777 7779 17
f 7778 7777 1500
f 7780 2371 1121
f 7778 7780 1112
f 2371 7778 1500
f 7782 7780 1121
f 7781 7782 180
f 7780 7781 1112
f 7785 7784 1120
f 7783 7785 180
f 7784 7783 1123
f 7787 7786 1123
f 2374 7787 1121
f 7786 2374 1122
f 7789 2325 1509
f 7788 7789 1103
f 2325 7788 1511
f 7792 7791 1496
f 7790 7792 1101
f 7791 7790 1495
f 7794 7792 1496
f 7793 7794 214
f 7792 7793 1101
f 7796 7791 1495
f 7795 7796 242
f 7791 7795 1496
f 7798 7790 1101
f 7797 7798 118
f 7790 7797 1495
f 7800 7799 1103
f 7798 7800 118
f 7799 7798 1101
f 7801 7789 1509
f 7800 7801 118
f 7789 7800 1103
f 7803 7802 1102
f 7799 7803 1103
f 7802 7799 1101
f 7804 7793 214
f 7802 7804 1102
f 7793 7802 1101
f 7806 7805 1122
f 7804 7806 1102
f 7805 7804 214
f 7807 7805 214
f 7786 7807 1123
f 7805 7786 1122
f 7787 7782 1121
f 7783 7787 1123
f 7782 7783 180
f 7808 2369 1104
f 2373 7808 1122
f 2369 2373 331
f 7808 7806 1122
f 2360 7808 1104
f 7806 2360 1102
f 2376 2368 331
f 2365 2376 1108
f 2368 2365 1105
f 7774 2366 1108
f 7768 7774 300
f 2366 7768 1107
f 7809 7763 485
f 2367 7809 1105
f 7763 2367 1107
f 7811 7810 1103
f 2358 7811 307
f 7810 2358 1507
f 7811 2359 307
f 7803 7811 1103
f 2359 7803 1102
f 7810 7788 1103
f 2333 7810 1507
f 7788 2333 1511
f 2364 2361 1104
f 2356 2364 1106
f 2361 2356 307
f 7812 7809 485
f 2363 7812 1106
f 7809 2363 1105
f 7815 7814 1228
f 7813 7815 485
f 7814 7813 1229
f 7816 7815 1228
f 7812 7816 1106
f 7815 7812 485
f 7813 2354 1229
f 7766 7813 485
f 2354 7766 1231
f 7269 5406 1236
f 2350 7269 1235
f 5406 2350 1234
f 7814 2337 1228
f 2351 7814 1229
f 2337 2351 1230
f 7816 2357 1106
f 2335 7816 1228
f 2357 2335 1507
f 7817 2329 1512
f 2340 7817 151
f 2329 2340 1514
f 3363 2330 1514
f 3362 3363 371
f 2330 3362 1515
f 7817 2332 151
f 2327 7817 1512
f 2332 2327 1511
f 7818 7306 1513
f 2328 7818 286
f 7306 2328 1512
f 7818 2321 286
f 2315 7818 1513
f 2321 2315 1510
f 7819 7307 131
f 2316 7819 1349
f 7307 2316 1513
f 7820 3162 1350
f 3167 7820 131
f 3162 3167 1381
f 7820 7819 131
f 2312 7820 1350
f 7819 2312 1349
f 2318 2308 16
f 2311 2318 1349
f 2308 2311 1342
f 7821 3159 419
f 2313 7821 1342
f 3159 2313 1350
f 7823 7822 1343
f 3331 7823 419
f 7822 3331 1332
f 7824 7823 1343
f 7821 7824 1342
f 7823 7821 419
f 7826 7825 1343
f 3170 7826 427
f 7825 3170 1347
f 7826 3222 427
f 7822 7826 1343
f 3222 7822 1332
f 7827 2305 1344
f 7825 7827 1343
f 2305 7825 1347
f 7830 7829 1344
f 7828 7830 326
f 7829 7828 1346
f 7831 2307 1345
f 7830 7831 326
f 2307 7830 1344
f 7832 7829 1346
f 2310 7832 16
f 7829 2310 1344
f 7827 7824 1343
f 2309 7827 1344
f 7824 2309 1342
f 7832 2319 16
f 2304 7832 1346
f 2319 2304 1508
f 7833 2323 1508
f 7801 7833 118
f 2323 7801 1509
f 7834 2303 1493
f 7833 7834 118
f 2303 7833 1508
f 7837 7836 1493
f 7835 7837 326
f 7836 7835 1494
f 7837 7828 326
f 2302 7837 1493
f 7828 2302 1346
f 7839 7838 1495
f 7836 7839 1493
f 7838 7836 1494
f 7839 7834 1493
f 7797 7839 1495
f 7834 7797 118
f 7840 7838 1494
f 7796 7840 242
f 7838 7796 1495
f 7841 7835 326
f 2301 7841 1484
f 7835 2301 1494
f 7842 7831 1345
f 7841 7842 1484
f 7831 7841 326
f 7843 7842 1345
f 2298 7843 1485
f 7842 2298 1484
f 7843 3173 1485
f 3219 7843 1345
f 3173 3219 101
f 7844 2296 1485
f 3195 7844 161
f 2296 3195 1486
f 7844 3196 161
f 3172 7844 1485
f 3196 3172 1480
f 7846 7845 1491
f 2289 7846 1492
f 7845 2289 164
f 7847 2300 1492
f 7840 7847 242
f 2300 7840 1494
f 7848 7846 1491
f 7847 7848 242
f 7846 7847 1492
f 2299 2290 1492
f 2297 2299 1484
f 2290 2297 66
f 7849 2286 1497
f 7848 7849 242
f 2286 7848 1491
f 7850 7849 1497
f 7795 7850 1496
f 7849 7795 242
f 7851 7845 164
f 2287 7851 1490
f 7845 2287 1491
f 7853 7852 1488
f 3191 7853 164
f 7852 3191 1487
f 7853 7851 164
f 2279 7853 1488
f 7851 2279 1490
f 7852 2285 1488
f 3193 7852 1487
f 2285 3193 1483
f 3201 3199 1481
f 2282 3201 1244
f 3199 2282 1483
f 7854 3211 1129
f 2283 7854 243
f 3211 2283 1244
f 7856 7855 1243
f 7854 7856 243
f 7855 7854 1129
f 7859 7858 1128
f 7857 7859 165
f 7858 7857 1243
f 7858 3210 1128
f 7855 7858 1243
f 3210 7855 1129
f 7861 7860 1117
f 7857 7861 1243
f 7860 7857 165
f 7863 7862 1245
f 7861 7863 1243
f 7862 7861 1117
f 7864 7863 1245
f 7856 7864 243
f 7863 7856 1243
f 7864 2284 243
f 2280 7864 1245
f 2284 2280 1488
f 7865 2273 1498
f 7850 7865 1496
f 2273 7850 1497
f 7866 7865 1498
f 7794 7866 214
f 7865 7794 1496
f 7867 7866 1498
f 7807 7867 1123
f 7866 7807 214
f 7867 7784 1123
f 2270 7867 1498
f 7784 2270 1120
f 7868 2272 67
f 2271 7868 1116
f 2272 2271 1498
f 7869 7862 1117
f 2278 7869 67
f 7862 2278 1245
f 7869 7868 67
f 2266 7869 1117
f 7868 2266 1116
f 7871 2269 1116
f 7870 7871 48
f 2269 7870 1120
f 7872 2268 1118
f 7871 7872 48
f 2268 7871 1116
f 7873 7860 165
f 2267 7873 1118
f 7860 2267 1117
f 7875 7874 1217
f 7873 7875 1118
f 7874 7873 165
f 7877 7876 1219
f 7859 7877 165
f 7876 7859 1128
f 7878 7877 1219
f 7874 7878 1217
f 7877 7874 165
f 7880 7876 1128
f 7879 7880 425
f 7876 7879 1219
f 7880 7748 425
f 3209 7880 1128
f 7748 3209 1127
f 7879 2264 1219
f 4277 7879 425
f 2264 4277 1242
f 7882 7881 1220
f 4289 7882 299
f 7881 4289 1214
f 7883 4196 1145
f 7881 7883 1220
f 4196 7881 1214
f 7885 7884 1217
f 7882 7885 299
f 7884 7882 1220
f 7885 2263 299
f 7878 7885 1217
f 2263 7878 1219
f 7886 4293 133
f 7883 7886 1220
f 4293 7883 1145
f 7888 7887 1218
f 7886 7888 1220
f 7887 7886 133
f 7889 7888 1218
f 7884 7889 1217
f 7888 7884 1220
f 7890 7889 1218
f 7875 7890 1118
f 7889 7875 1217
f 7891 7890 1218
f 7872 7891 48
f 7890 7872 1118
f 7893 7892 1501
f 7891 7893 48
f 7892 7891 1218
f 7894 2262 1119
f 7893 7894 48
f 2262 7893 1501
f 7895 7894 1119
f 7870 7895 1120
f 7894 7870 48
f 7896 7895 1119
f 7785 7896 180
f 7895 7785 1120
f 7897 7896 1119
f 7781 7897 1112
f 7896 7781 180
f 7898 2261 1113
f 7897 7898 1112
f 2261 7897 1119
f 7899 7887 133
f 7892 7899 1501
f 7887 7892 1218
f 7900 7899 133
f 2260 7900 1144
f 7899 2260 1501
f 7902 2255 1144
f 7901 7902 1142
f 2255 7901 1216
f 7902 4295 1142
f 7900 7902 1144
f 4295 7900 133
f 7904 7903 1216
f 4184 7904 1143
f 7903 4184 96
f 7904 4297 1143
f 7901 7904 1216
f 4297 7901 1142
f 7903 2257 1216
f 4182 7903 96
f 2257 4182 1502
f 7905 2251 1114
f 2252 7905 1113
f 2251 2252 415
f 7906 7905 1114
f 7898 7906 1112
f 7905 7898 1113
f 7908 2248 1109
f 7907 7908 17
f 2248 7907 1114
f 7907 7906 1114
f 7779 7907 17
f 7906 7779 1112
f 7909 7776 17
f 4221 7909 1111
f 7776 4221 1499
f 7909 2247 1111
f 7908 7909 17
f 2247 7908 1109
f 4223 2246 1110
f 4218 4223 1201
f 2246 4218 1111
f 7910 2258 1502
f 2250 7910 1115
f 2258 2250 415
f 7910 2240 1115
f 2237 7910 1502
f 2240 2237 1174
f 7912 7911 1167
f 2234 7912 378
f 7911 2234 1168
f 7914 7913 1167
f 4332 7914 1164
f 7913 4332 193
f 7914 4302 1164
f 7911 7914 1167
f 4302 7911 1168
f 7913 2229 1167
f 4337 7913 193
f 2229 4337 1169
f 7915 4165 1171
f 2230 7915 1172
f 4165 2230 1169
f 7916 2231 1172
f 7912 7916 378
f 2231 7912 1167
f 7918 7917 1174
f 2220 7918 1172
f 7917 2220 1173
f 7918 7916 1172
f 2235 7918 1174
f 7916 2235 378
f 7919 7917 1173
f 2241 7919 308
f 7917 2241 1174
f 7920 7919 1173
f 2244 7920 1110
f 7919 2244 308
f 7922 7921 1156
f 4224 7922 352
f 7921 4224 1110
f 7921 2228 1156
f 7920 7921 1110
f 2228 7920 1173
f 7923 7922 1156
f 4228 7923 1155
f 7922 4228 352
f 7924 2226 1154
f 7923 7924 1155
f 2226 7923 1156
f 7915 2221 1172
f 2222 7915 1171
f 2221 2222 79
f 8580 8739 8750
f 8581 8751 8669
f 8582 8668 8740
f 8583 8750 8752
f 8584 7926 8753
f 7925 8585 8751
f 8586 8754 8755
f 8587 8756 8757
f 8588 8758 8759
f 8589 8755 8760
f 7926 8590 8753
f 8591 8752 8756
f 8592 8737 8761
f 8593 8762 8758
f 8594 8757 8738
f 8595 8651 8763
f 8596 8764 8762
f 8597 8761 8648
f 8598 6319 8694
f 8599 8765 8698
f 8600 8697 8695
f 8601 8699 8766
f 8602 8767 8764
f 8603 8763 8700
f 7936 8604 8768
f 8605 8769 8767
f 8606 8766 8770
f 7938 7937 957
f 7935 7938 959
f 393 8771 8770
f 7937 6328 957
f 393 8765 8771
f 6328 7933 955
f 8607 8759 8769
f 8608 7936 8768
f 8609 8612 8754
f 7930 2224 1157
f 1158 8610 8760
f 2224 2212 1154
f 7924 2210 1155
f 2211 7924 1154
f 2210 2211 257
f 7940 7939 958
f 7938 7940 959
f 7939 7938 957
f 7940 2215 959
f 2206 7940 958
f 2215 2206 257
f 7941 6329 206
f 7939 7941 958
f 6329 7939 957
f 7943 7942 1652
f 7941 7943 958
f 7942 7941 206
f 7944 6494 1651
f 7942 7944 1652
f 6494 7942 206
f 7947 7946 1652
f 7945 7947 216
f 7946 7945 1196
f 7947 4886 216
f 7944 7947 1652
f 4886 7944 1651
f 7949 2207 958
f 7948 7949 139
f 2207 7948 1213
f 7950 7943 1652
f 7949 7950 139
f 7943 7949 958
f 7948 4271 1213
f 2205 7948 139
f 4271 2205 1200
f 7951 7946 1196
f 7950 7951 139
f 7946 7950 1652
f 7951 2202 139
f 2198 7951 1196
f 2202 2198 1195
f 7945 2199 1196
f 6502 7945 216
f 2199 6502 1197
f 4263 4257 1205
f 2192 4263 1198
f 4257 2192 1203
f 4256 4253 1180
f 2188 4256 1204
f 4253 2188 262
f 4252 4092 921
f 2187 4252 262
f 4092 2187 922
f 7952 2190 1203
f 2186 7952 1697
f 2190 2186 262
f 7953 2191 116
f 7952 7953 1697
f 2191 7952 1203
f 7954 7953 116
f 2184 7954 1698
f 7953 2184 1697
f 7954 6504 1698
f 2197 7954 116
f 6504 2197 1197
f 7955 6505 97
f 2185 7955 918
f 6505 2185 1698
f 7956 4875 915
f 7955 7956 918
f 4875 7955 97
f 7956 2180 918
f 4872 7956 915
f 2180 4872 919
f 4086 2175 923
f 2176 4086 920
f 2175 2176 52
f 4087 4083 924
f 2171 4087 923
f 4083 2171 925
f 4870 2174 919
f 2172 4870 475
f 2174 2172 923
f 6531 4866 57
f 2162 6531 618
f 4866 2162 914
f 7958 7957 617
f 6534 7958 616
f 7957 6534 132
f 7958 6532 616
f 2159 7958 617
f 6532 2159 618
f 7960 7959 623
f 2160 7960 373
f 7959 2160 617
f 7961 7960 623
f 2165 7961 619
f 7960 2165 373
f 7962 2151 623
f 2156 7962 615
f 2151 2156 479
f 7963 7959 617
f 7962 7963 615
f 7959 7962 623
f 7964 7957 132
f 7963 7964 615
f 7957 7963 617
f 7965 6537 1901
f 7964 7965 615
f 6537 7964 132
f 7966 7965 1901
f 2157 7966 614
f 7965 2157 615
f 7966 6679 614
f 6544 7966 1901
f 6679 6544 1903
f 6677 2155 614
f 6673 6677 245
f 2155 6673 613
f 7967 2146 622
f 7961 7967 619
f 2146 7961 623
f 7968 2168 619
f 2169 7968 620
f 2168 2169 475
f 7969 7967 622
f 7968 7969 620
f 7967 7968 619
f 7970 6666 625
f 2143 7970 45
f 6666 2143 624
f 7972 7971 1881
f 7970 7972 45
f 7971 7970 625
f 7971 2138 1881
f 6584 7971 625
f 2138 6584 1896
f 7973 6630 1895
f 2140 7973 1881
f 6630 2140 1897
f 7974 6622 71
f 7973 7974 1881
f 6622 7973 1895
f 7976 7975 633
f 7972 7976 45
f 7975 7972 1881
f 7976 2144 45
f 2130 7976 633
f 2144 2130 1882
f 7969 2136 620
f 2145 7969 622
f 2136 2145 1882
f 7977 2129 632
f 2137 7977 399
f 2129 2137 1882
f 7978 7974 71
f 7975 7978 633
f 7974 7975 1881
f 7978 2128 633
f 6621 7978 71
f 2128 6621 631
f 7979 2123 1880
f 7977 7979 399
f 2123 7977 632
f 7980 7979 1880
f 2131 7980 1696
f 7979 2131 399
f 7981 7980 1880
f 4085 7981 317
f 7980 4085 1696
f 7982 2120 928
f 7981 7982 317
f 2120 7981 1880
f 7982 4078 317
f 4374 7982 928
f 4078 4374 926
f 7983 2122 482
f 2121 7983 635
f 2122 2121 1880
f 7985 7984 636
f 7983 7985 635
f 7984 7983 482
f 7986 7985 636
f 4490 7986 634
f 7985 4490 635
f 7986 4042 634
f 2118 7986 636
f 4042 2118 1879
f 7988 2116 636
f 7987 7988 83
f 2116 7987 1878
f 7989 7988 636
f 2113 7989 1885
f 7988 2113 83
f 7990 7984 482
f 7989 7990 1885
f 7984 7989 636
f 7991 2126 631
f 7990 7991 1885
f 2126 7990 482
f 7992 6620 1883
f 7991 7992 1885
f 6620 7991 631
f 7993 7992 1883
f 2114 7993 1884
f 7992 2114 1885
f 7995 7994 1887
f 7987 7995 1878
f 7994 7987 83
f 7995 4020 1878
f 2112 7995 1887
f 4020 2112 1888
f 7997 7996 1886
f 2115 7997 83
f 7996 2115 1884
f 7997 7994 83
f 2107 7997 1886
f 7994 2107 1887
f 7999 7993 1883
f 7998 7999 205
f 7993 7998 1884
f 8000 2103 1886
f 6627 8000 205
f 2103 6627 1894
f 8000 7998 205
f 7996 8000 1886
f 7998 7996 1884
f 7999 6613 205
f 6616 7999 1883
f 6613 6616 629
f 4007 2105 1891
f 2108 4007 171
f 2105 2108 1886
f 8001 6625 270
f 2104 8001 1891
f 6625 2104 1894
f 8003 8002 1892
f 8001 8003 1891
f 8002 8001 270
f 8005 8004 1893
f 8002 8005 1892
f 8004 8002 270
f 8003 4008 1891
f 2099 8003 1892
f 4008 2099 1890
f 4010 2089 655
f 2097 4010 153
f 2089 2097 656
f 8006 2091 144
f 2086 8006 657
f 2091 2086 654
f 8007 8006 144
f 2077 8007 1864
f 8006 2077 657
f 8008 2088 654
f 4006 8008 212
f 2088 4006 655
f 8009 2087 658
f 8008 8009 212
f 2087 8008 654
f 8010 8009 658
f 4014 8010 661
f 8009 4014 212
f 8011 2082 660
f 8010 8011 661
f 2082 8010 658
f 8013 8012 660
f 4498 8013 659
f 8012 4498 314
f 8012 8011 660
f 3999 8012 314
f 8011 3999 661
f 8013 4502 659
f 2080 8013 660
f 4502 2080 652
f 8014 2076 653
f 2085 8014 247
f 2076 2085 657
f 8015 2079 247
f 4507 8015 651
f 2079 4507 652
f 8016 8014 653
f 8015 8016 651
f 8014 8015 247
f 8016 4509 651
f 2073 8016 653
f 4509 2073 239
f 8017 2075 1861
f 3991 8017 679
f 2075 3991 239
f 8017 3964 679
f 2072 8017 1861
f 3964 2072 676
f 4537 2070 674
f 3960 4537 675
f 2070 3960 676
f 2078 2074 653
f 2068 2078 1864
f 2074 2068 1861
f 8018 8007 144
f 2065 8018 671
f 8007 2065 1864
f 8018 2062 671
f 2094 8018 144
f 2062 2094 672
f 8019 2063 673
f 2066 8019 13
f 2063 2066 671
f 8019 2069 13
f 2061 8019 673
f 2069 2061 674
f 8020 2060 1863
f 4538 8020 362
f 2060 4538 674
f 8020 4540 362
f 2059 8020 1863
f 4540 2059 1984
f 8022 4542 1984
f 8021 8022 390
f 4542 8021 1979
f 8021 4548 1979
f 4545 8021 390
f 4548 4545 1980
f 8023 2058 1985
f 8022 8023 390
f 2058 8022 1984
f 8026 8025 670
f 8024 8026 539
f 8025 8024 1985
f 8024 8023 1985
f 4546 8024 539
f 8023 4546 390
f 8027 2102 669
f 2096 8027 668
f 2102 2096 153
f 8028 2047 670
f 8027 8028 668
f 2047 8027 669
f 8029 8028 670
f 2051 8029 56
f 8028 2051 668
f 8029 2056 56
f 8025 8029 670
f 2056 8025 1985
f 8030 8005 1893
f 2101 8030 669
f 8005 2101 1892
f 8030 2048 669
f 2042 8030 1893
f 2048 2042 461
f 8031 6612 537
f 8004 8031 1893
f 6612 8004 270
f 8031 2043 1893
f 6610 8031 537
f 2043 6610 536
f 8032 2046 461
f 8026 8032 539
f 2046 8026 670
f 8033 2045 540
f 8032 8033 539
f 2045 8032 461
f 8034 8033 540
f 4547 8034 541
f 8033 4547 539
f 8035 6609 538
f 2040 8035 413
f 6609 2040 535
f 8036 6775 1983
f 8035 8036 413
f 6775 8035 538
f 8034 2034 541
f 2036 8034 540
f 2034 2036 1982
f 4549 2032 1978
f 4544 4549 1980
f 2032 4544 541
f 8036 2035 413
f 2027 8036 1983
f 2035 2027 1982
f 8037 2023 1981
f 4692 8037 6
f 2023 4692 2008
f 8037 4693 6
f 2028 8037 1981
f 4693 2028 1983
f 8040 8039 2009
f 8038 8040 211
f 8039 8038 2010
f 8042 8039 2010
f 8041 8042 87
f 8039 8041 2009
f 8043 8042 2010
f 2031 8043 1978
f 8042 2031 87
f 8041 2025 2009
f 2030 8041 87
f 2025 2030 1981
f 8044 8043 2010
f 3940 8044 126
f 8043 3940 1978
f 8045 8044 2010
f 4550 8045 502
f 8044 4550 126
f 8046 2020 501
f 3937 8046 92
f 2020 3937 1976
f 8047 8046 501
f 3929 8047 1974
f 8046 3929 92
f 8049 2022 502
f 8048 8049 211
f 2022 8048 501
f 8049 8038 211
f 8045 8049 502
f 8038 8045 2010
f 8050 4690 503
f 8048 8050 501
f 4690 8048 211
f 8051 8040 2009
f 4688 8051 2007
f 8040 4688 211
f 8051 4687 2007
f 2024 8051 2009
f 4687 2024 2008
f 4680 2017 2006
f 4571 4680 2004
f 2017 4571 547
f 4560 2012 546
f 3932 4560 1968
f 2012 3932 1974
f 8052 2013 1974
f 2018 8052 503
f 2013 2018 31
f 8052 8050 503
f 8047 8052 1974
f 8050 8047 501
f 3429 8053 8055
f 8053 3430 8054
f 8055 8054 3426
f 3431 8056 8058
f 8056 3432 8057
f 8058 8057 3429
f 3474 8059 8061
f 8059 3475 8060
f 8061 8060 3473
f 3477 8062 8064
f 8062 3478 8063
f 8064 8063 3476
f 3479 8065 8067
f 8065 3480 8066
f 8067 8066 3476
f 3487 3488 8389
f 8068 8069 8389
f 3489 8070 8072
f 8070 3490 8071
f 8072 8071 3486
f 3492 3493 8074
f 8073 8074 3493
f 3647 3648 8390
f 8075 8076 8390
f 5734 8077 8391
f 8077 5735 8379
f 8079 8078 8392
f 5736 8393 8082
f 8080 8394 8081
f 8082 8380 5735
f 5738 8083 8085
f 8083 5739 8084
f 8085 8084 5737
f 5740 8086 8088
f 8086 5741 8087
f 8088 8087 5739
f 5738 8089 8091
f 8089 5743 8090
f 8091 8090 5742
f 5790 8092 8094
f 8092 5791 8093
f 8094 8093 5789
f 5793 8095 8097
f 8095 5794 8096
f 8097 8096 5789
f 5808 8098 8100
f 8098 5809 8099
f 8100 8099 5807
f 5810 5811 8395
f 8101 8102 8395
f 5773 8396 5746
f 8104 8396 8103
f 5744 8397 5806
f 8106 8397 8105
f 5816 8107 8109
f 8107 5817 8108
f 8109 8108 5807
f 5777 8110 8112
f 8110 5818 8111
f 8112 8111 5815
f 5819 8113 8115
f 8113 5820 8114
f 8115 8114 5818
f 5820 8116 8118
f 8116 5821 8117
f 8118 8117 5817
f 5821 8119 8121
f 8119 5823 8120
f 8121 8120 5822
f 5743 8122 8124
f 8122 5824 8123
f 8124 8123 5823
f 5819 8125 8127
f 8125 5825 8126
f 8127 8126 5742
f 5826 8128 8130
f 8128 5827 8129
f 8130 8129 5825
f 5740 8131 8133
f 8131 5827 8132
f 8133 8132 5790
f 5824 8134 8136
f 8134 5828 8135
f 8136 8135 5822
f 5808 8137 8139
f 8137 5828 8138
f 8139 8138 5736
f 5829 8140 8142
f 8140 5830 8141
f 8142 8141 5733
f 8143 8398 8144
f 5814 8398 5831
f 5741 8145 8147
f 8145 5846 8146
f 8147 8146 5829
f 5847 5848 8399
f 8148 8149 8399
f 5848 8400 8151
f 8150 8400 5849
f 3533 8152 8401
f 8153 7139 8401
f 8154 8381 3506
f 7167 8155 8402
f 8156 3502 8402
f 7172 8157 8159
f 8157 7173 8158
f 8159 8158 3491
f 7173 8160 8162
f 8160 7174 8161
f 8162 8161 7140
f 3490 8163 8165
f 8163 7172 8164
f 8165 8164 7169
f 3481 8403 7176
f 8167 8403 8166
f 7180 8168 8170
f 8168 7181 8169
f 8170 8169 7179
f 7181 8171 8173
f 8171 7182 8172
f 8173 8172 3489
f 7182 8174 8176
f 8174 7183 8175
f 8176 8175 7174
f 3477 8177 8179
f 8177 7184 8178
f 8179 8178 7183
f 7184 8180 8182
f 8180 7185 8181
f 8182 8181 3646
f 7185 8183 8185
f 8183 7186 8184
f 8185 8184 7043
f 3480 8186 8188
f 8186 7187 8187
f 8188 8187 7186
f 7187 8189 8191
f 8189 7189 8190
f 8191 8190 7188
f 7190 8192 8194
f 8192 7191 8193
f 8194 8193 3473
f 7180 8195 8197
f 8195 7190 8196
f 8197 8196 3478
f 3475 8198 8200
f 8198 7192 8199
f 8200 8199 3479
f 7193 8201 8203
f 8201 7194 8202
f 8203 8202 7189
f 3432 8204 8206
f 8204 7193 8205
f 8206 8205 7192
f 3474 8207 8209
f 8207 7195 8208
f 8209 8208 3430
f 3472 8210 8404
f 8211 3483 8404
f 3471 8405 8213
f 8212 8405 7225
f 3430 8053 8215
f 8053 3429 8214
f 8215 8214 1547
f 3426 8406 1546
f 8216 8406 8054
f 8055 8407 8217
f 452 8407 3426
f 8056 8408 8218
f 1058 8408 3431
f 3429 8057 8214
f 8057 3432 8219
f 8214 8219 1547
f 3431 8409 452
f 8217 8409 8058
f 3472 8410 8221
f 8220 8410 3471
f 3475 8059 8223
f 8059 3474 8222
f 8223 8222 1547
f 3473 8060 8225
f 8060 3475 8224
f 8225 8224 418
f 3474 8061 8227
f 8061 3473 8226
f 8227 8226 1548
f 3478 8062 8229
f 8062 3477 8228
f 8229 8228 1065
f 3476 8063 8231
f 8063 3478 8230
f 8231 8230 418
f 3477 8064 8233
f 8064 3476 8232
f 8233 8232 1067
f 3480 8065 8235
f 8065 3479 8234
f 8235 8234 1066
f 3476 8066 8232
f 8066 3480 8236
f 8232 8236 1067
f 3479 8067 8237
f 8067 3476 8231
f 8237 8231 418
f 3481 3483 8411
f 8238 8239 8411
f 3486 8068 8241
f 8068 3488 8240
f 8241 8240 263
f 3487 8069 8243
f 8069 3486 8242
f 8243 8242 989
f 3490 8070 8245
f 8070 3489 8244
f 8245 8244 1063
f 3486 8071 8242
f 8071 3490 8246
f 8242 8246 989
f 3489 8072 8247
f 8072 3486 8241
f 8247 8241 263
f 8073 8412 8248
f 990 8412 3493
f 3492 8074 8250
f 8074 3491 8249
f 8250 8249 1644
f 3506 8413 8251
f 8243 8413 3487
f 3533 8414 8252
f 8250 8414 3492
f 3646 8075 8254
f 8075 3648 8253
f 8254 8253 186
f 3647 8415 977
f 8255 8415 8076
f 5735 8077 8416
f 8077 5734 8382
f 8257 8256 8417
f 5733 8078 8383
f 8078 5735 8418
f 8259 8258 8419
f 5734 8391 8261
f 8079 8392 8260
f 8261 8384 1369
f 5737 8394 8263
f 8080 8393 8262
f 8263 8385 1364
f 5735 8081 8418
f 8081 5737 8386
f 8258 8264 8419
f 5736 8082 8387
f 8082 5735 8416
f 8265 8257 8417
f 5739 8083 8267
f 8083 5738 8266
f 8267 8266 1363
f 5737 8084 8264
f 8084 5739 8268
f 8264 8268 159
f 5738 8085 8269
f 8085 5737 8263
f 8269 8263 1364
f 5741 8086 8271
f 8086 5740 8270
f 8271 8270 1362
f 5739 8087 8268
f 8087 5741 8272
f 8268 8272 159
f 5740 8088 8273
f 8088 5739 8267
f 8273 8267 1363
f 5743 8089 8274
f 8089 5738 8269
f 8274 8269 1364
f 5742 8090 8276
f 8090 5743 8275
f 8276 8275 1359
f 5738 8091 8266
f 8091 5742 8277
f 8266 8277 1363
f 5744 5746 8420
f 8278 8279 8420
f 8280 8388 1353
f 5791 8421 1360
f 8281 8421 8092
f 8093 8422 8282
f 30 8422 5791
f 5790 8094 8284
f 8094 5789 8283
f 8284 8283 1362
f 5794 8095 8286
f 8095 5793 8285
f 8286 8285 1365
f 5789 8096 8283
f 8096 5794 8287
f 8283 8287 1362
f 5793 8423 30
f 8282 8423 8097
f 5805 5806 8424
f 8288 8289 8424
f 5809 8098 8291
f 8098 5808 8290
f 8291 8290 1371
f 5807 8099 8293
f 8099 5809 8292
f 8293 8292 261
f 5808 8100 8295
f 8100 5807 8294
f 8295 8294 1358
f 5809 8101 8292
f 8101 5811 8296
f 8292 8296 261
f 5810 8102 8297
f 8102 5809 8291
f 8297 8291 1371
f 5811 5805 8425
f 8289 8296 8425
f 5814 5810 8426
f 8297 8298 8426
f 5815 8103 8299
f 8103 5773 8280
f 8299 8280 1353
f 5746 8104 8278
f 8104 5815 8300
f 8278 8300 1355
f 5816 8105 8301
f 8105 5744 8279
f 8301 8279 1355
f 5806 8106 8288
f 8106 5816 8302
f 8288 8302 261
f 5817 8107 8303
f 8107 5816 8301
f 8303 8301 1355
f 5807 8108 8294
f 8108 5817 8304
f 8294 8304 1358
f 5816 8109 8302
f 8109 5807 8293
f 8302 8293 261
f 8110 5777 8427
f 121 8305 8427
f 5815 8111 8300
f 8111 5818 8306
f 8300 8306 1355
f 5777 8112 8428
f 8299 1353 8428
f 5820 8113 8308
f 8113 5819 8307
f 8308 8307 1359
f 5818 8114 8306
f 8114 5820 8309
f 8306 8309 1355
f 5819 8115 8310
f 8115 5818 8305
f 8310 8305 121
f 5821 8116 8311
f 8116 5820 8308
f 8311 8308 1359
f 5817 8117 8304
f 8117 5821 8312
f 8304 8312 1358
f 5820 8118 8309
f 8118 5817 8303
f 8309 8303 1355
f 5823 8119 8313
f 8119 5821 8311
f 8313 8311 1359
f 5822 8120 8315
f 8120 5823 8314
f 8315 8314 98
f 5821 8121 8312
f 8121 5822 8316
f 8312 8316 1358
f 5824 8122 8317
f 8122 5743 8274
f 8317 8274 1364
f 5823 8123 8314
f 8123 5824 8318
f 8314 8318 98
f 5743 8124 8275
f 8124 5823 8313
f 8275 8313 1359
f 5825 8125 8319
f 8125 5819 8310
f 8319 8310 121
f 5742 8126 8277
f 8126 5825 8320
f 8277 8320 1363
f 5819 8127 8307
f 8127 5742 8276
f 8307 8276 1359
f 8128 8429 8321
f 1360 8429 5826
f 5825 8129 8320
f 8129 5827 8322
f 8320 8322 1363
f 5826 8430 121
f 8319 8430 8130
f 5827 8131 8322
f 8131 5740 8273
f 8322 8273 1363
f 5790 8132 8281
f 8132 5827 8321
f 8281 8321 1360
f 5740 8133 8270
f 8133 5790 8284
f 8270 8284 1362
f 5828 8134 8323
f 8134 5824 8317
f 8323 8317 1364
f 5822 8135 8316
f 8135 5828 8324
f 8316 8324 1358
f 5824 8136 8318
f 8136 5822 8315
f 8318 8315 98
f 5828 8137 8324
f 8137 5808 8295
f 8324 8295 1358
f 5736 8138 8262
f 8138 5828 8323
f 8262 8323 1364
f 5808 8139 8290
f 8139 5736 8265
f 8290 8265 1371
f 5830 8140 8431
f 8325 1368 8431
f 5733 8141 8260
f 8141 5830 8326
f 8260 8326 1369
f 5829 8142 8327
f 8142 5733 8259
f 8327 8259 159
f 5831 8143 8328
f 8143 5734 8261
f 8328 8261 1369
f 5734 8144 8256
f 8144 5814 8298
f 8256 8298 1371
f 5832 8432 8329
f 8328 8432 5831
f 5830 5832 8433
f 8329 8326 8433
f 5846 8145 8330
f 8145 5741 8271
f 8330 8271 1362
f 5829 8146 8325
f 8146 5846 8331
f 8325 8331 1368
f 5741 8147 8272
f 8147 5829 8327
f 8272 8327 159
f 5794 8148 8287
f 8148 5848 8332
f 8287 8332 1362
f 5847 8149 8333
f 8149 5794 8286
f 8333 8286 1365
f 8150 5849 8434
f 1368 8331 8434
f 5848 8151 8332
f 8151 5846 8330
f 8332 8330 1362
f 5853 5847 8435
f 8333 8334 8435
f 7140 8152 8335
f 8152 3533 8252
f 8335 8252 1644
f 7139 8153 8337
f 8153 7140 8336
f 8337 8336 186
f 3648 8436 8253
f 8337 8436 7139
f 7167 8154 8338
f 8154 3506 8251
f 8338 8251 989
f 7169 8155 8339
f 8155 7167 8338
f 8339 8338 989
f 3502 8437 990
f 8340 8437 8156
f 7173 8157 8342
f 8157 7172 8341
f 8342 8341 1063
f 3491 8158 8249
f 8158 7173 8343
f 8249 8343 1644
f 7172 8159 8344
f 8159 3491 8248
f 8344 8248 990
f 7174 8160 8345
f 8160 7173 8342
f 8345 8342 1063
f 7140 8161 8336
f 8161 7174 8346
f 8336 8346 186
f 7173 8162 8343
f 8162 7140 8335
f 8343 8335 1644
f 7172 8163 8341
f 8163 3490 8245
f 8341 8245 1063
f 7169 8164 8340
f 8164 7172 8344
f 8340 8344 990
f 3490 8165 8246
f 8165 7169 8339
f 8246 8339 989
f 3488 7176 8438
f 8347 8240 8438
f 7179 8166 8348
f 8166 3481 8239
f 8348 8239 1064
f 7176 8167 8347
f 8167 7179 8349
f 8347 8349 263
f 7181 8168 8351
f 8168 7180 8350
f 8351 8350 1065
f 7179 8169 8349
f 8169 7181 8352
f 8349 8352 263
f 7180 8170 8353
f 8170 7179 8348
f 8353 8348 1064
f 7182 8171 8354
f 8171 7181 8351
f 8354 8351 1065
f 3489 8172 8244
f 8172 7182 8355
f 8244 8355 1063
f 7181 8173 8352
f 8173 3489 8247
f 8352 8247 263
f 7183 8174 8356
f 8174 7182 8354
f 8356 8354 1065
f 7174 8175 8346
f 8175 7183 8357
f 8346 8357 186
f 7182 8176 8355
f 8176 7174 8345
f 8355 8345 1063
f 7184 8177 8358
f 8177 3477 8233
f 8358 8233 1067
f 7183 8178 8357
f 8178 7184 8359
f 8357 8359 186
f 3477 8179 8228
f 8179 7183 8356
f 8228 8356 1065
f 7185 8180 8360
f 8180 7184 8358
f 8360 8358 1067
f 3646 8181 8255
f 8181 7185 8361
f 8255 8361 977
f 7184 8182 8359
f 8182 3646 8254
f 8359 8254 186
f 7186 8183 8362
f 8183 7185 8360
f 8362 8360 1067
f 7043 8439 1087
f 8363 8439 8184
f 8185 8440 8361
f 977 8440 7043
f 7187 8186 8364
f 8186 3480 8235
f 8364 8235 1066
f 7186 8187 8363
f 8187 7187 8365
f 8363 8365 1087
f 3480 8188 8236
f 8188 7186 8362
f 8236 8362 1067
f 7189 8189 8366
f 8189 7187 8364
f 8366 8364 1066
f 7188 8190 8441
f 8367 363 8441
f 8191 7188 8442
f 1087 8365 8442
f 7191 8192 8369
f 8192 7190 8368
f 8369 8368 1064
f 3473 8193 8226
f 8193 7191 8370
f 8226 8370 1548
f 7190 8194 8371
f 8194 3473 8225
f 8371 8225 418
f 7190 8195 8368
f 8195 7180 8353
f 8368 8353 1064
f 3478 8196 8230
f 8196 7190 8371
f 8230 8371 418
f 7180 8197 8350
f 8197 3478 8229
f 8350 8229 1065
f 7192 8198 8372
f 8198 3475 8223
f 8372 8223 1547
f 3479 8199 8234
f 8199 7192 8373
f 8234 8373 1066
f 3475 8200 8224
f 8200 3479 8237
f 8224 8237 418
f 7194 8374 1058
f 8374 7194 8201
f 8202 363 8367
f 363 8202 7194
f 7193 8203 8375
f 8203 7189 8366
f 8375 8366 1066
f 7193 8204 8374
f 8204 3432 8218
f 8374 8218 1058
f 7192 8205 8373
f 8205 7193 8375
f 8373 8375 1066
f 3432 8206 8219
f 8206 7192 8372
f 8219 8372 1547
f 7195 8207 8376
f 8207 3474 8227
f 8376 8227 1548
f 3430 8208 8216
f 8208 7195 8377
f 8216 8377 1546
f 3474 8209 8222
f 8209 3430 8215
f 8222 8215 1547
f 7191 8210 8370
f 8210 3472 8221
f 8370 8221 1548
f 3483 8211 8238
f 8211 7191 8369
f 8238 8369 1064
f 8212 8443 8377
f 1546 8443 7225
f 3471 8213 8220
f 8213 7195 8376
f 8220 8376 1548
f 5793 7237 8444
f 8378 8285 8444
f 7237 8445 8378
f 8334 8445 5853
f 8379 8078 8079
f 8080 8380 8082
f 7167 8381 8154
f 8382 8256 8257
f 8383 8258 8259
f 8079 8384 8261
f 8080 8385 8263
f 8386 8264 8258
f 8387 8257 8265
f 5773 8388 8280
f 3487 8389 8069
f 8068 8389 3488
f 3647 8390 8076
f 8075 8390 3648
f 8391 8077 8079
f 8379 5735 8078
f 8392 8078 5733
f 8393 8080 8082
f 8394 5737 8081
f 8380 8081 5735
f 5810 8395 8102
f 8101 8395 5811
f 8396 8104 5746
f 8396 5773 8103
f 8397 8106 5806
f 8397 5744 8105
f 8398 5814 8144
f 8398 8143 5831
f 5847 8399 8149
f 8148 8399 5848
f 8400 8150 8151
f 8400 5848 5849
f 3533 8401 7139
f 8153 8401 8152
f 8381 7168 3506
f 7167 8402 3502
f 8156 8402 8155
f 8403 8167 7176
f 8403 3481 8166
f 3472 8404 3483
f 8211 8404 8210
f 8405 8212 8213
f 8405 3471 7225
f 8406 8216 1546
f 8406 3426 8054
f 8407 452 8217
f 8407 8055 3426
f 8408 1058 8218
f 8408 8056 3431
f 8409 8217 452
f 8409 3431 8058
f 8410 8220 8221
f 8410 3472 3471
f 3481 8411 8239
f 8238 8411 3483
f 8412 990 8248
f 8412 8073 3493
f 8413 8243 8251
f 8413 3506 3487
f 8414 8250 8252
f 8414 3533 3492
f 8415 8255 977
f 8415 3647 8076
f 8416 8077 8257
f 8382 5734 8256
f 8417 8256 1371
f 5733 8383 8259
f 8078 8418 8258
f 8259 8419 159
f 8391 8079 8261
f 8392 5733 8260
f 8384 8260 1369
f 8394 8080 8263
f 8393 5736 8262
f 8385 8262 1364
f 8418 8081 8258
f 8386 5737 8264
f 8419 8264 159
f 5736 8387 8265
f 8082 8416 8257
f 8265 8417 1371
f 5744 8420 8279
f 8278 8420 5746
f 8388 5772 1353
f 8421 8281 1360
f 8421 5791 8092
f 8422 30 8282
f 8422 8093 5791
f 8423 8282 30
f 8423 5793 8097
f 5805 8424 8289
f 8288 8424 5806
f 5811 8425 8296
f 8289 8425 5805
f 5814 8426 8298
f 8297 8426 5810
f 8110 8427 8305
f 121 8427 5777
f 5777 8428 1353
f 8299 8428 8112
f 8429 1360 8321
f 8429 8128 5826
f 8430 8319 121
f 8430 5826 8130
f 5830 8431 1368
f 8325 8431 8140
f 8432 8328 8329
f 8432 5832 5831
f 5830 8433 8326
f 8329 8433 5832
f 8150 8434 8331
f 1368 8434 5849
f 5853 8435 8334
f 8333 8435 5847
f 8436 8337 8253
f 8436 3648 7139
f 8437 8340 990
f 8437 3502 8156
f 3488 8438 8240
f 8347 8438 7176
f 8439 8363 1087
f 8439 7043 8184
f 8440 977 8361
f 8440 8185 7043
f 7188 8441 363
f 8367 8441 8190
f 8191 8442 8365
f 1087 8442 7188
f 8443 1546 8377
f 8443 8212 7225
f 5793 8444 8285
f 8378 8444 7237
f 8445 8334 8378
f 8445 7237 5853
f 3542 8446 8448
f 8446 3543 8447
f 8448 8447 3541
f 3544 8449 8451
f 8449 3545 8450
f 8451 8450 3543
f 3546 3547 8453
f 8452 8453 3547
f 3563 8454 8456
f 8454 3564 8455
f 8456 8455 3562
f 3565 8457 8459
f 8457 3566 8458
f 8459 8458 3564
f 3566 8460 8462
f 8460 3570 8461
f 8462 8461 3567
f 3621 8463 8465
f 8463 3622 8464
f 8465 8464 3620
f 3624 8466 8468
f 8466 3625 8467
f 8468 8467 3623
f 3626 8469 8471
f 8469 3627 8470
f 8471 8470 3625
f 3628 8472 8474
f 8472 3629 8473
f 8474 8473 3623
f 3630 8475 8477
f 8475 3631 8476
f 8477 8476 3629
f 8478 3632 8479
f 3632 8478 3634
f 4146 8480 8481
f 8480 4146 4147
f 4153 8482 8484
f 8482 4154 8483
f 8484 8483 4152
f 4145 8485 8487
f 8485 4155 8486
f 8487 8486 4153
f 4156 8488 8490
f 8488 4157 8489
f 8490 8489 4155
f 4158 8491 8493
f 8491 4159 8492
f 8493 8492 4157
f 6311 8494 6310
f 8495 6310 8494
f 8496 6310 8497
f 6310 8496 6314
f 6316 8498 8500
f 8498 6317 8499
f 8500 8499 6315
f 6312 8501 8503
f 8501 6318 8502
f 8503 8502 6315
f 6223 8504 8506
f 8504 6319 8505
f 8506 8505 6318
f 6321 8507 8509
f 8507 6322 8508
f 8509 8508 6320
f 7054 8510 8512
f 8510 7055 8511
f 8512 8511 7053
f 7054 8513 8515
f 8513 7056 8514
f 8515 8514 3542
f 3544 8516 8518
f 8516 7057 8517
f 8518 8517 3563
f 7057 8519 8521
f 8519 7059 8520
f 8521 8520 7058
f 7060 8522 8524
f 8522 7061 8523
f 8524 8523 7058
f 7056 8525 8527
f 8525 7062 8526
f 8527 8526 7059
f 3633 8528 8530
f 8528 7072 8529
f 8530 8529 7071
f 7069 8531 8533
f 8531 7071 8532
f 8533 8532 7053
f 7072 8534 8536
f 8534 7073 8535
f 8536 8535 7062
f 7074 8537 3632
f 8538 3632 8537
f 7077 8539 8541
f 8539 7078 8540
f 8541 8540 6313
f 7078 8542 8544
f 8542 7079 8543
f 8544 8543 7075
f 7079 8545 8547
f 8545 7080 8546
f 8547 8546 7073
f 7060 8548 8550
f 8548 7080 8549
f 8550 8549 3630
f 3631 8551 8553
f 8551 7077 8552
f 8553 8552 6317
f 6316 8554 8556
f 8554 6321 8555
f 8556 8555 3624
f 4159 8557 8559
f 8557 7082 8558
f 8559 8558 7081
f 4158 8560 8562
f 8560 7083 8561
f 8562 8561 3627
f 7083 8563 8565
f 8563 7084 8564
f 8565 8564 3620
f 4156 8566 8568
f 8566 7085 8567
f 8568 8567 7084
f 8569 3619 8570
f 3619 8569 7088
f 3570 8571 8573
f 8571 3621 8572
f 8573 8572 3618
f 3622 8574 8576
f 8574 7114 8575
f 8576 8575 3628
f 7061 8577 8579
f 8577 7114 8578
f 8579 8578 3565
f 7081 8580 8582
f 8580 7925 8581
f 8582 8581 4154
f 7925 8583 8585
f 8583 7926 8584
f 8585 8584 2218
f 7928 8586 8588
f 8586 7929 8587
f 8588 8587 7927
f 7929 8589 8591
f 8589 7930 8590
f 8591 8590 7926
f 7082 8592 8594
f 8592 7931 8593
f 8594 8593 7927
f 3626 8595 8597
f 8595 7932 8596
f 8597 8596 7931
f 6319 8598 8600
f 8598 7933 8599
f 8600 8599 6322
f 6320 8601 8603
f 8601 7934 8602
f 8603 8602 7932
f 7935 8604 8606
f 8604 7936 8605
f 8606 8605 7934
f 7928 8607 8609
f 8607 7936 8608
f 8609 8608 2214
f 2213 2212 8611
f 8610 8611 2212
f 2214 8611 8612
f 8611 2214 2213
f 3543 8446 8614
f 8446 3542 8613
f 8614 8613 1635
f 3541 8447 183
f 8615 183 8447
f 8448 3541 8616
f 1629 8616 3541
f 3545 8449 8618
f 8449 3544 8617
f 8618 8617 1656
f 3543 8450 8615
f 8450 3545 8619
f 8615 8619 183
f 3544 8451 8620
f 8451 3543 8614
f 8620 8614 1635
f 8452 3547 8619
f 183 8619 3547
f 3546 8453 8621
f 8453 3545 8618
f 8621 8618 1656
f 3562 3561 8623
f 8622 8623 3561
f 3564 8454 8625
f 8454 3563 8624
f 8625 8624 1655
f 3562 8626 221
f 8626 3562 8455
f 3563 8456 8627
f 8456 3562 8623
f 8627 8623 1656
f 3566 8457 8629
f 8457 3565 8628
f 8629 8628 949
f 3564 8458 8626
f 8458 3566 8630
f 8626 8630 221
f 3565 8459 8631
f 8459 3564 8625
f 8631 8625 1655
f 3570 8460 8632
f 8460 3566 8629
f 8632 8629 949
f 3567 8633 947
f 8633 3567 8461
f 8462 221 8630
f 221 8462 3567
f 3619 3618 8635
f 8634 8635 3618
f 3622 8463 8637
f 8463 3621 8636
f 8637 8636 949
f 3620 8464 8639
f 8464 3622 8638
f 8639 8638 280
f 3621 8465 8641
f 8465 3620 8640
f 8641 8640 948
f 3625 8466 8643
f 8466 3624 8642
f 8643 8642 952
f 3623 8467 8645
f 8467 3625 8644
f 8645 8644 280
f 3624 8468 8647
f 8468 3623 8646
f 8647 8646 953
f 3627 8469 8649
f 8469 3626 8648
f 8649 8648 1160
f 3625 8470 8644
f 8470 3627 8650
f 8644 8650 280
f 3626 8471 8651
f 8471 3625 8643
f 8651 8643 952
f 3629 8472 8653
f 8472 3628 8652
f 8653 8652 1654
f 3623 8473 8646
f 8473 3629 8654
f 8646 8654 953
f 3628 8474 8655
f 8474 3623 8645
f 8655 8645 280
f 3631 8475 8657
f 8475 3630 8656
f 8657 8656 1638
f 3629 8476 8654
f 8476 3631 8658
f 8654 8658 953
f 3630 8477 8659
f 8477 3629 8653
f 8659 8653 1654
f 3634 8478 1636
f 8660 1636 8478
f 3633 8479 8662
f 8479 3632 8661
f 8662 8661 1637
f 4145 8480 8664
f 8480 4147 8663
f 8664 8663 320
f 4146 8481 8666
f 8481 4145 8665
f 8666 8665 1162
f 4151 8666 1162
f 4154 8482 8668
f 8482 4153 8667
f 8668 8667 1163
f 4152 8483 1161
f 8669 1161 8483
f 8484 4152 8670
f 1162 8670 4152
f 4155 8485 8671
f 8485 4145 8664
f 8671 8664 320
f 4153 8486 8667
f 8486 4155 8672
f 8667 8672 1163
f 4145 8487 8665
f 8487 4153 8670
f 8665 8670 1162
f 4157 8488 8674
f 8488 4156 8673
f 8674 8673 950
f 4155 8489 8672
f 8489 4157 8675
f 8672 8675 1163
f 4156 8490 8676
f 8490 4155 8671
f 8676 8671 320
f 4159 8491 8678
f 8491 4158 8677
f 8678 8677 1160
f 4157 8492 8675
f 8492 4159 8679
f 8675 8679 1163
f 4158 8493 8680
f 8493 4157 8674
f 8680 8674 950
f 8494 954 8681
f 954 8494 6311
f 6310 8495 8683
f 8495 6312 8682
f 8683 8682 156
f 6314 8496 975
f 8684 975 8496
f 6313 8497 8685
f 8497 6310 8683
f 8685 8683 156
f 6317 8498 8687
f 8498 6316 8686
f 8687 8686 953
f 6315 8499 8689
f 8499 6317 8688
f 8689 8688 156
f 6316 8500 8691
f 8500 6315 8690
f 8691 8690 951
f 6318 8501 8692
f 8501 6312 8681
f 8692 8681 954
f 6315 8502 8690
f 8502 6318 8693
f 8690 8693 951
f 6312 8503 8682
f 8503 6315 8689
f 8682 8689 156
f 8504 955 8694
f 955 8504 6223
f 6318 8505 8693
f 8505 6319 8695
f 8693 8695 951
f 6223 8692 954
f 8692 6223 8506
f 6322 8507 8697
f 8507 6321 8696
f 8697 8696 951
f 6320 8508 8699
f 8508 6322 8698
f 8699 8698 393
f 6321 8509 8701
f 8509 6320 8700
f 8701 8700 952
f 7055 8702 1629
f 8702 7055 8510
f 8511 157 8703
f 157 8511 7055
f 7054 8512 8705
f 8512 7053 8704
f 8705 8704 1634
f 7056 8513 8706
f 8513 7054 8705
f 8706 8705 1634
f 3542 8514 8613
f 8514 7056 8707
f 8613 8707 1635
f 7054 8515 8702
f 8515 3542 8616
f 8702 8616 1629
f 7057 8516 8708
f 8516 3544 8620
f 8708 8620 1635
f 3563 8517 8624
f 8517 7057 8709
f 8624 8709 1655
f 3544 8518 8617
f 8518 3563 8627
f 8617 8627 1656
f 7059 8519 8710
f 8519 7057 8708
f 8710 8708 1635
f 7058 8520 8712
f 8520 7059 8711
f 8712 8711 455
f 7057 8521 8709
f 8521 7058 8713
f 8709 8713 1655
f 7061 8522 8715
f 8522 7060 8714
f 8715 8714 1654
f 7058 8523 8713
f 8523 7061 8716
f 8713 8716 1655
f 7060 8524 8717
f 8524 7058 8712
f 8717 8712 455
f 7062 8525 8718
f 8525 7056 8706
f 8718 8706 1634
f 7059 8526 8711
f 8526 7062 8719
f 8711 8719 455
f 7056 8527 8707
f 8527 7059 8710
f 8707 8710 1635
f 7067 8720 157
f 7072 8528 8721
f 8528 3633 8662
f 8721 8662 1637
f 7071 8529 8723
f 8529 7072 8722
f 8723 8722 1634
f 3633 8530 8660
f 8530 7071 8724
f 8660 8724 1636
f 8531 7069 8724
f 1636 8724 7069
f 7053 8532 8704
f 8532 7071 8723
f 8704 8723 1634
f 7069 8533 8720
f 8533 7053 8703
f 8720 8703 157
f 7073 8534 8725
f 8534 7072 8721
f 8725 8721 1637
f 7062 8535 8719
f 8535 7073 8726
f 8719 8726 455
f 7072 8536 8722
f 8536 7062 8718
f 8722 8718 1634
f 8537 975 8727
f 975 8537 7074
f 3632 8538 8661
f 8538 7075 8728
f 8661 8728 1637
f 7078 8539 8730
f 8539 7077 8729
f 8730 8729 1638
f 6313 8540 8684
f 8540 7078 8731
f 8684 8731 975
f 7077 8541 8732
f 8541 6313 8685
f 8732 8685 156
f 7079 8542 8733
f 8542 7078 8730
f 8733 8730 1638
f 7075 8543 8728
f 8543 7079 8734
f 8728 8734 1637
f 7078 8544 8731
f 8544 7075 8727
f 8731 8727 975
f 7080 8545 8735
f 8545 7079 8733
f 8735 8733 1638
f 7073 8546 8726
f 8546 7080 8736
f 8726 8736 455
f 7079 8547 8734
f 8547 7073 8725
f 8734 8725 1637
f 7080 8548 8736
f 8548 7060 8717
f 8736 8717 455
f 3630 8549 8656
f 8549 7080 8735
f 8656 8735 1638
f 7060 8550 8714
f 8550 3630 8659
f 8714 8659 1654
f 7077 8551 8729
f 8551 3631 8657
f 8729 8657 1638
f 6317 8552 8688
f 8552 7077 8732
f 8688 8732 156
f 3631 8553 8658
f 8553 6317 8687
f 8658 8687 953
f 6321 8554 8696
f 8554 6316 8691
f 8696 8691 951
f 3624 8555 8642
f 8555 6321 8701
f 8642 8701 952
f 6316 8556 8686
f 8556 3624 8647
f 8686 8647 953
f 7082 8557 8737
f 8557 4159 8678
f 8737 8678 1160
f 7081 8558 8739
f 8558 7082 8738
f 8739 8738 84
f 4159 8559 8679
f 8559 7081 8740
f 8679 8740 1163
f 7083 8560 8741
f 8560 4158 8680
f 8741 8680 950
f 3627 8561 8650
f 8561 7083 8742
f 8650 8742 280
f 4158 8562 8677
f 8562 3627 8649
f 8677 8649 1160
f 7084 8563 8743
f 8563 7083 8741
f 8743 8741 950
f 3620 8564 8640
f 8564 7084 8744
f 8640 8744 948
f 7083 8565 8742
f 8565 3620 8639
f 8742 8639 280
f 7085 8566 8745
f 8566 4156 8676
f 8745 8676 320
f 7084 8567 8744
f 8567 7085 8746
f 8744 8746 948
f 4156 8568 8673
f 8568 7084 8743
f 8673 8743 950
f 7088 8569 8747
f 8569 7085 8745
f 8747 8745 320
f 7085 8570 8746
f 8570 3619 8635
f 8746 8635 948
f 4147 8747 8663
f 8747 4147 7088
f 3621 8571 8636
f 8571 3570 8632
f 8636 8632 949
f 3618 8572 8634
f 8572 3621 8641
f 8634 8641 948
f 8573 3618 8633
f 947 8633 3618
f 7114 8574 8748
f 8574 3622 8637
f 8748 8637 949
f 3628 8575 8652
f 8575 7114 8749
f 8652 8749 1654
f 3622 8576 8638
f 8576 3628 8655
f 8638 8655 280
f 7114 8577 8749
f 8577 7061 8715
f 8749 8715 1654
f 3565 8578 8628
f 8578 7114 8748
f 8628 8748 949
f 7061 8579 8716
f 8579 3565 8631
f 8716 8631 1655
f 3561 8621 8622
f 8621 3561 3546
f 7925 8580 8750
f 8580 7081 8739
f 8750 8739 84
f 4154 8581 8669
f 8581 7925 8751
f 8669 8751 1161
f 7081 8582 8740
f 8582 4154 8668
f 8740 8668 1163
f 7926 8583 8752
f 8583 7925 8750
f 8752 8750 84
f 2218 8584 1157
f 8753 1157 8584
f 8585 2218 8751
f 1161 8751 2218
f 7929 8586 8755
f 8586 7928 8754
f 8755 8754 1158
f 7927 8587 8757
f 8587 7929 8756
f 8757 8756 84
f 7928 8588 8759
f 8588 7927 8758
f 8759 8758 1159
f 7930 8589 8760
f 8589 7929 8755
f 8760 8755 1158
f 8590 1157 8753
f 1157 8590 7930
f 7929 8591 8756
f 8591 7926 8752
f 8756 8752 84
f 7931 8592 8761
f 8592 7082 8737
f 8761 8737 1160
f 7927 8593 8758
f 8593 7931 8762
f 8758 8762 1159
f 7082 8594 8738
f 8594 7927 8757
f 8738 8757 84
f 7932 8595 8763
f 8595 3626 8651
f 8763 8651 952
f 7931 8596 8762
f 8596 7932 8764
f 8762 8764 1159
f 3626 8597 8648
f 8597 7931 8761
f 8648 8761 1160
f 7933 8694 955
f 8694 7933 8598
f 6322 8599 8698
f 8599 7933 8765
f 8698 8765 393
f 6319 8600 8695
f 8600 6322 8697
f 8695 8697 951
f 7934 8601 8766
f 8601 6320 8699
f 8766 8699 393
f 7932 8602 8764
f 8602 7934 8767
f 8764 8767 1159
f 6320 8603 8700
f 8603 7932 8763
f 8700 8763 952
f 8604 7935 8768
f 959 8768 7935
f 7934 8605 8767
f 8605 7936 8769
f 8767 8769 1159
f 7935 8606 8770
f 8606 7934 8766
f 8770 8766 393
f 7937 7935 8771
f 8770 8771 7935
f 7933 8771 8765
f 8771 7933 7937
f 7936 8607 8769
f 8607 7928 8759
f 8769 8759 1159
f 2214 8768 959
f 8768 2214 8608
f 7928 8609 8754
f 8609 2214 8612
f 8754 8612 1158
f 2212 8760 8610
f 8760 2212 7930
