v -4.79205275 -6.96454144 -20.78697395
v -8.88568878 -9.30310249 -12.76467037
v 6.96951008 4.96851349 -18.57117462
v -6.37934923 6.35164547 -4.16967106
v -8.13477516 -4.26899290 24.29386330
v 0.62218088 -8.53351974 -19.20504761
v -13.29576015 1.07281911 -9.29170990
v 7.28152895 7.10185575 0.13616011
v 8.96734428 -1.26925504 12.73390579
v 4.49850273 -9.37502193 5.82642794
v -3.12997603 3.74854326 23.66380310
v 6.36263657 -12.56577587 12.42951488
v 5.99500942 -1.48732197 -24.00397682
v 12.96060467 2.98744202 6.70863295
v 3.10021448 -6.48002625 7.39003563
v 4.78437376 12.39107132 12.50509834
v 8.22993183 11.99433517 0.90062404
v -9.25055599 2.33379316 -7.32539320
v -9.26134586 7.76639557 0.39638498
v 0.36200619 1.66599131 8.22993183
v 0.33480430 -8.74164867 16.09474564
v 1.97740805 -5.41985464 23.83755302
v -6.98948479 -12.73435688 -12.63894939
v 12.68115807 -4.64254236 12.60984039
v -12.71884918 -12.89646435 2.13550019
v 9.00082016 -0.00602256 16.03070641
v 6.35606194 -3.87837958 -6.15967607
v -4.91124916 7.08559513 -16.01660347
v 8.56764698 -2.78909898 24.11107826
v -12.72994041 9.16222477 8.65412140
v -3.25660038 -8.52262878 -24.23594666
v 0.53585750 3.33444190 -7.92830181
v 9.56217289 -13.01561069 12.87137032
v -6.61277342 -6.14813280 12.76451969
v 9.66350269 13.12180901 -11.30670834
v 9.84096718 6.46281195 -12.75322819
v -1.77183783 -4.89182615 23.91875839
v 8.48127365 -3.34959865 16.01941490
v -5.63952732 -1.67246556 -24.60302162
v 9.48468304 -7.45839167 12.83493423
v -4.70126247 -7.73206663 20.69357491
v 6.66657495 5.73573780 24.04091454
v -10.85230637 -12.76978970 -12.67523575
v -7.71811438 3.53695059 -23.83805466
v 12.89445686 -3.74237013 -12.86083126
v 3.08194590 -12.95513439 -6.89081526
v 6.85864496 -5.85428190 24.11449051
v 12.04703236 11.86660576 3.66869402
v -2.15100837 12.60482216 12.71654034
v -9.32393074 -4.85343266 12.58509827
v -12.16236401 5.77207422 -5.60404444
v 12.66986561 2.18071961 -7.40484095
v -5.46030617 -12.57501030 -9.57281303
v 4.71546555 7.37352371 -24.06264687
v -12.92286301 -9.97261047 4.11857939
v 7.43540525 -4.66035938 -23.90540695
v 9.50144577 -2.36746931 -6.66958666
v -9.00809765 5.46803522 4.77794981
v -6.32951260 -9.74124432 -4.78753567
v -8.79259014 -2.33374286 20.16830635
v -1.13941860 -9.05537415 -12.80366707
v -11.91318035 5.85448265 9.30937576
v 0.30945933 -3.53905845 -7.63249397
v 12.96431828 6.15094328 8.82571411
v 9.36659050 -13.29289913 8.16127491
v 11.28598118 12.73450756 12.84687901
v 12.85847187 12.68115807 7.12308550
v -8.51484966 -3.31255984 -13.05822086
v -12.74539852 -2.19251394 7.23435211
v -3.75180554 -6.75872040 7.19515562
v 8.29653168 -3.24831939 -12.55152225
v -6.04148340 -6.88258457 -24.36422729
v -9.44388008 4.59280634 -12.41812229
v -9.55083084 12.68175983 4.81850147
v 12.70123291 -6.04951334 -4.92254162
v -7.84433746 9.31193542 -12.58831024
v 13.03975105 -10.98836613 3.59948492
v 2.91185880 -1.04662097 8.34230328
v 5.93965197 12.59754467 -4.86111116
v 3.77087688 8.05593014 -19.28519821
v 5.28329277 7.29302216 20.87384987
v 0.67156589 -2.93916106 -24.15895653
v 8.99304104 -0.94629514 -15.64405823
v 3.54959798 12.45400715 -6.95851898
v 3.40601015 7.95389795 17.97704887
v 4.02839184 -3.97905684 7.79409933
v 2.36029243 -8.19193935 -22.49055672
v -0.11718903 -2.61394262 8.22004509
v -3.90277100 12.89822102 9.84724140
v 0.78840363 8.86039352 -12.80647755
v -7.99419880 -4.05684853 -16.01088142
v -1.27397275 -5.74607658 -24.70555496
v 2.62207317 -0.31171781 -23.93446732
v 2.11728215 8.50456047 -22.49005508
v -7.51741266 -9.41301441 0.25897020
v 13.06133175 12.88743019 -3.04320073
v 9.54375362 0.99959481 -7.95796299
v -12.58835983 12.53395653 12.64085674
v 7.92107487 -4.48665857 20.80027390
v -6.05026627 1.60817480 7.72147703
v 9.20383072 8.75655460 12.83262539
v -3.13700223 5.85132074 -6.93206978
v 1.44536483 -1.77640498 24.28101540
v -12.23839951 -3.50769091 12.28085804
v 3.94046235 4.12721205 -24.32904434
v -5.98145866 -6.96363831 -15.94915104
v 13.08396721 -1.34794986 13.01149559
v 6.33207226 6.18120670 4.82577896
v -7.68027306 3.95607066 -20.84945869
v -2.26639056 8.67655563 24.31644821
v 8.79424572 -0.06905872 22.54606438
v 5.68640327 -12.81756878 -5.21634197
v 6.83114147 6.09583712 -13.07970047
v -9.81637573 -12.17817307 3.92826653
v -9.06134701 -12.91513443 -9.31193542
v 9.54525948 4.93995667 -6.35420513
v -2.59758139 12.20361900 7.39460278
v 6.72629881 12.64226246 9.32207394
v 12.68431950 2.21871209 12.61245060
v 5.08008146 0.85329676 24.26249504
v -12.47102070 12.41275215 9.88719082
v 6.57548380 12.37084484 -8.40820026
v -8.34561539 3.52841854 18.79210091
v -7.17176771 -7.37422609 2.25053120
v 7.23952150 -5.67992878 17.50528145
v 1.97284091 -6.70898390 -24.37195587
v -3.22367692 -3.42352557 6.63229656
v 6.68936062 -10.07439232 3.27702689
v 8.35088539 -1.85103464 19.28329086
v -8.96358013 -1.80169976 12.98037910
v 1.33861494 12.96507168 13.07463169
v 13.15473175 -4.75521469 -5.57915115
v 12.88301373 10.81913185 1.07322061
v -7.48042393 -4.13238144 -23.89421654
v -5.90371704 -6.65558386 24.05250931
v 9.40824604 1.71798611 19.32660294
v -12.32688046 2.53344107 7.49618340
v -3.21389031 -12.77019119 -7.00499296
v 6.30110598 6.14120722 -4.58417368
v -10.91172886 -12.96758080 -0.83467698
v 4.24159050 12.02620411 -12.16306686
v -3.17931080 -4.64163923 -6.91435337
v 9.28257561 6.69734049 2.72510910
v 8.28503895 -1.27527761 -23.51755524
v 12.73119545 -7.41548061 -2.39994097
v -12.64421940 3.03100514 -6.97523165
v -2.94573569 -8.11645699 15.90282726
v -9.86917305 12.61485958 -12.75147152
v 5.67330408 -6.86421537 -16.07707977
v -12.44105816 12.30133438 -6.53161955
v 3.03687716 12.49711800 7.12067652
v 3.08726597 -13.06263733 13.01822090
v 8.88779640 -3.48119164 -21.22356033
v -12.42650414 4.91074705 6.02487135
v 12.09616661 -12.15307903 9.60769367
v -1.32636905 9.20754433 -7.83741140
v -5.05292988 12.73997784 -5.53910112
v -6.31686497 5.52419567 -12.33792210
v -12.29516125 9.49848461 12.33706856
v -3.81167984 -4.31024742 -24.56999779
v 13.00165844 9.31123257 12.85917473
v 12.72893715 7.52378654 -0.78770101
v 0.39728838 6.34236050 -7.88644505
v 12.46991634 12.20166111 10.89847946
v 12.90233612 9.32709217 5.30949116
v -5.94336557 0.79372352 -7.66782618
v 0.46855536 8.94977856 16.06995392
v -6.00027895 -2.77790689 -7.53176641
v 6.17182159 0.69901878 7.41111469
v -4.24113894 -8.31023312 -6.71892118
v 9.07449627 -2.02854967 -18.31396103
v -1.03477657 8.48965549 -14.51527882
v -13.09877205 -13.27919865 -7.76433754
v -3.11180782 -12.83814621 12.71041775
v -9.72237301 12.94359112 8.14150047
v -12.47970295 -12.66283894 12.52416992
v -4.44038534 7.45824099 -12.57586288
v -6.66647482 13.12205982 2.21966553
v -13.13189602 -13.14022732 -4.43797588
v 10.03338814 12.09255314 3.47411513
v -2.06819820 -0.49711233 23.93536949
v 13.38971233 -8.84353065 6.46195841
v -5.28931570 12.17034435 -9.39856052
v -1.47838855 9.22812176 7.84900475
v -12.56431961 6.72539568 3.58217001
v -10.69722557 13.31337643 -3.00395370
v 3.09820700 -6.20604992 -6.90818024
v -12.67352962 -11.02711105 -2.72114420
v 3.07602382 -1.76722062 -6.76850700
v -8.46275425 1.19929290 12.38921452
v 1.22288132 12.16281605 -12.30615330
v 7.08007431 12.59935093 -12.72477150
v 9.56884766 12.43629074 -8.03414822
v -7.06983614 12.67327785 -12.77420616
v 12.55639076 -0.21194401 7.82938147
v 0.41575757 0.13324919 -7.75299549
v 1.58303058 6.55184555 -24.45215607
v -5.85960197 -12.67734337 -5.08128595
v -6.87495565 8.92895031 -2.31201148
v -1.46328199 5.17097235 -23.76794243
v -12.81651497 -12.99503326 6.19104385
v -8.61512470 -13.06273746 7.46928215
v 12.94052982 -12.93229866 -11.20492744
v 12.77731800 -12.83538532 -4.07983446
v 7.86963224 -4.04384947 -15.39748383
v 3.87556911 5.59947729 -6.95676231
v -9.25677872 -1.00180304 -7.74084997
v -4.60384750 -12.83091927 6.01302671
v -9.07901287 7.45216846 -2.93725395
v 10.73165417 -2.47261333 7.18822956
v -0.27101532 -9.25773239 -24.42530441
v 9.39645195 0.03056451 -20.92860603
v -9.55504608 -6.14371634 -3.99913216
v 8.81141090 12.36908913 6.48946142
v -9.44222355 -6.48780537 4.76404762
v 6.35857153 3.39155579 -6.62005091
v -5.96088123 -6.14858484 -5.11245298
v -6.19099331 6.57197094 13.02494526
v 7.03666162 -13.12281227 -2.29675436
v 4.44460106 -12.91297626 -12.81219864
v -1.54277980 12.63071918 -10.72954655
v 6.77713919 -9.11836052 -3.53002453
v 12.70263863 -9.60935020 -5.74768257
v 7.71209192 -12.79779434 0.68461478
v 6.64544582 -12.84677792 -9.07504845
v -13.10931206 0.87718624 7.09743929
v 12.78037930 -12.95503426 -12.85260010
v 8.52297974 2.75185943 -12.73330307
v 5.85819674 6.66195774 -21.05206871
v 1.91110969 9.20774555 7.12173033
v 6.88223314 6.09463263 17.72746277
v -6.34406710 -7.31068802 17.45815468
v -1.04677153 -8.87329197 -15.96531105
v 4.10583162 -8.24744797 24.28523064
v -6.29192162 5.37689352 20.35074043
v -3.34136796 7.84187841 12.43398190
v 3.57112861 4.28414965 23.77035141
v 6.76479292 9.61622524 -13.01781940
v 5.50371885 1.68295491 -23.88658714
v -9.04011726 -3.76124096 6.77156830
v -8.84327984 -8.87670517 12.59337902
v 9.98631191 12.55553722 9.57406807
v 13.30589867 9.34039211 8.83203793
v 12.78394318 5.15596581 -12.73546124
v 13.15724182 -9.32894897 -9.44618893
v -9.26004124 5.04705811 -5.51340485
v 8.73055744 2.02072024 -24.18982315
v 11.02711105 -12.91041660 -1.11798835
v -12.68421936 7.04479218 -2.55517244
v 12.82404327 9.70425510 -3.36048961
v 7.72734928 -4.23125172 12.47955227
v -12.61942673 -9.76086712 -12.68607616
v -12.36979103 12.30871296 6.60017633
v -8.72920227 -0.22745211 -12.61962700
v -1.50895298 -10.99599457 -7.90797567
v -0.07483034 5.53890038 24.27960968
v 4.99255371 8.96679211 -5.65864897
v -12.66996574 9.13150978 1.36772394
v -7.43184233 -5.02181339 -22.46526146
v 8.68016911 2.02067018 12.63864899
v -9.41426849 12.86218643 12.97285080
v 13.15648842 4.40911818 -5.69654131
v -12.31915188 10.64794064 -3.21118021
v -8.40684509 -3.78799105 16.44736671
v -7.14215708 5.57859945 -17.61845398
v 9.47750568 -5.98963928 -5.19064569
v -12.45034313 -0.52501690 -12.53596401
v -5.90356684 -9.36849785 5.80183554
v -6.21372890 5.93046761 -23.89195633
v 8.33040810 -5.67591381 -18.18859100
v 8.56247807 2.30061889 -17.67245674
v -12.42354298 -12.60592556 9.66581154
v -7.24986029 4.73980665 24.00066376
v -12.62268829 12.57390594 -9.63745499
v -7.08679962 12.29305363 -3.59351254
v -4.62030935 9.13938904 5.16715765
v -3.93830419 7.99971962 20.65789032
v -12.28075790 0.18715113 -7.99254274
v 12.80778217 -4.97298050 5.82196093
v 0.38368741 12.53345490 -7.71349716
v -12.76677895 -9.83695221 12.80863571
v 13.00200939 8.61954117 -12.96281338
v 4.86417294 7.56679773 15.85238838
v 12.58384323 -12.64713001 -7.78882933
v 13.01726723 -7.49367380 0.48767701
v 3.73740149 13.02133179 9.89220905
v 0.39442766 -8.89753342 23.96673775
v 8.38205147 -9.39720535 -12.56231213
v -12.41787148 -5.68841076 9.36478329
v 6.00374222 -6.07104397 -4.48731089
v 8.48192596 3.47085285 16.07938957
v -5.17875147 13.17721653 7.67861652
v -5.42216301 7.24007368 24.38962173
v -9.28990269 3.03406668 6.84915924
v 5.18798590 6.69618607 -16.16310310
v 13.07026577 -6.86531973 -13.02991390
v 13.16592407 1.80295444 9.36919975
v 2.40977788 -8.64734554 -16.02930069
v 13.04878521 6.95073986 2.34654093
v 7.48900604 8.82144833 2.80099344
v -1.97073305 -12.97129440 7.19264603
v -12.50389385 -7.82531643 1.13941860
v -9.45602512 -13.04396725 12.90504646
v -3.92691159 7.68388653 -24.00919724
v -6.21980143 -13.14148235 3.71506786
v 8.41296768 -13.09756756 -12.99764347
v 5.34713221 12.24447155 5.79656601
v 7.14250803 13.01410484 -1.99055731
v 4.31506586 7.67269421 24.08262062
v -5.99761915 4.09453964 -6.57277393
v -7.77919340 12.35864925 -0.70549303
v -7.17668629 7.02627277 3.71406412
v 8.57984257 -13.49174404 -7.52474022
v 8.38160038 3.46929717 -21.08318520
v -4.87752295 -9.42335320 -12.44477177
v -2.51923800 2.47085667 -7.52750063
v 13.01335239 2.17645383 -13.06850910
v 7.25658560 4.62512732 -15.51753426
v 12.23859978 -6.41483212 9.31675339
v 3.00671411 12.95678997 -9.91785526
v -5.42783451 1.07733607 23.75373840
v 8.94290352 -13.22534657 3.93584490
v -1.95572674 -1.30122483 -23.79348755
v 12.67899990 -6.97929668 3.49534464
v 0.73465222 -13.09515858 -9.32909966
v 7.95891666 12.88983917 13.00261211
v -8.69070816 -1.18825161 -24.05476761
v 6.38642550 -0.50890654 -7.84584332
v 1.30042183 -9.48392963 -8.32538986
v -6.19084311 -13.11433029 12.87403011
v 6.76323748 12.65827179 3.46643639
v -7.45126486 3.89639711 15.13921642
v -8.92092037 8.91539955 12.52672958
v -11.43559170 9.44061756 -12.70349121
v -9.17472172 -0.23518106 7.44192982
v -3.23396540 -7.37974691 -17.54959679
v -3.07607388 3.04701519 7.39942074
v -12.67297745 -6.90481758 -12.75935078
v 1.28692126 8.73974228 24.17205620
v -2.97609949 -8.17502594 23.90731430
v -4.93865204 7.29156637 -19.32028008
v 6.45924854 3.68154216 6.32665157
v 12.93862247 -8.20017052 12.86198521
v -12.63960171 9.43655205 4.93011999
v -6.39154482 6.37066650 16.09233665
v -8.71991730 1.15186524 -22.48814774
v 5.77252579 -12.64878654 5.31029415
v -12.49370575 2.87421775 -12.57124615
v 1.95793509 -8.77512455 12.61761951
v -5.11546421 5.05629253 5.27551365
v 13.20351505 -9.93341351 9.64227295
v 6.99540710 8.92990398 -2.71065497
v -8.32127380 3.12661338 -12.81686592
v -0.50534320 8.95314121 12.85410595
v 7.53121424 4.01278305 20.82060051
v -12.88707924 -6.52780533 3.83014894
v -7.63219261 9.03319168 1.17078614
v -5.79892445 1.11000848 -24.28332329
v -6.09066772 12.27834892 5.00761032
v 9.68287563 5.17860079 6.38005161
v 7.09683704 4.79521465 -23.81878281
v 3.99762630 -3.94713736 -24.21039963
v -10.03338814 12.04447269 1.33284330
v -1.54127407 10.60533142 -12.83849716
v 12.43102074 -12.48913860 2.65364146
v 9.26009178 -7.90265608 0.05400231
v -5.49227571 -12.63272667 9.35158443
v -4.08530474 -8.44639301 13.08210945
v -12.65204906 6.61764193 -12.73049259
v 12.86610031 -3.11060333 8.88880062
v 0.06534480 12.45089531 7.76845312
v -3.07456827 -12.36477280 -12.26911449
v 12.70198536 -2.50498438 -7.35254526
v -4.30467653 9.13442039 -6.00464535
v -1.29570413 8.82877541 19.12123489
v -8.18993187 2.13881278 23.86866951
v -4.93975592 -2.74438143 24.42811584
v 9.53316402 12.36949062 -4.65092373
v -5.78778315 12.68532372 12.79327774
v -9.64809513 1.58453619 -19.21905136
v -7.07385111 -12.96672726 -2.32731891
v 12.86143303 9.26139641 -9.90470600
v 9.76086712 10.24628639 -13.40808105
v -9.13366795 -3.95341086 -6.40599918
v 3.94166684 7.96744871 -12.79147148
v -1.21399808 -9.31103230 20.83982277
v 12.44768333 -11.09807682 -1.45289302
v -3.04746675 8.33161259 15.70844936
v -12.61194897 -8.63163662 7.53292084
v 5.20540094 -6.96353769 -23.80171967
v 3.75587082 -8.31379604 15.97394371
v -2.21680498 1.56410968 -24.31479073
v 2.10920167 9.20021725 -7.17819166
v 12.54168510 5.87862349 12.46464634
v -0.98679686 8.50215149 -23.91213226
v 7.45332241 -7.50697374 2.50202346
v -10.87323475 -8.28112411 -1.11588049
v 0.97555476 2.46252537 -23.82957268
v 12.47117138 -0.62810308 -12.43157291
v 12.52848625 6.78562117 -3.83878136
v -0.51553136 -6.27445602 -7.86044788
v 7.44368649 5.02306795 12.75909996
v -12.76958942 6.33081722 -9.06240082
v -2.08631611 -9.63374138 7.32228184
v -12.77756882 -5.04173803 -5.70166016
v -12.04171181 9.12242603 -5.97322750
v -12.74083138 -9.35298920 -7.79675913
v 0.31036273 -9.10345459 19.28419495
v -9.07188606 5.53182411 12.21626568
v -2.93369055 -0.20260905 8.40769768
v 7.10125351 -2.93238568 7.53422546
v 0.37570754 5.51832342 7.90837717
v 4.21443844 -7.86476421 -19.20876312
v 7.24624681 -7.29879379 -2.10849905
v 11.06726170 12.52698040 -0.61279571
v 3.38367629 6.17292595 6.00926256
v -6.92895794 -5.15049553 20.37332535
v -12.81260014 12.74986553 -0.46343619
v 2.82212257 8.27595425 12.55513573
v -12.45932674 9.62721634 -9.67625046
v 9.31273842 -5.56876230 4.95722151
v -13.01044178 2.83582401 13.06088066
v -8.01713467 3.07160735 -16.01278877
v -6.81483078 -5.79731846 -12.73124504
v 13.36065388 5.49317932 4.76620579
v -12.64948940 -6.82020092 12.71664047
v 5.59069443 7.27189302 13.14308834
v 4.75396013 -9.52428150 -6.62582254
v -12.75192261 -12.93039131 -11.18746185
v 9.52011585 0.86473960 7.48017311
v -2.61685348 -1.17214119 -7.61176634
v 5.62592649 -7.70672178 13.32411671
v 9.12403202 7.50772619 -2.53635192
v 12.88798237 12.70580006 -9.65185928
v -8.99093342 0.27628505 16.57835770
v -0.53294659 -6.29789400 7.80800152
v 1.40712154 8.84563828 20.89583206
v 5.70848608 -5.75089455 4.84429836
v 3.57278490 1.70523834 -7.31038713
v 2.16395688 -8.77888870 21.02692413
v -2.44782043 8.69487381 -20.82732582
v 0.79176623 1.90844965 24.01843071
v -1.78122306 -8.68272877 -20.77819252
v 6.99886990 -5.87787056 -12.83021641
v 1.18980742 -9.47208595 6.75691366
v -8.73251534 12.47297764 -9.37120724
v 8.39038277 2.72164607 24.00613403
v 6.56830692 -6.10702896 15.80882549
v -2.68094373 8.75264072 -17.66342354
v -7.40373707 12.74414349 9.90520859
v 12.88552380 12.68672848 -12.98047924
v -12.37290287 12.30951595 3.08616185
v 2.81665206 -12.74143314 7.20087671
v -8.82912636 -0.95261884 24.13150406
v -2.79497099 12.35322952 -7.37427664
v 12.35342979 5.43300390 -9.39595032
v 2.11376882 8.66902733 -16.08079338
v -12.26846123 -3.77323580 -12.35739517
v -8.78410816 12.31844902 -6.31495810
v 5.32509947 -7.11339903 20.79671097
v 6.12007761 -6.20424318 -21.01141548
v -8.95013046 -2.30081964 -19.14612770
v -5.76374292 -5.93468332 5.18055820
v 7.74376059 -10.91283321 12.85882378
v -12.66128349 6.09558630 12.70469570
v -8.53893948 0.88762534 20.74692535
v 12.89139557 -12.95553589 12.81902409
v 4.53333330 -7.77156496 -12.66509724
v -4.14031076 12.76115704 -12.90730476
v 1.95131028 -9.06731892 -13.03332710
v 12.44206238 -9.86139393 -12.31689358
v 0.15312365 -12.91297626 12.77992821
v -7.14466619 -7.31199312 -2.13851166
v -3.02709055 6.49141884 6.86180639
v 12.34098339 -0.20958517 -9.35203552
v -12.76015377 -4.85272980 5.85117054
v -9.03459644 -0.45997322 -15.96671677
v -7.02732658 -13.35197067 0.65445179
v 12.74198532 -5.93006611 -9.47886086
v -1.10569227 -9.00182343 12.72743130
v 0.68396235 -12.37757015 -12.28100872
v 9.06450844 -0.40797842 -12.80748081
v -12.79423141 -0.26569539 12.84100628
v 0.46203092 -12.42078209 9.34877396
v 4.97769833 9.21788311 5.57493544
v -4.37458849 4.06241894 -24.45697403
v 3.01017714 2.79502106 6.59741592
v 0.31277174 8.34315586 -19.20063210
v 12.69842243 8.47916603 -6.75681305
v -6.12855959 -1.97509933 7.39088869
v -9.36975193 -12.41465950 -5.60810995
v -6.56253529 -5.15345669 -19.22868729
v 12.99413013 12.81250000 -6.44233513
v -12.35849857 -2.74588704 -7.48805285
v -12.57250118 12.49290276 -12.64783287
v 12.77756882 -12.84045410 6.11756849
v 4.96379614 -2.89875960 23.93411446
v -13.23297501 -6.19114399 -9.38159657
v 6.02005291 -12.18434620 9.14390564
v -13.05164623 -6.60634947 -3.21825671
v -0.94860381 -7.35119009 -23.66455460
v 0.69374901 -7.58802748 -24.16312218
v -1.82443488 -9.07324123 -24.38886833
v 1.85991788 -9.28633976 -17.62698555
v 0.67497867 -9.07464695 -15.95858574
v 0.01611036 -9.41853523 -17.57504272
v -1.87848747 -9.13492203 -17.60841751
v -1.08360958 -8.95831108 -19.18969154
v -1.76586556 -8.75319195 -14.32245636
v 0.00035132 -9.09708023 -14.35889339
v 0.43869349 -8.88819790 -12.56728077
v -0.35533118 -10.97080040 -12.74143314
v -1.24948096 -12.58740616 -12.49270153
v -2.19793415 -10.75991058 -12.89616299
v -3.95195532 -10.93250656 -12.55011654
v -2.80169606 -8.65537548 -12.79819584
v -7.85874128 -7.57437611 -12.97209740
v -5.76670408 -7.10260868 -12.95177174
v -6.73252201 -9.07033062 -12.57014179
v -5.92780733 -13.04878521 -11.22961998
v -7.16062593 -12.47393131 -8.72363186
v -7.61016035 -13.46328831 -10.70746326
v -4.94010735 -13.32366467 -13.23402882
v -4.03883076 -12.61129570 -10.89827824
v 6.39967537 -13.02057934 -12.91774368
v 7.38973427 -12.65325356 -10.97280788
v 5.45804787 -12.62825966 -10.74329758
v 4.58623171 -9.61160851 -12.48457146
v 6.37262392 -9.11675453 -12.82083130
v 5.41031885 -11.14500332 -13.06584930
v 7.29166698 -11.01642132 -13.34394073
v 4.91521406 -7.34511709 -14.42940712
v 3.64942193 -8.77934074 -14.44069958
v 4.09308386 -7.66561794 -16.01078224
v 5.29900169 -7.84353447 -17.63064957
v 5.68113327 -6.99575853 -19.29332924
v 6.41643810 -6.31676483 -17.68400002
v 3.13710260 -7.57362318 -17.60525513
v 5.81674147 -6.96715117 -22.52508545
v 5.08615446 -7.81347179 -20.87776566
v 4.33238029 -7.97141361 -22.47529984
v -8.51229000 -3.81413913 -22.41878891
v -8.70907688 -2.14267707 -22.41572762
v -8.58415890 -2.93032789 -24.33120346
v -5.22301722 -7.08920860 -22.49030685
v -4.46191597 -7.49211788 -23.89537048
v -4.15988445 -8.26400948 -22.45788383
v -5.19707012 -7.55650902 -17.57097626
v -6.08881092 -6.09006548 -17.60003471
v -5.99681616 -6.99696302 -19.19491005
v -7.28037453 -4.70121241 -17.62292099
v -6.77161884 -5.36795998 -15.99246311
v -6.65227175 -6.54195833 -14.34820271
v -7.79560471 -4.96710825 -14.39422512
v -10.96462727 -6.17091846 -12.61325359
v -12.41305351 -5.19526339 -12.49631500
v -10.14701366 -4.57373476 -12.88140774
v -10.61441517 -3.01650071 -12.81902409
v -8.64232731 -1.80601597 -12.67899990
v -8.53171253 0.48792794 -14.40386200
v -9.40899944 -1.41495085 -14.37490273
v -8.52784824 -2.24601436 -15.95843601
v -8.06707191 -3.15873361 -14.39939499
v -8.69913960 1.33299387 -12.68728065
v -8.13944340 3.97559381 -14.38047409
v -8.03831387 2.08425832 -14.33590698
v -12.40341759 -2.15833592 -12.49019241
v -10.70525551 -1.33705902 -12.78625107
v -13.16306305 -4.59591770 -10.51539421
v -11.97425938 -4.36977053 -8.54511261
v -12.67091942 -2.66568661 -9.21868610
v -10.14942265 -11.12658405 -12.76783276
v -12.38986683 -11.28116322 -12.41184902
v -10.92964649 -9.51830864 -12.85982704
v -9.42686653 -13.15965080 -11.17064857
v -10.95830345 -13.19458103 -10.48357487
v -12.60351658 -12.79503441 -12.69902515
v -6.68780470 -11.18896770 -4.43797588
v -4.60404825 -12.80728054 -6.09548569
v -5.07792377 -11.10756302 -5.44831133
v -6.95646143 -9.05723095 -3.36781693
v -7.34888124 -9.42034149 -1.73851299
v -6.89026308 -11.00507832 -2.47863579
v -10.94871712 -3.30698895 -6.83104134
v -12.66429424 -3.94257021 -6.60278606
v -10.89315891 -4.72309446 -6.17990208
v -3.96129036 -6.28665209 -6.89151812
v -2.79823303 -7.74627018 -6.83917189
v -2.21263933 -6.25684023 -7.45246935
v -2.39883685 -9.51263714 -6.81282330
v -1.27392256 -8.00579262 -7.19179296
v -0.43638483 -9.45883560 -7.32193041
v 0.35417685 -7.83836508 -6.94296074
v -0.17605957 -12.74098206 -7.73226738
v 0.28968525 -11.17812729 -7.10245800
v 3.66342449 -12.52893734 -10.76914501
v 2.76315165 -12.17982960 -9.09457111
v 10.98876762 -13.26459312 -4.96178865
v 10.87228107 -13.08080482 -7.03455353
v 13.15563488 -13.21887207 -5.94050503
v 12.54394341 -11.11438847 -4.92434835
v 13.11252403 -10.96798992 -3.21163177
v 12.67252541 -12.73104477 -2.33489728
v 12.25546265 -11.19443798 -6.83274794
v 12.57495975 -11.13546753 -8.78917694
v 12.44145966 -9.64121914 -7.75028515
v 12.79051781 -11.08753777 -10.68523026
v 13.07137012 -13.13706589 -9.48950100
v 13.53199577 -9.41196060 -11.16462612
v 11.20633221 -8.06195259 -12.87834644
v 12.71684170 -8.34606743 -12.67533588
v 13.44787979 -6.21684027 -11.19719791
v 12.63071918 -7.75721121 -10.59298515
v 12.14851189 -7.54416275 -8.60323048
v 13.15397930 -5.38402033 -7.85266876
v 10.81305885 -4.59185266 -5.70100784
v 12.77716732 -3.86011124 -6.69603539
v 11.04046154 -3.63928390 -7.43279552
v 13.32978821 -2.07130980 -9.19600105
v 12.84095669 -1.15577996 -10.96131516
v 13.06313896 -0.91829020 -7.32614613
v 13.29330063 -2.91281247 -10.86450195
v 12.69666576 -3.88239479 -8.90962887
v 13.07377911 -4.55059814 -10.78942108
v 12.55097008 -5.21067095 -12.51784611
v 9.46515942 -7.74752474 -12.72808361
v 10.42249584 -9.56929970 -12.59362984
v 7.27896929 -5.70457125 -16.09780693
v 7.68248129 -5.34211349 -14.28777695
v 6.42547178 -6.46592331 -14.47246838
v 8.66862583 -1.93519986 -12.59889984
v 10.82294655 -1.23151362 -12.75182247
v 10.72974682 -2.92696548 -12.56632805
v 8.92282772 2.22428298 -14.25600815
v 8.96337986 1.14373481 -12.78690434
v 8.98465919 0.55171692 -14.43522930
v 7.92408609 4.33238029 -12.85229874
v 8.12408543 3.68871927 -14.47738743
v 7.46110153 5.47129726 -14.07829189
v 5.59064436 7.35992289 -13.11754227
v 5.24635458 8.93798447 -13.16597366
v 6.78627348 7.86963224 -12.65962696
v 2.60731792 7.62195444 -20.84765244
v 1.21600556 9.10114574 -20.86762619
v 2.07597733 8.73040676 -19.22256470
v 3.34262252 8.15715981 -24.14003563
v 3.56455398 7.49874258 -22.50300407
v 5.02883959 6.53879642 -22.55595207
v 6.35259914 5.49127197 -22.63560104
v 5.84238768 6.04354095 -23.69160652
v 6.75821829 3.05604887 -23.79373932
v 8.05045986 3.45745277 -24.04297256
v 7.20137882 1.35176420 -23.94721413
v 8.95208740 -0.83813995 -22.52342987
v 9.09918880 -1.72596610 -21.04840469
v 8.74420834 -2.53620148 -22.68132210
v 8.74556351 0.39467859 -23.92176819
v 8.79439640 0.86318380 -22.52358055
v 7.46456480 3.96405053 -22.53221321
v 8.84558868 2.67582440 -22.58250237
v 9.52367878 1.94990504 -20.98852921
v 7.57011032 5.46256447 -21.17568016
v 8.01010895 4.36485195 -19.89407921
v 6.73312473 6.03696632 -19.70948792
v 7.98993301 3.76219440 -18.28500175
v 8.85818577 2.68741798 -19.47511101
v 9.38214874 0.98438781 -19.41709328
v 8.30129910 -4.29820251 -22.61833572
v 8.10671997 -5.41398239 -21.11254501
v 7.08087730 -5.57789660 -22.59901428
v 7.48067522 -1.92149854 -24.31644821
v 8.40368271 -3.23486876 -24.14395142
v 6.64569712 -3.25444221 -24.27147865
v 4.96906567 -2.73334002 -23.64995003
v 3.26473069 -2.11823559 -24.32763863
v 4.36941910 -0.95909309 -24.01908302
v 3.77489209 2.31517339 -24.23263359
v 5.16911507 3.18503213 -23.79549599
v 4.03310919 0.68426347 -24.54691124
v 2.31135917 1.39522696 -24.89496422
v 2.42232490 3.28997540 -24.39027405
v -1.03949428 -2.70423102 -24.17456627
v -0.09917153 -1.19919252 -24.10254669
v 1.56576586 -1.50513875 -24.16834259
v 0.80712378 0.42449027 -24.56392479
v 1.22900426 4.48936844 -24.28979683
v -0.22494271 3.78603363 -24.32954597
v 0.05871999 5.66918850 -23.86626053
v -4.91586637 -0.20501806 -23.29120636
v -4.02101421 1.28692126 -24.65260696
v -2.97619987 0.00813046 -23.90274811
v -6.42933655 -3.43562102 -24.23338699
v -7.20971012 -1.93720746 -24.22460365
v -8.69216347 0.40155435 -24.00322342
v -6.94190645 -0.36265865 -24.41034889
v -7.37497902 1.16300702 -24.75664711
v -6.88840628 4.14241886 -22.46757126
v -6.16057968 5.97187281 -22.54340553
v -7.33809090 5.04675674 -24.21888161
v -6.23822021 4.89197683 -20.90727615
v -5.66025496 6.57568455 -20.93407631
v -7.69578075 4.82602978 -19.24725723
v -5.95325279 5.80314064 -19.26070786
v -9.83032799 6.36278725 -12.58143425
v -9.75303841 9.33452034 -12.41857433
v -8.95976639 7.84052324 -12.91814518
v -6.85633612 10.81541824 -12.90554810
v -5.64936447 12.34339237 -12.48080730
v -5.06813669 10.87072563 -12.00999355
v -12.70474625 5.71009207 -11.04869175
v -12.47337914 8.05161381 -9.28252506
v -12.80386734 7.46456480 -10.93346024
v -12.52482224 3.75556970 -11.08879185
v -12.96547318 4.73368406 -13.03839588
v -12.59598827 1.11317027 -12.67413139
v -11.08803940 1.89710724 -12.62048054
v -10.65160465 0.35141653 -12.58961487
v -12.95342827 -5.96213627 -7.49628353
v -13.07503319 -11.09526634 -6.79882050
v -12.61164761 -11.04271984 -8.81567669
v -12.41385651 -12.59232521 -9.50450706
v -12.79277611 -10.90911961 -10.87438869
v -13.60175705 -9.44282627 -9.93512058
v -12.48974037 -12.66835976 -6.00700426
v -12.73300171 -9.44538593 -5.84901237
v -6.67059040 -12.53049374 -6.87360096
v -7.66601944 -12.88908672 -5.35350609
v -8.75630379 -12.76582527 -7.37763929
v -10.83278275 -12.44542503 -6.70702696
v -10.74204350 -12.43373108 -8.52704525
v -10.78219318 -12.42625237 -2.78638864
v -8.86370659 -13.16336441 -3.71316075
v -9.17738152 -13.21977520 -1.83286655
v -12.48070717 -12.65847301 -1.42343259
v -13.58419132 -10.95057487 -4.71245432
v -12.74183464 -12.98002720 -2.97604918
v -6.46652555 -13.02705383 -3.58467937
v -6.95826817 -10.97737503 2.72355342
v -7.28745127 -12.76306438 2.36646557
v -7.06486750 -9.33211136 1.99432135
v -6.84770393 -8.90531254 3.77614665
v -6.05935049 -10.77125263 4.20901823
v -9.16814709 -13.06464481 2.07467246
v -8.22295570 -12.80371666 3.95822883
v -13.06464481 -11.07122612 1.25480092
v -12.09235191 -9.46169662 0.36115301
v -13.06288815 -11.08904362 -0.71096349
v -12.53094482 -11.26123810 3.10558462
v -13.15613747 -9.32277584 2.31657863
v -12.62534904 -12.80311489 4.14718676
v -12.40422058 -11.28628254 5.30281591
v -7.46958351 -12.88276291 5.71214962
v -5.43455982 -13.09706593 4.88058424
v -6.51977539 -12.71518517 7.23746395
v -4.83456182 -12.57932663 7.80298233
v -7.34592009 -13.29204655 9.06370544
v -3.88881874 -11.39534092 6.21136999
v -2.86267447 -11.08457661 7.58135223
v -3.36937284 -12.62012959 7.01894522
v -5.18642998 -11.07499027 5.52550030
v -4.00013590 -9.77476978 6.65217113
v -6.73829365 -6.90878248 3.91597056
v -5.48223829 -7.72047329 4.87436104
v -9.23404408 -7.52208042 1.60661888
v -9.45502186 -7.25568199 3.09815669
v -8.18406010 -6.69176960 3.45308638
v -10.87699890 -5.74994135 -5.04414701
v -12.73817158 -6.02271318 -4.75260496
v -11.20763779 -7.05432796 -4.09684801
v -12.29792213 -7.52107620 5.86908770
v -11.99458599 -6.58993816 7.39896917
v -12.76743126 -5.80329084 4.91847610
v -12.60622692 -10.79067516 7.21678638
v -12.54369259 -9.42300129 5.88780785
v -12.76974010 -12.94865990 7.84529114
v -12.61370468 -11.24372292 8.96312904
v -10.67142868 -12.63237476 7.10205650
v -10.96121407 -13.11407948 8.88317966
v -11.09155273 -12.60060596 12.45927620
v -10.75594521 -11.13712311 12.84356594
v -12.30178642 -11.33792591 12.34284019
v -12.44040585 -8.74792290 10.86540508
v -13.04426765 -7.57929468 9.18325329
v -13.08908558 -9.53070545 9.12182331
v -12.74946404 -8.29447365 12.79819584
v -12.97626305 -6.71440458 10.96352291
v -10.71082592 -6.12067986 12.92080593
v -10.55704975 -7.75756216 12.99342728
v -8.63504982 -6.75846958 12.59649086
v -5.70396900 -7.85743666 13.42419147
v -6.02110720 -7.06326151 14.26629639
v -5.97578716 -6.28529692 15.87969017
v -8.92152309 -10.94414997 12.65741920
v -7.73743677 -12.68974018 12.53199863
v -7.29166698 -10.30209541 12.45681763
v -5.75802135 -11.17632008 13.06850910
v -5.50356817 -9.25888729 12.53967762
v -4.61624384 -12.69962692 12.52437019
v -6.53618670 -12.72025394 10.91704845
v -4.44199133 -12.62454605 10.88507938
v -3.40606022 -12.79658985 9.04011726
v -2.50177240 -13.09982586 10.86841679
v -0.49169204 -12.87995243 7.55706120
v -0.50373715 -12.69114494 10.94811535
v -1.49635589 -13.19980049 9.25467110
v -1.04938138 -11.17541695 7.23420191
v 5.84268856 -9.76714134 4.92620516
v 6.85673761 -11.30555439 4.55335855
v 5.05423498 -11.23403645 5.76856089
v 5.38412046 -7.81994629 4.84108639
v 6.81161833 -8.47489929 4.09468985
v 3.74472904 -5.37809801 6.72895908
v 4.79225349 -4.88329458 6.07435656
v 4.70904160 -6.78045177 6.18446922
v -2.14784646 -6.37663889 7.04895782
v -1.37916684 -7.95123816 7.94029713
v -2.74583673 -8.26631832 6.66481876
v -5.03019476 -6.44424248 6.52394104
v -4.74427366 -4.91044617 6.50993824
v -3.08872128 -5.05242825 6.80303621
v -1.49444866 -4.64826393 7.93924284
v 0.36812913 -4.58362198 7.46295881
v -1.68681943 -3.05740404 7.61808968
v -6.03922510 -4.28726149 7.00439072
v -4.75712156 -2.78558564 6.94080257
v -7.49598265 -2.94322634 7.00278473
v -7.33543110 -4.84214020 5.87024164
v -9.09166050 -1.85665560 7.02401447
v -7.53512907 -1.09615660 7.90662098
v -12.56366730 -3.60194397 6.86431599
v -12.75598812 -4.89283037 7.83936882
v -12.59187317 -3.56841850 9.07334137
v -12.71297741 -4.61960649 10.88909435
v -12.50354195 -2.71677804 10.87278271
v -12.25987911 -1.92541325 12.30640411
v -13.07884789 -1.69555211 9.23815918
v -12.40512371 -0.77741241 10.95007229
v -12.14274025 -0.67773902 8.11856461
v -8.49437237 2.78598714 12.84928799
v -10.25155544 3.93298435 12.46233845
v -10.64006138 2.29459620 12.25440884
v -8.25241661 2.72992730 14.22348595
v -7.60097599 4.00184202 12.53144646
v -9.16488457 0.87793905 14.51527882
v -8.75028133 2.14287782 15.81414509
v -9.42827129 -1.36370885 18.29995728
v -8.53226471 -1.79788542 16.50071716
v -7.18667364 -2.72179675 18.29388428
v -8.99886227 -0.71708643 20.31465530
v -9.49557400 0.44817904 18.64143753
v -9.09266376 -1.45540237 22.15986824
v -8.82747078 0.21736431 22.36669350
v -8.49753475 -2.60255003 24.11218262
v -7.74857855 -2.88104343 22.16714478
v -6.75585985 -5.26236439 23.74139214
v -5.23099709 -4.76695871 24.27875710
v -6.46371508 -3.49499345 23.76834488
v -7.75389862 -4.70874071 22.18988037
v -7.30326033 -6.58406591 22.31525040
v -2.71436882 -7.96097422 20.71390152
v -2.30076933 -8.80021858 22.39324188
v -3.84344888 -8.02124977 22.36338043
v -3.92866802 -7.47841644 17.46638489
v -3.74332380 -8.31991959 19.17543793
v -2.80786920 -9.34164715 17.63064957
v -1.59678209 -8.54174995 19.19169807
v -1.40175140 -8.99329185 15.96455860
v -2.39291453 -8.63479900 14.30719948
v -0.54132801 -9.33045483 14.41108894
v 1.97193754 -8.51178837 16.15672874
v 0.96697259 -8.44227791 17.79059982
v -0.76225567 -8.47951698 17.66864204
v 1.24902928 -8.81452179 14.40335941
v 2.81519675 -8.27645588 14.40526676
v 3.73945928 -8.66998100 13.07116890
v 4.65017128 -8.07751083 14.28075027
v 6.07596254 -10.93983459 12.57495975
v 6.71189499 -9.03901291 12.54068184
v 4.90919161 -9.39012814 12.83021641
v 8.02621841 -12.29094601 12.15388203
v 9.48327732 -10.93486595 12.86514664
v 4.71927977 -12.96125698 12.81661510
v 3.51401472 -13.02579880 10.69928265
v 5.29172468 -12.89661503 10.81782722
v 7.23023701 -12.78745556 10.89090061
v 7.77733660 -12.82012844 9.03670406
v 9.12779617 -12.54108334 10.48176861
v 11.14409924 -13.06589890 12.93134499
v 12.30640411 -9.82811928 12.23051929
v 11.14028549 -10.96046162 12.89425659
v 10.72502995 -9.17602634 12.72798347
v 12.95844650 -11.37913036 12.87443161
v 12.96381664 -9.13537407 11.11202908
v 10.99037361 -12.83433151 6.99917126
v 12.72994041 -12.78906250 7.82717323
v 10.92166615 -12.75453281 9.01472187
v 5.91109514 -13.05450630 7.22326088
v 7.69678450 -13.15929890 7.18411398
v 9.45296383 -12.92607498 -0.03934741
v 9.28357887 -12.34991646 1.96501160
v 7.26270866 -12.97967625 2.26844835
v 12.85897350 -12.91679096 -0.56049979
v 10.85195541 -12.45606422 -3.11501980
v 12.79854774 -11.38199043 5.28314257
v 12.96913624 -13.03352833 4.29734945
v 12.49164772 -11.01847839 2.00250196
v 12.64316559 -12.73094463 1.07407379
v 11.02670956 -12.24020576 1.00882936
v 12.81174660 -9.30706692 -2.16215014
v 12.46429539 -9.07359219 -3.89474106
v 7.85141420 -2.87266183 -6.99304819
v 7.88207865 -1.14117527 -7.40529251
v 6.36730385 -2.41544914 -7.31033707
v 11.05988407 -1.53108597 -7.56619549
v 11.13531685 0.30735144 -7.71284485
v 9.51464462 -0.78940737 -7.17096472
v 7.89813900 0.60597014 -7.40945816
v 11.12643337 1.98629129 -6.92986155
v 12.85465813 0.64250702 -7.54125214
v 12.84311485 3.48264718 -8.96172333
v 12.48171043 4.99506330 -7.76483965
v 12.80336571 3.38849449 -6.76122999
v 13.28823185 1.65289223 -9.24066830
v 12.54600143 2.53610110 -10.86615849
v 12.67583752 0.70609528 -10.97642136
v 11.24723625 3.71777797 -12.88662720
v 12.37425804 3.63516855 -12.44492245
v 10.52633476 2.23672962 -12.91965103
v 11.14982128 5.54537487 -12.66288948
v 9.65943718 4.27090025 -12.82474613
v 11.28015900 7.49974632 -12.71894932
v 12.45465946 6.80976152 -12.41099548
v 9.82385349 8.35188866 -12.64748192
v 11.34254265 9.40623856 -12.95167160
v 8.43374538 5.68128395 -12.83237457
v 8.27660656 7.31826687 -12.53922653
v 8.31685734 9.12398148 -12.64135838
v 5.62055635 12.85480881 -13.14268684
v 6.68705177 11.12051105 -12.54284000
v 5.05624247 10.74520493 -13.06012726
v 3.55190659 9.60146999 -12.27563858
v 2.66804528 12.88376713 -13.01997757
v 1.93770933 12.90268803 -11.17702293
v 3.88204336 12.64201069 -11.18048573
v -0.15191914 12.65119553 -12.84100628
v -1.42523944 12.64848518 -12.74394321
v 0.06188183 12.52999115 -11.16206646
v 0.92044830 13.02474499 -9.80513287
v -0.55834174 12.88733006 -9.25637722
v 1.86052012 12.99684048 -8.78932762
v 0.45686156 9.25692940 -7.62692308
v 1.17038465 10.91765118 -6.86105394
v -0.42198089 10.84292126 -7.26551914
v -0.49721271 7.65748739 -7.37608337
v 1.28320730 7.66235590 -7.09136677
v 1.96917713 5.93172216 -6.77779198
v 3.20686388 7.43515444 -7.30155420
v 4.61714745 7.07796621 -5.95626402
v 3.32731533 9.05276489 -6.03139544
v 5.05855083 2.62613845 -7.31726265
v 4.97353268 0.72155315 -7.68609476
v 6.38612461 1.47111130 -7.73879194
v 0.53470320 1.81906486 -7.79650831
v 2.01238918 0.68943286 -7.69708586
v 2.27030540 2.24425769 -7.39806557
v -1.05926836 2.72265005 -7.43048716
v -1.01831496 0.96250588 -7.42923212
v 0.41957185 4.86045885 -8.28584194
v -1.46950519 4.35295773 -7.98270607
v -1.44350791 6.00524759 -7.62090063
v -2.20124650 7.56930733 -7.27550650
v -4.37478924 4.38081217 -6.23079252
v -4.17283297 2.80676508 -6.63064051
v -2.71431875 4.02558136 -6.32946205
v -3.15376496 9.22902489 -7.73753738
v -3.77439022 7.71876717 -6.60549641
v -9.16147232 12.78188515 -1.74287939
v -7.12574530 12.83091927 -2.17946506
v -8.75625420 12.54394341 -3.30849481
v -9.46676540 12.70399380 -10.99468994
v -7.84328365 12.50544930 -10.95699883
v -8.43334389 12.75573730 -12.89004040
v -12.53952694 12.48070717 -11.26319599
v -12.03689384 9.29462051 -11.35167694
v -12.87553596 11.00944519 -10.77546883
v -12.09456062 12.20773411 -8.02702141
v -12.51137161 11.01125145 -8.70722008
v -12.92627621 10.88282108 -6.76920986
v -13.11377811 10.67554379 -4.91155005
v -12.52793407 12.46263885 -5.13328075
v -12.62143421 7.33553123 -5.57272720
v -12.38228798 7.69477701 -7.45417595
v -12.98499584 6.03611326 -7.07119083
v -11.00347233 5.55752039 -4.74904156
v -9.53547287 5.93162203 -4.03963375
v -10.97135258 6.39370298 -3.26382732
v -4.24520397 -0.07834350 -7.53442621
v -2.62197280 0.63758862 -7.22230721
v -4.20660925 1.69931614 -7.91871595
v 0.44566962 -1.79959190 -7.64458895
v -1.05585563 -0.85972083 -7.46837902
v -1.18860292 -2.74011540 -8.02124977
v 1.85133576 -3.08465624 -7.94521523
v 1.68837523 -0.99201643 -7.61603212
v 2.54508471 -4.76073551 -8.14641953
v 3.35110426 -3.49348783 -7.36514235
v 0.51226914 -4.95682001 -7.82827711
v 1.38433623 -6.32268667 -7.81593084
v 4.43707275 -12.87463284 -6.22401714
v 4.97950506 -11.12106323 -5.81352949
v 3.39110422 -11.12482738 -6.49704027
v 7.57994699 -12.29731941 -5.65463400
v 9.40754414 -13.19970036 -5.80364227
v 6.90110397 -12.56130886 -3.97193027
v 7.48218060 -11.07880497 -1.00732374
v 7.69201660 -9.42741776 -0.23252110
v 7.78190374 -10.97305870 -3.04781818
v 8.02827644 -12.43869972 -0.90654624
v 7.33427668 -11.17034817 0.59703672
v 10.99990940 -8.44413471 1.05138886
v 7.22431469 -7.39013577 0.83071214
v 9.33186054 -7.12459087 1.77560198
v 10.88763905 -7.32735062 2.73148298
v 12.73119545 -7.50014782 2.08782172
v 11.27990818 -3.86186790 6.52067852
v 10.93742561 -5.29654264 5.65076971
v 9.60131931 -4.30332184 6.77352571
v 7.97291899 -4.16786432 6.01563644
v 8.84307861 -2.74463224 7.54004765
v 8.94119644 -7.64744997 4.03571892
v 10.90083790 -6.67606068 4.28219271
v 6.58687639 -6.63179493 3.55275989
v 7.65874195 -6.35480738 5.34723234
v 7.73066139 -1.01685953 7.32413864
v 9.50255013 -0.97053593 8.23384666
v 11.25396061 -0.93344700 7.54968357
v 11.12743664 0.66955841 7.10014963
v 12.44728184 3.14136863 8.69336796
v 12.89290142 0.26961005 9.32357883
v 12.45641613 1.54022014 7.67299557
v 11.17205429 2.40380549 7.30697441
v 9.64699078 2.89354014 7.33753872
v 11.10279465 3.77484179 6.00283861
v 3.13414145 0.78755045 7.23696184
v 4.60133791 1.67547691 7.40885592
v 4.53087425 -0.17124152 7.76805162
v -13.94444084 6.81628609 6.33277464
v -11.91463661 7.79229259 4.89001942
v -12.61380577 5.80640268 4.87315655
v -11.86886501 8.85683060 3.18046498
v -12.51553726 7.35992289 2.07045650
v -11.17100048 12.69094467 4.02337265
v -13.15734196 13.09029007 4.85624313
v -11.10660934 12.61521053 5.72504807
v -11.14384842 12.26113415 7.44669771
v -9.54239941 12.31478500 6.43877172
v -9.84573555 12.41937733 3.08882165
v -11.30028439 12.68216133 2.21575093
v -8.29803753 12.25305367 3.67165518
v -8.68779755 12.70454502 1.88877594
v -7.78074932 12.48723125 5.29333067
v -6.55922318 12.65827179 3.70763993
v -12.51844788 12.45762062 -3.58437824
v -12.23102188 10.82008553 -1.42774880
v -12.55147171 12.49511051 -2.09379411
v -11.14545441 11.78384590 0.29540670
v -10.90415096 12.23041916 -1.32606792
v -12.22083282 10.85556889 3.92214370
v -12.85691643 10.88919449 5.82452059
v -10.89591980 7.83675909 -0.21339947
v -10.90269470 6.89698839 -1.75909019
v -9.22696686 7.70295763 -1.29053473
v -7.55525446 7.50085068 0.35638514
v -7.24740124 7.18536854 1.99748325
v -9.03394413 7.08062649 2.06644154
v -7.10572052 8.99725628 3.11988807
v -7.10727596 10.70028687 1.96109688
v -7.73628283 10.77777672 0.25555739
v -7.40945816 12.70223713 0.86433810
v -8.03705978 6.68148088 -4.31090021
v -7.39465284 5.43706894 -5.21885157
v -5.83119535 8.24840164 -3.56269693
v -7.18155432 9.23805904 -0.70865488
v -7.09277201 7.04684973 -2.84234834
v -7.64017248 7.59294558 -1.40029597
v -7.71344709 10.85290813 -1.98016834
v -9.25969028 12.37952805 -0.07402733
v -7.24634743 5.10783577 5.57844877
v -7.74330902 3.84465337 6.55305004
v -9.19575024 4.71948051 6.35385370
v -3.85288405 7.92669582 6.23591185
v -4.28997183 6.03561115 6.24725437
v -5.21328068 7.24474096 5.45900106
v -5.97925043 9.68483257 4.38939428
v -4.82477522 12.52416992 5.93980265
v -5.27415895 10.98650932 5.24841213
v -6.45327616 12.05942822 6.45598602
v -8.05808830 12.80261326 7.01663685
v -8.28990650 12.92963886 8.64403343
v -6.72168159 12.44903851 8.22295570
v 7.64509106 12.65982819 7.84649563
v 6.89206982 12.64682961 6.30808210
v 5.77960253 12.52923870 7.56885529
v 5.83139610 12.88441944 4.48535347
v 6.25262451 10.92809010 4.50532866
v 5.15154934 10.89702415 5.57975340
v 6.41528368 9.26014137 4.16540480
v 7.19706249 10.70134068 3.11722827
v 7.87946892 12.39965343 -0.61490363
v 7.31866837 10.69998550 -1.97449708
v 8.07254219 10.80051231 -0.27161756
v 9.32428169 13.13706589 1.87015617
v 11.03117657 12.68878651 1.07030976
v 9.40709209 11.95077133 0.17600939
v 9.31620121 12.55513573 -1.55151248
v 12.58715534 12.40768337 5.47189951
v 13.09490776 10.92071247 6.21628809
v 12.88607502 10.92638397 4.46743631
v 11.29160213 12.98499584 2.69705415
v 11.30706024 12.81897449 4.63436174
v 8.50907803 12.55794621 3.47010016
v 7.87133884 12.11594009 4.99566555
v 9.63002682 12.46133423 5.08871412
v 8.37858868 6.90958548 12.65460873
v 9.35012913 5.16811132 12.69606400
v 10.55569553 6.92208242 12.90273762
v 13.35553455 6.11932516 6.87826824
v 12.85084343 7.54752541 5.94878626
v 12.06123543 7.67926884 7.81337166
v 11.16683483 5.80675411 5.13368225
v 12.85139561 4.45985794 5.96830940
v 8.23555279 3.76354957 6.30095530
v 8.02928066 2.37785816 7.34250736
v 6.31490755 2.37243795 7.07490492
v 7.85081196 0.65560609 7.37989759
v 4.69990730 3.29504442 6.85949802
v 3.40239644 4.45468855 6.84383917
v 4.60781240 4.44279432 5.37333012
v 8.18948078 6.70401525 4.12776375
v 9.58460712 5.69950199 4.44565487
v 8.03535271 5.04570293 5.05890226
v 13.09907341 10.83800316 -0.62097639
v 12.51107025 10.95589447 -2.24194908
v 13.19091797 13.00988960 0.25284725
v 12.91960144 9.18360519 0.07171869
v 12.21129799 9.09783363 -1.72365737
v 12.40105820 7.52820301 -2.38628983
v 13.11739254 8.26631832 -3.61298537
v 10.84558105 7.20725060 -1.52009475
v 10.79413795 7.92925549 -3.51225805
v 9.22581291 7.78426218 -0.65063751
v 10.97376156 7.59445143 0.06168108
v 9.33316517 6.98461676 1.16641974
v 5.48093319 10.68844223 -4.87832594
v 6.54702711 9.06430817 -4.25549269
v 6.69282341 10.85180473 -3.70839286
v 4.67591763 12.82534790 -5.81106997
v 4.45062351 10.78640938 -6.19440651
v 3.11632466 10.90259457 -7.52358580
v 2.04792213 12.42043114 -7.56559324
v 5.11496210 12.23784733 -7.73482704
v 4.95405960 12.14760876 -9.59845924
v 3.60013723 12.93154621 -8.46089745
v 11.09150219 12.49405670 -7.17608404
v 12.77199841 12.58494759 -7.98852777
v 11.17115116 12.27573872 -8.92207527
v 9.42345333 11.98665619 -6.28489542
v 11.13571835 12.62183571 -5.49829865
v 7.99811363 12.31302834 -7.21568251
v 8.12699604 12.79814625 -9.11489773
v 6.52885914 12.69777012 -6.52890921
v 7.83158970 13.02770615 -5.13900232
v 6.96725178 12.45109558 -3.59948492
v 8.85929012 12.24918938 -3.22277355
v 12.59618950 9.43374157 -5.23832464
v 12.56883717 10.47338676 -7.19876909
v 12.05832481 11.05446339 -5.71807194
v 12.84793282 7.60303354 -5.22507477
v 12.86334038 6.95681238 -8.06456280
v 13.13109303 6.45959997 -6.54331350
v 13.06338978 6.05588722 -11.05692291
v 12.22841167 4.25383615 -10.84804058
v 12.36000443 10.78204346 -12.41159821
v 12.08296680 9.62264919 -11.50299358
v 12.73731804 7.85156441 -11.18972015
v 11.06204224 11.11473942 -12.72201061
v 11.34876633 12.64291477 -12.73229980
v 9.88980007 12.46770859 -12.53250122
v 11.21687222 12.66068077 -10.75765133
v 12.78073120 12.59970284 -11.30620670
v 12.31568909 11.03253174 -10.68563175
v 12.78494644 7.36077595 -9.61843395
v 12.29410744 8.90315437 -8.33186436
v 12.71864796 10.83935738 -8.87279034
v 8.02335835 5.35998011 -5.44289064
v 6.72509432 4.72585440 -5.80489683
v 8.17889118 3.73800373 -6.41975069
v 9.65742970 5.95064306 -4.77799988
v 8.42717075 6.52183294 -3.94422626
v 7.44097614 7.18125343 -3.66814208
v 7.57673502 9.03600216 -0.92305809
v 7.57166576 7.39229393 -1.76737118
v 11.12352276 5.15461063 -5.70888758
v 12.81009102 5.67556238 -4.91937971
v 11.12708569 6.10311413 -4.19155312
v 12.75659084 11.06495285 -4.05122709
v 13.21024036 13.03774357 -4.72168922
v 10.99524212 12.21732044 -3.78708768
v 9.63273716 12.75709248 -9.76101780
v 8.49296761 12.77375507 -12.84150887
v 6.67736578 11.95930386 -10.08749104
v 7.95309496 12.38223839 -11.03162766
v 6.35199690 7.59786415 -5.23009348
v 13.14519596 7.10531902 0.79046130
v 11.04819012 7.10988617 1.78036988
v 12.86409283 12.68748188 -1.40355814
v 12.21064472 9.24127102 3.45885801
v 13.10735416 10.89070034 2.74001503
v 12.87819576 7.87695980 4.29795170
v 12.01922798 9.05306530 1.83773482
v 0.41380024 3.50252151 8.44543934
v 1.84867573 4.05990982 7.03224516
v 1.90388262 1.98654222 6.89503098
v -1.37103641 2.62187243 7.71234274
v -1.34012055 4.28164053 7.53964615
v -2.91898537 4.82347012 6.96032572
v -1.48656917 6.00800800 7.78702259
v 4.23772573 10.80603313 6.80122948
v 3.67195630 9.21778297 6.97974825
v 2.80731702 10.89511681 7.69949484
v 4.34005928 7.79982090 5.88911247
v 2.95446849 7.55942011 7.25442743
v 2.27933908 5.83596325 7.78727388
v 1.22790015 7.45171642 7.36991024
v 0.31628489 9.10616493 7.45814085
v -0.45249519 7.46898127 7.22070122
v -2.28310323 7.69317102 7.42366171
v 1.53108597 0.37816674 7.64273214
v 6.63917255 4.84630585 5.59701824
v 5.11671877 6.38105536 5.76851082
v 10.99012280 6.70010090 3.56254649
v 13.09540939 6.08996487 3.48681283
v 12.32738209 9.24102020 7.03540707
v 12.85546112 7.75605679 9.58907413
v 12.90078068 10.91950798 7.92759943
v 12.83192253 -5.52936459 10.94620800
v 12.27006817 -4.67636919 9.07334137
v 13.34870911 -3.85810375 10.81908226
v 12.83664036 -7.50085068 7.85236740
v 12.42444611 -8.20734787 9.48046684
v 13.11954975 -9.43449497 8.02963161
v 13.05285072 -3.50312376 6.62436724
v 12.37119675 -5.50141001 7.57251930
v 8.97030544 -5.69623995 12.63874912
v 6.65312481 -5.80680418 12.48723125
v 7.59866714 -7.45046186 12.88140774
v 10.87875557 -0.41922054 13.40095425
v 12.51332951 0.42504236 12.44010448
v 10.84392452 1.46995699 13.04361534
v 8.67790985 -0.77565587 14.34975910
v 8.77798557 -1.82127309 16.00365448
v 8.37693310 -2.36606407 14.32406235
v 9.04197407 -0.99733633 17.66533089
v 8.87228870 -2.72510910 17.67968369
v 8.77788448 -3.79376268 19.31214905
v 7.98943090 -4.17403746 17.71883011
v 6.23350286 -7.12710047 17.49423981
v 7.30973482 -4.53187799 15.97826004
v 9.40096951 -1.16631937 20.96960831
v 9.37416840 -0.20627277 19.33985329
v 9.25070572 0.75803989 20.95083809
v 7.01006222 -0.26840553 23.50550842
v 5.09950447 -1.03934371 24.10902023
v 6.89608479 -1.95412076 24.59273338
v 4.52219152 7.91299486 19.35265160
v 2.33093238 8.31941700 19.43295288
v 3.52284765 8.46315575 20.91094017
v 2.52827168 8.97783375 22.42842484
v 4.43797588 7.82596874 22.43871307
v 4.66106176 5.61081982 23.58059120
v 2.82262444 7.92072344 23.71499443
v 3.06443048 6.27932453 24.20939636
v 1.41214037 6.85272264 23.86726379
v 1.75954187 4.93262911 24.55644608
v 3.24099183 -0.43593314 23.97767830
v 2.90237331 1.31904161 23.59419250
v 1.25279343 0.08180647 24.37361145
v 3.93022394 -6.06788206 24.27418900
v 5.25287914 -4.94542742 24.65908051
v 3.48089051 -4.18000984 24.16302299
v 2.55913734 -7.06782818 23.70395279
v 5.43651676 -6.92956018 23.88774109
v 2.21891284 -8.73316765 24.09075165
v 1.31020844 -8.26631832 22.56192398
v 3.50648642 -9.37692928 22.55620384
v 0.85159034 -7.15194368 24.04869461
v 0.10735217 -5.24043226 24.41250801
v -0.84090030 -7.01136684 23.54159546
v -1.86895168 -2.67446947 24.16974831
v -3.47035098 -1.71221447 24.21371269
v -3.40575910 -3.87135339 24.23910713
v -3.77062607 0.32115313 24.49596977
v -5.23777246 -0.84837830 23.94375038
v -4.99556494 4.66316986 23.46054077
v -6.06567383 3.25680113 24.58525467
v -4.34061146 2.49208617 24.07855606
v -3.61067677 5.78627729 24.12272072
v -6.06928778 5.62873697 23.76949883
v -1.66860116 4.72449970 24.28307152
v -2.05243921 6.60715246 24.02164268
v -5.23691940 6.71952343 20.44956017
v -4.87185144 7.38732529 18.91757202
v -6.02281332 6.04610062 18.40148735
v -2.95712829 7.86697245 19.03892517
v -2.19015503 8.34902859 17.51391220
v -3.78282166 7.69427538 17.26327324
v 3.69193125 8.59831238 16.39808273
v 2.10277772 8.78285313 16.01866150
v 1.59863901 8.17181396 17.72349739
v 5.22221422 7.17543173 17.57529259
v 5.93322802 6.04454470 16.02172279
v 7.00705051 6.16941261 14.38810253
v 5.06627989 6.67094135 14.31924438
v 8.09181499 4.33147717 17.70001030
v 7.74110079 4.27762556 14.42835331
v 7.35129023 5.00615454 16.09002876
v 8.04559135 5.68339205 19.27149773
v 8.44358253 3.44309902 19.27912521
v 9.32383060 0.97776300 14.39522934
v 8.76920223 2.71241164 14.43141460
v 8.89055729 1.68877673 16.06322861
v 4.19110107 7.84509039 12.73405552
v 3.68068910 8.39640617 14.48135185
v 1.78021932 8.27520180 14.33500385
v 1.22895408 8.73748302 12.69671631
v 0.09450404 9.38044262 14.35849190
v -1.74624205 8.65939140 14.29475307
v -1.29354608 8.91374397 15.95080662
v -6.81698847 8.57382011 12.47940159
v -8.08539009 7.12679911 12.72567463
v -7.02993631 5.39225101 12.75122070
v 4.21137714 10.55042553 12.29767132
v 5.34432173 9.10230064 12.90971375
v 6.40835762 10.69627190 12.93019104
v 8.42511368 10.56432724 13.25666428
v 6.36921120 12.82012844 12.84040451
v 7.16699982 8.54566479 12.67503452
v 6.36338949 6.07696629 12.59935093
v 2.99928641 12.69892406 12.81485844
v 2.37675405 10.51925850 12.47950268
v -10.29250908 7.23264599 13.31533337
v -11.00452614 5.57202482 12.94022846
v -11.07062435 12.77059269 9.29803371
v -12.38404465 12.32186222 8.28574085
v -10.70560646 13.21706581 11.06766319
v -8.55198860 12.55458355 11.26625729
v -9.40367889 12.62996578 9.90606117
v -11.07614517 12.55608940 12.66304016
v -12.87684059 12.82253742 11.29591846
v -12.69204903 10.76432705 9.34490871
v -13.07347775 10.74053764 7.53984690
v -12.61495972 8.91354275 10.81591988
v -12.98484516 10.70324802 11.00803947
v -13.09360313 11.06605721 13.30770493
v -12.94946289 7.67831564 9.59253693
v -12.82113171 4.92354536 10.85049915
v -12.57641506 6.84414053 11.06169033
v -12.37340450 7.76564264 12.42344189
v -10.91443920 8.89557552 13.02253628
v -8.50857639 10.70896912 12.52020454
v -10.51855564 10.68678665 12.61777020
v -6.68092918 10.57833004 12.49054337
v -7.55645895 12.39563847 12.50494766
v -5.00625515 7.44684839 12.89004040
v -4.84776115 11.08553028 13.41686440
v -4.98889017 9.27494717 12.97541046
v -3.80550671 12.65586281 12.76416874
v -3.18227172 10.35178089 12.49927616
v -2.06332994 8.49909019 12.60286427
v -1.40325701 10.66615868 12.94163322
v 0.48511741 10.68523026 12.79403019
v -0.42509255 12.32542515 12.43076992
v -4.93077230 7.36413860 15.42528820
v -4.21328449 8.53798580 14.20863056
v 8.29577827 3.57795429 12.78956413
v 9.09432030 2.66413069 17.68962097
v 9.29858589 0.79387408 17.70457649
v 8.86942768 2.63010335 20.88614655
v 6.57879639 5.81965256 20.81387520
v 5.90145874 6.68358898 19.22958946
v 7.22878122 5.18828726 22.40875053
v 5.76128387 6.46702766 22.43058205
v -0.36868119 7.21211910 24.21295929
v -0.55457765 9.00739479 24.29195595
v -2.04972887 8.31695843 20.74200630
v -3.14096713 8.39991856 22.34471130
v -1.38267994 8.83986664 22.45321655
v 0.47573224 8.93161106 22.50200081
v -0.28200650 9.05738163 17.57795334
v 0.54057515 8.97115898 19.21102142
v -0.39758950 9.00378132 20.83866882
v -5.36143589 7.24097729 17.15085220
v -5.92815876 6.52133083 14.27733803
v -7.37126541 5.51546288 14.53966999
v -6.96971083 4.94944239 16.83115578
v -7.58712387 4.32349730 20.50240898
v -7.59876728 5.11611652 18.63290405
v -8.27801228 3.57393909 16.91878319
v -8.08910465 1.80957925 19.38607597
v -7.89969492 1.76280403 22.36784744
v -8.09071064 2.83301330 20.79154205
v -7.04353762 -0.03638631 24.13140488
v -6.84564590 -1.78488672 23.98274803
v -6.98883247 1.76410890 23.63062859
v -8.66084671 0.70604509 23.96267128
v -8.03429890 3.57930923 24.14791679
v -8.69718266 1.91984236 17.59521675
v -8.03530312 3.63908315 22.39780998
v -7.51154089 5.43195009 22.23785973
v -6.33809471 6.70501900 22.21211433
v -4.75536537 7.42356110 22.35409546
v -3.76761484 7.79856586 24.00031281
v -1.19939327 2.77710390 23.52086639
v 0.30875671 3.74267125 24.07283401
v -2.55577469 1.63417220 24.29130363
v -0.69430107 0.77399963 23.33361626
v 4.36967039 2.60144591 24.20533180
v 2.24922633 3.05243540 24.32598305
v -0.35342404 -1.26704681 23.74079132
v -3.87336087 -5.81287718 24.67087555
v -4.33569288 -7.23139095 23.56990051
v -2.50643992 -6.78130484 24.40337372
v -0.38017425 -8.57241535 22.54887581
v 0.52105200 -8.63645458 20.91781425
v 2.22182369 -8.39043331 19.34110832
v 3.06739140 -8.71474838 17.76440048
v -1.36315680 -8.44855118 23.65577316
v 6.50657558 -3.67677450 24.75433731
v 7.89954424 -4.42844057 24.13597107
v 8.01332092 -5.64238834 22.40036964
v 8.14270496 -3.63321114 22.52699280
v 3.24365187 -2.27462149 23.99710083
v 1.62875187 -3.62954760 23.81582260
v -0.18870696 -3.30929780 24.19745255
v 5.63029289 4.20043612 24.31152916
v 6.36710310 2.73344040 23.95238304
v 7.09242058 1.33535266 24.72056198
v 7.61738729 4.28399944 23.95775414
v 5.57082033 6.87169361 24.09291077
v 8.70476055 3.81238246 22.45622826
v 9.13698006 1.88952875 22.50300407
v 8.97276497 0.94514078 24.17075157
v 8.88543797 -0.93866658 24.05632210
v 8.50481224 -1.87828672 22.56955338
v 9.07123375 -2.97057867 20.94065094
v 7.03781605 -5.13488674 19.18868637
v 6.80469275 -6.13207293 20.72699928
v 5.80991602 -6.69312477 19.12615204
v 5.97834682 -6.18211031 22.45919037
v 4.96575356 -7.93793821 22.43680573
v 3.79687428 -8.34385872 20.79927063
v 4.50567961 -8.08343315 19.20504761
v 5.95325279 -6.84895849 14.19718742
v 5.18803596 -7.03731394 15.86864948
v 4.53478861 -7.66978359 17.51682472
v 8.77201271 0.40446526 12.48336697
v 8.11404800 -3.97840452 14.36712360
v 8.11013317 -2.70714188 12.20668030
v 7.34441471 -5.51099586 14.25686073
v 10.79363632 -2.27130914 12.87302685
v 12.53189850 -3.05113053 12.45922661
v 10.37828064 -3.99511695 12.11739540
v 8.68990517 -9.18255043 12.46369267
v 10.92613316 -5.65327883 12.48718071
v 12.41084480 -2.23462152 10.85531712
v 10.49752712 3.30141830 12.77596283
v 12.88873577 3.84083915 12.82233715
v 11.17953205 5.04535151 12.43227577
v 13.18810654 7.47530508 13.12798214
v 11.06801414 8.76870060 12.20326710
v 12.91478348 7.90953159 11.26204109
v 12.44753265 6.26768064 10.73722553
v 12.13164902 9.40503407 10.65627193
v 9.61090565 12.38650417 12.49882507
v 10.56317329 10.63549423 12.67940140
v 12.66042995 10.91318417 12.56672955
v 12.70745659 10.93255711 11.27795124
v 12.54610157 11.01220512 9.65783119
v 12.69676590 12.53245068 12.62213707
v 12.58765793 12.40306568 8.87484837
v 11.54449940 12.79508495 9.79735374
v 10.80021095 12.49420738 11.21511555
v 7.27214384 12.96291351 11.01642132
v 9.00026798 12.49340439 11.08718586
v 8.36458683 11.98178768 9.44142056
v 9.51022816 12.12582779 7.91490173
v 11.19860363 12.58640289 8.08313179
v 10.89255714 12.80231190 6.40539694
v 7.62059927 10.73772717 1.57399666
v 7.25789022 12.70564938 2.13389421
v 12.71227455 12.52898788 1.89961660
v 10.92267036 12.37626553 -2.26403189
v 7.40780210 9.13793373 0.79844123
v 7.59194183 7.41076326 1.81033206
v 7.02817965 6.85468006 3.32711458
v 5.53588915 7.73974562 4.41709805
v 4.41478920 12.21365643 6.68614864
v 5.56018019 12.24251461 10.98339748
v 5.23260307 13.17440605 9.32041740
v 3.86467838 12.21757126 11.35237980
v 4.14186668 12.01064587 8.15093613
v 2.52942610 12.63493443 8.89999199
v 2.14694309 12.23297882 10.88302135
v 1.63417220 12.15844917 7.90190315
v 1.00762486 12.51046848 9.34621429
v 1.02689707 10.85908127 7.81793880
v -0.64185458 10.80773926 7.86631966
v -1.42900348 12.11182499 7.95826435
v -2.40275145 10.85857964 7.16619682
v 0.41806620 12.62981510 11.04427528
v -1.28842688 12.32547569 10.98896790
v -0.60963386 12.72863579 9.33728027
v -2.92576075 12.74113274 11.10214233
v -2.23221254 13.00953770 9.23198605
v -4.80264235 12.87041664 11.23584270
v -3.62924623 12.64406872 6.58943605
v -3.74176788 12.24346828 8.35349464
v -5.56805992 12.27804756 9.52729225
v -6.55826950 12.13867569 11.19047356
v -3.10051560 9.27991581 6.85016298
v -4.06944561 10.72006130 6.36760521
v -4.09634638 4.04174185 6.00630140
v -6.02487135 3.64390135 6.37668896
v -4.75541544 2.55522275 7.12198114
v -12.53119564 3.66678691 6.71616077
v -10.81230640 4.71742296 5.35802269
v -10.90279579 3.99627137 7.12925863
v -10.96668434 5.96660280 4.43727350
v -7.34305954 2.38854837 7.00238323
v -7.97733593 6.64986277 3.94492888
v -6.09453201 6.02968931 4.56956911
v -5.90296459 7.98857784 4.17915630
v -6.00303936 10.96086311 3.22583508
v -12.93867207 7.18968487 0.44712508
v -12.79894924 7.28268337 -1.03854072
v -12.65330315 10.77004814 2.21775842
v -12.53882504 12.47463417 1.29339552
v -12.65942669 10.86696148 0.41289684
v -12.60828495 9.21160984 -0.46745121
v -12.33059406 8.88945293 6.69859505
v -10.83323479 6.90531969 1.37053442
v -9.56939983 6.58050251 3.63577080
v -11.01155281 7.29553127 3.07326341
v -12.67548656 7.34175444 7.92564201
v -12.37430859 5.37453461 7.58165359
v -12.76090622 3.93293405 8.84910202
v -10.86871815 0.54288381 7.66401196
v -10.87288380 -1.16220403 7.42647219
v -9.22079372 1.55914104 7.55450153
v -10.94048691 2.21053147 7.33206844
v -11.81968021 0.21977334 9.34997845
v -7.68052387 0.77580643 7.93056059
v -6.02306461 0.02700116 7.68534184
v -4.36419964 0.85023528 7.63179111
v -4.61137581 -0.99121344 7.33628416
v -2.68741798 1.38278031 7.43098879
v -1.16596806 0.73028588 7.82662106
v 0.08893317 -0.42674875 7.64554262
v -1.27467537 -1.15030944 7.35615873
v 1.33033383 -1.41525197 7.88057327
v 2.72059226 -2.73685312 7.41241932
v 1.31879067 -3.10096717 7.67987156
v 4.37248087 -1.88390779 7.39791489
v 6.05965137 -1.02739894 6.96760273
v 5.40078306 -2.87783122 6.85196972
v 12.49355507 4.65619373 7.84669638
v 13.54594803 4.56931829 9.68593693
v 12.83232403 4.70497656 11.34816360
v 12.87463284 3.00350213 10.81627178
v 12.60482216 -1.41359580 9.18435764
v 12.78735542 -0.52697420 10.98384953
v 12.94158363 1.23221624 11.07157803
v 12.91197205 -2.01615310 7.22506762
v 12.86710453 -6.91033840 6.27500820
v 12.59147167 -6.20439386 4.85353279
v 7.60443878 -7.67274475 -0.66524220
v 7.92719793 -9.33477116 -2.01198769
v 9.26927567 -12.68371773 -2.01886344
v 6.46803141 -11.10314560 -4.42066145
v 5.46532488 -9.58224869 -4.81423569
v 2.90553498 -9.63163280 -7.28157902
v 1.98814821 -11.16849041 -7.45322227
v 4.84660721 -2.79968858 -7.03088999
v 4.50864077 -4.51611900 -7.01031303
v 4.84088564 -1.10102475 -7.34908199
v 2.14247632 -7.89357185 -7.32042456
v 3.66186857 -7.99821377 -6.76700163
v -7.53482771 -0.16361295 -8.12629414
v -7.55259466 -1.79246521 -7.43254471
v -5.84690428 -0.92165279 -7.08539438
v -7.55495358 1.71999371 -7.68609476
v -5.87345409 2.48224926 -7.20363712
v -7.63510370 2.84019017 -6.32288742
v -10.87047482 1.55778599 -7.24830437
v -10.88302135 -0.13038848 -7.55535507
v -9.16910076 0.71924454 -7.79675913
v -10.96327209 2.98553491 -6.79314947
v -12.46379375 1.65655601 -7.63234329
v -12.45581341 4.39561749 -6.39385366
v -10.96522903 4.79089832 -6.47305012
v -12.27965355 4.54457569 -8.04047203
v -12.56196117 -0.77987164 -9.31665325
v -12.43051910 2.87928677 -9.07128429
v -12.66615200 -1.27643192 -7.52278280
v -10.94791412 -1.71462357 -6.93106604
v -4.42362213 6.30752993 -6.12474537
v -5.61332941 5.54502344 -5.59250116
v -7.65507841 4.34979582 -6.11214828
v -9.37030411 4.11260700 -7.14511776
v -12.40753269 6.62316275 -4.07702398
v -13.13932419 8.64684391 -4.09102631
v -12.18329239 9.00869942 -2.29414463
v -13.05957508 9.39103222 -7.83946943
v -10.67293453 10.97125149 -12.64120770
v -12.71864796 10.72211838 -12.79593754
v -11.31659603 12.67227459 -12.81129551
v -11.09416199 12.06770992 -11.00568104
v -10.61356163 12.88567352 -9.44126987
v -5.76750708 12.58891201 -7.59028578
v -6.93869448 12.60923862 -9.27730560
v -7.69763803 12.47001648 -7.78250599
v -9.52663994 11.95644283 -7.84604406
v -6.87982416 12.52105808 -6.24916124
v -3.97062516 12.79408073 -6.25939989
v -4.06041145 12.71699238 -8.17648220
v -5.17092180 10.80241966 -6.26030302
v -3.31150603 10.84357357 -6.59124279
v -2.10794711 10.88527966 -7.82160234
v -7.84785080 12.53887463 -4.80826330
v -6.06065512 12.55669117 -4.64043474
v -11.18450069 12.38876247 -7.90817642
v -10.70911980 12.32828617 -6.28077984
v -9.61527157 12.49942684 -4.75124979
v -11.19067383 12.87980175 -4.61644459
v -7.08800411 10.38957310 -3.63341188
v -6.18687820 11.07920647 -4.83536482
v -5.45578909 9.39856052 -4.54588032
v -4.73709679 7.56569338 -4.64881611
v 3.42984939 -0.14644864 -7.30230665
v 3.38156843 3.22342610 -6.19942522
v 4.48806381 4.31486511 -6.28926182
v 5.22567701 5.08404636 -5.20871353
v 2.10754561 4.19827795 -7.08273411
v -1.12737346 12.97270012 -7.19314814
v -2.24656630 12.37054443 -8.95494843
v -3.55531931 12.22871304 -9.80056572
v -1.92275321 8.17597961 -12.34153557
v 0.13400201 10.70691204 -12.81330299
v 1.96380711 8.43871403 -23.90184402
v 0.24160513 7.35510445 -24.18726349
v 0.55372441 8.46661854 -23.92176819
v -1.36114931 6.95696306 -23.78319931
v -2.94111848 4.67611837 -24.27835464
v -4.49509001 5.66442060 -24.01998711
v -2.93449354 6.45884705 -23.98836899
v -5.08048296 2.62046719 -24.29421425
v -3.31868291 2.84852147 -24.61521721
v -5.12173748 6.80012560 -23.97070122
v -5.89699221 4.27923155 -23.90069008
v -6.72313690 2.71828365 -24.12593460
v -4.94432306 7.53462696 -22.46551323
v -3.17594814 8.49447346 -22.46475983
v -1.35577917 8.57397079 -22.42129707
v -2.55070567 8.47008133 -24.21777725
v 0.40235737 9.20578766 -22.48358154
v -0.51879358 8.75023079 -20.85718727
v 1.07432473 8.58195114 -17.61910629
v 2.80756807 7.87058592 -17.68274498
v -1.49555278 8.94049358 -19.26095772
v -0.78072482 9.19640255 -17.64435196
v -3.59782863 8.25141239 -16.06603813
v -4.69855213 8.48634243 -17.69800186
v 0.27613449 8.68669319 -16.05615234
v 2.06287813 9.04603958 -14.41515350
v 0.48822907 8.95108414 -14.36737537
v -1.51658165 8.19244194 -16.14453316
v -0.67156589 8.74601555 -12.69094467
v -2.80721664 8.86666775 -14.51768780
v -3.38186955 8.56167507 -13.16672707
v -4.07105160 7.37939548 -14.38363552
v 1.79427195 10.53888226 -12.92572403
v 5.70577574 12.67809677 -11.26038551
v 3.36535764 11.15453815 -13.06901073
v 2.34453344 8.78275299 -12.98645115
v 8.37909126 10.96457672 -12.59804630
v 12.66298962 0.81430066 -12.62439537
v 10.95925713 3.79817915 -6.81076527
v 9.51419353 2.61554861 -6.95937204
v 7.83189106 2.28656626 -7.14541912
v 4.47752428 -6.31671429 -6.33583593
v 5.30492401 -5.34934044 -5.53378153
v 5.23988008 -7.71605682 -5.98557377
v 6.84609795 -6.91319895 -3.36907172
v 6.05212307 -7.94606876 -4.61624384
v 7.90953159 -6.32599926 -4.67044687
v 8.84819794 -7.11349964 -3.50909615
v 10.53893185 -6.73648691 -3.61444092
v 11.12884235 -6.74170685 -2.14348030
v 9.34500980 -7.47901869 -1.88215113
v 12.97229862 -6.60760403 -3.51953530
v 10.92829132 -7.90616894 -0.78403723
v 12.92923737 -7.54120159 -0.97063631
v 12.60457134 -9.46275043 -0.38925830
v 12.60060596 -11.09632015 0.31407663
v 12.67036724 -9.35203552 1.42604244
v 10.88282108 -12.93179703 3.06427979
v 7.29713726 -9.66766834 1.42503870
v 7.52825308 -11.28763676 2.50598836
v 7.73547983 -8.80227661 2.73504639
v 6.61794281 -12.93721676 3.70156717
v 7.51154089 -12.09049511 5.40053225
v 9.31484604 -12.94640160 6.02266264
v 10.89792728 -13.31894684 4.97528887
v 12.74504757 -9.76688957 5.01222754
v 13.30690193 -10.89265728 6.90135479
v 13.05184650 -9.08478451 3.20380259
v 12.70349121 -8.01658249 4.78442383
v 13.03799438 -11.28417397 8.72087097
v 12.59920120 -11.08808994 10.85341072
v 12.88085556 -12.94093132 11.18184090
v 12.62590122 -7.29573202 11.04256916
v 12.89797020 -6.38441801 12.81817150
v 11.20086193 -7.41317225 12.64632702
v 10.88583183 -12.15011787 10.86485291
v 4.37187862 -11.21436310 12.28080750
v 2.98829508 -10.44593430 12.85741806
v 0.44647264 -9.06651592 12.72582531
v -5.43315458 -7.54295826 18.97945404
v -5.22848749 -8.11801243 15.90608978
v -5.08811188 -6.88795471 22.30696869
v -6.04886103 -6.59099197 20.53774071
v -8.47650623 -3.99421358 20.32062721
v -6.67365170 -5.87089443 18.71004486
v -7.69859123 -4.59827662 18.41047096
v -7.21623421 -5.35982990 16.66167068
v -8.13482571 -4.46884155 14.65450096
v -8.65788555 -2.67326498 14.61068630
v -8.22872734 -3.32345080 12.67468357
v -9.32257557 -0.91422498 14.74012089
v -10.36754036 -2.89022779 13.00005245
v -11.07333469 -4.38357210 12.25757122
v -8.72749615 -0.25691247 12.57511044
v -12.67393112 4.36053610 12.72391796
v -12.69440746 3.13921046 10.79027367
v -12.50836086 2.10794711 9.16302776
v -12.68667889 1.29951847 12.77074337
v -10.72507954 0.55236936 12.75578785
v -10.75534344 -1.20456266 12.66705513
v -12.74404335 -5.26522541 12.78283882
v -12.41335487 1.22574198 10.94580650
v -10.74349880 -2.90794420 7.37929535
v -10.89782715 -4.09127712 5.96233702
v -9.22134590 -5.00605440 5.67265177
v -7.67043591 -5.89869833 4.79596710
v -2.97906065 -1.84556413 7.25733852
v -4.26673460 -8.18596745 6.06552362
v 1.40476274 -6.29699039 7.71339703
v 2.28154731 -4.65870285 7.60724926
v 0.40652296 -7.86933088 7.22150421
v -0.33912045 -9.53728008 7.65648365
v 2.96495771 -9.51559830 7.04132891
v 2.29785848 -7.93472624 7.81663370
v 3.49388933 -8.07214069 6.14537239
v 6.33889771 -4.57709742 6.56760454
v 4.00184202 -11.04563046 7.29698706
v 2.09444642 -11.16256905 7.14637280
v 4.26251888 -12.86660290 6.31008959
v 4.25659657 -12.39920139 8.62471104
v 1.55663168 -12.82685375 10.92186737
v 1.10418665 -12.97651386 7.40338564
v 2.39537382 -11.86444855 9.11248875
v 0.53344846 -11.14374828 7.45136547
v 1.65113568 -12.65310287 12.52165985
v 1.32742298 -10.93918133 12.44833565
v -0.47834203 -10.91825294 12.58730602
v -1.48847628 -12.65209866 12.51889992
v -2.25670433 -10.82425117 12.85335255
v -9.25532341 -13.16627502 9.20413208
v -10.59042549 -12.91121960 10.80056286
v -8.50496197 -12.80276299 10.89521694
v -2.64265013 -8.75891399 12.83899879
v -3.96937060 -10.52849293 12.52728176
v -4.13745022 -7.84398603 14.34860420
v -7.09914589 -8.11710930 12.81129551
v -7.14526844 -5.73834753 14.55693531
v -7.40765142 -4.78050947 12.59026718
v -10.69827938 -9.46781921 12.69822216
v -12.85822105 -10.78535557 10.80558109
v -12.54389381 -12.72296429 11.16819000
v -12.88271332 -8.34993172 4.17127705
v -10.98751259 -7.05101538 3.97157884
v -10.96141529 -5.76374292 5.13784790
v -10.99479008 -7.28770208 2.23341703
v -12.45084476 -7.48699856 2.66709185
v -13.09415531 -7.30140352 -0.49199316
v -12.71071815 -9.39635181 -1.60571551
v -12.73867321 -9.22731876 -3.52942228
v -12.58494759 -8.01357174 -4.84490061
v -12.62339115 -7.50988436 -6.60675097
v -10.93320942 -7.65994644 0.65199256
v -12.02479839 -8.07761097 -2.25334167
v -9.19374275 -7.61984634 -0.07683786
v -7.69949484 -7.88243008 0.84727418
v -9.31309032 -13.18343925 5.73122120
v -11.12076187 -12.16838646 5.16685677
v -11.10304546 -13.44853306 2.97303796
v -8.18014526 -11.05541706 1.13721037
v -10.88919449 -12.85756874 1.11462581
v -12.82911205 -13.00722980 0.32848060
v -9.28749371 -12.54504776 0.10223300
v -7.27937078 -13.21224785 -0.88200426
v -10.85707378 -13.04938698 -4.64861536
v -12.64532375 -7.79831505 -8.70636654
v -12.48868656 -8.06370926 -10.86565590
v -12.26941490 -6.25056648 -11.12648392
v -12.59990311 -8.30275440 -12.68401814
v -12.58886242 0.28341174 -10.98309612
v -12.72667789 -1.45229077 -10.95744991
v -12.70419407 2.04967880 -10.91579437
v -11.10716152 3.80957198 -12.83603764
v -11.18806458 5.62437057 -13.48532009
v -13.07628822 4.62618113 -9.67564774
v -12.18831158 8.36890221 -12.26645374
v -10.93968391 7.66958284 -12.77761936
v -8.77246475 10.89225578 -12.54399395
v -6.26652670 12.56667900 -10.98645878
v -4.67506456 12.73922539 -11.10655880
v -2.98056626 11.96161175 -11.25782585
v -2.72661471 12.54022980 -12.68165970
v -8.23946762 6.14130735 -11.66274261
v -7.35776472 4.39662123 -12.50058174
v -9.77652645 2.71833372 -13.30986309
v -7.13487959 7.62556791 -12.68211174
v -5.96354151 9.00202465 -12.81295109
v -5.40916443 6.61879635 -12.49957752
v -4.25473976 9.36122036 -13.05847168
v -3.17007613 10.64708710 -12.88507175
v -5.39691877 6.14743042 -14.38037395
v -6.68042707 6.50833225 -16.00074387
v -6.74813080 5.16831207 -14.39879227
v -5.63330412 6.43832016 -17.66889381
v -3.32370162 8.37512589 -19.26833534
v -3.93293405 7.40815353 -20.88489151
v -8.42787361 2.10854936 -24.00919724
v -1.06714785 0.23563276 -24.18359947
v -3.83597088 -1.48225296 -23.89270973
v -1.74137378 3.31190753 -24.46751404
v -0.51869321 1.88952875 -23.97526932
v 3.11712790 6.72474289 -24.72919464
v 2.68591237 5.14065838 -23.90716362
v 5.76820946 0.13329938 -23.86616135
v 2.30583835 -3.37986207 -24.75393677
v 5.77071905 -4.51652050 -24.32538033
v 7.43043709 -0.29615951 -24.33592033
v 5.76203632 4.65679598 -24.14244461
v 4.46161461 5.73729372 -23.34952545
v 4.30919361 7.31711245 -20.88413811
v 5.63616514 7.34185505 -19.28278923
v 5.01318121 8.19043446 -17.71602058
v 6.01297665 6.27651405 -17.74864197
v 3.80881906 7.99123764 -16.11035538
v 6.01970196 6.71269798 -14.31061268
v 5.04791117 8.05342102 -14.49660873
v 3.28279853 7.92815161 -14.39307117
v 6.59912252 6.05493355 -15.79853630
v 7.70014715 5.44424582 -17.08304787
v 8.50857639 3.90984750 -16.57439232
v 8.63550186 0.72049922 -16.17208672
v 8.87269020 2.42232490 -15.85504818
v 10.89145279 0.53344846 -12.39237595
v 10.35454178 -4.51215410 -13.11869717
v 13.03227329 -2.18287778 -12.99483299
v 8.28192711 -3.13941121 -14.10760212
v 8.51163769 -2.44887424 -15.37996864
v 9.06425762 -1.26338303 -14.11844254
v 8.75013065 -2.74869752 -16.80686378
v 9.03640366 -0.92034793 -17.24716377
v 9.11083221 0.72185433 -17.85714912
v 8.87098408 -0.81068712 -19.28876114
v 7.99404812 -2.46252537 -19.78331566
v 8.93567562 -3.70758986 -18.34432411
v 7.45156622 -4.02292109 -19.72193527
v 7.22812891 -6.07716703 -19.54396820
v 7.41763878 -4.00214338 -16.95271111
v 7.75711060 -4.45087433 -12.65736866
v 10.93195438 -6.20143270 -12.13802338
v 8.95675468 -5.92504740 -12.05842495
v 7.61171579 -7.57788944 -12.82258797
v 7.57517910 -4.79907894 -5.39365625
v 9.05873680 -4.10849190 -6.26687765
v 12.70921326 -6.63846970 -6.75048971
v 11.23719788 -6.21312618 -5.02422237
v 13.59066486 -8.26074791 -6.94707584
v 12.72788239 -7.81618214 -5.20655537
v 8.86641693 -13.02223587 -3.93950868
v 12.90750599 -11.35107517 -12.80406857
v 11.11233044 -12.28813553 -10.77085114
v 11.13772583 -11.15152740 -12.23503685
v 9.36553669 -13.11202240 -10.96191692
v 10.54364967 -12.69616413 -12.59257603
v 9.25301456 -11.16362286 -12.39031792
v 8.56955433 -12.96376610 -9.29522324
v 10.57752705 -13.19131947 -8.88834858
v 6.36123133 -12.88441944 -7.22215652
v 4.67586756 -13.13666439 -8.60192585
v -1.31457484 -13.02946281 -9.28563690
v -1.72275400 -12.86650181 -7.39189243
v -3.33178186 -13.04381657 -9.02305317
v 1.62709558 -12.46329117 -7.88493967
v -2.90167069 -11.30409908 -6.36108065
v -4.91295576 -5.04198885 -6.28454399
v -4.86803722 -6.93904591 -5.64118385
v -5.17970467 -8.90375614 -5.55169868
v -6.03244972 -7.87419939 -4.56786251
v -1.42895329 -4.53709745 -7.75128889
v -2.71361613 -2.91823268 -7.30336094
v -4.28480244 -1.95497394 -7.50978422
v -4.43185329 -3.23963666 -6.62140608
v -9.27760696 -2.56250000 -7.15179300
v -7.59344769 -3.32741570 -6.72424126
v -9.18531132 -5.63947725 -6.01127005
v -7.38396263 -4.95902824 -5.78341675
v -6.06748056 -4.40861607 -6.69844437
v -7.84488964 -6.25041628 -4.77955580
v -8.68433475 -6.75997496 -3.07326341
v -6.58843231 -6.78526974 -3.41544533
v -10.57090187 -6.94130421 -2.47376752
v -9.07585144 -7.05683708 -1.62092257
v -7.46446419 -7.65302086 -0.73174137
v -7.70250607 -11.06716156 -0.78248143
v -4.08650923 -10.07293606 -6.28675222
v -5.04745960 -12.18103409 -7.89010906
v -10.20749092 -7.79013443 -12.66474628
v -12.72311497 -3.09926081 -11.04111385
v -8.50375748 1.46107364 -15.98322868
v -7.54335976 4.74055958 -15.99221230
v -7.78531647 3.96615863 -17.62151527
v -8.13437366 3.07858348 -19.23857307
v -8.86501122 2.39241266 -20.86747551
v -8.86681843 2.37173533 -17.63903236
v -7.86215401 2.78904867 -22.47404480
v -9.42109489 0.59126508 -20.79445267
v -8.36343193 0.50443977 -17.57183075
v -7.64529181 -4.49032211 -12.66339111
v -8.94822311 -6.08845949 -13.27192116
v -5.92203569 -5.88283920 -20.82050133
v -6.56700230 -6.27099323 -22.48328018
v -6.99962282 -4.44470119 -20.80524254
v -8.01447487 -3.05825734 -17.55571938
v -8.44965553 -4.13689804 -19.18487358
v -8.10275555 -1.15467584 -17.54121590
v -8.92082024 -0.43357432 -19.15997887
v -8.85356808 -0.52049994 -22.42957878
v -8.94199944 -1.23833919 -20.74145508
v -8.75615311 -3.24580979 -20.78075218
v -7.20087671 -5.74868631 -24.42635918
v -5.46617794 -4.82833862 -23.61411667
v -4.29288244 -6.09774399 -24.37300873
v -4.74176407 -3.04299998 -23.94846916
v -2.89765549 -2.79732966 -24.70023537
v -0.28677434 -4.33127642 -24.32041168
v -2.82106876 -5.49046898 -24.37908173
v -1.96516216 -4.12625837 -24.24417686
v -2.64490867 -7.02617216 -23.94731522
v 1.35402262 -4.75792456 -24.21647263
v 0.33861858 -6.01167154 -24.38846779
v 2.92194653 -5.16645527 -24.18078995
v 2.72601247 -8.41131115 -23.97511864
v 3.51577115 -6.73839426 -23.97080231
v 4.18738747 -8.25116158 -24.35709953
v 1.77193820 -8.86380672 -20.85201836
v 3.54884505 -8.69698143 -20.84996033
v 2.44325328 -8.56328106 -19.22095871
v 4.70848942 -5.65347958 -24.76462555
v 6.70020103 -6.23104334 -24.27900696
v 5.77935123 -6.96072721 -12.72657776
v 1.73635495 -12.79282570 -10.94681072
v 2.59386754 -12.77902412 -12.68211174
v -0.26193127 -12.55719376 -10.98926926
v -2.21233821 -13.08487034 -10.90886784
v -8.82159901 -12.97355366 -12.88216114
v -7.97753668 -10.94896889 -12.83252525
v -6.00339079 -11.04839134 -12.13957882
v 1.50062180 -10.91328430 -12.85586262
v 3.30889630 -10.86686039 -12.41676712
v 3.14498210 -8.42671967 -12.67247486
v 1.82809865 -9.01708126 -14.38338470
v -4.21223021 -7.69537926 -12.58725643
v -3.36028886 -7.91053534 -14.37806511
v -5.14552689 -7.53829098 -14.37249374
v -4.23677254 -7.75515318 -15.96109581
v -4.51130104 -8.22536469 -19.16846085
v -2.66653967 -8.50310516 -15.98538685
v -3.75908279 -8.48498726 -20.77181816
v -2.59160900 -8.07284355 -19.18130875
v -2.74769378 -8.94937706 -22.37226295
v -1.09771240 -9.08874989 -22.41938972
v 0.00938516 -9.67007732 -20.82938385
v 0.68305898 -9.24794579 -22.50360680
v 1.37746036 -8.70305443 -23.94249725
v -3.97358632 -8.19961834 -24.31750107
v -3.61735177 -7.36278343 -24.30505562
v -2.92279983 -7.70541716 -24.10736465
v -3.57213235 -8.10446167 -23.29376602
v -4.36470175 -7.95485163 -23.29783058
v -3.08049059 -8.94139767 -23.25883484
v -3.15321302 -7.87424946 -22.41216278
v -2.51391792 -8.69397068 -24.22816658
v -2.15482259 -8.52925301 -23.25130653
v -0.30519336 -6.68298674 -24.05135345
v 0.51618379 -6.79977417 -24.30912018
v -0.12727682 -7.46827841 -23.72387695
v 0.93063647 -9.30521011 -20.84067535
v 0.33766499 -8.85632896 -21.66561699
v 1.15311992 -8.46747208 -21.67550278
v 2.47572494 -8.22631836 -20.85161781
v 2.75190949 -7.97477627 -20.04027748
v 2.09705615 -8.65542603 -20.03721619
v 2.89504576 -8.35178852 -21.67259216
v 2.25851107 -9.28332806 -21.67640686
v 2.65118217 -8.66119766 -23.32006454
v 3.64309835 -8.48870182 -23.30771828
v 3.46693826 -8.45557785 -22.48925209
v 4.07802773 -8.60855007 -21.66586685
v 4.05850458 -8.63494968 -20.02552223
v 4.16389942 -7.95846510 -20.86406326
v 4.68490124 -7.91655827 -20.04283714
v 5.03190136 -7.56479025 -19.25102043
v 5.19983006 -7.01262140 -18.46191406
v 4.73222828 -7.84107542 -18.41990662
v 4.98552752 -6.84920931 -20.08499527
v 6.50783062 -6.01393032 -20.27706528
v 6.24725437 -6.35902309 -19.41844749
v 6.18396711 -6.90316153 -20.15269852
v 5.52263975 -6.86090326 -20.94486618
v 6.91605997 -6.18236113 -21.80549049
v 7.02587128 -5.10753441 -21.85703278
v 6.66828156 -5.51631594 -21.06210518
v 7.84448814 -3.92400050 -23.94375038
v 7.71796417 -3.47752786 -23.37251091
v 7.32459021 -4.18733692 -23.37175751
v 7.13718843 -4.01810312 -24.05110359
v 7.51555586 -3.24048996 -23.53687668
v 6.70110464 -4.64997053 -24.23679924
v 6.20715427 -3.88470340 -24.01983643
v 6.74818087 -5.17880154 -23.66355133
v 6.17929983 -5.32138586 -23.51730347
v 5.65398169 -5.89563704 -24.45341110
v 5.23872614 -5.08399630 -24.30425262
v 5.36956596 -3.62462902 -24.13050079
v 5.80710554 -2.99376559 -24.26415062
v 7.94205332 -2.57815862 -24.43474007
v 7.06351233 -2.58844709 -24.39750099
v 6.71219587 -0.89174074 -24.42721176
v 7.45748806 -1.10860324 -24.61496544
v 6.73723984 -1.70428479 -23.86194420
v 5.88163471 -0.67703640 -23.87404060
v 6.59877110 -0.08145516 -24.17672348
v 5.48203754 -2.11030579 -24.57662201
v 4.66929293 -1.84621656 -24.52959633
v 5.18221426 -1.22323263 -23.93095398
v 5.06883955 -0.41289684 -23.70927238
v 6.35310078 1.51743484 -23.66174507
v 6.48534632 0.74263215 -24.31544304
v 5.63596439 0.90810204 -23.70074081
v 8.08242989 0.87879223 -24.38023567
v 8.19028378 0.05440382 -23.86917114
v 7.31826687 0.52817875 -24.57968330
v 8.66666794 2.84179640 -24.39915657
v 8.95665455 3.27617359 -23.37110519
v 8.41873932 2.24004197 -23.35334015
v 8.72915268 1.72787321 -22.55203819
v 8.49246597 1.38323200 -23.32332611
v 8.88227558 0.63688600 -23.32904816
v 8.72363186 1.19051003 -24.03765297
v 8.67118549 -0.21349984 -23.32653809
v 8.74496174 0.01796731 -22.52448463
v 9.08167267 -1.28280580 -21.78145027
v 9.09010410 -2.17504835 -21.85999489
v 9.26546192 -1.76059580 -22.60041809
v 8.89733219 -1.10273123 -23.32919884
v 8.66109753 -1.91678095 -23.40719032
v 8.61587811 -2.90116882 -23.41050339
v 8.39429760 -2.23723149 -23.87238312
v 8.79981709 -3.51361322 -22.65045547
v 7.82712317 -3.55200696 -21.92388344
v 8.26692104 -2.81379128 -21.95334435
v 8.47630501 -2.95652604 -20.50175667
v 7.85377264 -3.28761649 -19.75279999
v 8.50456047 -3.94136572 -20.47686386
v 7.86752415 -4.73664522 -20.41869545
v 8.09417343 -4.22869205 -21.16755104
v 7.57788944 -3.20023918 -16.88094139
v 7.66571808 -3.64696264 -17.63903236
v 8.20975685 -2.98929882 -17.56967163
v 9.05487251 -1.47156298 -17.78056145
v 8.80920219 -1.81469846 -17.02673721
v 8.63780975 -2.31928873 -17.55888176
v 8.89562607 -1.39291835 -18.80163765
v 8.54516315 -0.82785141 -18.26848984
v 9.07600212 -0.05340005 -18.57383347
v 9.02962780 -0.10163074 -17.55200577
v 9.75981331 -1.18017125 -14.87959385
v 8.75831127 -1.85951638 -14.74925518
v 8.40222740 -1.63873923 -15.50724506
v 9.79594898 0.72978401 -15.30016899
v 8.81663036 1.55788636 -16.01344109
v 8.53045750 1.40390956 -15.14609241
v 9.71770573 1.68591595 -12.59001637
v 10.70460320 1.38393462 -12.06299210
v 9.90581036 0.83492792 -13.08808231
v 9.94335079 0.06403992 -12.83784485
v 10.86184216 -0.34910786 -13.16707802
v 9.90571022 -0.81826550 -12.54344177
v 9.81341457 -1.59828770 -13.14690304
v 8.67650509 -1.15773726 -12.51970291
v 10.77647209 -2.07928967 -12.69505978
v 9.76352692 -2.44521046 -12.48542404
v 11.78379631 -1.70709538 -12.84903717
v 11.73315620 -2.55482125 -12.29516125
v 12.97495842 0.09279765 -12.93716717
v 12.48527431 0.75989681 -11.83819962
v 12.74123287 0.03894591 -11.84060860
v 13.67302322 -0.22484234 -10.97431374
v 13.05069256 -0.89209205 -11.83619213
v 12.85656452 -1.66920340 -11.83378315
v 12.29777145 -1.40516424 -12.25777149
v 10.64206886 -5.35701895 -12.34268951
v 9.94671345 -6.06411839 -12.76150894
v 9.65507126 -5.21890163 -12.52843571
v 13.10379124 -3.32786727 -11.78750992
v 12.80858517 -3.73162985 -10.82455254
v 13.06514645 -4.14663458 -11.75016975
v 12.26043129 -2.96149468 -12.22213840
v 12.44667912 -2.54709220 -11.77902794
v 13.09656429 -3.39742780 -9.88528347
v 12.77425671 -4.21649647 -9.84839535
v 13.30599880 -6.07365370 -10.33537006
v 12.45209980 -5.38452196 -10.98741245
v 12.61817169 -5.24038219 -10.13311195
v 12.63794613 -4.90618038 -9.19414425
v 13.27588558 -6.84363842 -10.03614902
v 13.10163307 -6.98792887 -10.89446449
v 12.98083019 -6.73708916 -9.04107094
v 12.82328987 -7.65066195 -9.59835815
v 12.57330418 -5.65759516 -8.66656780
v 11.78394699 -6.46461868 -8.22877789
v 11.89737129 -2.92887259 -7.06602144
v 11.87744713 -3.94608331 -7.41799021
v 12.48733139 -3.28530788 -7.25553179
v 11.91237736 -1.92220116 -7.09999895
v 11.05250645 -2.50091934 -7.33949614
v 12.27669239 -1.81881392 -7.94034719
v 11.90399647 -1.22965670 -7.54270744
v 11.96482372 -2.28315353 -8.26220322
v 12.03026962 -1.51081002 -8.42631817
v 12.73691654 -0.57861769 -8.49477386
v 12.01626682 -1.14097452 -9.27835941
v 12.86128235 -0.68270767 -10.15539551
v 12.80968952 0.24828014 -10.16347599
v 12.76843452 1.17976975 -10.10982513
v 12.56416988 0.72195470 -9.29723072
v 12.34133434 1.48907852 -7.89934349
v 12.77009106 1.15422416 -8.44423485
v 12.59132099 1.90935302 -8.29833794
v 12.78354168 2.82352781 -8.15680790
v 12.76386738 3.44776654 -7.88599348
v 12.59056854 2.85118151 -7.22672367
v 11.93345642 2.23818493 -7.67374849
v 11.93626690 1.37891591 -7.47515440
v 11.93636799 2.75095606 -7.05347443
v 11.85481167 3.55928421 -6.73277330
v 11.04106331 2.74106884 -6.62245989
v 10.24191952 3.08932352 -6.68168163
v 10.31956005 2.34137154 -7.07259607
v 11.85787392 4.05474043 -6.14948797
v 12.90534782 3.95095158 -6.27862167
v 12.79433155 5.15817404 -5.45508671
v 11.92914009 5.69383097 -5.56444645
v 11.93586540 4.85865211 -5.81142139
v 10.33516884 5.07215214 -6.04489613
v 10.38661194 5.15691948 -4.87822533
v 9.60342789 5.82607651 -5.90979004
v 8.83535004 6.01709223 -5.42366886
v 8.78501129 4.88595438 -5.57920170
v 8.10160160 4.70347071 -6.14908648
v 8.86947823 4.52424955 -6.69016361
v 7.37452745 5.13599110 -5.73212433
v 7.45206785 4.26111364 -6.15862226
v 9.04036808 6.34737921 -4.43526602
v 8.22370911 6.12655210 -4.83511400
v 7.14396381 5.72153473 -4.97227764
v 7.33924532 6.03736782 -4.04771423
v 7.70446348 6.50898457 -3.51446629
v 6.91395187 6.76609802 -4.24234343
v 4.48836470 8.02220345 -5.42326736
v 5.24419641 7.34075069 -5.39847469
v 5.48183680 8.28072262 -5.29578972
v 6.00258780 8.32689571 -4.39421225
v 5.92911243 9.01632786 -5.11541414
v 5.77980328 9.81968784 -5.79897499
v 5.36936522 10.73426437 -5.96750641
v 4.33870411 9.87850857 -5.43947792
v 4.46688461 9.92136860 -7.07741451
v 4.44816446 9.00915146 -6.31290007
v 5.68228769 12.62815952 -6.27335215
v 5.82160950 12.58941364 -7.13126612
v 4.97237825 12.93977642 -6.87184429
v 6.11902380 12.91528511 -4.01845455
v 7.35259533 11.98896503 -4.34663391
v 6.90486813 12.03157425 -5.01413441
v 6.25332689 11.94570255 -5.71109581
v 5.46532488 12.47664165 -5.51385689
v 5.89147139 11.61807537 -6.20394182
v 5.33348083 11.62620544 -4.56093693
v 5.73990345 10.76758862 -4.06914425
v 6.73458004 11.70630550 -4.57137585
v 6.84629869 11.71032047 -3.66598392
v 8.71083355 11.96106052 -6.75028896
v 7.91575480 12.90193462 -6.17789459
v 8.62842464 11.86479950 -5.71250105
v 10.26495552 12.59147167 -4.21895552
v 11.06660938 12.67468357 -4.64259291
v 10.33436584 12.47774601 -5.07461119
v 9.19554996 12.55498505 -3.93654752
v 9.92734146 12.15568924 -3.50457931
v 9.89075375 11.96888924 -2.74307656
v 10.95940781 12.39674187 -3.02553463
v 8.37357044 12.58298969 -1.81249022
v 9.08669186 12.63553715 -2.38674140
v 8.14536476 12.49405670 -2.64817095
v 7.82079935 12.31583881 -1.38318181
v 8.51294231 12.74173450 -1.07462585
v 6.75053978 11.63759804 -1.84430933
v 7.60664701 11.63267994 -1.30789983
v 7.15927076 10.75248241 -1.07312024
v 7.72077465 11.68487549 -0.43277130
v 8.55720806 12.69651508 -0.21094026
v 9.36202335 12.17842484 -0.68777663
v 10.19168186 11.79383373 -1.08210397
v 10.23559570 12.94574928 -0.21836808
v 11.04728699 12.28457165 0.22870681
v 11.88914108 12.58263874 0.66157848
v 11.90806198 12.62590122 -0.17992406
v 12.68647766 12.50780869 -0.57535547
v 11.91247845 13.17987633 -1.00807655
v 11.83197689 12.28276539 -1.83376992
v 10.99524212 12.54298973 -1.43838871
v 11.88964272 12.53917599 1.48496318
v 12.45746994 12.27619076 1.07648289
v 11.15780067 12.27418327 1.88405836
v 12.01757145 12.43553734 2.29856110
v 13.47483158 7.51329708 3.35667515
v 12.91131973 7.20428944 4.02553082
v 12.78660297 6.81186962 3.07100511
v 13.03784370 11.74630547 5.84429455
v 13.29646301 10.92502880 5.34186220
v 12.13430882 11.74103546 4.96931648
v 12.02760983 12.66946411 5.05328131
v 11.09988403 12.81059265 5.52013016
v 11.82178783 12.79583740 5.93894911
v 11.81305599 11.94851303 6.76504421
v 11.04753780 13.09791946 7.24383783
v 11.96989346 12.34033108 7.60323429
v 11.97370720 12.45716858 8.47896481
v 13.01435566 12.83232403 7.99841452
v 13.03443146 11.74500084 8.40067196
v 12.55413151 11.74193954 7.52579403
v 13.09044075 11.79252911 9.26661587
v 12.64557457 10.96558094 8.79279041
v 13.01716614 9.37271309 9.74505806
v 12.84602547 8.58054543 10.12357616
v 12.31684303 8.54822445 9.21050549
v 12.85952568 10.17677593 9.24498463
v 12.50544930 10.20909691 10.15800476
v 11.36854076 12.26550102 8.94064426
v 12.14560127 12.43453407 9.33627701
v 12.01616669 12.62981510 11.78715897
v 11.77275467 12.46248817 11.05767536
v 11.04196644 12.51418209 11.94269085
v 12.01651764 12.77465820 12.87327766
v 12.83372974 12.65295219 11.77395916
v 12.01350689 11.74254131 13.16266155
v 12.38886261 11.72909069 12.31102085
v 10.92407513 11.59895325 12.93144512
v 11.64572906 10.77496624 12.21365643
v 10.44703770 12.90660191 13.02369118
v 10.08698940 11.59840107 12.98745537
v 10.20588493 12.35689259 11.94003105
v 9.90038967 12.59388065 11.15202904
v 9.30561161 13.22901058 11.89134884
v 6.82175636 13.36010170 11.85099792
v 6.41603661 12.87167168 11.00141525
v 5.96288872 13.25355244 11.83574104
v 6.78762865 9.62049198 12.92105675
v 7.79610682 9.55409241 12.72261333
v 7.41673565 10.62932110 12.81179714
v 4.49795103 11.55639362 13.05239868
v 5.30994272 10.62450314 12.97937489
v 5.59611511 11.62439919 12.45430756
v 3.60555768 11.55393505 12.49164772
v 2.68771911 11.54189014 13.12963772
v 3.29419112 10.53853035 13.07106876
v 3.43175650 12.72115803 12.01722050
v 3.00485730 12.97270012 11.12442589
v 2.57349110 12.30655479 11.77446079
v 4.32475185 12.65636444 12.01631737
v 3.89203072 12.69310284 12.81039238
v 5.17212629 12.86584949 11.83403397
v 4.71255493 12.68000317 11.17200375
v 3.80103993 12.11604023 10.62440205
v 4.64876604 12.24944019 10.43890762
v 5.39636660 12.50846100 10.15298653
v 4.48505259 12.46795940 9.60628796
v 4.68655729 12.80692863 8.73422146
v 3.93895674 12.26002979 9.02014256
v 3.33424115 12.86354065 8.52262878
v 3.13353920 11.87614155 9.39620113
v 2.03883815 12.88818359 8.19991970
v 1.27899158 12.45867443 8.42717075
v 1.76867604 12.48025513 9.12357998
v 3.57514358 12.46263885 7.60343504
v 4.17835331 12.33822346 7.27324820
v 3.50799203 12.77997780 6.53784275
v 4.08354855 11.68858910 6.36936188
v 3.66106558 11.68151283 7.03279734
v 3.25820637 10.85205555 6.67294884
v 2.96099281 11.72437382 7.48689842
v 2.02704406 11.73807430 7.12203169
v 2.18378115 12.88923740 6.97141743
v 1.91477334 10.87750053 7.81763744
v 1.23778713 11.71930408 7.32283354
v 1.51728427 10.03629971 7.62702322
v 2.13354301 10.04357624 6.73839426
v 1.14413631 9.15625191 7.46366119
v 0.60943311 9.97165680 7.00092793
v 2.55793285 8.37497520 7.61658430
v 2.15748262 7.50627089 7.63304567
v 1.61309314 8.32965565 7.43861771
v 0.74950790 8.28955555 7.19174242
v 3.22648740 10.06119251 7.27821636
v 2.85765576 9.21201134 7.30044985
v 3.18954921 8.38968086 6.84961081
v 3.94909453 8.51058388 6.30326414
v 3.68204403 7.67962027 6.56599855
v 5.35481071 11.73054695 5.80364227
v 5.14778519 11.72231579 6.59179497
v 4.67370939 12.62464619 5.97177219
v 6.04710436 12.45450878 5.97307730
v 6.48399115 12.46078205 5.49779654
v 5.85794592 12.26941490 5.36409569
v 6.54005098 11.74946690 4.89006996
v 5.25197554 10.91278267 4.63355875
v 5.83315277 11.73029518 5.33870029
v 6.82592201 10.81381226 3.87652278
v 6.73874569 9.98139381 3.61218238
v 6.22577381 10.09521961 4.25860405
v 6.90386438 11.74324417 4.22603226
v 6.86893320 12.08833694 4.37002134
v 7.67003441 13.16883469 3.48796701
v 7.94732332 12.86369133 2.82136989
v 7.24549389 12.43197441 2.89509606
v 7.35691118 12.66108227 4.25223017
v 8.18541527 13.16170788 4.23049879
v 7.59073734 11.63042164 2.74844670
v 7.12920856 11.63172626 3.37022591
v 7.87033463 11.64848900 1.97173679
v 7.24203110 10.72076321 2.28721857
v 7.20363712 8.06923008 2.18558788
v 7.19982290 7.03028774 2.49384284
v 6.87420321 7.81076145 2.89313865
v 7.81919336 8.98245144 1.85846245
v 7.97663307 8.23685837 1.37319446
v 6.13799477 6.88158083 4.72444916
v 6.28273726 7.27254534 3.91702437
v 6.50542164 6.32549763 3.83255792
v 5.67370558 6.19736719 5.18688154
v 5.94356632 7.07555723 5.67832279
v 7.19671106 6.23184633 4.27632046
v 8.11098671 6.03817081 4.76806259
v 7.12147951 5.62888765 4.92359543
v 7.33397532 4.91917896 5.28715754
v 6.42316341 5.50547552 5.17383289
v 5.73578835 4.87471247 5.89884901
v 5.45473528 5.27571440 5.12555218
v 8.96689320 4.65579224 6.65352631
v 8.13698387 4.50372219 5.78597593
v 8.86029339 4.91139984 5.45488596
v 11.13837814 5.13634253 6.03822136
v 11.96482372 4.86487532 5.27235174
v 11.92407131 3.94422626 5.76439524
v 12.60567474 3.87727547 6.60589790
v 12.81797028 4.59024668 6.94833088
v 12.82128239 3.86748886 7.37477827
v 13.16336441 3.89725041 8.26712132
v 12.32928944 3.11185813 7.80227995
v 12.25245190 3.85504222 9.18907547
v 12.19614029 3.78638506 10.25085354
v 12.50866127 3.07220960 9.75389099
v 13.01852131 3.42186952 11.74730968
v 12.47664165 3.85499215 11.07930660
v 13.29279900 4.27115107 12.01832485
v 11.79042053 1.84420896 12.62193584
v 11.78761005 0.94719851 12.19553852
v 12.92682838 1.32215321 12.85636425
v 12.32688046 0.82860422 11.86404705
v 12.44969082 1.72506261 11.86535168
v 12.42314148 1.51768577 10.22033882
v 12.84436893 0.75091314 10.19720173
v 13.08763027 1.03648305 9.34606361
v 13.03443146 0.35247046 11.02886772
v 12.40753269 -0.12863190 10.15394020
v 12.70810890 -0.97028500 10.08367634
v 13.02539730 -0.57189250 9.25281429
v 13.45450497 0.02966112 8.47223949
v 12.72677898 -0.81194180 8.40774822
v 13.15623760 -1.73404634 8.28262901
v 12.50800896 -1.16446245 7.76037312
v 12.00346851 -0.58514214 7.77803898
v 11.19112587 -0.11146759 7.56915665
v 11.94008160 0.26112828 7.77547932
v 10.32432842 0.80606979 7.65051126
v 10.31464195 -0.09319916 8.25196457
v 9.51058006 -0.01686317 7.53282022
v 8.67645454 -0.11543245 7.80900526
v 8.68558884 0.81620777 7.89046049
v 7.93964434 1.51592922 7.44489098
v 8.78004265 1.75236499 7.98481369
v 8.83846188 2.62036681 7.32408857
v 9.58355331 1.85509980 7.42662239
v 10.40949726 2.50222421 6.95480490
v 10.34701347 1.59512591 7.26637220
v 11.15097523 1.47156298 7.07570791
v 11.95875168 2.68350339 6.95781612
v 11.13697243 3.19261050 6.79003763
v 11.92597866 3.58272195 6.70366430
v 13.17997646 2.13800979 6.75043917
v 11.96291733 1.98026872 7.50341034
v 7.08228254 1.62789869 7.75741196
v 7.17066383 2.29208684 6.97196913
v 5.35069561 0.27186850 7.58401203
v 4.56364679 0.69771385 7.03229523
v 5.39295387 1.15311992 7.26060057
v 6.11139536 -0.20035058 7.48082542
v 5.29127264 -0.64576924 7.60574341
v 7.00971079 0.64310932 7.09683704
v 7.79013443 -0.18499304 7.68699789
v 6.95063925 -0.16541971 7.44443941
v 6.89166832 -1.11748648 7.85377264
v 13.34629917 -1.82413375 10.02048969
v 12.59247589 -1.38082302 10.91955853
v 12.77350330 -2.67276311 9.87338924
v 12.51955223 -3.04641294 10.83479023
v 13.11242390 -3.48445392 9.85215950
v 12.90449429 -4.26708603 9.94395351
v 12.17215061 -3.89328551 8.98250103
v 13.14188385 -4.13855457 7.94807625
v 12.84135818 -3.35647440 7.85728598
v 12.93330288 -5.08786058 8.32177639
v 13.03884792 -4.55064821 7.19716311
v 12.98273754 -5.95766926 8.44403458
v 12.20708179 -5.54537487 9.19474697
v 12.18344307 -5.10266638 10.00929832
v 12.79598808 -5.97212362 10.13130474
v 12.46825981 -6.41267395 10.99308395
v 12.46585083 -6.85528231 10.18008804
v 13.04431820 -7.75153971 10.26189423
v 12.55056858 -7.31108952 9.39861012
v 12.97902393 -7.85407400 8.66641712
v 13.26700211 -6.95786667 8.58456039
v 12.79066849 -10.35845661 8.37527657
v 12.82088089 -11.08653355 7.81106281
v 13.01791954 -10.16217041 7.46546793
v 12.61270142 -9.30516052 5.73704290
v 12.60567474 -8.89151096 4.89820004
v 12.73716736 -8.42988110 5.62306595
v 13.39884663 -9.86671352 6.68163157
v 12.85174656 -10.32839394 5.95676613
v 12.81365395 -10.51112843 10.24819279
v 12.36356831 -11.18319607 9.78726673
v 12.68356705 -10.60794067 9.18159771
v 12.57777023 -9.53436852 10.37652397
v 13.19754219 -10.11248493 10.98525429
v 12.63428211 -9.07038021 9.56136990
v 12.18791008 -8.67133522 10.29562092
v 12.78238678 -8.21552849 11.07714844
v 12.40130901 -12.08597851 11.91970539
v 12.47423267 -11.94309235 11.01637077
v 12.41325378 -11.23167801 11.75664425
v 12.73932552 -12.80045509 11.91870117
v 12.56492233 -12.08166218 12.48572540
v 11.95046997 -12.09385777 13.34278679
v 11.93471146 -12.67498493 12.53937626
v 11.93852520 -10.39368820 12.43558788
v 11.94705772 -11.16964531 12.96768093
v 12.75965214 -10.60231972 12.68010426
v 11.73375893 -9.50204754 12.69771957
v 10.93080044 -10.06796837 12.38801003
v 10.31122971 -10.95022297 13.26885986
v 10.10405350 -10.05491924 12.29832363
v 10.02485657 -12.56361771 9.74872208
v 10.90615845 -13.03177166 9.94129372
v 10.00824451 -12.67096996 10.67469120
v 5.96590042 -12.49109554 8.18395996
v 6.80429125 -13.10188389 7.20408869
v 6.85844421 -12.95653915 8.16403484
v 7.73708582 -13.38283634 8.11048412
v 6.89869499 -12.83864784 9.09035587
v 5.13799858 -12.69054317 8.88373184
v 5.08439779 -12.60958958 7.92438745
v 5.65583849 -12.38374329 9.98069096
v 4.77383423 -12.65280151 9.72046566
v 2.53539848 -12.86660290 10.81034946
v 1.97560120 -12.66027927 10.01527023
v 2.95436811 -12.06404591 9.90345192
v 3.32525754 -12.82328987 8.86611557
v 3.88505459 -12.61997890 9.66089249
v 1.57966793 -11.98374462 7.17909527
v 0.79859179 -11.97511292 7.23098946
v 1.26905429 -11.15694714 7.03796673
v 1.42804992 -13.24923611 9.22606373
v 1.00933135 -12.57224941 10.13446712
v 0.52642214 -12.74188519 10.93486595
v -0.02087822 -12.72738075 10.14796734
v -1.00014687 -12.81997776 10.10244751
v -0.51723772 -12.91147041 9.30124569
v -0.99603146 -13.23397923 8.44037056
v -0.01711412 -13.11086750 8.48664379
v -2.43462086 -9.74400425 12.35463428
v -3.29218364 -9.60061741 12.95061684
v -3.11371493 -10.68041229 13.32537079
v -0.32391348 -8.90330505 12.59568787
v -0.03834365 -9.22862339 13.55974960
v -0.81906849 -9.05963993 13.55683804
v -0.79026055 -9.95067883 13.12888527
v -0.01646167 -9.98028946 12.76974010
v 0.74067479 -11.86680698 12.29114628
v 0.42464083 -10.92738724 12.37556267
v -0.16260919 -11.85998154 12.75006580
v 0.90238059 -12.59784603 12.46499825
v 1.48963070 -11.87378311 13.12988853
v 1.21515238 -8.98551273 12.73771954
v 0.88637066 -9.98821926 12.38334179
v 1.65088475 -9.89466858 12.37104607
v 2.48059320 -9.64463234 12.15418339
v 3.28952360 -9.39168453 13.13586140
v 2.89850879 -8.95404434 13.07448101
v 3.94849229 -9.91715336 12.68437004
v 3.67988610 -10.83107662 12.71894932
v 4.64038420 -10.30340004 12.52266407
v 6.02913713 -8.18230343 12.73024178
v 7.15515566 -8.24463749 12.72873592
v 6.47144413 -7.38687372 12.56421947
v 7.20469093 -6.69799280 12.56431961
v 6.20098114 -6.76634884 12.86971378
v 4.46041012 -7.81673384 12.68452072
v 4.24831581 -8.86024380 12.67829704
v 5.12861347 -8.35931683 12.99689102
v 4.97543955 -7.65397453 13.48772907
v 4.02377415 -8.03379726 13.48823166
v 5.67375565 -7.11756468 13.44682598
v 5.18040752 -7.27460289 14.23683548
v 7.09111547 -5.74296522 13.47819328
v 6.65292406 -6.19249916 14.22704887
v 6.73573446 -6.74752855 13.45204544
v 8.54129887 -7.45412540 12.23046970
v 8.14396000 -8.31620502 12.56356716
v 9.08734417 -8.32052135 13.39714050
v 8.61346912 -10.92307186 12.73014164
v 9.08649063 -10.05818081 12.28808498
v 8.21683311 -10.04718971 13.11869717
v 7.19465351 -12.65480900 12.51754475
v 7.88509035 -11.85225201 12.27122211
v 7.05327368 -11.85747242 12.76999092
v 6.90983629 -10.92859173 13.16466904
v 6.21970081 -11.86705780 12.31222534
v 7.70095015 -9.11088276 12.07011890
v 7.22787809 -9.97557163 12.70143414
v 10.34289837 -7.43575668 13.12542248
v 11.06420040 -6.53312540 12.71372986
v 10.20583439 -6.55575991 12.52472210
v 9.94872093 -5.67475939 12.53962803
v 9.22766972 -6.57744122 13.62238407
v 12.57611465 -3.84691191 12.50374317
v 11.55769920 -3.52324915 12.26153564
v 11.55784988 -4.31953239 12.28437138
v 10.65501690 -4.82422304 12.88888645
v 11.82725906 -5.14828730 11.91368294
v 11.80693245 -0.88320881 12.57260132
v 10.83378696 -1.34508920 12.81345367
v 11.77034569 -1.80942869 13.05124378
v 11.76261616 -2.66086841 12.24597740
v 12.82369137 -2.19959044 12.75122070
v 12.87603760 -0.93731147 11.82750988
v 12.89014053 -0.05099103 11.82856369
v 12.64687920 -0.46122792 12.57345390
v 11.80743408 0.00301128 12.69631481
v 8.88649178 -2.09555054 12.83362865
v 9.68322659 -2.56902432 12.91352844
v 9.86194611 -1.76762211 12.74153423
v 8.94762039 -1.88365674 13.51453018
v 8.43670654 -2.60024142 13.50956154
v 8.93070698 -1.02840269 13.52557087
v 8.46787357 -1.55944216 14.33640862
v 9.21145916 -0.43337357 12.94594955
v 9.31625175 -0.19322388 13.52938557
v 7.88975763 5.95179749 13.10459423
v 7.40157890 6.52414179 12.03363228
v 6.85994959 5.52273989 12.62926292
v 6.97894526 6.42105532 13.55036449
v 6.97718906 5.38683081 13.54067802
v 7.02441597 4.93825054 14.40476513
v 7.08986092 4.32359743 13.55287361
v 8.04950619 3.77740145 18.48936653
v 8.64599037 3.01645064 18.48760986
v 8.20293045 3.34372663 17.69478989
v 9.00076962 2.12997961 18.51526451
v 8.80257702 2.56325269 19.30301476
v 8.38526440 2.93850851 20.08348846
v 9.23474598 2.20631552 20.09513283
v 8.46747208 3.09002614 21.67008400
v 8.67535114 2.75883555 22.47760773
v 8.61753368 2.15843630 21.69256783
v 9.18460846 1.72044539 20.91766357
v 8.51048279 1.21194029 21.71886635
v 8.79359341 1.15035963 20.14125633
v 9.40292645 0.28070161 20.13277435
v 8.68779755 0.67989713 19.33347893
v 9.16102028 0.28742680 18.52811241
v 8.62430954 1.14102471 18.50893974
v 8.73653030 -1.50684512 20.12981224
v 9.92493248 -2.21896291 20.95400047
v 8.66521263 -2.37243795 20.11194611
v 9.36463261 -1.60666907 21.78360939
v 8.98290253 -2.45509768 21.76242828
v 8.83951569 -0.50097680 23.32578659
v 8.94325447 -1.45249152 23.33642578
v 8.54952908 -0.96742427 22.55710602
v 7.96945620 -0.60591996 23.73506927
v 8.97035599 -0.00225846 24.15564537
v 7.95921803 0.33435258 24.24327278
v 7.99620628 1.13575494 24.05822945
v 7.05071449 0.53314734 24.07318687
v 6.05593777 -0.65384954 24.16769028
v 5.99686623 -1.49655664 23.93220711
v 6.95264673 -1.11101222 23.93220711
v 6.04625130 0.29249579 24.30289650
v 6.08474541 1.09394825 23.76703835
v 6.72660017 2.03311682 23.58400345
v 5.72389364 1.79351914 23.59695244
v 5.36871290 2.66764379 24.63850403
v 4.72485065 1.72737134 24.39383698
v 4.16053677 0.20868179 24.19263268
v 4.17027330 -0.73761332 24.26490402
v 5.08976793 -0.09299840 24.70540428
v 3.24229670 -1.35527730 23.97105408
v 4.17157793 -1.65700769 24.23213196
v 8.41402149 -3.68610930 24.33270836
v 7.88458824 -3.95953369 23.31143188
v 8.04664516 -3.09830737 23.31584930
v 7.77472687 -2.57474589 22.54631615
v 8.80814838 -2.39687943 23.33542252
v 6.60559654 -6.21016550 23.28242302
v 6.66883373 -5.71420717 22.42802238
v 6.91932201 -5.37498665 23.24448204
v 6.11019087 -6.36971283 23.95609665
v 5.77267647 -6.62316275 23.27785683
v 6.04845953 -5.39320469 23.91007423
v 5.40695620 -6.01654005 23.83107948
v 6.66878366 -4.75536537 23.34470749
v 5.87736845 -4.30949497 24.24939537
v 3.29188251 -7.57613277 24.02520561
v 2.39040518 -7.90521574 23.99393845
v 3.06623721 -8.25793648 23.92989922
v 3.97674823 -7.07480478 24.02886963
v 3.24500680 -6.56890917 24.16502953
v 4.10372400 -2.58669066 24.06179428
v 3.36224604 -3.22734070 24.90665817
v 4.22236824 -3.53935957 23.85903358
v 2.43617678 -2.95210958 23.69808006
v 2.55482125 -3.90477848 23.57436752
v 1.80305481 -4.52470112 24.20723915
v 0.86805201 -4.43496466 23.59203339
v 1.04240525 -5.33011818 23.69552040
v 0.47949636 -6.19631338 24.20101547
v 1.41449916 -6.28609991 24.54093933
v 1.70584059 -7.11159229 24.19679832
v 2.26864910 -6.24494553 23.56151962
v 1.53615499 -7.94516516 23.85697556
v 0.51829171 -9.28453255 22.55916405
v 0.07166849 -8.75645447 21.72950554
v 0.99156475 -9.10365486 21.74541473
v -0.78298330 -8.96428299 21.69482613
v -1.26559126 -8.36820030 22.46782112
v -1.71045792 -8.78094673 21.61517715
v -2.61941314 -8.68945312 21.55254364
v -2.09013033 -8.93793488 20.77538109
v -2.33886218 -8.85918903 19.94968796
v -1.50152516 -9.42094421 20.01167107
v -0.73425072 -9.57928753 19.23797226
v -0.45124051 -9.34932518 20.05794334
v 0.42529330 -8.96468449 20.10190773
v -0.29003656 -8.59068394 20.87816620
v 3.19938588 -7.92619419 19.27250099
v 4.03255749 -7.97783756 20.00253677
v 3.11783051 -8.72242737 20.06542206
v 2.98724127 -8.59956646 20.91269493
v 3.46252179 -8.35635567 21.67449951
v 2.72295117 -8.80307961 21.79008293
v 2.40586305 -9.14159775 22.56192398
v 1.87818635 -9.29632664 21.80458641
v 3.92334819 -8.41552734 17.64209366
v 4.40956974 -7.67490292 18.36068535
v 3.81604624 -8.47148705 18.48736000
v 6.32323885 -6.52012634 16.65087891
v 5.84027958 -7.26973486 16.68084145
v 6.20695353 -6.95736456 15.83888721
v 7.01743984 -5.30452251 18.34708405
v 6.58622408 -6.04785728 19.15756989
v 6.98898315 -6.63565922 18.31862831
v 6.10105658 -6.99967289 18.30783653
v 6.27801943 -5.95586252 17.49474144
v 7.10657358 -6.06798267 16.65735435
v 7.02286005 -5.36258984 15.89354229
v 7.02848101 -4.91360807 16.74297523
v 7.84704781 -4.47285700 16.84877014
v 7.21743870 -4.66020870 17.61157799
v 8.30837631 -5.14382029 18.46166420
v 6.85593462 -5.56409502 19.95771790
v 6.01398039 -6.13583708 19.92745399
v 6.26040363 -6.85673761 20.76258278
v 6.93206978 -6.69247198 21.59284401
v 6.00745583 -7.05437803 21.63003349
v 5.64836073 -7.00137949 19.96128082
v 7.49457693 -4.74929237 21.59891701
v 6.81161833 -5.44494867 21.56423759
v 7.00986147 -5.05508804 20.76358795
v 7.66315889 -4.93845129 19.99455643
v 8.17587948 -2.86804461 16.85514450
v 8.37251663 -3.44003749 17.69900703
v 8.28865242 -3.78924584 16.86774254
v 8.60543919 -2.90342712 15.17530155
v 7.98315763 -1.96260250 15.15256691
v 8.54009438 -2.55351639 16.01153374
v 7.86155176 -3.47918415 15.18789864
v 8.30857658 -3.17905974 14.34669781
v 8.43314362 -4.22934437 15.99999142
v 7.72152758 -4.27345991 15.17148781
v 8.28423500 -3.39787960 13.53079033
v 8.76122284 -3.83150411 13.25219727
v 8.59299183 -4.46106243 13.53626156
v 7.95073605 -4.87124920 14.31241894
v 7.62888050 -4.91867685 13.47703934
v 7.69949484 -5.37398291 13.08958817
v 7.10411453 -4.85609245 15.11532688
v 9.71188354 0.50955898 15.22804928
v 9.36618900 1.38107395 15.23753452
v 8.58230209 0.79934460 16.04761887
v 9.16322803 2.71652699 16.06995392
v 8.48604107 2.10593963 15.24250317
v 8.50164986 3.04390335 15.25535202
v 9.08639050 2.46292686 13.56813049
v 8.69632912 1.77479899 14.40817738
v 9.03595161 1.51989400 13.54549599
v 9.28639030 0.70002252 13.54629898
v 8.83735752 1.22062290 12.67317772
v 9.38265038 0.07513147 14.37781429
v 8.71434689 -0.39292201 15.18659401
v 8.49718285 -0.88185370 16.01775742
v 8.98701859 -1.32431126 15.18167591
v 8.63158703 -3.18006349 18.49865150
v 8.27339458 -3.94558144 18.51692009
v 8.07399750 -4.01965904 20.05578613
v 8.29909134 -3.14934850 20.12705231
v 8.40303040 -3.71326113 20.87053871
v 8.60890198 -2.78478265 19.29739380
v 8.99183655 -2.36787081 18.48821259
v 7.95650768 -4.54427433 19.24991608
v 5.46447182 -7.55204248 17.50728798
v 4.89027071 -7.38893127 16.69384003
v 4.64610577 -7.93527794 15.92109585
v 4.16410017 -8.01382256 16.74538422
v 4.12796450 -8.06054783 15.12616730
v 4.94181347 -7.56489038 15.07341957
v 3.38277292 -8.56804848 15.19065952
v 3.71933389 -8.21738529 14.34313393
v 3.40711427 -8.85336781 13.56205750
v 3.42222071 -8.53377056 16.86899757
v 2.59712958 -8.93713188 16.96360207
v 2.96475697 -8.76779747 16.06588745
v 2.46378016 -8.64383221 15.28275394
v 1.62990618 -8.74280357 15.28225231
v 1.96029389 -8.18907928 14.40205479
v 2.18006730 -9.47188473 17.77915573
v 1.61495018 -9.32664108 16.98166847
v 1.17515254 -8.79253960 16.12586212
v 0.67136514 -8.76875019 16.93976212
v 0.11076497 -8.82711887 17.73087502
v -0.24983597 -9.59434319 16.88791847
v -1.01334631 -8.31996918 16.81333923
v -0.48486647 -8.42260361 16.03150940
v -0.96280700 -9.02701855 15.18624306
v -0.08220798 -8.64985561 15.25836277
v 0.35964736 -8.60212612 14.40652180
v 0.77460194 -8.63188744 15.25520134
v -5.22758436 -7.04619741 15.08586693
v -5.14116049 -6.55862093 15.89223766
v -5.62105846 -6.25297594 15.07226562
v -6.45001364 -5.93327808 15.21901512
v -5.93739367 -5.78050566 14.40667248
v -7.00609732 -6.05332756 13.63061523
v -7.25548124 -5.23285389 13.62961102
v -6.91530704 -5.38311672 12.55523586
v -6.40675163 -5.67395639 16.26443100
v -6.97844362 -5.39410830 15.60862541
v -6.18000221 -6.79520702 16.66944885
v -5.31907701 -7.10662365 16.68033981
v -4.24826527 -7.29839230 16.68515778
v -5.40966654 -7.90105009 17.46006203
v -4.04284573 -8.27846432 18.32053566
v -4.53343391 -7.85864115 19.07736969
v -5.14050817 -8.27309418 18.21739769
v -3.56480503 -8.70094681 17.54628372
v -3.04400373 -8.16172695 18.39892769
v -2.10187435 -8.65030670 18.40921783
v -2.72495866 -8.67765903 19.18331718
v -0.22925888 -8.50792313 18.47933006
v 0.68381178 -9.16779518 18.53664398
v -2.01028109 -8.86410809 16.79682732
v -1.62202668 -8.42937946 17.64921951
v -1.22659528 -8.85768414 18.43044662
v -5.74125862 -7.05116606 19.75811958
v -6.41272402 -6.27947521 19.62361717
v -6.12695360 -6.75570917 18.84545135
v -7.15560722 -5.21895170 18.56023216
v -7.43972158 -4.96685743 17.53589439
v -6.75626135 -5.46612787 17.68681145
v -7.28273344 -4.90286779 21.28212929
v -8.00935555 -4.30422497 21.25402451
v -7.34988499 -4.41012192 20.34742737
v -6.13202238 -5.11777306 23.77506828
v -5.84986544 -4.13268232 24.45175362
v -6.74938536 -4.48299456 23.79564667
v -4.24435091 -6.74798012 24.67850304
v -3.55813003 -7.22843027 24.09848022
v -3.18904734 -6.29568577 24.23047447
v -2.79010272 -7.60679770 24.00713921
v -3.74889469 -7.86581802 23.88076591
v -2.15612745 -8.29944229 23.71584702
v -1.97314203 -7.83881664 24.79127693
v -2.69996500 -8.64649296 23.24598694
v -1.78654301 -8.46561527 23.24548531
v -3.39627361 -8.07801247 23.22857094
v -3.14814401 -8.58566475 22.37939072
v -4.61438704 -8.55078411 23.24091721
v -0.83226794 -5.06612921 24.77391052
v -0.04065230 -4.27481508 23.66937256
v -0.98027241 -4.10056210 24.13707542
v 2.34317827 -1.10619414 23.67368889
v 2.24686742 -0.17706333 24.36231995
v 1.34905398 -0.84722400 24.90600586
v 0.44968468 -0.59256995 24.64176559
v 0.54594529 -1.52170074 24.22334862
v 3.07170773 0.44155422 24.44628334
v 2.07758331 0.70042402 23.58124352
v 3.63602185 1.96024370 24.41125298
v 3.30944824 2.82689047 23.93411446
v 2.57579970 2.18573856 24.24493027
v 0.27919596 0.42790306 24.23935890
v -0.52386254 -0.24652356 24.02314949
v 0.04873257 1.34122467 23.91363907
v 1.02227974 0.99512810 24.47308350
v 1.52049625 2.48044252 23.97908401
v 1.27899158 3.39757848 24.53712463
v 0.55026144 2.82553530 24.47208023
v -0.44536850 3.25991273 23.84774208
v -0.20386374 2.34277678 23.83233452
v -0.94684720 1.77555180 23.72021294
v -1.87758410 2.20566320 23.78169441
v -1.62503791 1.20411098 24.46510506
v -1.43402231 3.75080180 24.52377319
v -0.67994732 4.23361063 23.48694038
v -3.73529363 3.12033987 23.89903450
v -3.44816804 2.06312919 23.70671272
v -2.84285021 2.69138288 24.35228157
v -4.06417561 4.20716143 24.70123863
v -4.66944313 3.57895803 24.34555626
v -3.37027621 4.76741028 23.62706566
v -4.30502796 5.22668076 24.30756378
v -5.52956533 3.95948362 23.67624855
v -5.20233965 2.87391663 24.69652176
v -3.16320038 0.97766262 24.19770241
v -4.05564356 1.40661967 24.54309654
v -1.38127470 0.13841856 23.92307281
v -2.31196141 0.56852990 24.52046204
v -2.91938710 -0.08797960 24.34515572
v -2.76927471 -1.10463834 24.03012466
v -2.66965151 -2.19331694 24.19614601
v -1.96857488 -1.58579087 24.17471695
v -1.11121297 -1.97073305 24.66771317
v -1.21078598 -0.88205445 24.27554512
v -6.14065504 -0.44235721 24.30912018
v -6.94296074 -0.91051108 23.75183296
v -6.04208565 -1.31673288 23.89612198
v -5.89312744 -2.26473451 24.35228157
v -6.65447998 -2.64024115 23.80427933
v -5.70316601 -3.12033987 24.08934593
v -7.46827841 -3.04535890 23.76387787
v -7.66079998 -2.19070721 23.94033813
v -8.47685719 -1.74267864 23.93004990
v -7.81573009 -1.36631870 23.69657516
v -7.92243004 -0.49344862 24.42545509
v -7.91475105 0.34223211 23.69260979
v -8.88463497 -0.11472981 24.18917084
v -9.33979034 0.50494170 23.23800659
v -8.06024647 -0.34454077 23.22285080
v -8.68338108 -0.58489120 22.26165009
v -8.96654129 -1.19914234 23.12884903
v -7.67545462 -3.84093952 15.55055714
v -7.65763807 -4.91345739 15.65851212
v -7.64724922 -4.49664593 16.55456924
v -8.20358372 -3.89338589 13.68015003
v -7.84569263 -4.07024860 12.66600132
v -7.56765079 -4.51882887 13.67739010
v -7.68002176 -3.26849484 14.63071156
v -8.27279282 -2.94488239 13.65681267
v -8.05949306 -3.05529618 15.52882576
v -8.48553944 -2.77173376 16.47481918
v -9.02561283 -2.33630252 15.55768394
v -8.45703316 -3.47612262 17.36962318
v -8.41221523 -2.44395590 17.39677429
v -8.80523777 -1.56471193 17.40249634
v -8.74817371 -2.24230051 18.29744911
v -8.76985455 -2.22834802 13.65741539
v -9.20704269 -1.85309231 14.67302036
v -9.19605160 -1.37620568 13.72030067
v -9.53366661 -2.32109571 13.33159447
v -9.30877399 -3.11120558 12.50911331
v -8.32247829 -2.50051785 12.55358028
v -9.72678947 -1.47698331 13.13561058
v -10.55965996 -2.04701877 12.62891197
v -8.91193676 -1.01891720 12.83975220
v -9.80699062 -0.73133981 12.81676579
v -9.78972530 0.14695053 12.63649082
v -10.74154091 -0.32607156 12.84888649
v -8.66922760 1.02815175 13.60521984
v -8.16669559 1.70704520 14.36958313
v -8.37602901 1.96521235 13.45786762
v -8.36262894 2.75371623 13.45912266
v -8.51680660 1.98734522 12.62971497
v -8.94736958 0.50604582 12.83468342
v -9.03344250 0.29676178 13.60878277
v -8.81336784 -0.50348622 17.44099045
v -8.38190174 -0.42007375 18.47767258
v -8.72202587 0.33194357 17.61122704
v -8.08253002 1.05916798 18.12199020
v -8.34185123 1.03020954 17.09052658
v -8.02160168 1.85951638 16.70548439
v -9.04458427 1.23402309 16.19878578
v -7.16418934 5.42718220 13.62122917
v -6.75465536 6.13784456 14.40752506
v -6.95535707 6.39089251 13.50218391
v -7.36925745 4.51225424 15.98588848
v -6.84840631 4.98728418 15.68481064
v -7.06175566 4.43822718 14.83954334
v -8.14320755 3.87401342 16.03060532
v -7.87279415 4.42944431 16.87803078
v -5.78868628 6.70356369 16.62076759
v -5.15290451 7.31204319 16.28781891
v -5.67887497 6.89844370 15.75938988
v -5.22818661 6.66833162 14.85811329
v -6.31992674 6.61909723 15.18584156
v -5.42281580 6.91801739 13.49139309
v -4.80454922 7.05759001 14.24330997
v -4.35968304 7.53312159 13.45470619
v -4.16806507 7.68012238 12.69239998
v -3.77504253 8.24684525 13.45520782
v -2.73474526 8.03500175 14.25279522
v -2.57579970 8.31394672 13.49460506
v -1.81725800 8.22491360 13.48772907
v -2.77384162 8.36398411 12.74449539
v -6.23405504 11.56999493 12.42534924
v -5.76439524 10.83047485 12.65074348
v -5.31732035 11.81867695 12.07127285
v -6.17277527 12.36241341 11.92949200
v -7.05759001 12.73425674 11.93536377
v -6.67330027 13.15879726 13.27327633
v -5.29528809 12.09225178 11.94545174
v -5.68053102 12.64773273 11.21431255
v -4.79692078 12.38534927 12.49144745
v -4.30442572 12.31604004 11.94826221
v -3.36590981 12.48286533 11.88432217
v -3.86422658 12.63985348 11.16773796
v -2.66658998 11.45516491 12.49977875
v -2.29309058 10.51037502 12.95583725
v -1.77710760 11.61285591 12.80622673
v -0.91422498 11.61190224 12.45014191
v -1.28812575 12.58856106 12.69787025
v -0.19929662 8.81913948 13.52772903
v 0.65460235 8.64799786 13.52597237
v 0.36662349 8.74415874 12.67423153
v 2.61876082 7.77010918 15.25279236
v 2.82413006 8.75801086 14.41415024
v 1.94990504 8.59791088 15.17761040
v 3.63551974 8.38039589 15.43738365
v 2.66769409 8.03038406 16.20159721
v 3.91356158 7.85442543 18.66402245
v 4.89177608 7.56213045 18.46357155
v 4.51757431 7.95806360 17.77027321
v 2.46272612 7.98516512 17.85664749
v 2.14282775 9.03610229 18.57870102
v 2.91220999 8.26285553 18.70482445
v 3.25318742 7.75786352 19.39255142
v 0.76225567 9.48111916 17.65097618
v 0.13334957 9.06676674 18.39014626
v 1.14594305 9.02651596 18.46462440
v -1.72922826 8.49080944 18.31902885
v -2.70498371 8.50039482 18.27636909
v -2.00044441 7.78642035 19.07842445
v -0.77655923 8.77637959 18.34899139
v -1.24938059 8.64388275 17.54603386
v -2.20119643 7.85206652 15.01183891
v -3.38322473 7.91374731 14.95874023
v -4.02693605 6.99224520 14.82483864
v -3.99682331 7.86130095 15.56782246
v -4.18492794 7.23706245 16.34879875
v -3.49333715 8.17392254 16.48550987
v -4.90959311 8.05974483 17.20635986
v -6.13769388 6.13819551 17.24726486
v -5.30913973 6.15967607 17.76987267
v -7.94330835 3.38979936 17.85624504
v -8.06486320 2.59647727 17.25644875
v -8.17532730 2.60149598 18.19491386
v -8.91284084 1.98935282 18.49117470
v -8.24102402 2.64209819 19.09137344
v -8.88799763 1.99642932 20.77096558
v -8.85251427 2.53273845 20.09513283
v -9.08689213 1.50473726 20.07289886
v -8.96076965 -1.00752449 19.30883789
v -8.74024391 -0.15051387 19.47957611
v -8.77055740 -1.50393426 20.24163246
v -8.92553806 -1.82910240 19.23450851
v -9.02982903 0.68290842 19.69588661
v -9.07685471 0.11472981 20.53061485
v -8.85562611 1.18995798 19.01463509
v -8.14396000 3.14217162 19.79254913
v -8.01693439 2.81057930 23.83795547
v -8.45191383 3.80159211 23.26184654
v -8.24774837 2.92751741 23.24613762
v -7.69884253 2.56771946 22.37723160
v -7.72749996 1.86052012 23.22365379
v -8.52182579 1.45294321 23.96242142
v -7.89051056 1.24210334 23.83795547
v -7.74581861 1.99888849 23.70696449
v -6.21016550 1.42112398 24.20267105
v -7.01829290 0.86428791 24.18179321
v -6.23566103 0.52049994 23.73898315
v -5.33282852 0.11447888 23.91188240
v -7.50356102 2.66674042 24.52071190
v -7.03651094 3.41198230 24.31900787
v -6.52911043 2.51085639 24.35925865
v -6.16494608 4.72891617 24.08653641
v -5.70958996 5.30858755 24.13035011
v -6.65181971 5.19420910 23.80543327
v -6.55530834 5.36750841 23.16051674
v -7.38807821 5.07922840 23.17015266
v -7.16760206 5.03842545 20.42617226
v -7.48438883 4.81714678 21.36810112
v -7.03886986 5.53880024 21.29136467
v -6.72936058 5.89598846 22.22325516
v -6.30321407 5.99480867 21.28022194
v -5.71701765 5.66050625 23.14144516
v -4.42924356 6.39786863 24.00232124
v -3.71105289 6.83716440 24.23263359
v -4.49423695 7.39043713 24.02912140
v -4.23411226 7.56870508 23.22566032
v -4.82106113 6.95264673 23.22259903
v -5.77413177 6.72007561 21.32910538
v -5.09483671 6.51179552 22.27916527
v -5.26924038 7.44915676 21.40052414
v -4.50954437 7.19686174 20.55344963
v -4.61910486 8.19319439 21.50747490
v -1.77906501 8.55058289 23.27569771
v -2.34197378 8.91369343 22.39986801
v -2.50393057 7.91078663 23.21637535
v 1.34413552 7.75987101 23.83173180
v 2.18257666 7.56990957 24.50154114
v 2.02498627 8.09713459 23.69667625
v 0.84230554 5.23576498 23.95504379
v 1.58599162 5.89322805 24.08884430
v 0.66880554 6.19636345 24.41923332
v 0.11693809 4.64083624 23.49481964
v 1.03412414 4.33765030 23.71193314
v 2.91015244 3.66829252 23.74129295
v 3.97037435 3.44279790 23.94184494
v 4.99957991 3.40064001 23.68969917
v 4.60033417 4.24204206 23.86043930
v 5.14452314 4.90547752 23.59419250
v 4.11747551 4.94904089 24.36688614
v 3.86402583 5.94647741 24.13215637
v 3.31772923 5.28158665 23.89461708
v 3.69283462 6.98200703 24.21230698
v 4.49920559 6.65739059 25.09401131
v 5.11666870 6.24223566 23.93908310
v 4.88600445 7.18551922 23.98646164
v 4.34753752 7.69593143 23.26937485
v 3.70061374 8.08734798 23.26887321
v 3.51245880 7.69718599 23.78967476
v 4.73463774 6.93282270 23.26616287
v 6.14748049 6.33061647 24.10635948
v 5.68710566 5.69438314 24.16392517
v 6.16911173 4.98658133 24.05286026
v 6.68188238 4.27606964 23.86791801
v 6.85839367 4.79927969 23.63303757
v 7.58371115 4.71978188 21.61402321
v 8.02727318 4.57157660 22.43289185
v 8.11088562 3.93418884 21.63590431
v 7.65402460 5.32836199 20.81703758
v 7.03510571 5.61443329 21.61076164
v 7.80765009 4.81569099 20.04584885
v 7.23826694 5.72976542 20.04318810
v 5.78903770 5.75671673 21.62370872
v 6.62737846 5.96414375 22.42104721
v 2.63733029 7.55329704 21.67083549
v 3.22864556 7.72107553 22.42476082
v 3.94869304 8.06355858 21.67475128
v 1.86779737 8.49261570 21.66139984
v 2.36395621 8.32433605 20.90381241
v 2.79572368 8.76905155 23.26972580
v 1.80215144 8.41010666 23.25768089
v 3.09624958 8.93999195 20.17312431
v 1.78589058 8.15339565 20.15917206
v 4.80485058 7.43801546 20.11305046
v 3.90031195 7.92413664 20.13171959
v 4.55175257 8.12810040 20.89211845
v 4.79757309 7.45698643 21.65572929
v 5.68655348 7.10386324 20.05182076
v 5.29428434 7.39580727 19.29066849
v 5.29719496 6.59586048 18.40299416
v 6.86998701 6.54833221 16.87481880
v 5.75179815 6.80082798 16.79863358
v 5.96469593 6.56138086 17.65112686
v 6.64278603 6.30522156 15.20325661
v 5.91209888 6.35696507 14.35357285
v 5.51285315 6.38040304 15.17163754
v 4.83621788 7.55856705 13.51668835
v 3.86894441 7.96759939 13.59161854
v 4.34633303 7.39394999 14.40145302
v 2.61554861 9.44819641 12.60798359
v 1.80295444 9.62957573 12.79081821
v 2.08375645 8.74666786 12.88672829
v 1.43116164 10.60477924 13.00793171
v 0.85716122 9.71213531 12.87187195
v -0.00446673 9.74124432 12.71638966
v 0.45630950 12.33526230 12.44070721
v 0.02996225 11.62454891 12.81054211
v 0.91191632 11.62740993 13.22097969
v 5.96093178 6.63365173 12.75588799
v 6.79796743 7.34471560 12.48492241
v 6.29111862 7.79103756 13.10128212
v 10.13712692 8.76287842 12.95382977
v 10.81561852 9.70204735 12.45636559
v 9.88352680 9.69602489 13.21475697
v 9.87946129 7.83931875 13.10268688
v 10.81280804 7.84564257 12.71578789
v 8.79128551 7.83314562 13.19608688
v 9.46686554 6.91585922 12.75287628
v 8.86491108 6.03917456 12.81320286
v 9.95258522 6.04509687 12.76075554
v 10.26540756 5.10678148 12.65887451
v 10.86921978 5.98421907 12.99699116
v 11.64497566 7.19947147 12.53350449
v 11.90028191 8.12217808 12.27137280
v 13.26368999 6.07581186 11.70921612
v 12.73219872 6.87204504 11.70550251
v 12.91046715 6.67801809 12.84125805
v 12.32597733 5.29167414 12.00166225
v 12.55935192 5.48595238 11.04211712
v 12.20592785 10.92216778 11.96422195
v 12.97305107 11.74419785 11.96427250
v 12.22284031 11.74555302 11.08874226
v 13.04216003 9.35800838 11.66399670
v 12.39458466 10.16959858 10.96673489
v 12.64798355 10.12161922 11.97004414
v 12.67899990 10.11228371 12.60853577
v 11.91388321 9.04202461 13.25294971
v 11.96231461 8.39449883 11.88346958
v 13.17756748 8.61000633 11.96843815
v 12.87523460 8.65758419 10.95990944
v 13.15714073 7.69076204 11.97380829
v 13.22318840 7.83294487 10.42490482
v 13.12436867 7.08775282 11.00307083
v 13.16562271 7.01196909 10.16402817
v 12.28622818 6.13613796 7.85291958
v 12.66780758 6.90030098 7.34677362
v 12.45947742 6.91510630 8.31956768
v 12.76361656 5.40324211 8.33552742
v 12.49556255 5.38928986 7.36413860
v 13.04978848 6.83395243 6.41372776
v 12.60723114 7.61347246 6.88112879
v 12.91287613 7.71766281 8.70124817
v 13.43277359 6.95350027 9.20739365
v 12.42454624 6.20936251 9.78234768
v 12.20617867 4.63712215 10.51679897
v 12.59122086 5.41854954 10.21250916
v 12.63046741 5.36013079 9.25582504
v 11.65029621 6.40062904 12.80441952
v 11.96422195 5.46276522 12.89219856
v 8.81452179 9.65953827 12.69405651
v 8.18541527 8.65110970 12.96080589
v 7.77442551 7.72885466 13.29450512
v 4.75466251 7.36007309 12.63056850
v 5.25438452 6.87184429 13.50705147
v 5.20489931 7.45487833 15.08792400
v 4.14236879 7.72147703 15.16681957
v 6.14978933 6.89292336 13.51924801
v 5.47460985 6.86220789 15.93720627
v 4.84364605 7.06205702 16.71411705
v 6.03716707 6.04027891 18.47742271
v 5.67004204 6.24083042 20.84424019
v 6.36579847 6.37372828 20.02120590
v 5.58055639 6.93733978 21.65266800
v 6.64850760 5.21824932 23.24774361
v 6.13237381 6.02968931 23.26375389
v 7.47967148 4.76886559 23.25426865
v 6.46481943 5.78768253 19.25041771
v 6.74677563 5.32991743 18.49965668
v 7.33643484 3.42252183 20.05613708
v 7.95746136 4.35155249 19.27506065
v 8.06772423 4.02221870 23.27735519
v 8.29688263 3.15050292 23.27594948
v 8.02667046 3.51536965 24.00738907
v 7.42210579 2.74212289 23.94299889
v 7.78837776 2.04481053 24.61677170
v 7.04925871 3.54232073 23.63976288
v 5.99962664 3.46733975 24.36332321
v 8.62782288 1.82950389 24.03393936
v 6.11224842 7.20604610 23.26671410
v 5.24861288 7.32413864 22.43655396
v 3.00746703 7.27917004 24.14169312
v 2.23793411 6.56519556 23.85015106
v 2.66533518 4.60841465 23.91670036
v 2.00435901 3.99250722 23.92482948
v 2.41183543 5.60585117 23.48136902
v 0.52235693 7.03500557 24.62414932
v -0.22178087 6.37518358 24.41300964
v -1.21088636 6.91018772 24.27288437
v -1.06373513 6.07325220 24.01843071
v -3.08395362 8.37623024 24.31519318
v -2.93409204 7.25206852 24.73898125
v -2.13188672 7.53788948 23.91900826
v -2.83155799 6.19671488 24.07368851
v 0.37856823 8.98862457 24.40282059
v -0.45289671 7.96925545 23.98721313
v 0.45425177 7.93914270 23.92713928
v -1.29093623 7.84473896 24.40588188
v -1.44355810 9.05311584 24.57330894
v -3.59587121 8.33060932 21.50074959
v -2.47607613 8.01678371 21.54581833
v -2.95486999 8.10044670 20.69979858
v -3.49514389 8.17668247 23.22249985
v -3.89469075 7.78632021 22.34877586
v -6.06522226 7.20097733 23.16227341
v -5.99455738 6.65698910 24.34033775
v -7.74998379 4.22392416 24.19454002
v -6.69623613 4.02272034 23.86324883
v -9.03725624 1.37821329 23.23710442
v -8.88458443 1.45916653 21.55816460
v -8.47183800 2.42091966 21.58140182
v -7.98180246 0.96892995 22.36302948
v -7.74611950 3.94914484 21.45005989
v -7.57869244 4.39320850 22.31575203
v -7.86471367 4.31968307 23.25210953
v -8.03480148 3.65885735 20.64694977
v -8.62742138 3.45469236 21.59535408
v -8.32458687 4.11903143 19.64625168
v -7.55901861 4.69107437 19.56810951
v -7.08127880 3.82954669 18.72093391
v -6.99937201 5.32213831 19.49212456
v -6.42351437 5.95445728 19.37603951
v -6.74095392 5.56389427 18.51807404
v -5.51144791 5.76484680 20.40118027
v -5.48690557 6.21809483 19.42572594
v -5.07180071 7.06491756 19.68318939
v -5.43114710 6.67084122 18.65985680
v -4.79877758 6.86597204 18.03295708
v -3.55040097 8.20122433 19.84885979
v -3.94161654 7.73337173 18.97844887
v -4.47185326 7.80639553 19.78697777
v -2.33810925 7.54948282 19.88364029
v -3.36606026 7.78396130 18.15094948
v -4.64926767 8.13176441 18.09483910
v -3.03461862 8.14200306 17.38864326
v -2.53554893 8.09728527 16.60972595
v -1.57570314 8.06646919 19.92379189
v -1.69605398 8.44167519 21.59931755
v -0.88350993 8.84087086 21.64338303
v -1.23879087 8.61181259 20.79048729
v -0.86574334 7.96122551 23.25145721
v -0.02559589 8.28483772 23.27926254
v -0.43824181 8.65924072 22.47605324
v 0.04015042 9.01903820 21.66436195
v 0.89314604 8.93763351 23.30771828
v 1.37881553 8.32493782 22.45893860
v 0.49430183 8.61853790 20.86787796
v 0.95773798 9.05095768 21.69342041
v 1.51266694 8.99148464 19.32334137
v 0.94483966 8.63103485 20.05182076
v 0.07297339 8.76960373 20.02451897
v -0.88396162 9.27830982 19.99049187
v -0.36300996 8.54772282 19.16479683
v -0.72662216 8.35269165 16.75722885
v -1.83919024 9.05713081 16.73916054
v -0.41119045 8.93406963 16.00977707
v 0.09289803 8.41050816 16.81755447
v 1.13048518 9.26842213 16.90593529
v 4.29760027 7.54029846 16.98307419
v 3.68696260 8.60709476 17.18437767
v 4.25373602 7.99966955 16.12661552
v 3.06493235 7.86717319 13.58158112
v 3.59406447 8.28207779 12.90389252
v 2.46031713 8.90877533 13.52200794
v 1.58724630 8.98034286 13.51949883
v 2.60927510 8.44714546 17.05966187
v 1.78925312 8.25331974 16.86849403
v 1.29249215 8.94932747 16.04355431
v 1.16355908 8.78757095 15.20260429
v 0.99231756 8.90415764 14.34795189
v 0.29741421 9.60458183 15.20922852
v -1.12170231 8.76172447 13.49701405
v -0.83813995 8.88985443 14.32637119
v -0.61204290 9.12036800 15.15025806
v -1.44807494 8.38064671 15.12451172
v -2.22890019 8.81723213 15.82900047
v -1.32210302 8.91705608 12.93706608
v -2.63060522 9.45718002 12.84226131
v -1.74042022 9.61030293 12.44944000
v -0.94840300 9.72955036 12.48592663
v -0.45901963 10.67343616 12.55458355
v -0.00361354 12.97445679 11.86233997
v -0.43518034 12.34986687 11.01581860
v -0.85635817 12.18394470 11.82485008
v -1.71974277 12.51307774 11.83001900
v -2.10719419 12.52773285 11.04543018
v -2.53745604 13.19764233 11.89566517
v -0.94905549 12.31207466 10.16442966
v -1.42107379 13.10007763 9.28327847
v -1.76064599 12.86876106 10.11223412
v -2.57926273 12.96366596 10.16728973
v -0.27252096 12.36156082 8.49668121
v 0.19899550 12.95970154 9.34014130
v 0.53615862 12.92617607 8.49527645
v 0.79994684 12.64522362 7.50205517
v 0.54669809 11.70705891 7.90019655
v 0.18504323 10.83458996 7.31987286
v -0.26735160 11.69395924 7.41061258
v -0.97063631 11.68924141 7.50054932
v -0.64431381 12.50133419 7.65026045
v -2.86167073 13.13525867 6.38045311
v -3.70578313 12.05034447 7.51309633
v -3.12756681 12.36321640 7.75906801
v -4.25940704 11.64778614 5.90657806
v -4.92108583 10.85039902 6.10045433
v -5.01574039 11.77852631 5.54798460
v -2.69760609 7.09613466 7.22993565
v -1.88782239 6.85563326 7.61939478
v -2.16445875 6.24921179 6.96730185
v -2.14217520 5.41473532 7.12318563
v -3.17976236 5.65583849 7.37317228
v -3.44043899 5.42863750 6.32469416
v -3.71441531 6.26316404 6.66255999
v -5.53287792 6.63079119 4.90698338
v -6.13066769 7.00589657 4.46532869
v -5.49242640 7.61287022 4.74482584
v -5.22572708 6.20308876 5.49483538
v -4.45775032 6.63676357 5.47686815
v -4.77910423 5.59857416 5.90958929
v -6.23465729 5.33187485 5.76213694
v -6.66722775 5.60479736 5.10121059
v -5.74657869 5.68288994 5.20048285
v -5.62457132 4.48645782 6.08108187
v -6.63771725 4.20866728 5.78155947
v -4.68444967 4.62562895 5.85874891
v -5.11154938 3.70693731 6.07561111
v -4.44359732 5.09498739 6.58783007
v -6.88624811 3.29017615 5.72981596
v -7.49166632 4.61127520 6.24419260
v -8.47796154 4.59320784 6.93412733
v -8.21874046 4.43586826 5.38296652
v -10.05271053 4.03210545 6.23465729
v -10.85722446 4.67616844 6.58522034
v -10.00136852 5.03882694 6.21086788
v -12.84291363 4.08871746 6.08509684
v -12.16758347 4.50643253 7.12383842
v -13.08216000 5.07887697 6.72208309
v -12.04442215 5.80851078 6.10773134
v -13.80807972 6.30075455 5.59470940
v -12.26008034 5.55225039 5.62853622
v -11.71855164 5.34346819 5.21202612
v -11.71564102 4.93614244 5.81628990
v -11.79172611 6.05568647 4.78266764
v -10.88698578 5.56509876 5.11581564
v -12.54841042 7.30556917 5.61282730
v -12.79669094 6.79239655 4.87641859
v -11.77892780 7.85512781 6.51771736
v -12.98424339 8.33949280 5.79350424
v -13.06926155 7.08132887 7.13126612
v -12.32447147 8.11560345 7.31214380
v -12.53681660 9.16302776 5.81438255
v -11.71192646 9.88894749 6.26155806
v -12.25822353 10.16247177 5.37729502
v -12.00427151 10.87032413 4.87335730
v -12.57872391 10.14681339 4.42613173
v -12.63372993 9.85567284 3.55080247
v -13.12592411 9.14546204 4.05474043
v -12.90083122 11.66861439 2.65183473
v -12.28146076 10.81235695 3.07000113
v -12.41360569 11.70886517 3.50412750
v -13.12120628 13.05119419 2.18960309
v -12.35077000 11.66495037 1.75557697
v -11.96015644 12.31036854 2.65083098
v -11.96025753 12.33491039 1.75472379
v -11.90610409 12.99769402 3.55486774
v -11.22841549 11.75809956 3.11913538
v -12.78655243 12.72080612 3.97117734
v -11.89747143 12.45144749 4.43978310
v -11.86786079 12.61245060 5.29062033
v -11.13466454 12.06068325 4.87405968
v -8.92348003 12.45671654 4.24465179
v -9.07093239 12.46951485 3.37981200
v -9.69828320 12.54790878 3.95366168
v -10.50796604 12.27573872 3.55607224
v -10.36051369 12.58996582 4.42091227
v -7.74300766 12.83538532 3.03833270
v -7.45256996 12.67337894 3.70287228
v -6.93849373 12.52903748 3.08831978
v -5.27420902 11.78665638 4.78833866
v -5.85272646 10.97049904 4.34698534
v -6.23776865 11.76316833 4.19320917
v -6.23520899 11.76768589 3.44380164
v -6.39074183 12.38454628 4.38537884
v -6.25859690 10.31795406 3.95607066
v -6.04886103 10.34430313 5.16334343
v -5.28304195 9.41833401 4.80404758
v -5.07867622 10.06259823 5.35987997
v -7.31977224 7.25723791 2.90955019
v -7.18968487 8.13256741 2.56536078
v -6.51626205 7.88087416 3.04616189
v -6.55811882 8.49407196 3.71215701
v -6.61483145 7.38290882 3.95928288
v -7.37799025 6.53995085 3.57077742
v -7.63620758 6.45006418 2.76847172
v -12.45320415 7.12644815 2.86036587
v -11.81159973 7.54561853 2.63597512
v -11.82866383 6.43154478 3.06287456
v -11.73636818 6.87259722 1.64661872
v -10.92357349 7.31666040 2.23637819
v -12.44406986 9.17261410 0.45018655
v -12.67844772 8.35756016 0.00075282
v -12.46078205 8.31986904 0.91859132
v -12.55578804 9.99926090 0.89033550
v -12.55498505 10.03915977 -0.02725209
v -12.65957737 11.71619225 -0.02514420
v -12.57460880 11.71483803 0.85314620
v -12.71874905 12.65470886 0.41505495
v -11.76893997 12.77094460 -0.89480221
v -11.76111126 12.25892639 -1.70995605
v -12.74278831 12.68331623 -1.27874053
v -11.88753414 12.45827293 -0.08396456
v -11.03268242 13.21952438 -0.51608342
v -12.47453403 9.91429234 -1.86082125
v -12.88331509 9.10772038 -1.38042152
v -12.58128357 10.01672554 -0.94770038
v -13.30032730 8.32699585 -0.76401222
v -12.34971619 7.75896788 -0.30509299
v -12.82138348 10.66234493 -4.06141520
v -12.79473305 9.66104317 -4.50176525
v -12.53219986 9.64889812 -3.65142941
v -12.58489704 11.60618019 -3.39772892
v -13.13044071 11.62259197 -4.24746227
v -11.90464878 12.34198761 -4.87431097
v -10.94916916 12.57280159 -5.44846153
v -11.67212772 12.81290150 -5.70718098
v -12.74871063 12.69044304 -5.83224964
v -11.67252922 13.35362720 -6.40293741
v -10.94957066 12.92557335 -7.09397650
v -11.90720844 12.90509701 -7.21969748
v -11.90916538 12.71734333 -7.96759939
v -12.57501030 12.51784611 -7.27922058
v -12.94730473 11.72638130 -7.39731264
v -12.54590130 11.72442341 -6.65021372
v -12.71654034 11.72251606 -5.95144606
v -12.13275337 8.22892857 -5.77292728
v -12.45882511 7.99249268 -4.83275509
v -13.00707912 8.88538742 -5.03255367
v -12.55358028 9.89808178 -5.44248915
v -12.49059391 8.40860176 -6.71370173
v -12.36406994 7.51510382 -6.51340151
v -12.39955235 9.25672913 -6.90637350
v -12.83543587 8.54290485 -7.64679718
v -12.42389393 11.78851318 -9.17181015
v -12.62745667 11.78871441 -8.36714649
v -12.52793407 12.47192383 -8.83198738
v -11.90118599 12.42233849 -8.77281570
v -10.89993477 12.74489689 -8.67494965
v -11.61571598 12.50399399 -9.53933716
v -10.85371113 12.31829834 -10.22510624
v -11.86249065 13.02067947 -10.32267189
v -11.86168766 12.57179832 -11.13632011
v -12.69807148 12.64341640 -10.45075226
v -12.70283890 11.64472485 -11.98404598
v -13.15894794 10.86716175 -11.74334431
v -12.63995361 11.78776073 -11.01968288
v -12.22730732 10.00739098 -12.02469826
v -12.98795700 9.54525948 -13.06369114
v -12.74835968 8.83143520 -12.03036976
v -12.73179722 12.65982819 -11.98188782
v -11.96944141 12.48487282 -11.98344421
v -11.95614147 12.21014309 -12.35167313
v -11.20688438 12.78835964 -11.85882664
v -10.35629845 12.75483418 -7.87711048
v -10.06972408 12.30198765 -8.64363194
v -10.40171814 13.20793152 -4.68379688
v -10.16277313 12.23849964 -5.51596451
v -7.36443949 12.31021786 -5.52906370
v -6.94777870 12.90153313 -4.71777439
v -6.46296215 12.94996452 -5.44003010
v -8.21507645 12.87347794 -8.57688141
v -7.31816626 12.30439663 -8.52990627
v -7.83560467 12.86494637 -9.32428169
v -5.52841139 12.38153553 -8.49442291
v -4.91476250 12.23453426 -7.88559198
v -4.67501402 12.55147171 -8.78787231
v -3.80801606 12.91322708 -8.98892593
v -4.42231750 12.74288940 -9.59961319
v -4.11521673 12.25169849 -10.45306015
v -4.98216486 12.65179825 -10.25205803
v -4.89473724 12.69716740 -12.83899879
v -5.16284180 11.91247845 -11.89712048
v -4.40796375 12.21250248 -11.90143681
v -4.60409832 11.71453667 -12.26068211
v -5.35902691 11.72176361 -12.86745548
v -3.65519357 11.60532761 -12.84712982
v -4.11898088 10.76126480 -13.05059147
v -3.43341279 12.74248791 -12.89244938
v -2.94804430 11.60151291 -12.51674175
v -3.82773995 12.44442081 -11.18379784
v -3.56043863 12.64989090 -11.98695755
v -2.85359049 12.56181049 -11.98700714
v -2.26227522 12.26269054 -10.99519157
v -3.26799297 12.61380577 -10.53235722
v -2.54904962 12.71317768 -10.26500607
v -2.90076733 11.86048317 -9.37712955
v -1.89449739 12.42198658 -9.84161949
v -1.40195215 13.08803177 -9.10320377
v -1.05068624 13.03046608 -9.99363899
v -0.74037367 12.54705524 -10.94580650
v -0.68165368 12.30590153 -11.92883968
v -1.48390925 12.81566143 -11.71799946
v -0.24833032 12.52206135 -10.21015072
v -2.35562491 10.62364960 -12.45997906
v -2.13399458 11.58168888 -12.69641495
v -2.07577658 12.66283894 -12.80723000
v -1.48315644 11.58746052 -12.93616295
v -1.77745891 9.57928753 -12.21220112
v -2.59241199 9.60197258 -12.48587608
v -1.10835230 9.70024014 -13.07628822
v -1.33565378 8.62430954 -12.68371773
v -0.70363605 10.65481663 -12.65139675
v -0.27031267 9.74791908 -12.65074348
v 0.05219554 8.31414795 -12.26444626
v 0.45776492 9.74837017 -12.85360336
v 0.62248200 8.66546345 -13.54930973
v -0.08948524 8.34947968 -13.54654980
v 1.37229109 8.67319298 -13.57294846
v 1.19010854 8.42988110 -14.38529205
v 1.55101061 8.80087090 -12.87187195
v 2.05048180 8.26847649 -13.57169437
v 1.16089916 8.50541401 -16.06894875
v 0.38579533 8.96312904 -15.21138668
v 1.15753651 7.68920612 -15.21520138
v 1.90353131 8.00985718 -15.24581623
v 1.68656850 9.18646526 -16.85820580
v 0.68195480 8.72900200 -16.83737755
v 2.49665332 8.34466171 -16.88018799
v 1.99617839 8.39244080 -17.65087509
v 2.92816997 8.22345734 -16.09514809
v 3.14031458 7.55174112 -16.89298630
v 2.76024079 8.44915295 -15.23793602
v 3.65097785 8.21633148 -15.25294209
v 4.58251762 8.42937946 -12.87187195
v 5.30226421 7.99133825 -12.54243851
v 4.58316994 7.39073801 -12.63147163
v 3.73584580 8.76277828 -12.80457020
v 4.39867878 9.26932621 -12.64381790
v 2.67341542 10.07062817 -12.70956421
v 2.57951379 10.84588242 -12.90389252
v 3.45915914 10.37818050 -12.95051670
v 2.91441846 9.07253838 -12.78374195
v 2.03652954 9.54435635 -13.42650032
v 1.28742313 9.65707874 -11.90786076
v 3.01740408 11.85978031 -12.63513565
v 2.23105836 11.55820084 -13.29144382
v 2.30352974 12.53350449 -11.93907738
v 2.91000175 12.94715405 -11.17948246
v 3.27547097 12.64748192 -11.94304276
v 0.99994612 12.01340580 -11.16417503
v 0.49129054 12.71367931 -10.48432732
v 1.42935479 12.75709248 -10.49050045
v 0.65174162 12.47302818 -8.74681854
v 0.18102819 12.57782078 -9.53195953
v -0.08813016 12.54238796 -8.47223949
v -0.03312409 11.69877720 -7.88057327
v 0.41415155 10.87930775 -7.49578190
v 0.80521661 11.75042057 -7.36077595
v 1.67000639 11.73817539 -7.60072470
v 1.22438693 12.38981628 -7.73502779
v -0.42569479 12.24467278 -7.96122551
v -0.83768827 11.70083523 -7.76810169
v -1.59728396 11.72703362 -7.52243137
v -1.21480107 10.86470318 -7.50521708
v -4.00565672 9.98922253 -6.61744118
v -4.43862867 10.82038689 -6.79415321
v -4.85890293 9.96980000 -6.29593658
v -4.99551487 9.26561165 -5.37875080
v -6.04675293 8.48970509 -5.46873760
v -5.09493732 8.35078526 -5.94948864
v -4.59170198 7.64423800 -5.95561171
v -3.84761453 8.43264103 -6.00524759
v -5.75240040 8.82260227 -4.11842918
v -6.54235983 9.89522076 -4.32540417
v -6.59124279 9.31891155 -3.69062638
v -7.76182842 12.81480885 -3.37087846
v -8.03178978 11.92663097 -2.76952553
v -7.07876921 12.51307774 -2.85153270
v -9.92804337 12.77591324 -2.37354207
v -8.95966625 12.45586395 -2.52586269
v -9.72488308 13.06273746 -3.15622425
v -8.22310638 13.01004028 -1.98483586
v -7.36413860 9.01542473 2.14092064
v -7.65000963 8.15419865 1.65038288
v -7.52830362 9.90540886 0.69962102
v -7.19726324 10.73983479 1.09700978
v -7.74642086 9.86299992 1.65816200
v -6.88143015 9.85045338 2.44701743
v -7.44699907 7.39324760 1.19914234
v -7.74687243 8.29226589 0.77404982
v -8.18210316 7.30918264 2.09625316
v -8.30687046 6.73543310 1.12877882
v -9.23800850 6.69618607 -0.38765228
v -8.40624237 7.44900656 -0.44331080
v -8.42154980 7.34090137 0.36155450
v -10.06726551 7.05106544 0.08466719
v -10.06204605 7.60037327 -0.74022311
v -9.14706802 7.67891788 1.29600525
v -9.93747902 7.47394991 1.82132328
v -10.04347610 7.29342365 0.89896780
v -10.86580658 7.59701109 0.63819087
v -11.76080990 7.37723732 0.13013753
v -11.75057125 7.99289417 -0.67407531
v -11.73340702 7.10055113 0.92049849
v -6.89081526 9.89326382 -2.04039407
v -6.73769140 10.03790569 -1.20441210
v -7.14336157 9.08508587 -1.52978110
v -7.75570536 8.33788681 -1.07276893
v -7.18009901 8.18039608 -1.83914006
v -10.02390289 6.98873186 -3.15010142
v -10.25040150 6.31144476 -3.73710036
v -9.30500984 6.55831957 -3.46924686
v -8.55645561 6.85593462 -3.52018785
v -7.55023575 6.92378902 -3.57940960
v -8.07153893 7.37623358 -2.93464422
v -8.64614105 5.69493532 -4.80881548
v -8.78275299 6.53558445 -4.32941961
v -9.40679073 5.36760902 -4.65534067
v -8.45517540 5.00715828 -6.18677759
v -7.51671028 5.15395832 -5.96690416
v -8.32744694 4.97097301 -5.10979319
v -7.72760010 6.41929865 -5.07541418
v -10.26816750 5.72404432 -4.37704802
v -10.13070297 5.55470991 -5.35837412
v -10.98349762 5.22703218 -5.60810995
v -10.11148071 4.69057226 -5.70171070
v -12.52416992 4.93739700 -5.84424448
v -11.79423523 4.88981867 -6.85879517
v -11.79659367 4.85197687 -5.55741978
v -11.81265450 5.82562494 -5.29844952
v -12.68487167 5.73779583 -6.17513418
v -12.42750740 5.16966724 -6.66326284
v -12.86605072 5.74115849 -4.47089958
v -12.52467155 6.88705111 -4.76771164
v -12.95222282 6.38502026 -5.42381954
v -12.49511051 6.68680096 -6.32293797
v -13.02504635 7.87113810 -3.33223367
v -12.44100857 7.54396200 -4.02753830
v -12.59443283 6.79721451 -3.28189516
v -12.55071926 6.86592197 -7.26326036
v -13.19683933 5.28916502 -7.55379915
v -12.29486084 4.42362213 -7.14762735
v -10.16422844 3.31266022 -6.56800604
v -10.17025089 4.30417490 -6.58737850
v -10.96287060 3.73604655 -6.45076656
v -11.79453659 3.71622229 -6.66506958
v -12.85004044 2.25248861 -7.02155495
v -11.79855156 2.26312852 -6.99776602
v -11.79006958 3.24480605 -7.39987230
v -12.89862251 3.78864360 -7.51063728
v -12.12442207 3.71255851 -8.55675602
v -12.42590141 2.95833278 -8.02978230
v -13.22519588 2.24601436 -8.26988125
v -12.61721802 4.58497667 -8.85738277
v -12.85039139 3.75260854 -9.37311459
v -12.64020443 7.19124079 -9.17246342
v -12.72296429 7.75811434 -10.10761642
v -12.31368065 6.89774132 -9.99755383
v -13.00080490 6.58742857 -10.99223042
v -12.26580143 6.02040434 -10.05537033
v -12.62273884 5.16811132 -10.36201954
v -13.15177059 5.47847414 -9.36904907
v -12.60492229 5.22181273 -11.87493706
v -13.01234818 4.24445105 -11.89882660
v -12.37099552 4.73278046 -11.06771374
v -12.34961605 4.19085026 -10.38244629
v -13.11121941 2.90242338 -11.00447655
v -12.53731918 2.46433210 -9.99308777
v -12.45169830 3.31727767 -10.07991314
v -12.34765816 1.99391985 -12.42620277
v -11.89365768 1.58157516 -11.80251598
v -13.03538513 2.46152163 -11.81285477
v -10.59438992 9.38756847 -12.62163448
v -10.34621048 8.50205135 -12.25350571
v -11.18941879 8.55459881 -13.04477024
v -11.78565311 8.01848984 -12.93781948
v -12.02655506 8.90486050 -12.34073257
v -11.05516624 10.20653725 -12.86133289
v -10.21311188 10.15308666 -12.44386864
v -6.35967541 12.72421932 -12.86108208
v -6.25242376 11.68392181 -12.02384567
v -6.96313620 11.69260406 -12.86349106
v -5.96233702 10.84427643 -12.75603867
v -5.51586437 9.93782997 -12.78499699
v -6.40986347 9.90806866 -12.67709255
v -4.66086102 10.11660004 -12.52165985
v -5.10878897 9.18225002 -13.10549736
v -5.22843742 8.27490044 -12.53089523
v -4.37559223 8.45778561 -13.02760601
v -3.73283434 8.76016808 -12.52296543
v -4.02402544 8.20599270 -13.11869717
v -3.54984879 7.53342247 -13.56090355
v -4.58407354 7.98315763 -13.56406498
v -4.46301985 7.19369984 -15.20175076
v -3.92952132 7.97151375 -15.22558975
v -4.36726141 7.83294487 -16.04114532
v -5.30462265 6.80178165 -16.84219551
v -6.25222301 6.60253525 -16.83466911
v -5.61664200 6.63942337 -16.00862312
v -4.55255556 7.32745123 -16.85680199
v -4.97222757 7.08173037 -17.68324661
v -3.24289894 7.57071257 -14.45073700
v -3.17604852 8.47138691 -15.29394627
v -2.23161030 8.89622784 -15.33700752
v -2.68445683 8.74456024 -16.10704231
v -1.42323184 9.25181007 -15.33625507
v -1.96581459 9.04623985 -14.51753712
v -1.60160017 8.96016788 -13.62845707
v -0.86448866 8.70486164 -13.62594700
v -1.12887919 8.37316895 -16.89464378
v -0.64516699 8.50074673 -16.10122108
v -0.23939686 8.96337986 -16.85248566
v -2.03798485 8.65191269 -18.46206474
v -2.37459612 8.53106022 -19.26436996
v -2.90252376 8.27399731 -18.46627998
v -3.78021193 7.14827967 -19.29498482
v -3.86778998 8.37075996 -20.07646370
v -4.46813917 7.42617083 -20.10251045
v -5.05739689 7.40433931 -20.90953445
v -5.44284058 7.11826754 -20.12780571
v -6.05041695 6.43842030 -20.09704018
v -5.50642872 6.58015156 -19.29041862
v -6.16695356 6.51229715 -18.46497536
v -5.41870022 7.02742720 -18.49418449
v -7.44509172 5.86477137 -15.99642754
v -6.94943476 4.82613039 -15.19497490
v -6.64313745 5.74627733 -15.20059681
v -7.06802893 4.95817518 -16.80621147
v -6.41498280 5.59982872 -16.81107903
v -6.99811745 4.45328331 -17.62001038
v -7.81201649 4.43345928 -16.80676460
v -6.90953541 4.83792448 -18.43094826
v -7.79219198 4.41549206 -18.43461227
v -8.69527531 3.85253286 -18.42813873
v -8.70526314 2.80571103 -18.43832588
v -8.29111099 3.17780519 -17.63039970
v -8.03710938 3.57569575 -16.81730270
v -8.12749863 2.63065529 -16.82568550
v -8.79409599 1.92727017 -16.81057739
v -8.82390690 2.42664099 -15.99898720
v -8.74074554 1.88747108 -15.16109848
v -8.79048157 2.82448149 -15.17605495
v -8.31394672 3.07672644 -14.35813999
v -8.35951710 3.63802934 -15.19612980
v -7.90616894 4.39918089 -15.18584156
v -8.27028275 4.13845396 -16.00250053
v -7.59374857 4.69719744 -14.39091301
v -8.11710930 4.40138912 -13.56341267
v -6.81738997 4.62507725 -13.56391525
v -5.69543695 5.88815880 -12.18133545
v -5.70873690 6.74612331 -13.55874538
v -6.52936125 6.52263594 -13.56406498
v -6.43932390 6.02421856 -14.39101315
v -6.34587383 5.19154930 -13.56582165
v -6.87485552 6.70978689 -12.63368034
v -6.34055376 7.21041250 -12.06013107
v -7.43254471 5.97187281 -12.97922421
v -7.69005966 6.88564587 -12.79197311
v -8.84568882 5.36991739 -12.92115688
v -7.90596819 5.33538818 -13.03116894
v -8.50185108 4.55636978 -12.53310299
v -8.04970646 3.88013625 -12.89576149
v -8.84990501 3.84726310 -13.05239868
v -9.00879955 2.90784383 -12.59799671
v -9.60779381 3.65509319 -12.50118351
v -10.43981075 3.26337576 -12.75423145
v -10.27574635 4.20149040 -12.20326710
v -11.09566784 2.85333943 -12.39774609
v -10.43097782 2.30724359 -12.73661518
v -8.37331963 3.60736442 -13.56125450
v -8.25367069 2.61504674 -13.53841972
v -8.91851139 1.84511244 -13.53460503
v -8.39208984 2.19186139 -12.63849831
v -8.51991844 1.33685827 -14.37018585
v -8.85743332 1.01339650 -15.19577885
v -8.64323044 1.40029597 -17.60525513
v -8.64749622 1.00200379 -16.77865791
v -9.12423229 0.05947280 -18.36730957
v -8.56328106 -0.81861681 -18.35004616
v -8.63424683 -0.34885693 -17.55607033
v -8.96819782 1.92757130 -18.42969322
v -8.53166199 2.28561258 -19.22843552
v -8.31264210 2.68541050 -20.05257416
v -9.16849804 1.98438418 -20.04243469
v -9.08659172 1.49685776 -20.83179283
v -9.19158459 1.03768754 -20.00469398
v -8.38722134 3.63250852 -21.66089821
v -8.38606739 2.61579967 -21.67108727
v -8.13593006 3.14854550 -20.85824203
v -7.94079876 4.43245554 -21.66014671
v -8.37748528 3.96731281 -22.47504807
v -8.12619305 3.61725140 -20.04434204
v -7.75560522 3.84826684 -19.24288940
v -7.40664768 4.21574354 -20.04880905
v -7.22737598 4.63722277 -20.87826729
v -7.68629551 5.31445980 -21.69241714
v -6.61824417 4.64264297 -20.08118057
v -4.44716072 7.51445150 -21.67449951
v -5.31486130 7.05482960 -21.69889069
v -4.18061209 7.17889452 -23.29491997
v -3.97790241 7.85051060 -22.46435928
v -3.66131639 8.30325699 -23.30084229
v -4.23998451 6.73041439 -24.20809174
v -4.88279247 6.32956266 -24.33045006
v -4.45483923 7.12012434 -23.80593491
v -3.45720172 7.12328625 -23.80718994
v -3.71486712 6.06180954 -24.02912140
v -6.96564579 5.66025496 -24.37351036
v -6.86376381 5.61849880 -23.33848381
v -6.05187225 5.81960201 -23.33542252
v -6.50537109 5.67977810 -21.72493935
v -6.75264788 5.19621658 -22.50616455
v -7.35550594 3.19115520 -24.21802902
v -7.63691044 2.42945147 -24.28091431
v -8.21096134 2.88109350 -24.07383919
v -8.08699608 0.78539234 -23.41682625
v -7.15445280 0.40004870 -23.98972321
v -7.87921810 0.02378912 -23.89546967
v -6.29011488 -1.01756215 -24.13366318
v -5.92835951 -0.28381327 -23.78711510
v -5.27772188 -0.93876696 -23.80683899
v -4.46849060 0.54092652 -24.39875603
v -3.49860692 0.64752585 -24.37170410
v -3.94608331 -0.09841871 -24.20186806
v -4.90994406 1.19848990 -24.20799065
v -5.35747099 0.45249519 -24.40528107
v -5.43967867 1.86523783 -24.12056351
v -4.55074883 1.95371926 -24.16502953
v -6.58446741 1.13610625 -23.72488213
v -7.04815483 1.94087112 -24.36372375
v -6.26110601 1.91417110 -23.86766624
v -5.90186024 2.66940045 -23.98084068
v -2.59652734 0.78614515 -23.80974960
v -3.11888433 1.42549038 -24.04447937
v -1.97906423 2.43803358 -24.08603477
v -1.13003349 2.60074329 -24.00131607
v -1.36772394 1.72681928 -24.50144005
v -0.79292053 1.06258082 -23.81391525
v -1.64200151 0.89987123 -23.89537048
v -3.36681318 -2.13976622 -24.54801559
v -3.81965971 -2.92013979 -23.32473183
v -4.28886747 -2.26262665 -24.33501625
v -4.37599373 -0.84361047 -24.60598183
v -4.73769903 -1.57740951 -23.91634941
v -5.19059563 -2.35773277 -23.81597328
v -5.58537483 -3.23923516 -24.53712463
v -6.03420591 -2.55391788 -24.39499092
v -6.82025099 -2.68686581 -24.35408783
v -6.42436790 -1.80476117 -23.96457863
v -5.95054293 -4.13413763 -24.58159065
v -6.22276258 -5.20183802 -24.41416359
v -6.69688892 -4.50025940 -23.75865746
v -5.10502529 -3.93659782 -23.65085411
v -4.63998270 -4.57022142 -23.84859467
v -4.27672195 -3.67662382 -24.27950859
v -3.35461760 -3.55376363 -23.96638680
v -3.31632400 -4.90035820 -24.04819298
v -3.55652380 -5.79355478 -23.88864517
v -4.05187988 -5.20349407 -24.24176788
v -2.88842106 -4.21825314 -24.00041389
v -2.39311528 -4.80836391 -23.94962311
v -1.95969164 -6.38682699 -24.55970955
v -2.73328972 -6.25909853 -24.87704849
v -2.04752064 -5.61824799 -23.72262192
v -3.46904612 -6.56268597 -24.25080109
v -1.61956739 -4.93614244 -23.84036446
v -1.12601840 -4.22879267 -24.73732376
v -0.78037351 -5.03867674 -23.98405266
v 0.02589702 -5.17147398 -24.25270844
v -0.46770218 -5.87887430 -24.47398758
v 2.74463224 -6.72639942 -24.85531616
v 3.14995074 -7.65643358 -24.42264557
v 2.37730622 -7.63490295 -23.76653671
v 2.44736862 -5.93724298 -23.47885895
v 3.21921015 -5.95305204 -24.11424065
v 1.01279426 -3.84856796 -24.29486656
v 0.53359902 -4.54462576 -24.80221748
v 0.19237068 -3.63521862 -24.23107719
v 1.11869097 -2.22217488 -23.81015015
v 1.93580210 -2.44250035 -23.39283752
v 1.48867702 -3.15948653 -24.13481712
v 0.28617209 -2.06915164 -24.74404907
v 0.73329717 -1.35211551 -25.09034729
v -0.18398929 -2.82172108 -24.50410080
v -0.56933290 -1.95171177 -24.50686073
v -1.49766076 -2.00270271 -24.13331223
v -1.96857488 -2.75080538 -24.68241882
v -2.42664099 -2.04927731 -23.88483047
v -1.02749932 -1.25018358 -24.14420128
v 2.78528452 -2.74904895 -23.72959900
v 2.41524839 -1.81163704 -24.73832703
v 3.49574614 -0.63538033 -24.62224388
v 3.81704998 -1.53866434 -23.77406502
v 2.94337678 -1.21495163 -24.08769035
v 2.09394455 -0.90840316 -24.15057564
v 3.32756615 0.18629794 -24.31293488
v 4.20128918 -0.13741480 -24.30656052
v 2.46669102 0.54177970 -23.54731560
v 3.17223430 1.03974521 -24.12377548
v 1.82563949 3.88967204 -23.82917213
v 1.95743322 4.81503868 -23.97130394
v 2.55406833 4.21534204 -23.70355225
v 4.60741091 6.58597326 -23.91138077
v 3.78794098 6.22833347 -23.65461731
v 3.93629670 7.08168030 -24.45556831
v 5.49639130 6.96338701 -24.21812820
v 5.30567694 6.05643940 -24.51117706
v 4.00831652 7.71570539 -24.04854393
v 3.89905715 8.84599018 -23.32603645
v 4.56475115 8.24132442 -23.32197189
v 4.44334602 7.25533104 -22.53055763
v 4.52394819 6.42416716 -23.33988953
v 5.76218700 6.10145807 -22.59675407
v 6.31405449 5.97764444 -23.38545990
v 6.11214828 7.10782814 -23.35434341
v 5.96037960 5.51847410 -25.09401131
v 5.11375761 5.19957924 -24.31152916
v 4.85127449 4.39200401 -24.21562004
v 5.46562624 3.92088890 -23.50716591
v 4.55476379 3.65609694 -23.92473030
v 4.20239353 4.93408489 -24.71684837
v 4.47200346 2.75010276 -23.80478096
v 3.85770226 3.22116756 -23.82053947
v 4.76841402 1.18358409 -24.41872978
v 3.90402579 1.49971843 -23.84543228
v 4.63933039 1.99908924 -24.83830261
v 5.33639193 2.43401861 -24.37627220
v 7.75133896 3.68977308 -20.48308563
v 8.43540192 3.52917147 -19.68334007
v 8.15946770 2.90518379 -20.27590942
v 8.54380798 2.15577626 -20.22928619
v 8.48920345 2.59326530 -21.03605843
v 8.67720795 1.74167490 -19.44273949
v 8.98531151 1.37896609 -20.20404053
v 8.93306637 0.47412622 -20.17061615
v 8.95519924 0.05380156 -19.35099602
v 8.91198730 -0.39688686 -20.10813141
v 8.85918903 -1.24310708 -20.16820717
v 8.77110958 -0.81851643 -20.98878098
v 8.36880207 -2.65313959 -18.32831383
v 8.62892723 -3.10703993 -19.05985451
v 8.73989296 -2.31291485 -19.04675484
v 8.64910221 -2.49298954 -21.13528061
v 9.00222492 -2.22613978 -20.42035103
v 8.60779762 -1.69725847 -19.53648949
v 8.08428669 0.72812778 -18.63496208
v 8.75043201 0.89304566 -20.95907021
v 8.88895130 1.53344476 -17.76440048
v 8.50300503 1.56631792 -18.54246712
v 8.48087215 2.41825962 -18.57283020
v 8.71394539 2.36079431 -16.76420403
v 9.49963856 1.67301762 -16.92325020
v 8.81392002 0.71663475 -17.01429176
v 7.81588078 2.98794389 -18.87531281
v 8.80865002 3.23903441 -17.97694778
v 7.62205458 3.86001086 -19.08755875
v 6.39385366 5.79847288 -21.11314774
v 6.94737720 5.49423313 -21.90646935
v 6.41829491 6.37071657 -21.84398460
v 7.10070133 5.72022963 -20.44168091
v 6.81342554 4.79656935 -19.79942513
v 7.49537992 4.71426105 -20.53367615
v 7.40945816 4.62954378 -19.22994232
v 7.26311016 5.81774521 -19.14547539
v 6.18005228 6.66697645 -19.49618912
v 5.78758240 6.73728991 -18.51606750
v 6.11666489 5.91270113 -18.72921562
v 6.60554647 5.71506071 -18.16138840
v 6.60118008 5.68153477 -17.41358757
v 6.86823082 4.86507607 -17.82588196
v 7.15957212 4.15883017 -17.68349838
v 7.51726198 4.32254362 -16.82553482
v 8.01397324 3.72274661 -17.42894363
v 7.80037260 4.57418633 -18.42688370
v 8.59796047 2.24194908 -15.05475044
v 9.05979061 3.27943587 -15.16195202
v 8.27796173 2.87868452 -14.36436367
v 8.84885025 3.22001314 -16.21504784
v 8.20393467 3.74432755 -15.52516270
v 7.16815424 4.90402222 -14.79854012
v 7.73357248 4.52269363 -14.27773952
v 7.72212982 4.18532944 -14.99884033
v 7.17623472 5.51676750 -15.65801048
v 6.85638618 5.62652874 -14.93841457
v 6.01859760 7.29121542 -13.52572155
v 5.09719563 6.75485611 -14.40069962
v 4.96018267 7.16132879 -13.61525726
v 6.50015163 6.48619938 -13.52672577
v 5.91992807 6.39495754 -12.61817169
v 7.45718718 6.61894655 -12.65380573
v 8.35334396 6.49949932 -12.26058197
v 7.53678513 5.80113316 -12.87377930
v 8.12995720 4.97789907 -12.80557346
v 7.11871910 5.01488733 -12.60286427
v 9.04598904 4.97569036 -12.69802094
v 8.74370670 4.27290773 -12.88482094
v 9.52779388 2.49559927 -13.16190910
v 8.64217663 1.92576456 -12.65837288
v 9.09647846 3.51281023 -13.30288696
v 10.09245968 3.25378966 -12.83137035
v 9.13713074 6.07189751 -12.98685265
v 9.05898762 6.89066458 -12.70770741
v 9.05040550 7.83515310 -12.56647778
v 9.83243561 7.40735054 -12.69340324
v 10.55203152 7.92579269 -13.21028996
v 10.56051350 6.98125410 -12.83237457
v 11.21561718 6.52253580 -12.79759407
v 10.49546909 6.00404310 -12.17425919
v 12.00512505 7.15570784 -11.87378311
v 11.94655609 6.17764330 -12.48527431
v 11.99252796 2.94714093 -12.68697929
v 11.99875164 3.67622232 -12.68411922
v 12.46861172 2.90653896 -12.42514896
v 12.19694424 3.08761716 -11.77742195
v 12.79965210 2.35597634 -11.78680706
v 13.02695370 1.62112331 -10.92387486
v 12.27137280 1.44044638 -11.83513832
v 12.76411819 1.49555278 -12.72783279
v 13.01611233 2.56797051 -9.10154724
v 13.45069027 2.09464717 -10.05486870
v 12.69500923 3.00927377 -9.91459370
v 12.86278820 3.39486837 -10.85888100
v 12.63809681 3.86834216 -9.90596104
v 12.41209984 4.23943233 -8.36403465
v 12.85912418 4.20304585 -7.28614616
v 13.02098083 5.21363211 -8.57984257
v 12.77756882 4.45785046 -9.17893696
v 12.48186111 6.19485807 -8.73025608
v 12.53355503 5.97553635 -7.91414881
v 13.14328861 6.39686489 -9.50716686
v 12.68562412 7.15876913 -8.84147263
v 12.44678020 5.74447060 -10.22575951
v 12.31609058 6.70833158 -10.33702564
v 12.71659088 9.12142181 -12.10730839
v 12.88020325 8.73708153 -11.34931850
v 12.35187435 8.23600483 -11.94459820
v 12.78098202 7.71450090 -12.73912525
v 12.01375771 8.05974483 -12.70409393
v 11.31137657 8.45286751 -12.87137032
v 12.04653072 9.01311588 -12.92778206
v 12.04828644 10.09587288 -13.04311371
v 12.96682835 9.70244884 -12.92547321
v 13.56260967 10.20548344 -12.11428452
v 12.67965221 10.90921974 -11.69476223
v 12.21877575 10.32759094 -11.09491539
v 12.78595066 11.67609215 -12.00517559
v 11.97942924 11.79458618 -10.99298286
v 11.20126343 10.26033878 -12.63905048
v 11.90424728 10.94926929 -12.62529850
v 10.58264637 8.87896347 -12.97606277
v 8.29688263 8.22119904 -12.35844898
v 9.07038021 8.73793507 -13.12466908
v 7.55169106 8.49693203 -13.07985115
v 7.53171635 7.59420013 -12.72974014
v 6.77563381 8.74305439 -12.97134495
v 6.01528502 8.40217686 -12.58329105
v 6.00489616 9.27595043 -12.68115807
v 5.91054296 10.18013859 -12.48517323
v 5.87214899 10.93130207 -12.26529980
v 6.72604799 10.36894512 -12.44723129
v 7.53327227 11.04527950 -12.94845963
v 7.57181644 10.29075241 -13.61676311
v 8.34792423 10.04468060 -12.20964146
v 7.54085064 9.37005329 -13.18715382
v 9.03891277 9.68463135 -12.70007896
v 9.06992912 10.60528088 -12.70489693
v 9.13492203 11.75890255 -12.36682987
v 9.82540894 11.40126324 -12.65154648
v 10.47469139 11.83247852 -12.32371902
v 10.41130447 10.68026161 -12.83172226
v 6.88243389 11.84326839 -12.42208767
v 6.15355301 11.84186363 -12.58524895
v 6.35089254 12.95653915 -13.09179592
v 5.33824873 11.65506363 -12.81802082
v 7.31525517 12.72828388 -10.55996132
v 6.82948542 12.57450867 -11.14600658
v 6.19154549 12.16281605 -10.67363739
v 3.98041201 12.58514786 -9.75815773
v 4.41805124 12.10585213 -10.38932228
v 3.44435358 12.47990417 -10.54901981
v 4.06191730 12.58549976 -11.94334412
v 4.79395962 12.32331753 -11.21842766
v 4.97368288 12.41611481 -11.98098469
v 5.32991743 12.49109554 -10.42912102
v 5.03400898 12.66334057 -8.66586494
v 4.27752495 11.97581577 -9.03078270
v 4.35747433 12.56662846 -8.09828854
v 3.30382729 12.33696842 -9.19048023
v 2.43396854 12.75192261 -9.35504723
v 2.73118186 12.50524902 -8.62832451
v 1.93620360 12.16582680 -8.11540318
v 2.80540991 12.64381790 -7.94370985
v 5.76479673 12.41706848 -9.00337982
v 5.84469604 12.43885040 -8.07068539
v 6.62642479 12.52823448 -9.24789524
v 5.81573772 12.65194798 -9.84302521
v 6.55239725 12.32587719 -7.46883059
v 7.26376247 12.65601349 -6.87254667
v 7.28684902 12.80512238 -7.81196642
v 11.19463921 12.56050587 -9.83971310
v 10.42455387 12.48246384 -10.25928497
v 10.40297318 12.62083149 -9.34149647
v 11.95644283 12.22514915 -9.28744411
v 11.95900249 12.38941479 -8.45547676
v 13.01867199 12.83322716 -8.81984234
v 13.11458111 11.52096176 -7.59319639
v 13.03036594 10.65772724 -8.03555393
v 12.71864796 11.70083523 -8.43063354
v 12.65194798 11.81390858 -5.22015619
v 13.38539600 11.82590389 -4.38648319
v 12.71583748 11.06169033 -4.88479996
v 11.87388325 12.91985226 -4.25413752
v 11.94324303 12.88005257 -5.11029482
v 11.87097263 12.58539867 -3.41519451
v 11.82791138 11.83553982 -2.65409303
v 12.85189724 12.67784500 -3.88249516
v 12.90956306 11.76547718 -2.64265013
v 13.04572392 11.01280785 -3.14648771
v 12.66248798 11.81636810 -3.54733944
v 13.36963749 9.56899834 -4.29940701
v 12.90830898 10.24934769 -4.64480114
v 12.11157417 10.38470459 -3.70588350
v 12.58193588 9.39961433 -2.54177237
v 13.40266037 8.67776012 -2.66679072
v 12.70971489 8.98636627 -3.48721433
v 13.21987629 10.33075237 -2.80124450
v 12.82876110 10.02616119 -1.98247707
v 13.08753014 8.34260368 -0.35718814
v 12.74032974 8.34255409 0.45349896
v 13.01551056 7.23003626 0.02303630
v 12.59337902 7.50496626 -1.56606698
v 12.37957764 8.15424824 -2.00586462
v 12.43829823 8.30536461 -1.25495148
v 11.79639339 7.36900663 -1.15869081
v 11.80959225 6.67530775 -1.76330590
v 11.85265350 7.79088736 -0.37585810
v 10.91097641 7.99695921 -0.80150270
v 11.87006950 7.05332422 0.41962203
v 11.90118599 7.15420198 1.29023361
v 11.00753784 7.98335838 1.01264369
v 10.19203281 7.38852978 1.53580368
v 10.15233421 7.27500439 0.63166642
v 8.47168732 7.40514231 -0.23498031
v 9.28463364 7.82079935 0.32019958
v 8.53111076 7.86968231 0.72762591
v 7.24619675 8.28609276 -0.36657330
v 8.00554180 8.19535255 -1.41309392
v 7.52629614 7.34667301 -0.77741241
v 7.90968227 8.34461212 0.50273341
v 7.30285883 9.08603954 -0.04978652
v 7.74933147 9.91926098 -0.60491621
v 7.24835491 9.97090435 0.26168033
v 7.82225466 9.93868351 1.22945595
v 7.87244272 10.77065086 0.66825348
v 7.01543188 8.98069477 -1.75582790
v 8.06757355 9.86525822 -1.57565296
v 7.10296011 9.81577301 -2.32721853
v 6.98858166 7.88162708 -2.98513341
v 7.25196838 7.08393860 -2.50583768
v 7.48870516 8.14014530 -2.30398154
v 7.12514305 8.99745750 -3.64375067
v 6.59550905 7.94933081 -3.65966034
v 11.94771004 5.92454529 -3.69925857
v 11.93320560 6.09558630 -4.71255493
v 12.78645229 6.12750578 -4.32354736
v 12.98790741 7.09849310 -4.47862864
v 12.65586281 7.93653297 -4.41990852
v 13.08271217 7.42943287 -3.67255855
v 12.58675385 7.73849106 -2.95095515
v 12.68597603 6.95520639 -3.03306293
v 12.36868763 8.95645428 -5.99756908
v 12.83357906 8.51856327 -5.23185015
v 13.18675232 8.04132557 -5.99109459
v 12.97460747 8.69116020 -7.54431343
v 12.61726856 9.68859673 -7.76534176
v 12.66273880 9.47660255 -6.97779131
v 13.17621231 7.47003508 -6.65076590
v 12.54600143 6.70883369 -7.30456543
v 13.44030190 7.71796417 -7.41066265
v 12.40843582 7.92995834 -8.19821358
v 13.12346458 8.13196468 -8.97512341
v 12.94740486 9.08227539 -9.11826038
v 12.97244930 8.31108570 -9.76156998
v 12.27097130 5.72926378 -7.15620947
v 12.80793285 4.82718420 -6.89046383
v 12.66655350 5.56143475 -6.28203440
v 12.66233730 7.03254604 -5.88529825
v 13.74614716 6.65573454 -5.08555222
v 12.89761829 6.09096861 -5.75124598
v 11.12427521 5.44660473 -4.77915430
v 11.78485012 6.63927269 -2.51441979
v 11.78976822 6.21980143 -3.13574743
v 10.96738720 6.49382782 -3.62387633
v 10.82435131 7.66426277 -2.46553659
v 10.23072720 6.90050173 -4.17990923
v 10.39173126 6.18175888 -4.58909225
v 9.61833382 6.86065245 -3.57253385
v 8.78074551 7.22812891 -3.36350083
v 9.96021461 6.94065189 -2.69820833
v 8.32614231 7.80634499 -2.23236322
v 8.05261803 6.89864445 -2.80686545
v 9.16362953 6.75977421 -1.40069747
v 8.37296772 7.59610748 -1.21224141
v 6.26502085 7.21337366 -3.95597029
v 10.09833145 7.51043653 -0.28366271
v 11.07905579 6.05016613 4.19797707
v 11.86590385 6.81744051 3.77439022
v 11.96713257 5.69423246 4.10568142
v 11.95684433 5.80725574 5.08344412
v 12.70886135 6.16143274 4.38186598
v 10.37587166 5.98191023 4.95983124
v 10.29085255 5.97603798 3.88103962
v 9.43469524 6.47505760 3.74382567
v 8.88337994 6.05960131 4.20485258
v 8.71023178 6.11596251 3.07747936
v 10.13843155 6.72860765 3.14939857
v 11.86650562 7.07088995 3.04837012
v 11.02063656 6.79068995 2.61178470
v 11.89596653 7.34797812 2.15863705
v 9.31022930 6.73237181 1.89981735
v 10.16563416 7.07164288 2.31221223
v 12.79839706 7.28052521 1.61690748
v 10.04528332 7.93377256 -1.16631937
v 9.97702694 6.97939730 -1.91266549
v 13.25304985 9.13687992 -0.82549256
v 12.63935089 10.00156879 0.57249475
v 12.40944004 10.01045227 -0.27462885
v 12.39292812 10.82580662 0.22609703
v 12.45746994 9.96568489 -1.17204082
v 12.54284000 10.89561844 -1.43151295
v 13.08471966 8.85110950 -4.42613173
v 11.93852520 12.26725674 -5.96961403
v 12.68331623 12.50580120 -5.58171082
v 11.92201424 12.75433159 -6.80925989
v 11.11438847 12.67684174 -6.33719110
v 12.79458237 11.81330681 -6.08012819
v 13.22484493 10.24628639 -5.47837400
v 13.00150776 9.95389080 -6.21854687
v 12.75583744 10.76643467 -6.45854568
v 12.89546108 9.44217396 -10.70610905
v 12.85164642 10.14811802 -10.29577160
v 13.04065418 10.93847942 -9.77963734
v 13.36712742 10.05045223 -9.38872337
v 13.35227203 9.87133121 -8.60232735
v 13.15839577 11.80462360 -10.16924763
v 12.74123287 12.55995369 -10.47890759
v 12.98615074 11.70515156 -9.26235008
v 12.63819695 11.51955605 -6.82015038
v 12.54243851 12.35950279 -7.21482897
v 11.92622948 12.98057938 -7.58270741
v 11.13697243 13.22394085 -8.04885387
v 11.98364449 12.70590019 -11.03192902
v 11.97727108 12.15102196 -10.20493126
v 11.28266811 12.66173458 -11.72778606
v 12.04271603 12.23935223 -11.99764729
v 12.04663086 12.67694187 -12.81536102
v 12.91106892 12.71899986 -12.00457287
v 10.44051361 13.08321381 -11.03107643
v 10.50385094 13.02233601 -12.00547600
v 10.61898232 12.57310295 -12.71152115
v 9.77672672 12.60431957 -12.00723267
v 9.64819527 12.58570004 -10.53145409
v 10.37100315 12.38836098 -8.47801113
v 9.60081768 12.64050579 -8.89758301
v 10.33040142 12.01932812 -7.60509109
v 8.87981701 11.87423515 -9.43795776
v 8.84794712 12.54153442 -8.57452297
v 8.06260490 13.14087963 -8.16534042
v 7.35124016 12.88667774 -8.76157379
v 8.78350544 12.45526123 -7.62491560
v 7.40218115 12.37561321 -9.60121918
v 5.66306591 12.62665367 -11.98525047
v 6.39274931 12.64075661 -11.97978020
v 4.93117380 12.58294010 -12.72477150
v 7.51630878 12.37330437 -11.86374569
v 8.22295570 12.14660549 -11.86449814
v 7.78697252 12.33491039 -12.46524906
v 8.79294109 12.34981632 -10.39669991
v 8.04007053 12.36432076 -10.07363892
v 8.80859947 12.34675503 -11.16598129
v 9.19073105 12.38555050 -12.52808475
v 9.07590103 11.92492485 -11.99408340
v 8.43781090 11.76331902 -12.30349255
v 7.72930670 11.77134895 -12.87508392
v 10.55112839 9.82571030 -13.17892265
v 9.79238510 9.29858589 -12.84572411
v 11.20482731 11.84377098 -12.67036724
v 12.65385532 11.66249180 -12.60999107
v 11.90183830 11.83022022 -12.86896133
v 13.94444084 8.55645561 -10.54726315
v 12.43739414 7.60614491 -10.40412712
v 13.06745529 7.33036184 -11.95016956
v 12.14369392 6.95395184 -11.11975861
v 12.89099407 6.43264866 -11.88116074
v 12.46163559 4.70482588 -11.77330685
v 12.16833687 3.94372439 -11.76984406
v 12.56301498 4.39541674 -12.51307774
v 12.02680683 5.60610247 -11.87202644
v 12.53074455 5.15506268 -10.95182896
v 12.35543728 5.98316479 -12.31041908
v 12.46735668 4.84344530 -10.12297440
v 11.99809837 4.43687201 -12.74474621
v 11.20357227 4.63190269 -13.58730221
v 11.94605350 5.35084581 -12.40286541
v 9.75002670 5.36675549 -12.71352863
v 10.40462875 4.90803719 -12.93541050
v 10.88407516 2.97780585 -12.34203720
v 10.45250893 3.99426389 -13.13445568
v 7.74797630 3.31823111 -12.27900124
v 6.07254982 7.45819092 -12.48336697
v 6.71214581 6.89467955 -12.69430733
v 7.36694908 4.67506456 -13.40858269
v 6.63028908 5.36128521 -13.40361404
v 6.63942337 6.01347828 -14.19487858
v 5.07586575 7.27194309 -15.32912827
v 5.72891235 6.87846899 -15.23693275
v 4.99069691 7.22817898 -16.94011307
v 4.23461437 7.79781294 -16.91321182
v 4.52229214 7.34642220 -16.13715553
v 5.63114595 6.52830696 -16.95486832
v 5.23967934 6.78572178 -17.73253250
v 3.78974771 7.92002106 -17.69950867
v 2.82192183 8.08528996 -19.25358009
v 2.40887451 8.12885380 -18.45684624
v 3.30302429 8.03354645 -18.48469925
v 3.38217068 8.39043331 -20.06833267
v 2.40531111 8.32378387 -20.03365326
v 4.11948299 7.82019711 -20.08474350
v 3.70658612 8.07490158 -20.86662292
v 4.53508997 7.44639683 -19.28444672
v 4.66643190 6.89503098 -20.08740425
v 5.20464849 7.19023705 -20.96810341
v 5.88800859 7.16393852 -20.16755486
v 4.32716084 8.17126179 -21.69582939
v 3.66382599 9.03168583 -21.67234230
v -1.96772170 8.97923946 -21.61949348
v -2.22503567 8.46496296 -22.44237709
v -2.57047987 7.88132620 -21.64785004
v -3.70753956 8.24217796 -21.67449951
v -3.19567204 7.97382259 -20.85633469
v -1.47291803 8.74686909 -20.84223175
v -0.94157743 8.67163658 -21.64022064
v -1.94292879 8.50546455 -23.27825737
v -2.86106849 8.49131107 -23.30174637
v -3.31958628 8.24870205 -24.30630875
v -2.73148298 7.42677307 -24.21180534
v -1.60235298 4.24148989 -24.38927078
v -2.34122109 3.99401283 -23.87404060
v -2.20225024 4.92354536 -24.63479042
v -1.41244149 6.06502151 -23.90515709
v -0.65144050 6.31410456 -23.79198265
v -0.70228100 5.42010546 -24.39102745
v -0.20376337 8.44177532 -23.82360077
v 0.41063839 8.07314491 -24.53586960
v -0.38293460 8.02682114 -23.25512123
v 0.82077491 6.11019087 -23.99087715
v 0.15016256 6.51199627 -23.35093117
v 0.91191632 6.95249653 -24.00001144
v 1.40591705 5.52023077 -24.41973495
v 0.64386213 5.07927847 -24.15423965
v 2.13439608 5.84590054 -24.61421204
v -0.37184304 2.83778119 -23.89356232
v -0.98318332 3.54904580 -23.31725502
v -0.84416252 4.47852802 -24.10370064
v 0.22840568 2.17600203 -24.48859215
v 0.37530601 3.12425447 -24.53837967
v 0.50198060 4.13770103 -23.82726479
v 1.10227954 3.47592187 -23.86194420
v 1.11623180 7.95650768 -24.26108932
v 1.24892890 8.43018246 -23.89602280
v 1.78719544 7.55535507 -24.43067551
v -0.55984735 7.15631008 -24.04994965
v -1.18544102 7.83916807 -24.00994873
v -0.08316155 4.72766161 -23.61943626
v -2.93800664 5.56790924 -24.33717537
v -2.19908857 5.81538630 -23.99087715
v -4.43511534 4.86387157 -24.27062607
v -3.71833014 5.17067099 -23.83730316
v -3.65785360 4.36926889 -23.97501755
v -6.93563318 3.96741319 -23.55288696
v -6.31480742 3.50126696 -24.87338448
v -7.60995960 4.31732416 -24.13406372
v -6.56268597 4.62367201 -23.86525726
v -5.41453457 5.85664082 -24.25371170
v -5.19977999 4.97548962 -24.93827629
v -6.11656475 5.16369486 -24.26324844
v -5.13659334 4.17132711 -24.61446381
v -2.14799714 6.70848227 -23.97883224
v -1.94438434 7.67495298 -24.07027435
v -1.87683117 9.05753231 -24.65551758
v -1.26308191 9.21045494 -23.28397942
v -0.05952299 8.46541405 -21.67590523
v -0.47618395 8.49261570 -22.45206261
v 0.77209252 9.08458424 -20.04103088
v 0.29590857 7.99128819 -20.86230659
v -0.10484277 9.16774559 -20.03520775
v -1.00210416 8.87073231 -20.06100464
v -0.58087617 9.00347996 -19.23159790
v 0.67527980 8.30812454 -18.41784859
v 1.42714655 7.87098742 -18.43501282
v 1.15583014 8.48077202 -19.21127129
v 1.61304295 8.69929028 -20.04599953
v 0.76130211 8.55720806 -21.67971992
v -0.33415183 9.27780819 -23.31293869
v 0.49038714 8.87068272 -23.30952454
v 1.30263007 8.97823524 -22.48789787
v 1.68506277 8.84187412 -21.67500114
v 2.17444611 9.05376816 -23.32603645
v 1.37249184 8.78405762 -23.31253624
v 2.00069523 8.50004387 -20.85783958
v 2.53705454 8.61974239 -21.66712189
v 2.91788125 8.15193939 -22.49703217
v 2.71140790 8.28313160 -23.31088066
v 2.68254972 8.40920353 -24.19745255
v 4.21343470 7.82340908 -18.50081062
v 5.01438570 7.28208113 -18.49980545
v 4.14543009 7.53773880 -15.29991817
v 6.22813272 6.29799414 -15.05439854
v 5.95756912 6.47932386 -15.98132133
v 6.54476881 6.40931129 -16.77449226
v 7.64644623 3.80530596 -13.60521984
v 8.24830055 3.18934846 -13.60521984
v 8.75299168 1.63939166 -13.49420357
v 8.74420834 2.49906230 -13.49560928
v 7.79791355 4.24796438 -16.04470825
v 7.43048716 4.99200153 -16.29901123
v 6.77468014 5.45905161 -16.43948746
v 5.92891169 5.98271322 -20.37628555
v 8.36062145 3.01414204 -17.12239647
v 7.98993301 4.45483923 -21.13056183
v 7.55053663 3.54503083 -21.81552887
v 7.29558182 4.54126310 -21.85527611
v 7.61673498 5.23340607 -22.58812332
v 7.17758942 4.31069946 -23.33145714
v 8.00348377 3.84354925 -23.33401680
v 7.37794018 4.02824116 -23.68347549
v 7.05568314 4.01589489 -24.05210686
v 6.26537228 3.85960937 -24.93140030
v 6.55505753 4.81463718 -23.90575790
v 7.45979691 3.28089118 -23.55785561
v 5.96474600 3.12114286 -24.50319672
v 6.13207293 2.37002897 -23.53231049
v 6.68123007 5.61287785 -24.04563332
v 7.03776598 5.39757109 -23.38661385
v 5.73297739 6.97969818 -21.80634308
v 4.93619251 7.32323503 -21.72202873
v 3.22648740 7.43289614 -24.06721306
v 2.55552387 7.64458895 -24.77401161
v 2.34920096 6.63355160 -23.54069138
v 2.90056658 5.93056774 -24.46304703
v 3.57514358 5.44083309 -23.94415283
v 3.31316209 4.63396025 -23.98947334
v 3.09860849 2.80259943 -24.10294724
v 3.18136835 3.70859361 -24.11680031
v 1.69896483 2.87622523 -24.33642197
v 2.36686707 2.34262633 -24.50967216
v 1.64345694 1.92887616 -24.05948448
v 0.89133924 1.44350791 -24.68141556
v 0.14424036 1.15698445 -24.32688713
v 1.55924141 0.90985864 -24.52402496
v 3.04315066 1.85520017 -24.04959679
v 0.35397610 -0.38735116 -24.41556931
v 1.18649495 -0.54032421 -24.64151573
v 1.71457338 0.05641134 -23.98922157
v 1.82990539 -4.06889343 -24.00588417
v 2.61384225 -4.27315855 -24.85330772
v 2.13795948 -4.96219015 -24.23604584
v 3.15170741 -3.66347456 -24.03775406
v 3.63115358 -3.03271151 -23.87378883
v 4.11687326 -2.42578769 -23.93767929
v 4.48334599 -3.34021354 -24.24252129
v 3.45981169 -4.55682135 -24.23835564
v 4.35195398 -4.79907894 -23.91695023
v 3.81408882 -5.40876293 -24.26500511
v 4.11230612 -6.19636345 -24.39624596
v 5.12018204 -7.98958158 -23.30646324
v 3.95120239 -7.49954557 -23.30023956
v 4.88831329 -7.87645769 -24.41135216
v 5.16404629 -6.53849554 -23.32498360
v 5.29518747 -7.79480171 -22.50275230
v 3.79687428 -7.38842964 -23.73185730
v 3.36746573 -8.14852715 -23.96814346
v 1.33168900 -7.14572001 -23.80096626
v 1.15567958 -6.35987616 -24.15208244
v 0.84637076 -5.38482332 -24.75242996
v 1.66338158 -5.73302794 -24.57039833
v -0.66313434 -3.51772857 -23.86972427
v -1.50237834 -3.41524458 -24.35494232
v -2.43135858 -3.46181917 -24.70440102
v -4.87993193 -5.46321678 -24.07559586
v -5.68058109 -5.77373028 -24.29918289
v -5.09202623 -6.40675163 -24.25827980
v -4.43882942 -6.89392710 -23.98861885
v -5.15280390 -7.08991098 -23.98947334
v -6.45493221 -6.72735310 -23.31293869
v -6.39039040 -5.59004211 -23.30837059
v -6.39244843 -6.10547304 -24.08211899
v -5.02582836 -7.55811501 -23.31549835
v -5.80118322 -7.20037508 -23.31790733
v -5.73869896 -6.52770472 -22.48674202
v -5.21769714 -7.32052517 -21.63866615
v -4.72043419 -7.68765068 -22.47414589
v -4.51506472 -7.63108873 -21.62165260
v -3.87145376 -8.18973160 -21.61417389
v -4.43792582 -7.93256807 -20.77934647
v -3.86964703 -7.83700991 -19.97026443
v -4.70683336 -7.64428806 -19.97729111
v -5.33639193 -7.71480227 -19.18166161
v -5.40409565 -7.02817965 -19.99109268
v -5.85322809 -6.29779339 -20.00951195
v -5.76951456 -6.89508104 -20.80449104
v -6.57648754 -4.84986925 -23.30114365
v -6.93718910 -5.59245110 -22.47389412
v -6.60915995 -5.43731976 -21.64579201
v -7.40554380 -5.88344145 -20.82165527
v -8.02938080 -5.24891424 -21.63866615
v -7.97713518 -4.28048611 -21.61211586
v -7.41447687 -4.13298368 -22.44237709
v -8.07429886 -4.50984526 -19.99646378
v -7.98662043 -3.43597221 -19.98221016
v -7.87866592 -3.90608358 -20.79369926
v -8.87906361 -2.72450686 -21.59525299
v -9.03886223 -2.27256370 -20.76168060
v -8.76980495 -1.68250322 -21.57823944
v -7.74250603 -3.86809111 -23.27584839
v -8.59941578 -3.38372660 -23.27835846
v -8.06677055 -3.57273459 -24.10139084
v -8.47173786 -2.91572332 -22.41738319
v -7.24544382 -2.14689302 -23.26264954
v -7.99224138 -1.56812465 -24.35102654
v -7.80027246 -2.40224957 -23.92051506
v -8.52157497 -2.02031875 -24.07002449
v -8.59223938 -1.64154983 -23.27459335
v -8.43028259 -1.27808809 -22.42129707
v -8.98014259 -0.87437570 -23.28448105
v -8.79730797 -0.86704826 -21.58571625
v -8.67269039 -1.71296740 -19.94396591
v -8.53211403 -2.67632651 -19.96379089
v -9.07033062 -1.82875109 -16.75070381
v -8.43615437 -2.17951512 -17.54819107
v -8.03911686 -2.58859777 -16.75567245
v -6.57222176 -5.81227446 -15.17023277
v -7.25784016 -5.77478409 -14.37008476
v -7.05086470 -5.02357006 -15.19387150
v -7.30225658 -4.47501469 -13.55809307
v -8.16323185 -3.96209335 -13.57259750
v -8.07851505 -4.10206747 -14.39713669
v -7.35997295 -4.20681000 -15.20275497
v -7.80012178 -3.50247145 -15.20616722
v -7.94185257 -3.10739136 -13.56065273
v -8.26129913 -3.99933290 -13.01490784
v -8.59454823 -2.55216122 -12.82820892
v -8.42009449 -2.50920033 -13.56662464
v -9.10942650 -1.63813698 -13.55693913
v -7.98205328 -2.14267707 -14.38860416
v -9.77908611 -0.78353536 -13.16607475
v -10.68051243 -0.49274600 -12.94670296
v -9.74827003 0.06067732 -12.54223728
v -12.61626434 0.29400143 -12.69842243
v -11.63724709 0.73234361 -12.56763268
v -11.63719654 -0.08672490 -12.85320187
v -12.44211197 -0.98860365 -11.82891464
v -12.97435665 -0.58448970 -10.97220516
v -13.15749264 -0.12170595 -11.85064602
v -12.61521053 0.69826591 -11.84286690
v -12.43704319 -1.34177673 -12.52331638
v -11.92397118 -1.80541372 -11.82264137
v -12.68060589 -4.18517923 -11.61004543
v -12.55282688 -3.84736347 -10.77602005
v -12.36964035 -3.43577147 -11.86961746
v -12.74630165 -2.62889862 -11.87508774
v -12.44211197 -2.96591139 -12.53039265
v -12.28482342 -4.48460102 -12.37099552
v -12.45360565 -4.89589167 -11.60597992
v -11.61722183 -3.39577174 -13.10193443
v -10.38058949 -3.79511786 -12.81977749
v -11.37576771 -4.17238092 -12.01380730
v -11.38540363 -4.88364553 -13.07523441
v -6.75761604 -7.27349901 -12.27287865
v -6.19621325 -8.02300644 -12.50670433
v -7.29352379 -8.32062149 -11.90309334
v -6.36805677 -10.06074047 -12.06329346
v -6.99053907 -11.00010967 -12.80201054
v -7.35510445 -10.00954914 -12.83734322
v -4.41549206 -10.17923450 -12.86986446
v -4.97769833 -10.99303341 -12.91784477
v -5.44088316 -10.23775387 -12.80632687
v -4.59877872 -8.65447235 -12.38976574
v -3.53077745 -8.19886589 -12.67985249
v -3.83270860 -9.01798439 -12.81726742
v -3.36701393 -9.76729107 -11.68879032
v -6.32569838 -6.95611000 -13.54690075
v -5.81513548 -6.95982361 -14.35989666
v -5.25197554 -7.05523109 -13.54971123
v -6.56399107 -6.01036692 -13.54032612
v -6.11596251 -6.26692820 -12.56401920
v -5.40504932 -7.05106544 -15.15994453
v -6.28875971 -6.72860765 -15.14734650
v -5.09533882 -7.37121487 -15.95512295
v -4.55340862 -7.44203043 -15.16541481
v -5.37353086 -6.98592138 -16.76089096
v -4.49855328 -7.32845497 -16.76751709
v -6.36022758 -6.84700108 -16.77484322
v -5.68645334 -6.83385181 -17.58558083
v -6.37282467 -6.10396767 -19.21192360
v -6.20248652 -6.68966150 -18.39792442
v -6.83350039 -6.04670286 -18.41343307
v -6.11179686 -7.93648291 -18.38889122
v -3.43160582 -8.98877525 -19.98170853
v -3.69569540 -8.58124828 -19.17483521
v -2.39416933 -9.08267689 -19.98336411
v -2.78995204 -8.71003056 -20.77538109
v -3.11426711 -8.34486294 -21.57286835
v -2.03823590 -8.04825115 -21.58180237
v -1.46257925 -8.97331715 -19.98436737
v -2.02026868 -9.19404411 -19.18522453
v -0.84426290 -8.48574066 -20.80484200
v -0.53997290 -9.10987854 -20.01031494
v -1.48702085 -9.12177277 -21.59615707
v -0.55457765 -9.31755638 -21.62270546
v -0.66825348 -8.89271545 -23.27429390
v -1.41188943 -8.80011845 -23.27484512
v -0.98529124 -8.56478691 -23.78701401
v -0.19964795 -8.61537647 -19.19782066
v 0.31688717 -8.29683304 -20.01854515
v 1.60937929 -9.06892490 -19.21267700
v 2.12661695 -8.76348114 -18.42382240
v 1.21590519 -8.90797234 -18.41569138
v 0.89113849 -8.84337997 -17.60103989
v 0.31492984 -8.17066002 -18.39170074
v -0.82729936 -8.35133648 -17.59065056
v -1.39728475 -8.60714531 -18.40108681
v -0.48250765 -8.33853912 -18.38607979
v -2.18869948 -8.35670662 -18.39792442
v -2.62277579 -8.25999451 -17.57845497
v -2.28395653 -8.82009315 -16.79813194
v -3.20159411 -8.53361988 -16.76862144
v -3.45986176 -8.14295578 -15.97319126
v -3.71647310 -7.57307100 -16.75502014
v -4.12967110 -8.50546455 -15.17033291
v -2.99321365 -8.13276768 -15.18599129
v -4.47275639 -7.30065060 -13.54905891
v -4.29007196 -7.84448814 -14.37640858
v -3.69157982 -7.63319635 -13.55096626
v -1.46458685 -8.95539951 -13.53038883
v -0.93038553 -9.28598881 -14.34378624
v -0.56290883 -8.98511124 -13.54564667
v 0.23733915 -9.55394268 -13.55824375
v -0.34383813 -9.08041859 -12.79453278
v -1.38815045 -8.70812321 -15.14659405
v -2.27693009 -8.84764576 -15.15246582
v -1.93635416 -9.04026794 -15.97494698
v -0.52125281 -8.89316654 -15.16275501
v -0.17691277 -8.32493782 -15.96300220
v 0.33525598 -9.00082016 -15.15853882
v 0.91442573 -9.10822201 -14.37083817
v 1.10830212 -8.82079601 -13.55453014
v 0.04632354 -10.01557159 -13.26820660
v -0.74348533 -9.98350143 -13.33821964
v 1.72390831 -8.26059723 -13.54514503
v 2.44772005 -8.56338120 -13.55593491
v 2.66342807 -9.09030533 -13.17219734
v 2.05183697 -8.53241539 -15.20425987
v 1.20782495 -8.74129772 -15.17033291
v 1.57846344 -9.03083229 -15.99401855
v 1.20822644 -8.81577682 -16.79301262
v 2.12681770 -8.88413334 -16.82769203
v 3.44269753 -8.74606609 -13.58971119
v 2.74021578 -8.95715618 -14.40958309
v 5.47887564 -9.36222363 -12.21621609
v 5.89132071 -10.12969875 -12.21902657
v 4.99852610 -10.37787914 -12.66770744
v 4.35998392 -11.00382423 -12.33742046
v 3.94869304 -10.24166870 -12.96828365
v 3.51928449 -12.81260014 -12.71382999
v 2.95185852 -11.83870125 -13.15247345
v 3.87687397 -11.83619213 -12.79618835
v 4.92725897 -11.97596550 -13.02760601
v 4.05418825 -12.45947742 -11.73245335
v 3.12862086 -12.33425808 -11.73205185
v 5.42241430 -12.62926292 -12.52838516
v 5.92886162 -12.85074329 -11.72291756
v 4.95139980 -12.58098221 -11.72050858
v 4.56073618 -13.19106770 -10.75910759
v 2.95190883 -12.56497288 -8.06225395
v 3.71933389 -12.95096874 -8.84704399
v 3.90954638 -12.27368164 -7.81909275
v 2.45263839 -12.49581337 -7.58877993
v 2.16621542 -11.97481155 -8.32559013
v 3.32912207 -11.96407127 -6.87706375
v 2.91682744 -11.14254379 -7.49783945
v 2.59040451 -11.98705769 -7.31219387
v 4.04465246 -12.33255196 -7.07666159
v 3.73007417 -11.97034454 -6.08263779
v 6.63776731 -12.79433155 -5.43987942
v 7.13066387 -13.17480755 -4.75129986
v 5.98191023 -13.05766869 -4.38748693
v 6.03039169 -12.62595081 -6.22552299
v 6.96815491 -13.23397923 -6.43661356
v 8.49276638 -13.14594936 -5.72851086
v 9.13728142 -12.78233719 -4.87170076
v 8.22335720 -12.57204914 -4.79717159
v 7.77658367 -13.00190926 -3.89539337
v 9.92688942 -13.09897327 -4.45082426
v 10.19715214 -13.11623764 -5.38276577
v 10.13943577 -13.44737816 -6.41909790
v 10.92839146 -12.65480900 -5.99812078
v 11.80552769 -12.63011646 -6.48735380
v 11.86294270 -12.61179829 -5.45112181
v 10.14771652 -12.65390587 -1.56837571
v 10.06114197 -12.66424465 -2.56691647
v 10.93918133 -12.60060596 -2.11642885
v 10.24006271 -12.66660309 -0.57866788
v 9.36011600 -13.03402996 -1.02895474
v 11.02952003 -13.04231071 -0.05455438
v 10.24171925 -12.81224918 0.48481628
v 11.88151169 -12.36632824 -0.83919388
v 11.88758469 -12.82022858 0.22424008
v 12.74911213 -11.94986820 -0.12321159
v 12.82866001 -11.94981766 0.69405013
v 13.12537193 -13.18077946 0.25666153
v 11.81415939 -12.92391682 2.85901070
v 10.95775127 -13.15041542 2.03673029
v 11.88402176 -12.51915073 1.83141112
v 11.88873959 -12.79428196 1.04155195
v 12.84527302 -12.90118217 1.86413372
v 12.75382996 -11.89591599 3.94854259
v 12.60964012 -12.67006588 3.47577143
v 12.42173576 -11.89079666 3.12641263
v 12.94740486 -11.91318035 2.32847333
v 12.34429550 -11.00091267 2.80104375
v 12.31061935 -11.18123817 4.44199133
v 12.80994034 -12.09420872 4.79024601
v 13.23985100 -10.37672424 4.30593157
v 12.88883591 -10.57426453 5.14768505
v 12.26208782 -10.03639984 3.40184450
v 12.68522263 -9.42641449 4.10824060
v 12.76005363 -8.55113506 3.99421358
v 12.48171043 -8.56132317 0.96431261
v 12.34896374 -9.40889835 0.51849246
v 12.87172127 -8.61256504 0.05641134
v 12.80667782 -8.59128571 -0.69405013
v 12.77706718 -7.71254349 -0.24747713
v 11.83579063 -8.17512703 -0.93761259
v 11.83313084 -8.34476185 -0.13836837
v 10.96447659 -8.22134972 0.09676250
v 11.87870121 -7.70586872 0.72290826
v 11.88161278 -7.14029980 1.41751051
v 12.98439407 -7.38451481 1.25023377
v 10.94972134 -7.46044922 1.82107234
v 11.81365776 -7.86817694 2.55853510
v 13.05320168 -10.28086567 -0.92110074
v 12.79207325 -10.27956104 -0.03759083
v 13.34549618 -11.10174084 -0.56943327
v 12.49355507 -10.20357609 -1.80757177
v 13.37560940 -9.38144588 -1.27547836
v 12.81159687 -11.03323460 -2.33233762
v 12.88873577 -10.13667488 -2.68691611
v 12.67669106 -7.20253325 -3.05670142
v 11.93039513 -7.19229460 -3.03110552
v 11.93280411 -7.70240593 -2.46995330
v 9.93933582 -7.34366179 -2.84505844
v 10.23107910 -7.53959560 -2.14644122
v 10.83187962 -7.00780344 -2.96274948
v 11.64673233 -6.46065378 -3.45122933
v 11.99353218 -6.25528431 -4.13363600
v 10.88964653 -6.33362770 -4.20174122
v 10.35775375 -5.82692957 -4.87421036
v 11.02455139 -5.58371830 -5.59812260
v 10.14244652 -5.42888832 -5.63420773
v 8.52809906 -5.54728174 -5.48685551
v 7.74396133 -5.53563833 -5.05905294
v 8.69206333 -5.91787052 -4.73975658
v 9.26666641 -4.87446117 -5.56665468
v 8.31033325 -4.95415974 -6.50567245
v 7.71460152 -4.16154051 -6.67018890
v 8.45592880 -3.55391407 -6.74291134
v 5.32720757 -3.82136607 -5.83651543
v 4.74638128 -4.79581690 -5.82497215
v 5.84043026 -4.44726086 -5.68524885
v 6.45227242 -4.81564093 -5.19446039
v 6.97819281 -4.76861477 -6.38466930
v 7.10777807 -3.54638600 -6.88780403
v 6.36539698 -2.93655133 -6.22105598
v 5.60555029 -2.58854747 -7.11119080
v 5.59636593 -3.27868295 -6.44283676
v 4.57704735 -3.53072715 -6.64404058
v 5.60263920 -1.77128577 -7.43886852
v 4.84404755 -1.95497394 -7.23460340
v 7.13533115 -0.82579368 -7.50893116
v 7.88890457 -0.26870665 -7.35384989
v 7.14622211 0.05294836 -7.36042452
v 8.69959164 -1.05314541 -8.08945560
v 8.70737076 -0.10168093 -7.15219450
v 9.51208496 -1.69831240 -7.47063732
v 8.69382000 -1.87085891 -7.44549322
v 7.86657095 -2.13951540 -7.68965816
v 8.67861271 -2.71798253 -7.11681175
v 10.28819275 -2.10428333 -7.62165308
v 10.30023766 -1.26529014 -8.22641850
v 11.09712315 -0.57942069 -7.16880655
v 10.32232094 -0.25435290 -7.38029909
v 12.12121010 0.22323632 -8.50400925
v 12.52386856 -0.14700072 -7.86903000
v 11.94108486 0.48431441 -7.69969559
v 11.93089676 -0.33811671 -8.11244202
v 9.52995205 0.04863219 -7.23871851
v 10.34149265 0.64556849 -7.85121346
v 8.72057056 0.85249370 -8.19891548
v 7.86396122 1.56200182 -7.85046053
v 7.09146690 2.06518698 -8.05828857
v 7.13472891 1.07281911 -7.91460085
v 5.01594114 1.65419722 -7.44077539
v 5.67511082 1.03482676 -7.36373711
v 5.72063160 1.98950338 -7.31274605
v 4.76986933 3.29338813 -6.45282459
v 3.98989749 3.81444025 -6.48750448
v 4.29328394 3.06422973 -7.22652292
v 5.42000532 3.86889410 -6.48650074
v 5.71511078 3.12666345 -7.21096468
v 2.93449354 2.05981684 -7.66125154
v 2.06905127 1.32355845 -6.70878315
v 2.78618789 1.18910480 -7.40960884
v 2.72807026 0.28265893 -7.93422413
v 3.50006247 0.86830294 -8.16117477
v 2.44887424 -2.48972726 -7.51721191
v 2.55236197 -3.24445486 -7.33211851
v 3.18367720 -2.65042949 -7.19369984
v 1.39030850 -4.85443640 -7.48750067
v 0.89801425 -5.63134670 -7.41347313
v 1.72636759 -5.52570105 -7.08935928
v 0.39784044 -6.29603720 -7.11595869
v 0.00010038 -5.61995411 -7.79465151
v -0.86765051 -7.15099001 -7.17939615
v -0.47277117 -7.92137623 -7.54953289
v -0.05309892 -7.06296015 -7.42722464
v 0.84225535 -7.08539438 -7.42461491
v -0.88426274 -8.72870064 -7.46757603
v -0.03854440 -8.65136051 -7.77783823
v -3.37193227 -9.79268646 -6.84559584
v -3.41238379 -10.67619610 -6.24098063
v -2.70874786 -10.40989876 -6.70220852
v -2.39276409 -13.06288815 -6.97643614
v -2.52114511 -12.04833698 -7.37262011
v -3.13343883 -12.05651760 -6.82898378
v -3.79782796 -12.05772209 -6.37076712
v -4.12650919 -12.38138485 -6.89693832
v -4.35110044 -11.20583057 -6.49096727
v -4.55682135 -11.96934128 -5.41322994
v -5.64093256 -12.49997902 -6.48885918
v -5.85674143 -13.25430489 -7.37809086
v -4.82437372 -13.59794235 -6.98642349
v -3.12555933 -13.06835842 -10.90485287
v -2.77223563 -13.04647636 -9.96553421
v -3.68545699 -13.19729137 -9.96161938
v -5.96514750 -13.11814499 -13.02620029
v -5.43310404 -13.55894661 -11.97712040
v -6.45779324 -12.10610390 -11.95779800
v -6.76880836 -12.76667786 -10.96593189
v -7.29969692 -12.76748085 -11.70419788
v -8.21562862 -13.05244923 -11.70816231
v -7.90561724 -12.65927601 -12.56552505
v -8.51906490 -12.44572544 -10.93411255
v -9.12518597 -12.47297764 -11.93320560
v -6.91510630 -12.67618942 -7.79821491
v -7.71299553 -12.95312691 -7.12519312
v -7.95846510 -12.96291351 -8.05066013
v -7.16539383 -13.56577206 -6.11159611
v -8.21126175 -12.77932549 -6.36564779
v -6.71525764 -12.66755676 -5.17719555
v -6.21674013 -12.70233727 -5.93643999
v -6.13292599 -12.89877319 -4.28992128
v -7.16313553 -12.92858505 -4.52078629
v -5.70808458 -12.00542641 -4.34653378
v -6.50532103 -11.99754715 -3.95270824
v -5.76514816 -11.94951725 -5.55395699
v -5.74442053 -11.14972019 -4.87395954
v -4.79566622 -10.59960938 -6.14461994
v -4.49253035 -9.48945045 -5.75019217
v -4.78015804 -10.00417900 -5.13383293
v -5.84815931 -9.32187271 -5.27074575
v -5.57046890 -8.38993168 -5.02788591
v -5.82246304 -8.80900097 -4.41157722
v -6.53207111 -8.46601677 -4.00058746
v -6.21086788 -9.40152073 -3.80194330
v -6.58712769 -10.12382698 -3.75918317
v -5.93914986 -10.46329880 -4.21032333
v -6.79058981 -11.09707355 -3.41529489
v -6.95043850 -11.90274143 -3.15286160
v -7.64830303 -12.53661633 -1.69981813
v -8.36724663 -12.55503559 -1.37354577
v -8.19936752 -13.35121822 -2.10197473
v -9.02174854 -12.87789440 -2.77333975
v -8.04855251 -12.60642815 -3.04360223
v -7.76478958 -12.57902527 -3.70242047
v -7.37718725 -12.33526230 -3.21730304
v -11.74369621 -13.13756752 -4.54332066
v -11.73762321 -12.68718052 -3.81228209
v -12.73761940 -12.91513443 -3.70693731
v -12.74810886 -11.87388325 -4.57508993
v -12.13059521 -11.86841297 -5.35947847
v -12.89932537 -13.07568550 -5.22256565
v -12.25877571 -7.50210524 -4.12821579
v -12.29415798 -8.62139893 -4.18803978
v -13.39734077 -8.10285568 -3.46467972
v -12.42253876 -6.72629881 -4.22417498
v -13.22273636 -7.05759001 -4.82989454
v -11.92241573 -6.59219646 -3.50578380
v -11.91905308 -6.49849558 -4.41238022
v -11.59779930 -7.05809212 -2.97243571
v -10.89376163 -6.85593462 -3.17564702
v -12.39087009 -12.56898785 -0.54735053
v -12.31122208 -11.94088459 -0.19116618
v -13.20858383 -11.94981766 -1.06734860
v -10.90033627 -12.88261223 0.13997439
v -11.75498772 -12.69275093 0.72165358
v -11.77019501 -13.09867191 -0.25304800
v -11.76607990 -12.72075653 -1.12902975
v -10.09858227 -13.05029106 -0.36622199
v -10.08764172 -13.11277485 0.60847956
v -10.04508209 -13.06986427 -1.33389723
v -9.23404408 -12.53586388 -0.86549240
v -10.84738827 -12.78479576 -1.81053281
v -9.98169518 -13.00632572 -2.30975318
v -8.41602898 -13.06223583 -0.40546903
v -6.97422791 -7.15475416 -1.31035900
v -7.73904324 -8.59560204 -1.28616846
v -7.12760258 -8.43279171 -1.93038189
v -7.92172718 -10.23659992 -0.26669914
v -7.08850574 -10.24723911 -1.19462550
v -7.15274668 -9.41552353 -0.71216804
v -6.40895987 -10.15002537 2.15060687
v -7.37181711 -9.11780834 3.02327609
v -6.94351292 -9.94074154 3.25675082
v -5.96484613 -9.83735371 3.69233274
v -6.05152082 -10.87323475 3.22979999
v -6.20233583 -12.65912533 4.56575489
v -6.56424189 -12.54198647 5.39591503
v -6.99339962 -12.94042873 4.79862738
v -7.84519053 -12.99172115 4.83476257
v -7.36765146 -13.06795692 3.92134070
v -8.39143753 -12.47448349 5.72178555
v -8.76794720 -12.73626423 4.84469986
v -10.45797920 -13.02615070 3.45072746
v -10.13441658 -12.70002842 2.52405596
v -9.49276257 -12.66494751 3.00159502
v -8.69402027 -13.19779301 3.01554728
v -9.01964092 -12.04121017 3.94322252
v -11.85702038 -12.34549999 3.56018758
v -11.11373615 -13.13566017 4.07014799
v -11.87428474 -12.78805828 4.65719748
v -12.72216129 -12.03312969 3.62633538
v -11.97686958 -12.03789806 4.72485065
v -12.77400589 -11.27539158 4.20425034
v -12.86484623 -10.61717510 3.61203194
v -12.64697933 -10.63007355 4.71074820
v -12.23659229 -10.35524368 5.59536219
v -13.24266148 -9.69778061 5.00319338
v -13.13214779 -8.88694382 5.02979326
v -12.51568794 -9.16177273 4.14517927
v -12.73515987 -8.83735752 3.24420381
v -12.56416988 -9.64854622 3.21780491
v -12.39679241 -7.51640892 4.04645920
v -12.43829823 -7.93623161 5.02045822
v -12.93395519 -7.09703779 4.89252901
v -13.16005230 -6.71209574 5.43465996
v -12.65957737 -6.26788139 4.44374752
v -11.80728436 -7.06933403 4.06834126
v -11.80075932 -7.64594412 3.48324943
v -12.61701775 -7.00966072 3.26533294
v -12.79814625 -7.56218052 0.29420218
v -12.24652958 -8.61984253 -0.07708880
v -12.88371658 -8.57949162 0.73987180
v -11.78158760 -7.27174234 0.83317131
v -11.77471161 -8.44930363 0.07964839
v -11.80698299 -7.82325840 1.75718296
v -10.96688557 -7.27751398 1.40365851
v -11.75067234 -8.34370804 -0.83553016
v -10.90701103 -7.68840313 -0.18855639
v -10.05245972 -8.09342098 0.30619711
v -10.04021358 -7.62827826 -0.55196786
v -7.03977346 -8.38420963 2.10418296
v -6.66080379 -8.52393341 1.29475057
v -7.33091402 -7.52539253 1.52732182
v -8.41226482 -8.06968212 1.28044701
v -8.36122417 -7.34898186 0.34745166
v -9.21296501 -7.30270815 0.73264474
v -7.02752733 -8.17186451 3.01509547
v -6.96469212 -7.14993620 3.06327605
v -6.63987494 -7.84037256 3.71727610
v -5.97382975 -7.24765205 4.28269434
v -5.88710499 -8.30536461 4.15862942
v -5.94963932 -10.06681347 4.93006945
v -6.10487080 -9.13527393 4.55104971
v -5.59997940 -8.54556465 5.23807335
v -5.22527552 -10.22094059 5.35029411
v -5.74989080 -10.92196751 4.96394634
v -4.76434898 -9.57211018 6.04569912
v -4.54793787 -10.42520618 6.01468277
v -4.82688332 -8.77552605 5.69332886
v -3.95898175 -8.97913837 6.09081841
v -4.61950636 -7.95540333 5.17709494
v -5.01990604 -11.94128609 5.91711760
v -4.71817589 -11.23212910 6.12078047
v -3.93268323 -12.09807301 5.66888762
v -5.10221434 -12.85541058 5.51581383
v -5.27857542 -11.94073391 5.16364479
v -2.42061853 -11.94866371 7.45548058
v -1.88511229 -11.13039780 7.31023645
v -1.46845126 -11.99031925 7.04991150
v -0.83387399 -11.98620415 7.90190315
v -1.22704697 -12.96135712 7.33563185
v -1.57791138 -10.40367603 7.36920738
v -2.11592698 -10.38490486 6.44248581
v -2.23166060 -8.93010521 6.44770527
v -2.01535010 -8.10998249 6.98456669
v -1.56556511 -8.77878857 6.86220789
v -0.81871718 -8.74420834 7.54652166
v -1.25419867 -9.58566093 7.72744942
v -4.33358526 -6.59530830 6.77884579
v -4.27345991 -5.74933910 7.07339907
v -3.41328740 -5.90888643 6.99651146
v -2.67572403 -5.71415710 7.07977295
v -2.29299021 -4.84876490 7.26421404
v -1.80054545 -5.51099586 7.35495424
v -0.41114026 -7.90993309 7.17126608
v 0.04316170 -8.71770954 8.13688374
v 0.85399938 -3.84073877 7.72383595
v 1.71512544 -3.88103962 7.25528049
v 1.29796255 -4.62066031 7.53748798
v -2.56300187 -3.29951096 7.43615818
v -1.40461218 -3.84635973 6.94767809
v -2.19923902 -4.05905676 6.76489353
v -3.15055299 -2.71517181 7.26466560
v -2.27206182 -2.41575027 7.15480423
v -4.02021122 -3.03858352 6.71601057
v -3.87396312 -2.32877445 7.13779068
v -4.68520212 -1.90498674 7.21929598
v -3.79416418 -1.47858930 7.66295815
v -5.43661737 -2.34066892 7.02652359
v -5.39405775 -3.31582212 6.58281136
v -6.08168411 -2.92129421 6.78140545
v -6.76660013 -3.60922122 7.04132891
v -6.81593466 -2.39873648 7.00669956
v -7.51480293 -1.91110969 6.94491816
v -6.83882046 -1.45344508 7.15972281
v -6.07546091 -0.92461389 7.02541971
v -5.31922770 -0.50052512 7.65457678
v -5.36038160 -1.43261707 7.12007427
v -6.79736519 -0.48446497 7.07535648
v -7.60765076 -0.15573342 7.23912001
v -6.84599733 0.39447784 7.81066132
v -9.96929836 -4.29935694 6.96419001
v -10.81777668 -3.94262028 7.43666029
v -9.89652538 -3.07627463 6.48519564
v -9.06646633 -3.02131891 7.53091335
v -8.29316902 -2.44194841 7.17352438
v -8.26742268 -3.61203194 7.43891859
v -9.13271427 -4.22723675 5.97222376
v -10.05767918 -4.67702150 6.00103188
v -8.18395996 -4.42648315 6.50647545
v -8.27831364 -4.97272968 5.82953930
v -7.41372442 -3.82553172 6.32343960
v -7.50330973 -5.25368214 5.21262836
v -8.44609165 -5.53192425 5.31255245
v -11.75408459 -4.79456186 6.35626268
v -10.92974663 -4.92535210 5.58964062
v -11.80572796 -5.07792377 5.24936581
v -12.77952671 -4.17107630 6.24921179
v -11.75528908 -4.08947039 6.80153084
v -12.65656567 -5.76253843 6.67596054
v -12.38931465 -5.74115849 7.61979628
v -12.90986443 -4.91365814 6.89493084
v -12.76888657 -4.23305845 7.32479095
v -12.15448475 -5.98863554 11.80703259
v -12.11046982 -4.94276714 11.77124882
v -12.53099537 -5.66693020 10.92442608
v -11.80246639 -5.15400839 10.12673855
v -12.86810780 -4.09398746 9.98094177
v -12.53275204 -4.62838936 9.21898746
v -12.79121971 -4.23019791 8.45592880
v -12.69500923 -5.29082108 8.60237694
v -12.49395657 -3.57233310 7.94370985
v -12.92150784 -2.78759313 6.79942274
v -12.06188774 -2.89745474 8.21723461
v -13.11744213 -1.95979202 8.29141235
v -12.71644020 -1.17299438 8.43665695
v -12.84773159 -1.39708388 7.26722527
v -12.74615097 -2.63201046 9.15620232
v -12.81004047 -3.14252281 9.97341347
v -12.26314163 -2.20626545 10.05687618
v -12.87965107 -1.74714541 10.91403770
v -12.09210110 -1.23663282 10.09582233
v -12.51332951 -2.32129645 11.76878929
v -12.62695503 -1.35156345 11.80909061
v -11.49245453 -2.40782046 12.74118233
v -11.68683243 -1.56506324 12.63127136
v -12.41320419 -4.38608170 12.45455933
v -11.85666943 -4.82517672 13.18730354
v -11.84868908 -3.94528031 12.61912537
v -10.88934517 -5.25132322 12.06063271
v -11.66269207 -5.69312811 12.22309208
v -10.63459110 -6.93929672 13.18946171
v -9.59559822 -7.25809097 12.83719254
v -9.67253685 -6.43967533 12.52888775
v -10.01712704 -5.48720694 12.58419418
v -8.97943974 -5.80600119 12.59905052
v -8.06581688 -5.79701757 12.20673084
v -8.41873932 -4.84931707 13.11909866
v -7.60127687 -6.43289995 12.97947502
v -7.86752415 -7.43816566 12.85104465
v -6.83209515 -7.11058855 12.79352856
v -9.77075481 -9.17226219 12.70991516
v -9.80990124 -10.20603561 13.04948807
v -8.88237667 -9.91047764 12.43754482
v -9.69958782 -8.31705856 12.81320286
v -10.62530613 -8.61276627 12.27849960
v -8.73939037 -7.81768751 13.45761681
v -8.32950497 -11.86821270 12.67709255
v -7.51455212 -11.54595470 12.44115829
v -8.10631847 -10.62420177 12.91699123
v -6.52469349 -10.73797798 12.58058071
v -5.63094521 -10.21672535 13.16863441
v -6.39776802 -9.78094292 12.79137039
v -5.40344286 -12.72221184 12.58901215
v -5.18703222 -11.98409653 12.59634018
v -5.97433186 -11.99162483 12.95608807
v -10.27509403 -12.69109535 12.55117035
v -10.84287071 -13.11789417 11.73345757
v -10.02345085 -12.45064449 11.72858906
v -8.88011742 -12.05400848 10.04964924
v -9.54756832 -13.08231068 10.84899426
v -9.92272377 -12.95970154 10.00217152
v -8.98079491 -12.77300167 11.77892780
v -8.12273026 -12.26575184 11.77420998
v -8.59725857 -12.68140888 12.54981613
v -10.10741615 -12.92316437 9.04368019
v -10.77607059 -13.10464478 9.84197140
v -9.96377754 -12.86685371 8.15309429
v -10.81873035 -13.40421677 7.99219131
v -10.89797783 -12.76025391 6.13453197
v -10.21868229 -12.23353100 5.44921446
v -9.99263573 -12.90725517 6.41663885
v -9.56468201 -12.79644012 4.82974386
v -10.47037506 -13.37420464 4.54768705
v -6.08770657 -12.73244953 6.15686560
v -6.99490499 -12.77751923 6.47490692
v -5.56866217 -12.61270142 6.63515759
v -4.72565365 -12.79493427 6.91646147
v -5.67691755 -12.74037933 7.51992226
v -7.56739998 -12.75453281 7.35324764
v -6.93277264 -12.49024296 8.15043449
v -7.98049736 -12.25691891 8.26646900
v -8.30059719 -12.43157291 9.13386822
v -8.93522453 -12.96647644 8.33673191
v -6.94110346 -13.09029007 9.99067879
v -7.52057457 -12.60637760 10.90480328
v -7.92544127 -13.03694057 9.97948647
v -4.96705818 -12.39563847 10.11900902
v -5.48906374 -13.08753014 10.90334797
v -6.01423120 -11.85431004 10.13456726
v -5.16314268 -12.70273876 8.57688141
v -4.11983442 -12.90243721 8.42089748
v -4.44916821 -12.18941593 9.19580078
v -3.92395043 -12.59182358 9.96322536
v -4.05735016 -13.07202244 7.32408857
v -3.34483075 -12.74058056 7.94476366
v -2.95386624 -13.47558403 9.95338821
v -3.47170615 -13.27678967 10.87960815
v -3.77684927 -12.69255066 11.77536392
v -2.80636358 -12.44482231 11.76226521
v -3.86387539 -12.77922535 12.65129566
v -4.52916765 -12.69405651 11.77571583
v -6.36534691 -13.36823177 11.79669476
v -5.31596518 -12.93124485 11.77682018
v -6.41904783 -12.30605221 9.20764446
v -6.00600052 -13.10479450 8.29442406
v -8.96413231 -13.27970028 6.60027695
v -8.04247952 -12.50414467 6.59079123
v -9.64367867 -12.52562523 7.28564453
v -12.43588924 -11.79438591 6.70341301
v -13.03041649 -11.04116344 6.26035357
v -12.64793301 -12.04482365 5.74677944
v -12.78795815 -12.96657753 7.01814222
v -12.95167160 -11.79910374 7.53076267
v -12.32843685 -11.01581860 8.09035873
v -12.48191166 -10.38731384 9.04247570
v -12.21601486 -10.16076565 8.16930485
v -11.73305607 -9.29326534 11.75498772
v -12.15267754 -9.76608658 10.83303452
v -12.93310165 -10.31062698 11.73712158
v -12.51503563 -11.06259441 11.73345757
v -13.06318855 -10.58861828 13.10434341
v -12.95638847 -12.02750874 9.31534863
v -12.65104485 -12.02279091 8.40428543
v -12.51413250 -12.69470882 8.75580215
v -12.84431934 -12.07112217 12.88753128
v -13.05340195 -12.07483673 11.91975498
v -12.35292816 -12.53380585 11.90801144
v -11.85089779 -12.75699234 12.61641502
v -11.85917854 -12.07398319 12.76607609
v -13.32803154 -11.79875183 10.98896790
v -12.54198647 -12.72291470 10.41742706
v -12.74820900 -11.79508781 10.23554611
v -12.63212395 -11.01411247 9.88387871
v -12.90509701 -10.15755367 9.96322536
v -12.68989086 -9.71123123 7.37487888
v -12.65275097 -9.08117104 8.32739735
v -12.71699238 -7.61010981 7.46521711
v -12.57370567 -7.05442810 6.63304949
v -12.39854908 -8.07575417 6.70065308
v -13.02830791 -8.47143650 5.87807131
v -12.56662846 -9.02731895 6.71038914
v -12.53566265 -6.25016499 6.20193434
v -12.98956299 -10.10691357 6.55229712
v -12.29004288 -12.46831036 5.16851282
v -11.87242794 -12.68868637 5.67872429
v -11.64823818 -12.86434364 6.64639950
v -11.64653206 -12.72577477 7.47379923
v -11.79423523 -13.13199711 8.36393452
v -11.79222775 -13.05129433 9.27479649
v -11.60698318 -13.01179600 10.23358822
v -11.60542774 -12.79081821 10.98450184
v -11.85983086 -13.11367798 11.91729641
v -6.96539450 -13.10579872 12.97425556
v -7.13543177 -12.38886261 11.78756046
v -6.74777937 -11.98339367 12.71322823
v -9.18932629 -11.87779808 13.11172104
v -9.83840752 -11.03955746 12.55518627
v -10.10560894 -11.97792339 13.41580963
v -10.92312145 -11.96733379 12.40928936
v -10.72402573 -10.30214500 12.16788483
v -11.69506359 -11.24196625 13.27533340
v -11.68372059 -10.48688698 12.21977901
v -11.65832615 -9.65231037 12.50991631
v -11.66158772 -8.88132191 13.03106880
v -12.65039253 -9.06571293 12.69546127
v -11.58314419 -8.02566719 12.16713238
v -8.06747341 -9.58962631 12.73280144
v -7.19525576 -9.20960236 12.61184788
v -7.97106218 -8.49668121 12.68958950
v -6.30140734 -8.68814850 12.71603870
v -6.18788195 -7.69568062 12.67137146
v -5.38974190 -8.26576614 12.50314045
v -12.60547447 -7.55726194 12.65521049
v -11.58439922 -7.28840494 12.35041904
v -11.66615486 -6.46998882 12.97375393
v -13.27367783 -6.04313946 13.32170773
v -10.20036411 -4.61855268 11.73717117
v -9.84463120 -3.87170458 12.67714310
v -10.71950912 -3.63707566 12.46991634
v -8.78792286 -4.09253216 12.45164776
v -11.49165154 -3.19873357 12.44151020
v -12.44838619 -2.71647692 12.49300289
v -11.68984413 -0.73510396 12.87453270
v -11.67308140 0.14333698 12.73581219
v -11.67378426 0.92576826 12.95965099
v -12.97184658 0.51688641 13.02163315
v -13.21500778 0.72270751 10.14671326
v -12.67904949 1.66679442 10.05496883
v -12.94780636 1.16355908 9.25281429
v -11.74490070 0.79362315 7.99023390
v -11.74685764 -0.05565852 7.63143969
v -13.00763130 0.13786650 7.21387577
v -11.78454876 1.54102314 7.27972221
v -10.90686035 1.34172654 7.32584524
v -12.82710457 1.64215207 7.19957209
v -12.95598698 1.53033316 8.36709595
v -12.35287762 2.26824760 8.19188976
v -11.78811169 2.17816019 6.86020041
v -9.25467110 2.46101975 7.66792679
v -10.08392811 1.82754660 7.21824169
v -10.12432861 2.43953943 6.60629940
v -8.30566597 2.56430674 6.56910992
v -8.27299309 1.89143598 6.93949747
v -6.86015034 1.17284381 7.71450090
v -7.51063728 1.61404669 7.46506643
v -6.70020103 1.96631646 7.21141624
v -5.36223888 1.78328073 6.43801880
v -4.56028414 1.74925327 7.54361105
v -5.21152401 1.22498918 7.69673443
v -0.64245683 -1.87211359 6.83691311
v -0.59427637 -0.79176623 7.50612020
v -0.01224588 -1.51944232 7.42988491
v 0.71407515 -0.91944456 7.89291954
v 0.57108951 -1.99838662 7.19254541
v 1.26122499 -2.24295282 7.26983500
v 0.63367397 -2.85258675 8.05181503
v 1.41871500 -0.50970954 7.61256933
v 0.79869217 -0.00547049 7.03390121
v 3.83501720 2.17846131 6.92464209
v 3.85072613 1.10549152 6.72810555
v 3.09614921 1.75663090 6.96835566
v 2.33459616 0.62534273 7.83259344
v 1.75151169 1.20431173 7.50471497
v 2.56074333 1.46157551 7.61196709
v 2.48229957 2.42081928 6.99736452
v 3.33298635 3.68264651 7.32137823
v 4.09102631 3.90106463 6.95560789
v 3.86071348 3.00465631 6.61859560
v 2.56275082 3.46417785 7.36589527
v 2.56521010 4.25594425 6.83646154
v 2.07878780 4.94512606 7.49713659
v 2.76556063 5.14422178 7.07144213
v 4.06046200 4.53754902 6.29417992
v 4.77764845 4.00264502 6.42035294
v 4.34949446 6.27877235 6.10080576
v 5.03847599 5.52329206 5.92439461
v 4.52153921 5.41508675 6.63445473
v 3.67692494 5.31220102 6.94140482
v 3.52385139 6.87761593 7.30225658
v 4.47501469 6.99726391 6.94973612
v 4.93719625 7.09307289 6.10331488
v 2.74658966 6.00233650 6.51169491
v 2.38633990 6.68589735 6.83164358
v 0.39543143 2.57695413 8.33582878
v 1.08797586 2.77288818 6.97432804
v 1.18734825 1.85033190 7.68122625
v 1.12571728 3.78427720 7.29437733
v 1.92039442 3.04555964 7.23124075
v -0.53565675 3.05655074 8.27916622
v -1.24641955 3.44907141 7.02296019
v -0.45656043 3.89459038 7.29758930
v -1.23306954 1.65911555 7.25593328
v -1.91788507 1.05023456 7.41507912
v -2.02067018 2.00425863 7.51696110
v 0.21505567 0.61189234 7.86822701
v -0.55181730 0.14554526 8.08323288
v -0.39733857 1.18734825 7.44694853
v -2.14859939 2.78889823 7.20534372
v -2.83993936 2.19271469 7.27033710
v -2.18363070 3.62944722 7.33954620
v -3.87110233 2.89680243 7.38381195
v -4.47732353 3.19190788 6.43515825
v -3.55516887 3.52621031 6.54120541
v -3.19291162 3.89945865 7.55660963
v -2.16250134 4.55210352 7.33984756
v -0.05801735 6.49443007 7.68388653
v 0.40014908 7.45909405 7.90355921
v 0.88496536 6.50321341 8.35349464
v -0.53299677 5.76068163 7.59926939
v -0.97098762 6.74190760 7.68709850
v -0.48426422 4.89880276 7.56338501
v -1.37409782 5.14367008 7.47249460
v 0.38694963 4.51160192 8.00855255
v -0.47171721 2.12711883 7.18913269
v 1.21816361 5.67370558 7.24494171
v 1.18679607 4.78843927 7.73261881
v 1.80446005 6.65558386 7.92308235
v 0.94539177 1.02012169 7.71224260
v 2.10895085 -1.10945642 7.06612206
v 2.21826029 -0.29380068 7.55570602
v 3.02568531 -0.06474255 7.90692186
v 3.81910753 0.30609673 7.12313557
v 3.70994878 -0.55251992 7.32308483
v 2.79497099 -1.84024417 7.41086340
v 1.96395767 -2.01530004 7.10341167
v 3.64967299 -1.50027049 7.91168976
v 3.51727676 -2.16897559 6.89498091
v 4.06221819 -2.86914873 7.21839237
v 4.89835072 -2.31416965 6.86170626
v 4.57498932 -3.36972404 6.93146753
v 5.08088446 -3.98156619 6.65493155
v 4.13714933 -4.18738747 6.00615120
v 7.53648424 -3.58066440 6.73698902
v 7.15580797 -4.20425034 6.05638933
v 6.71927261 -3.65268421 6.84830618
v 5.87054300 -3.49710131 6.35781860
v 6.25016499 -2.63898659 6.49965000
v 7.96940613 -2.60952616 6.92012501
v 8.40769768 -3.40821838 6.58115530
v 7.81643295 -5.08705759 5.57388163
v 6.99821758 -5.25132322 5.74040556
v 8.48664379 -5.60263920 4.83646917
v 8.64272881 -5.21804857 5.90497208
v 10.12503147 -5.45513678 5.31917715
v 10.91990948 -6.05764389 5.03882694
v 10.10304928 -5.72971535 4.33855343
v 9.92011356 -6.31621265 3.66387606
v 9.12388134 -6.53613663 4.53564215
v 8.29944229 -6.44986343 4.32691002
v 6.38818216 -9.92136860 4.16595697
v 6.29463196 -9.12142181 4.50266838
v 6.35776806 -9.27439499 3.45313668
v 8.48528862 -7.94200325 -0.32275915
v 7.78611946 -7.84624481 0.13119149
v 8.44614220 -7.36107683 0.46554407
v 9.30350399 -7.84273148 -0.94373554
v 8.51620483 -7.53011036 -1.27035916
v 8.37572861 -7.66220522 -2.10056949
v 9.09467125 -7.19846773 -2.64631391
v 8.12373447 -7.20820427 -2.82006478
v 8.00157642 -10.25210762 -0.66042417
v 7.89327097 -9.38074303 -1.10945642
v 7.55440140 -10.20523262 -1.46538985
v 7.21919537 -11.12116337 -0.19086504
v 7.47420073 -10.29968643 0.18760282
v 7.54436350 -11.94188786 -0.93997145
v 7.75505304 -11.98540115 -0.12833077
v 7.49864244 -12.99121952 -0.09094069
v 8.55776024 -12.96607494 -0.45691174
v 8.57909012 -12.77415657 0.32215691
v 9.36809635 -12.71523571 0.96270663
v 8.49166298 -13.00622559 1.32380939
v 8.32784843 -12.59167290 2.13414526
v 7.44845438 -12.89987755 1.47472477
v 10.15604782 -13.59754086 1.48682010
v 10.08217144 -12.93801975 2.51447010
v 9.11278915 -12.87117004 2.95045328
v 9.91308784 -12.75458241 3.50031328
v 10.88598251 -12.03242779 4.01985979
v 9.91986275 -12.54730606 4.45579290
v 10.10540771 -13.42695141 5.49895096
v 9.12935162 -12.73119545 4.97945452
v 8.41196442 -12.78007793 5.71059370
v 8.22591686 -13.04446888 4.66673326
v 11.82003212 -12.93064213 5.54642868
v 11.81747246 -12.63749409 4.63646984
v 12.44487286 -12.50559998 5.20760965
v 11.86309338 -12.43031788 6.55821943
v 10.94515419 -13.31784344 5.98712969
v 11.86715794 -12.83207321 7.41317225
v 11.83132362 -12.64115810 8.42089748
v 10.95509148 -12.60150909 8.00689602
v 10.17848206 -13.57084084 7.58019781
v 10.14425373 -12.50851059 8.58797359
v 11.83157539 -12.66439533 9.31133366
v 12.78901196 -12.84833431 8.71755886
v 12.60607624 -12.66675377 6.97232056
v 9.34069347 -12.87031651 7.09196901
v 10.15258503 -13.26168251 6.51089191
v 8.53171253 -13.24301243 7.67269421
v 8.50581551 -13.49274826 6.60338831
v 6.58662558 -12.32301617 5.30412102
v 6.71114206 -12.63664055 6.31184626
v 5.78196096 -13.21731663 6.21157074
v 7.60298347 -13.39693928 6.29131937
v 8.15685844 -12.90775681 3.11943650
v 8.30571556 -12.74293900 -2.20405722
v 8.46069622 -13.50303650 -1.44581652
v 7.15450335 -13.15623760 -1.55748487
v 6.05247450 -11.90138626 -2.90136957
v 6.61031437 -11.04010963 -3.49348783
v 6.38261127 -11.95569038 -4.01057482
v 7.38617086 -11.88823700 -2.64325261
v 7.18692446 -12.61917591 -3.19762945
v 6.67897177 -10.11112976 -4.00179195
v 6.93302345 -10.04708958 -3.15195823
v 6.11365366 -9.35168457 -4.19566822
v 6.18732977 -10.34611034 -4.81348276
v 6.63003826 -8.53427219 -4.21253157
v 6.19094324 -8.76684380 -5.07195139
v 7.11334896 -8.04147625 -3.61976075
v 6.34311342 -7.45648432 -3.94472814
v 6.53995085 -6.60655022 -4.08952045
v 7.39997292 -6.03044224 -3.66633534
v 7.02316093 -6.34838295 -4.74924231
v 5.60800934 -7.83083677 -5.24173737
v 5.86748171 -8.65266609 -5.89714241
v 6.06948853 -11.95212650 -4.81845140
v 6.22065449 -11.11012173 -5.58236361
v 5.79285192 -11.94560242 -5.98793268
v 5.51686811 -10.35564518 -5.59435844
v 4.54813862 -10.32051373 -5.78718090
v 5.07571507 -9.55359077 -5.60193682
v 3.83928323 -10.32533169 -6.21909857
v 3.98432660 -11.12352276 -5.89132071
v 3.87130308 -8.75479794 -6.16620064
v 3.29208326 -8.81683064 -7.02807951
v 3.65077710 -9.57702827 -6.65151882
v 3.28932285 -10.37255859 -7.16097736
v 2.23607707 -10.41270924 -6.73608541
v 2.67532253 -7.94822645 -6.50587320
v 2.46207380 -8.75891399 -7.13508034
v 1.26759887 -7.86496496 -7.49196720
v 1.66664374 -7.11992359 -7.10009909
v 0.77540493 -8.65693188 -7.52107620
v 0.35859340 -9.47073078 -7.51154089
v 1.02493978 -11.98550129 -8.41522598
v 1.89309216 -11.98299217 -7.99660778
v 1.11051035 -11.17421246 -7.29116488
v 1.74885178 -12.48838520 -9.21261311
v 1.15076113 -12.79965210 -8.43836308
v 0.23638558 -13.27437973 -10.16051483
v 0.73711145 -12.03398323 -10.96452713
v 1.23557889 -12.39247608 -10.13863277
v 2.24947739 -12.82735538 -10.01958656
v -0.28993618 -12.96226120 -9.30776978
v -0.78830326 -12.80502224 -10.13868237
v 0.28050086 -13.50770473 -8.49316788
v -0.74403739 -12.36597729 -8.48142433
v -1.76350665 -12.50605202 -10.09692669
v -1.23708451 -12.51071930 -10.94721222
v -2.16194940 -12.63207436 -12.53731918
v -1.73103499 -13.17515850 -11.81024551
v -2.64335299 -13.16918564 -11.80999374
v 1.63909054 -13.00507164 -12.90921211
v 2.16496062 -12.53059387 -11.82203960
v 1.21013355 -12.34038067 -11.82048321
v 3.21298695 -13.26966286 -9.93145657
v 2.69986463 -12.80206108 -10.85867977
v -0.75603235 -13.25520802 -11.85290527
v 0.21094026 -13.19257355 -11.85190105
v -0.28265893 -12.60191059 -12.50655365
v 0.69480294 -12.83332825 -7.57798958
v 0.06790439 -11.98876381 -8.14215279
v 0.76451415 -10.32287312 -7.78772545
v 1.44451165 -10.34480476 -6.80795479
v -0.81972092 -11.90173817 -7.73482704
v -0.54383737 -11.08678436 -7.36745071
v -0.06685045 -10.32337475 -7.26772738
v -1.04616928 -10.20834351 -8.27224064
v -1.53294289 -11.89983082 -7.25573254
v -0.95818967 -12.78740597 -7.57743740
v 1.73765981 -8.69703197 -7.78295755
v 2.06774640 -9.55705357 -7.54657173
v 4.68359613 -7.01503038 -5.93899965
v 5.03752232 -6.54165697 -5.51205015
v 5.17232704 -5.84173489 -6.29167080
v 5.76258850 -5.81739378 -5.19907761
v 5.44354343 -6.95520639 -5.09729624
v 6.51621199 -7.07676172 -4.97694540
v 4.90081024 -8.61989307 -6.17252445
v 8.12338257 -11.98123550 0.69249433
v 7.26285887 -10.42098999 0.99653333
v 7.71440077 -9.54751778 0.63156605
v 7.07139158 -8.58671856 -0.42007375
v 7.88599348 -8.55198860 -1.34167635
v 7.38426399 -11.94254112 -1.68541408
v 7.78200388 -11.02691078 -2.01735759
v 6.96559525 -10.15338802 -2.24084496
v 6.44062853 -9.22576237 -2.46187305
v 7.22516775 -8.39023304 -1.99412060
v 7.30205584 -8.28905392 -2.95732903
v 7.30135345 -7.36127758 -2.94016480
v 7.54647160 -7.60604477 -1.44471240
v 7.45939541 -7.52519178 3.46834350
v 7.83600616 -6.66898441 3.58733940
v 8.12815094 -6.78677559 2.87100577
v 9.13572502 -6.62466812 2.52967691
v 8.34877682 -8.13387203 2.35025477
v 9.91077900 -7.30988503 3.26713967
v 10.10219574 -7.88353443 2.44300222
v 10.89476490 -6.43520832 3.20294929
v 12.47001648 -7.46501637 2.88104343
v 11.81937885 -6.15556097 2.65138292
v 11.82459927 -6.19139481 3.51270986
v 12.44868660 -6.75882053 4.27546740
v 13.00838375 -7.04855633 4.76921701
v 12.86625099 -7.46717453 4.12374878
v 11.82128620 -6.34742975 4.50061083
v 11.83855152 -5.77046824 5.27370691
v 12.81771946 -5.49533749 5.26171207
v 11.84251595 -5.11596632 5.71772051
v 11.10751247 -4.64414835 6.18627596
v 12.01651764 -4.16164064 5.81413174
v 12.01998043 -3.58156776 6.40128136
v 12.75242519 -4.30547953 6.34577322
v 10.27313614 -4.58397293 5.91064310
v 10.44091511 -4.02071285 6.54898453
v 12.92848396 -5.95982742 6.07099390
v 12.45757008 -6.50120544 5.51932716
v 13.47598553 -7.45964622 5.52695560
v 7.51053715 -7.56544256 1.68049574
v 7.81035995 -8.25919151 1.83632946
v 7.49076271 -8.09377193 2.55918765
v 8.47404671 -6.93924665 1.28476310
v 9.29617691 -7.42792749 0.93660885
v 7.96498966 -8.69522476 1.26880336
v 7.99700928 -8.57502460 0.36782801
v 7.29056263 -9.22977734 1.99141049
v 7.19159222 -11.22836494 1.46167588
v 7.46120214 -10.47875690 1.96476066
v 7.38672304 -12.04838753 2.38202381
v 7.68248129 -12.04407120 1.59412205
v 6.78230858 -9.43093109 2.85700321
v 7.18095207 -9.87163258 2.41569996
v 7.50130224 -10.68332291 3.07241035
v 6.89397717 -12.97867203 2.96495771
v 6.99063921 -12.04913998 3.08445549
v 6.53432989 -11.29882908 3.17870855
v 6.15044165 -12.06615353 3.74829245
v 7.83485174 -13.27804375 3.84866834
v 7.11927128 -12.95106888 4.58066082
v 6.07385445 -12.95197201 4.39466381
v 5.80509758 -12.06123543 4.54236698
v 5.36770916 -12.01942921 5.49880028
v 5.88022947 -11.27067375 5.14065838
v 5.01087236 -12.75503445 5.82236242
v 4.94241571 -12.01882648 6.41116858
v 5.24760914 -9.57010269 5.48198748
v 5.50301600 -10.50139141 5.39797258
v 4.58342123 -10.30279732 5.57092047
v 5.71772051 -8.57276630 6.22401714
v 5.78150940 -8.79389477 5.04299259
v 6.08002758 -6.83811808 5.38065767
v 4.97970581 -7.28890657 5.39435911
v 5.06693220 -6.31460667 5.38913965
v 4.46763706 -5.81844759 5.74828482
v 5.18954182 -5.26286650 5.31772184
v 4.02944565 -5.11767244 6.03259993
v 3.76505518 -6.05031633 5.70181084
v 6.22371626 -10.53797913 4.66321993
v 6.21096849 -8.14646912 4.60354662
v 6.93071461 -10.69416428 3.97077584
v 6.63500690 -8.63906479 3.12887168
v 7.40243196 -7.93648291 3.39712667
v 6.23134470 -7.62300825 3.59541965
v 6.12103128 -6.16133261 4.16761303
v 6.36625004 -7.30220652 4.54999590
v 7.19721317 -6.58632469 4.51451302
v 6.73452997 -5.87952662 4.99190140
v 6.07531023 -5.15571499 5.70999146
v 5.54698086 -4.40369749 5.84755707
v 8.78802299 -4.27622032 6.44469404
v 9.46114445 -4.66442442 5.47721958
v 9.22345448 -3.32435417 6.74296141
v 3.57745242 -4.55140114 6.39902306
v 5.21006870 -1.51868951 7.58275747
v 5.72509813 -2.05735755 7.36930799
v 3.34387732 -3.32284856 7.44915676
v 4.45157719 -1.01771271 7.41944551
v -0.93038553 -2.83351517 7.98295689
v -1.48230314 -2.10739493 7.64544249
v -2.13153553 -1.51000702 7.41608286
v -2.11065722 -0.66945803 7.50772619
v -2.96129394 -1.05209148 7.66611958
v -1.21645725 -0.21134175 7.17016172
v -2.81349015 0.60561883 7.61241865
v -2.04169893 0.24285983 6.93628550
v -3.76415181 -0.63016081 7.99480104
v -4.48771238 -0.08853167 7.51520443
v -3.64380097 0.34117818 7.94135094
v -3.52676249 1.11593068 7.52137756
v -3.72244549 1.98443437 7.33367443
v -8.43249130 1.04832733 6.98933458
v -10.01215839 0.16416502 7.95204115
v -10.03178215 1.10343385 7.96769953
v -9.19866085 0.66704899 7.70973301
v -12.47980309 -0.21540698 8.49181271
v -12.11393261 0.58740062 8.46656895
v -12.59086990 -0.73806506 9.29336643
v -12.80271339 5.61418247 8.44503784
v -13.23970032 4.65197802 8.21337032
v -12.89515972 4.89378357 9.07941437
v -13.17676449 4.42839003 9.84944916
v -12.87789440 5.38908911 10.07941055
v -11.63042164 2.56521010 12.65029240
v -10.44779110 3.11406636 12.64030457
v -11.43614388 3.38417816 12.74574947
v -11.43378448 4.14723682 12.46790886
v -12.79779434 3.59792900 12.84788227
v -12.03995609 2.06639147 12.08663082
v -11.63152599 1.79743373 12.76963902
v -9.51956367 2.52415633 12.66605091
v -9.70375347 1.77419674 12.60035515
v -10.68221951 1.42378402 12.48416996
v -9.74079227 0.90217984 12.17205048
v -13.47071552 5.22607851 13.51844501
v -11.81441021 4.96570301 13.13104343
v -11.81230259 5.83360481 12.61179829
v -10.64688683 6.40233517 12.71322823
v -11.45802593 6.66431665 12.85029125
v -11.45476341 7.49889326 12.84416866
v -12.93450737 6.93151760 12.98369122
v -11.77124882 9.19765759 13.05837059
v -10.71790314 9.79173279 13.10534668
v -11.56838894 10.09286118 12.40537453
v -11.57014561 10.87494087 13.13079262
v -12.35879993 10.28046417 12.32000446
v -12.74951363 10.88267040 11.83970547
v -12.89721680 10.10038948 11.83880234
v -12.30424595 9.80769253 10.90921974
v -12.09737110 9.20714283 11.73501301
v -12.30866241 11.63157558 11.14650822
v -13.15503311 11.81857586 11.98740864
v -9.62726688 12.30926418 11.16297054
v -8.97783375 12.99287605 10.58630943
v -10.05331326 12.91769409 10.48493004
v -8.05427361 12.56005383 11.96883965
v -7.55525446 12.46444607 11.22921848
v -7.97788763 12.79854774 10.58585835
v -6.98110342 13.35377789 10.54962254
v -7.84684706 12.76306438 9.27459526
v -8.84679317 12.50479698 9.27504730
v -8.40368271 12.36853695 9.90561008
v -7.06270933 12.54795837 9.06405735
v -7.50581932 12.49751949 8.43349457
v -6.48589849 12.90499592 9.71625042
v -6.14487076 12.46439552 8.87514877
v -5.37453461 12.45656681 8.60438442
v -4.65458775 12.36868763 8.93943977
v -4.46161461 12.39468479 8.01768684
v -3.82191825 12.63403130 9.09938908
v -4.73544073 12.85706711 9.68729210
v -5.95134592 12.95643902 7.95219135
v -5.81568766 12.71237469 7.06707573
v -6.58647490 12.83448219 7.33834171
v -7.25467825 12.39342976 6.73518229
v -7.38988495 12.46931458 7.61979628
v -7.19661093 12.46228790 4.51501465
v -6.82983685 11.89185047 5.06557751
v -7.11304760 13.32431698 5.87024164
v -6.16339016 12.07950401 5.64625263
v -10.39589691 12.42133427 8.71971703
v -10.23654938 12.50022984 9.60202217
v -9.56302643 12.46921349 9.02375603
v -10.43418980 13.15232277 7.79414940
v -11.10896778 12.75990295 8.37241554
v -11.84999371 12.82991505 9.59298801
v -11.84904003 12.62243748 8.79193783
v -12.54810905 12.48733139 9.08664131
v -11.88281727 12.27533722 7.02346230
v -11.12297058 12.09631634 6.58597326
v -11.85551453 11.71037102 6.16293859
v -12.31222534 12.25089550 5.72826004
v -12.64823437 12.58494759 7.44313431
v -11.88572788 12.50223732 7.86626959
v -12.45591354 11.65004444 7.91284418
v -12.53671646 10.75112724 8.44237804
v -12.62088203 11.66384697 8.81537533
v -12.78911209 9.03790855 9.73512077
v -13.25304985 9.83885956 10.08051491
v -12.73174763 9.96317577 8.99951553
v -12.08447266 9.95057774 8.09693336
v -13.46258545 8.42029476 9.12332916
v -12.04502487 8.29592896 10.20427895
v -13.22178268 11.65636826 7.07028770
v -9.00613976 12.88467026 8.39279175
v -10.34425259 12.40788364 6.94275999
v -10.32442856 12.12823677 6.08193493
v -8.17397213 12.48928928 7.83033514
v -8.89020538 12.12833691 7.57904339
v -8.80021858 12.21420860 6.72770405
v -9.63238621 12.22785950 7.29011106
v -7.91921806 12.34289074 6.15490818
v -8.66139889 12.38846111 5.86597586
v -8.48543930 13.02057934 13.13485718
v -8.98325443 12.90093136 11.97360706
v -10.24513149 12.67528534 12.78359127
v -10.79810333 11.62655735 12.92471981
v -9.96648788 11.62444878 12.68065548
v -9.51364136 10.69732571 12.42118359
v -8.96127224 11.63348293 12.35975361
v -8.03244209 11.63182640 12.18269062
v -8.71474838 9.81246090 12.73837185
v -9.71981335 9.80116844 12.59769535
v -10.88638401 12.61787033 10.18089104
v -10.05858231 12.62233734 11.86760998
v -10.88989735 12.66630173 11.86811161
v -11.65802479 12.03664303 10.47529411
v -13.17540932 13.11914825 10.59012413
v -11.66103649 12.42695522 11.17707253
v -11.84763527 12.36873722 11.97882652
v -11.84161282 12.51679230 12.62369251
v -12.45736980 12.40311623 11.97320557
v -12.47237587 11.80633068 12.52532387
v -12.96692848 11.63679504 10.44698811
v -13.16537189 11.66966820 9.61667728
v -12.83508492 10.73371220 10.17537022
v -11.84823704 11.81491280 13.03944969
v -12.78866100 8.63183784 12.83578682
v -11.76236534 8.33080959 12.42785931
v -9.91665077 8.90541267 12.71869850
v -10.60006142 8.06451225 12.32753277
v -9.60563564 8.07399750 12.50695515
v -9.18782043 7.17954683 11.92954159
v -8.50310516 8.02104950 12.99689102
v -8.57919025 6.32986355 12.58223724
v -9.68207264 6.38301277 12.22469807
v -10.03840733 5.55270243 11.81676960
v -6.42813206 7.49231863 12.45671654
v -7.45091343 7.85005903 12.46509838
v -7.06376314 6.76941061 12.72798347
v -7.53989697 6.24549770 13.01556015
v -6.41673899 5.79536152 12.56070614
v -10.62866879 4.75225353 12.84216118
v -9.66189671 4.73212814 12.37440872
v -12.24572659 8.33999443 11.73717117
v -13.01636314 7.26125288 10.32728958
v -12.76090622 7.87896729 10.93993473
v -12.52391911 7.30471563 11.86354446
v -13.11729145 6.47044039 11.86986828
v -13.07277489 5.88369226 10.95810223
v -12.83483315 6.34933662 10.18570900
v -13.03418064 6.76639938 9.45095634
v -12.23267746 5.51044416 11.75328159
v -12.65556145 4.64214087 11.75870228
v -12.54620266 3.74994850 11.72763538
v -13.19227219 2.98764277 11.73521423
v -12.71282673 3.53614759 9.81968784
v -12.83202267 4.03140306 10.82093906
v -12.52196121 3.02051592 9.00639057
v -13.23478222 2.62352872 9.97622395
v -12.21119690 3.78568244 7.75731134
v -13.08492088 3.17936087 8.03033447
v -12.13656712 2.18227553 10.86560631
v -12.45270157 2.03040648 11.80487537
v -12.27287865 1.26237929 11.80352020
v -12.41912651 -1.09545398 12.46544933
v -12.35829830 0.47989786 11.80372047
v -12.54434490 0.22418989 10.94891834
v -12.45481014 -0.52145356 11.80703259
v -12.25867462 -0.27894503 10.14877033
v -11.65907860 -3.11291194 11.75880241
v -12.68808365 -3.66819215 10.88141537
v -11.91855049 -4.06377411 11.76979351
v -12.87603760 -6.76765394 11.81852627
v -12.47869968 -6.20128202 10.16297340
v -12.89932537 -7.50431347 11.81742191
v -12.86710453 -8.52097225 11.76949215
v -12.68015385 -7.73106289 10.91408730
v -13.04637623 -7.14677429 10.07223415
v -12.79914951 -8.16358376 10.02490616
v -12.33471012 -6.63385248 9.27399349
v -12.77385521 -9.13928890 9.99419117
v -12.70564938 -8.55500031 9.15253830
v -12.59674168 -8.10546589 8.35806179
v -12.39945221 -6.13849688 8.38109875
v -12.75342846 -7.08393860 8.29035854
v -12.79111958 -5.30858755 5.36264038
v -11.78008175 -6.40057850 5.56258917
v -10.20146847 -5.81112051 4.70417356
v -10.08648777 -4.84449911 4.84906626
v -9.33165932 -5.61312866 5.13112307
v -7.40032387 -7.22245789 3.87270832
v -7.92970753 -6.69949865 4.38758755
v -7.13919592 -6.39139414 4.31983376
v -8.80965424 -6.33141947 3.92390013
v -8.82179928 -6.67500687 3.14919782
v -9.44919968 -6.58050251 3.75341153
v -10.21948528 -7.21267080 3.55818009
v -10.21657467 -6.44384098 4.15617037
v -10.21873283 -7.69126415 2.81635094
v -10.99002266 -7.35400057 3.15411639
v -9.35027885 -7.23204374 2.29163527
v -8.70556355 -6.83104134 2.44435740
v -8.24308109 -7.67098808 2.00636649
v -7.71560526 -7.26933336 2.96771812
v -5.60193682 -6.78717709 4.96625519
v -5.86281395 -6.01719236 3.97634673
v -5.08725834 -5.25995541 5.43817329
v -4.86231565 -5.60524893 6.36695290
v -5.28304195 -6.14888573 5.64755774
v -4.93945503 -7.08057594 5.28780985
v -6.68564653 -6.10115671 5.10878897
v -8.55650520 -6.17392969 4.77513933
v -6.51540899 -5.43556356 5.55812263
v -6.68574715 -4.39983320 6.16399240
v -5.86798334 -4.81022072 5.64409447
v -5.30989265 -4.41780043 6.34461880
v -9.92056561 -2.33936405 7.13186836
v -11.68352032 -3.21785522 7.02526903
v -11.68040848 -2.67351580 7.71113825
v -11.74796200 -1.69595361 7.42411327
v -10.80814075 -2.00782204 7.38832903
v -11.74680710 -0.93249345 7.75545454
v -10.87338543 -0.31593359 7.36880589
v -8.43610477 0.26408938 7.87555456
v -10.03333855 -0.67974657 7.16434002
v -8.35901546 -0.65495366 7.72950745
v -8.30661964 -1.41389692 7.03269672
v -9.13150978 -1.02117562 6.89623547
v -9.98013878 -1.57705820 7.53733730
v -6.03651476 0.77259439 7.43500376
v -5.21147394 0.48029935 8.35846329
v -3.97840452 -4.15446377 6.59791803
v -4.66608047 -3.99958372 6.92935944
v 0.13535710 -3.59717631 7.73919344
v -0.55462784 -4.61704683 8.11640644
v -0.84933186 -3.62302303 8.52799892
v 1.95858753 -2.90297556 7.21322298
v 2.28069425 -3.68093991 6.75119209
v 2.93815732 -4.19135237 6.92579651
v 2.57083106 -5.56720638 7.16800356
v 2.95778084 -5.01714611 6.99972343
v 3.28470564 -5.92339087 6.74878311
v 2.25153494 -6.38697767 7.57994699
v 1.78749657 -5.47731972 7.42361116
v 0.92642069 -5.45649195 8.07319450
v 0.44441491 -6.29699039 7.93171501
v 0.93389869 -7.07119083 7.91209126
v -0.04828088 -7.07129145 7.96107483
v 1.77464843 -7.11545706 7.45849180
v 1.26534033 -7.90220404 7.30968428
v 2.77047920 -7.19104004 7.78551722
v 0.49018639 -9.50556087 7.57733727
v 0.87357271 -8.67223930 7.60574341
v 1.65991855 -8.69462299 7.06607199
v -0.77891809 -10.33787918 8.14581680
v 0.10514390 -10.33025074 7.93833971
v -0.29967266 -11.14841557 8.05035973
v 0.02243404 -11.97245312 7.79575539
v 0.90749979 -10.31193161 7.38401318
v -0.84356028 -7.13969755 7.03104067
v -1.80245256 -7.15886927 7.57472754
v -1.37971890 -6.33739185 7.50315952
v -0.06439123 -5.43014288 7.25703716
v -0.87176591 -5.45257711 6.86155558
v -3.53087783 -4.24309587 7.56629562
v -3.98543072 -4.90703344 6.68855762
v -2.79195952 -6.56765461 6.82792950
v -2.81610012 -7.30883121 7.87239265
v -3.34322476 -7.51003504 7.16529369
v -4.11225605 -12.51122093 6.70316219
v -5.84444523 -11.78796196 4.62497663
v -3.11296225 -11.24392319 6.30376577
v -3.02227235 -11.94901466 7.07319832
v -3.82728839 -12.10499954 6.94416523
v -2.62157130 -12.87970161 7.03094006
v -4.16369867 -10.58405113 6.77247190
v -3.23110485 -10.43695068 6.67405319
v -3.20902205 -9.70425510 7.39972162
v -3.24811864 -9.01457119 6.44574785
v -3.66247082 -8.22636890 6.66878366
v -3.91341090 -7.47274542 6.42712831
v -4.36972046 -7.31570721 5.93197298
v -10.06415367 -8.29005718 1.23608077
v -10.11092854 -7.60152769 1.97429633
v -12.56682968 -9.39218616 1.33906662
v -13.72682476 -8.50566483 1.71658087
v -12.68923759 -12.03277874 2.62056756
v -12.58319092 -11.16517830 2.18026805
v -12.57440758 -11.93531322 1.69535136
v -12.16768456 -11.93069649 0.79191679
v -12.44196129 -12.62002850 1.23236680
v -12.22369385 -10.29316139 2.71130753
v -12.44667912 -10.19685078 1.78599095
v -12.78148365 -10.26420307 0.80797696
v -12.77867317 -7.36433935 1.82252777
v -11.81375790 -7.01924658 2.31612706
v -11.80487537 -6.50798082 4.52926826
v -10.97622013 -6.22577381 4.44354677
v -13.06574821 -7.83379793 3.38558340
v -12.80893612 -8.32267952 2.45936370
v -12.45465946 -12.63252544 3.14136863
v -11.86399651 -12.97229862 2.55431938
v -11.75704575 -12.82037926 1.62513828
v -10.99278259 -12.52497292 2.04405761
v -10.02912235 -13.12195873 1.59477460
v -9.23002911 -12.34575081 1.08867860
v -8.36985588 -12.99684048 1.38222826
v -8.42521381 -13.32266140 0.39603367
v -5.62557507 -11.79393387 3.63998652
v -6.80303621 -12.88898659 3.08194590
v -6.49990082 -11.90670681 2.31768274
v -6.48956203 -11.89205170 3.17539597
v -7.73497772 -13.00873470 3.15592313
v -8.20920467 -12.94118214 2.21479726
v -7.62255669 -12.59182358 1.56285501
v -7.44594479 -11.93325615 0.85259408
v -7.06265926 -11.93792343 1.62172556
v -7.42933273 -11.01782608 1.93826139
v -7.14441538 -10.19790459 1.49108613
v -7.33086395 -8.57387066 0.51929545
v -7.64448881 -9.37376690 1.19000816
v -7.60172844 -10.23685074 0.65319711
v -7.71690989 -8.58837509 -0.25209442
v -7.42024851 -7.60910606 0.02976150
v -7.38315964 -11.06530380 0.13219525
v -7.27425194 -13.08893585 -0.10750274
v -7.63083744 -11.93541431 -0.84923148
v -7.83480167 -11.93185043 -0.03784177
v -11.70409775 -12.85646439 -2.10493588
v -12.04773521 -12.22605324 -2.19984126
v -11.69877720 -12.35348034 -2.88149500
v -12.00848770 -11.07473946 0.27196887
v -12.60893726 -10.27303600 -0.17495544
v -12.40281487 -9.42907429 -0.62238163
v -12.67904949 -10.24176884 -1.15833950
v -12.41957760 -8.58707047 -1.06072378
v -12.88436890 -7.37081337 -1.26037180
v -12.57626438 -8.44684505 -1.85138595
v -11.75262928 -7.34496689 -1.51281750
v -10.71785259 -8.07249260 -1.96822357
v -11.59478760 -7.34732533 -2.33921337
v -9.99233437 -7.09066391 -1.28852725
v -9.81742954 -7.65588140 -2.24109578
v -9.13376808 -7.25588274 -0.86223018
v -8.37883949 -7.67259407 -0.41068858
v -8.30395889 -7.08228254 -1.15051019
v -8.19986916 -8.23224068 -2.18523669
v -7.97763681 -6.94938469 -2.60209823
v -8.88172340 -7.06551981 -2.38864875
v -6.76253462 -8.24910355 -2.65248704
v -7.20504236 -7.99098682 -3.65850592
v -6.90637350 -7.08800411 -2.81569862
v -6.44911051 -7.39681101 -4.11356068
v -8.69858742 -6.06778193 -4.28756285
v -8.51023197 -5.33202553 -4.82171392
v -9.37005329 -5.58969069 -4.68068552
v -10.21577168 -6.03847218 -4.57564163
v -11.04171562 -6.44670153 -4.62924290
v -10.38013744 -7.00273466 -4.30241823
v -11.74715900 -6.14246178 -5.11134863
v -5.95997810 -5.01428509 -5.54336739
v -6.72649956 -4.48706007 -5.96248722
v -6.62637472 -5.28123522 -5.12871408
v -5.56349277 -6.47751713 -5.47340536
v -4.36525345 -5.93091917 -5.25659275
v -5.34567690 -5.50637865 -5.49995470
v -3.43983674 -8.02546597 -6.68077850
v -3.34698892 -7.01618481 -6.84153080
v -4.41569281 -7.28910732 -7.29472828
v -4.34984589 -6.61387777 -6.13317680
v -4.12540531 -7.62948275 -5.57930183
v -2.57625151 -6.99691296 -7.31129026
v -2.97389126 -6.27279997 -6.93628550
v -4.52319527 -3.93820381 -6.07982683
v -5.25563955 -4.03597021 -7.10491753
v -5.41026878 -4.49769974 -6.08374166
v -8.36704540 -3.61263418 -6.51701498
v -8.43254089 -3.08440518 -7.27405119
v -9.20629025 -3.43010020 -7.13437796
v -10.11915970 -3.09569740 -7.39063787
v -10.04076576 -3.69348693 -6.73171902
v -10.10952377 -2.15883780 -7.15264606
v -10.94967079 -2.63612580 -7.31656027
v -11.77762318 -3.94101429 -7.32725048
v -11.74826241 -4.75325727 -7.05427742
v -10.92191696 -3.79923320 -6.15194702
v -12.81385517 -5.16530085 -8.01944351
v -12.37335491 -4.96329403 -7.06807947
v -13.01726723 -4.16349792 -7.58657169
v -12.58022976 -5.27982998 -8.96217537
v -12.58223724 -4.48229218 -9.52774429
v -12.42489815 -5.39360619 -9.94716549
v -12.85254955 -6.99475479 -9.04393196
v -12.59819698 -6.88057709 -8.10185242
v -12.98961353 -6.07696629 -8.43941689
v -12.56155968 -6.22075510 -10.25541973
v -13.14208412 -7.15751457 -11.00111389
v -12.92125702 -7.12740183 -10.12412834
v -12.50043106 -7.93101215 -9.78651333
v -13.04261208 -10.33612251 -11.78585339
v -12.08181286 -10.17642403 -10.40221977
v -12.67001629 -9.60187149 -11.31222916
v -12.52938938 -8.75314236 -10.39991188
v -13.22740459 -8.91043186 -11.78439808
v -11.83865166 -8.18541527 -11.77481270
v -12.67423153 -9.03188610 -12.75096893
v -12.49285221 -10.52237034 -12.57265091
v -12.11122227 -11.09135151 -11.78304291
v -11.76638031 -8.90882492 -12.26791000
v -11.78103542 -9.63961315 -12.85410595
v -11.78053379 -10.39770317 -13.56341267
v -11.38319492 -11.20879173 -13.27026463
v -10.53868103 -10.32222080 -12.63242531
v -9.51750565 -10.21471786 -12.29546261
v -9.90711498 -9.41070557 -12.65907478
v -10.56849289 -8.65407085 -12.83071804
v -9.54666519 -8.54661846 -12.25696850
v -11.79418468 -6.53799343 -12.91377926
v -10.58661079 -6.98060179 -12.76020432
v -11.41948128 -7.34883118 -13.54032612
v -11.41521549 -8.04554081 -13.32371521
v -12.57395649 -7.60358572 -12.66233730
v -12.63322830 -11.85446072 -11.02957058
v -13.06795692 -12.04582787 -11.95313072
v -12.66188526 -12.84030437 -10.34505558
v -12.65927601 -11.85461140 -10.18902111
v -11.78535175 -12.40893841 -10.83253193
v -11.78254128 -12.20778465 -9.99394035
v -11.73666954 -12.71518517 -11.94203854
v -12.28597736 -12.47046852 -11.93285465
v -11.72567844 -12.78901196 -12.68968964
v -10.14033890 -13.59041405 -11.94213963
v -10.19087791 -12.42911339 -10.82400036
v -10.90244389 -12.47081947 -11.58856487
v -10.00879669 -13.07568550 -9.89727879
v -9.24413109 -12.65430737 -10.24016285
v -9.90264893 -12.91679096 -8.91951561
v -10.85130215 -13.04838371 -9.50475788
v -8.90882492 -13.00226116 -8.34476185
v -9.75012684 -12.73229980 -7.95234203
v -9.79549694 -12.71563721 -7.04233313
v -10.78505421 -11.93681908 -7.61683512
v -12.77927494 -6.80890846 -5.71224976
v -12.00361919 -7.76373529 -5.72635269
v -12.66248798 -7.65407467 -7.65653372
v -12.21365643 -6.73713970 -7.05342436
v -12.37506104 -9.39921284 -6.82291079
v -12.69892406 -8.47760963 -6.22788191
v -12.68015385 -8.43143654 -7.20173025
v -12.81771946 -8.57562733 -8.25156307
v -13.55212116 -10.22294807 -7.29784012
v -12.42911339 -10.26917171 -6.32394171
v -12.57009125 -12.74931335 -6.88559580
v -12.01134872 -11.94008160 -6.40308809
v -12.34389400 -11.94419670 -7.28142881
v -12.60371780 -11.06771374 -7.80724859
v -12.72286415 -11.92331886 -8.28995705
v -12.92697906 -11.92482471 -9.16016674
v -12.56793404 -12.74705505 -8.63434696
v -11.68362045 -12.87117004 -9.01577568
v -11.68101120 -12.61054325 -8.14551544
v -12.81029129 -10.97642136 -9.84463120
v -12.71950150 -10.24287319 -9.37467098
v -12.57932663 -9.39790726 -8.86521244
v -12.26474762 -10.19790459 -8.30621815
v -11.72507572 -12.48462105 -7.23560715
v -11.72080994 -12.07824898 -6.35716581
v -10.10219574 -12.57250118 -6.15756845
v -9.06300259 -12.31965351 -6.49287462
v -12.86032867 -12.04151154 -12.95914936
v -13.45049000 -8.62059593 -9.32001591
v -11.99052048 -7.48248196 -11.77767277
v -12.46148491 -6.57739115 -11.91518784
v -12.45917606 -5.72283983 -11.91403389
v -12.51513577 -6.04976463 -12.59970284
v -12.19117260 -2.66377950 -8.23123646
v -12.79016590 -3.51692557 -8.88021851
v -12.39001751 -3.51466703 -7.89161444
v -12.28934002 -2.04972887 -7.73176575
v -12.74891186 -1.97369409 -8.39043331
v -11.78259182 -2.32736897 -7.62381124
v -11.78555298 -1.57891512 -7.62898064
v -5.92273855 -1.88932800 -7.69201660
v -6.69809341 -1.38393462 -7.50341034
v -6.78481817 -2.32686710 -7.66657162
v -5.22768450 -3.07928610 -7.23109007
v -4.37222958 -2.75592470 -7.49051189
v -5.14969254 -2.21876216 -7.03530645
v -5.06181335 -1.47668219 -7.62586880
v -3.44631100 -1.52556527 -7.36980963
v -3.49213266 -2.47316527 -7.48614550
v -2.61620116 -1.95482337 -7.07410192
v -2.00225115 -2.84756804 -7.71480227
v -1.83196318 -1.89645469 -7.21869373
v -1.09871614 -1.79075873 -7.62135220
v -1.83999324 -1.02569258 -8.10581684
v -2.03341794 -3.71541929 -7.33101416
v -1.28310692 -3.62743950 -7.67480230
v -2.13439608 -4.58537817 -6.76770401
v -2.93755507 -3.76967239 -7.03701305
v -0.39864346 -3.12917280 -7.40569401
v -0.54955882 -4.03873062 -7.74506569
v -0.32567006 -0.36180544 -7.79650831
v -0.30669901 -1.33023345 -7.67239332
v 0.43482903 -0.82995927 -7.93728590
v 1.04039764 -1.38779914 -7.29819155
v 1.08360958 -0.43578258 -8.49261570
v 1.84867573 -0.15222026 -7.59831572
v 1.21088636 0.41199347 -7.50612020
v -0.30047569 0.55116487 -7.44489098
v -1.04421198 0.05731472 -7.84478903
v 0.47392547 0.97480196 -7.59741259
v -0.25922114 1.39392209 -7.88167715
v -0.25595891 2.26799655 -7.25171709
v -1.04396105 1.84586525 -7.52619553
v 0.36521822 5.59962797 -7.08720112
v 1.28481328 5.39757109 -7.67560530
v 1.23803806 6.13754320 -7.39430141
v 1.78970480 6.80243397 -7.68494034
v 0.83016008 6.98607206 -7.22240734
v 0.40873125 7.65844107 -7.42215586
v -0.05661209 6.97874451 -7.14265871
v -0.86870444 6.80554581 -6.77995014
v -0.51969695 6.17202234 -7.59600735
v -3.59612226 6.79053974 -7.04248333
v -4.34201670 7.02205706 -6.71565914
v -3.80480409 6.07972670 -6.56870842
v -4.66728497 5.34095907 -6.54552174
v -3.89454031 5.11310530 -6.81779146
v -3.67019987 4.24113894 -6.63972473
v -3.05007648 4.97709560 -6.98697567
v -5.03596640 2.92039084 -7.61618280
v -5.04670668 1.93003058 -6.92940998
v -4.20746231 2.29695511 -7.31038713
v -8.45101070 2.57469559 -6.74336290
v -8.49306774 3.73820448 -7.30250740
v -9.31048012 3.14744139 -7.14466619
v -7.64564323 3.48811769 -6.08871031
v -8.50872612 4.30788898 -6.71048975
v -5.94677877 6.95329952 -4.78025866
v -5.74201155 7.91103745 -4.48058558
v -6.25172091 7.29327297 -3.94126534
v -5.14111042 5.85613918 -5.94517279
v -4.72424841 4.71365881 -5.33217621
v -4.90402222 6.93688774 -5.70296526
v -4.97202682 6.48976278 -4.86838865
v -5.76876163 5.72785854 -4.49739885
v -5.73187351 4.68911695 -5.85232496
v -6.43139410 5.38522482 -5.22532558
v -6.69718981 4.40951967 -5.46246433
v -6.82577181 4.23883009 -6.36012697
v -5.18602848 4.22889280 -6.38602400
v -5.10266638 3.60073948 -6.95952272
v -4.33659649 3.76992345 -6.82346296
v -6.81357574 3.50337481 -6.56800604
v -6.75360107 2.79813266 -7.05583334
v -5.92936325 2.72059226 -5.78547430
v -8.41663170 1.84185016 -6.83455467
v -7.59450150 2.55607581 -7.65091276
v -6.71003819 2.02578926 -7.15600872
v -9.21035480 1.46006989 -7.23420191
v -8.35640621 1.20958149 -7.70175314
v -10.06721497 2.03161097 -7.62918139
v -10.01793003 1.13510251 -7.45437670
v -11.75624275 0.01229606 -7.40950823
v -10.88437653 0.79026055 -8.04328251
v -11.75001907 0.86744976 -7.42024851
v -11.75257874 1.56476212 -7.27505493
v -12.20607758 0.94253105 -7.97623158
v -12.85852242 -0.30574542 -8.48328114
v -12.58188629 -1.03106272 -8.44067192
v -12.49285221 -0.56561899 -7.74125147
v -12.64346695 0.67834127 -10.13918495
v -12.61295223 -0.24822995 -10.14982414
v -12.34886265 0.14674978 -9.30726814
v -12.61290169 0.62062508 -8.47530174
v -12.92898655 1.34388459 -8.38416004
v -12.75132084 1.97610319 -9.18229961
v -11.75012016 -0.72787684 -7.83836508
v -9.21296501 -0.14439094 -7.79776287
v -10.01893425 0.27011192 -7.36167908
v -10.05913448 -0.53686124 -7.23043776
v -6.74225855 1.18945611 -7.32910728
v -7.54526711 0.78895569 -7.88343382
v -6.72805548 0.29415199 -7.31028652
v -5.09784842 0.34780300 -7.49969625
v -4.22578096 0.71026087 -7.11671162
v -5.07099771 1.22253001 -7.71073675
v -6.69387770 -0.58177954 -7.76830244
v -5.89478397 -0.09671231 -8.28197670
v -5.02894020 -0.56115228 -8.12749863
v -3.42257214 0.27633524 -7.17272139
v -3.41815543 1.14900458 -7.62105083
v -1.84159923 -0.09214520 -7.65096283
v -2.62127018 -0.25480458 -8.01241684
v -1.82634211 0.87854129 -8.07866573
v -2.55170965 1.53299308 -7.34150362
v -1.66232765 1.62087238 -6.74491882
v -3.34493113 2.07075763 -7.54235601
v -8.40709591 -1.37751067 -7.45196772
v -7.54356050 -0.97123855 -7.46391249
v -8.38636780 -0.59653479 -7.97286892
v -8.32855129 0.30845559 -8.34185123
v -5.90803337 1.59818733 -7.25618410
v -3.35010052 2.71256208 -7.22953415
v -2.81273746 3.28887129 -7.57914400
v -3.53830576 3.47813010 -6.85618544
v -1.64747202 8.39896488 -7.03490496
v -1.41234112 7.61367321 -7.71801424
v -0.89209205 8.43344402 -7.54235601
v -2.25283980 9.21903801 -7.91063595
v -2.91727901 8.37788677 -8.21316910
v -0.39763969 9.23263836 -7.43495369
v 0.00095357 10.06345081 -8.19851398
v -0.86157775 10.02505684 -7.59766340
v -0.03407767 8.44403458 -8.06205273
v 0.88973325 8.46185112 -7.47344780
v 1.63116086 10.05080318 -7.04870701
v 0.82694805 10.07720280 -7.20203114
v 1.40155065 9.22872353 -8.04569149
v -2.80676508 6.71821880 -7.46632147
v -3.18337607 7.64458895 -7.39384985
v -2.31828499 5.92760658 -7.33558130
v -1.84205091 6.78973675 -7.51023579
v 2.58709216 6.68318748 -7.14290953
v 2.12425828 7.54617023 -6.95294809
v 3.53127933 6.51932335 -7.10115337
v 2.94312596 5.76625204 -7.06873178
v -0.54614604 5.43280315 -7.98029661
v -1.35181439 5.18030691 -7.26888180
v -0.51472837 4.60585499 -7.87896729
v -2.23341703 4.23014736 -7.48504162
v -2.24661660 5.10251570 -7.18838024
v -1.77625442 2.57866049 -7.39490366
v -1.18935573 3.54011250 -7.29091406
v -1.79964209 3.39667511 -6.92022562
v 0.45259556 4.09800243 -7.59073734
v -0.39206883 3.84450269 -7.01989889
v -0.30173039 3.02964997 -8.02506447
v 0.54634678 2.57374215 -7.98747349
v 1.14087415 -2.43974018 -7.86205387
v 1.72983050 -2.02824855 -7.58195448
v -0.32677421 -2.25790882 -7.28569460
v 0.37831730 -2.66955113 -7.67660904
v -3.56194425 -3.09213424 -6.87621069
v -3.70774031 -3.89273357 -6.54783010
v -3.44018817 -0.64637154 -7.93301964
v -4.26462650 -1.02709782 -7.70406199
v -9.26756954 -1.69921577 -7.03294754
v -8.42255402 -2.10754561 -7.03570795
v -10.91293335 -0.93936920 -7.17196846
v -10.12478065 -1.54528916 -8.32659435
v -12.37099552 -1.72285438 -9.26882362
v -12.47087002 -3.63090253 -9.86576080
v -12.98233604 -6.32338953 -6.20896101
v -12.39232540 -5.79390574 -5.48078299
v -12.39082050 -5.55240107 -6.65744114
v -12.62083149 -4.55401087 -6.22978878
v -12.54755688 -3.34367657 -7.00840569
v -11.76236534 -4.82372141 -5.86070633
v -11.79092312 -2.93655133 -6.91089058
v -7.57196712 -2.47768211 -6.79856968
v -6.79244661 -2.94071698 -6.82230854
v -6.83139277 -3.85438991 -6.72117996
v -6.03465796 -3.30473065 -6.53322554
v -3.98628402 -4.79255438 -6.47199631
v -4.24133968 -5.60916376 -6.22657681
v -3.60982370 -5.47109652 -6.99324894
v -2.56194782 -5.44384432 -6.81553316
v -1.77264094 -5.39541292 -7.40157890
v -7.49066257 -4.48349667 -6.79621077
v -9.15956497 -4.65599298 -6.08835888
v -8.28433609 -4.98412228 -5.56088305
v -8.25261688 -4.79029608 -6.57964945
v -10.01316261 -4.34869146 -6.31852102
v -10.03961182 -5.15451050 -6.08805799
v -10.88006020 -5.66391897 -6.06833410
v -10.03374004 -5.28961658 -5.12208891
v -11.74605465 -5.66246367 -5.64906311
v -7.61277008 -6.02226114 -5.70206165
v -6.84720182 -5.43420839 -4.26939440
v -7.27967215 -6.34456873 -4.01107693
v -5.87616396 -6.05408049 -3.67371297
v -5.95209837 -6.94215775 -4.73493862
v -9.11479664 -7.15550709 -3.92781496
v -8.26476288 -6.51611137 -3.90653515
v -7.69101286 -6.54291201 -3.16259813
v -10.06169415 -6.56012630 -3.24922276
v -9.61958790 -7.60177898 -3.09062862
v -12.23880100 -7.60755062 -2.89660168
v -12.68467140 -8.36137486 -2.81313896
v -12.96993923 -9.31053066 -2.56751871
v -12.45139694 -11.91207695 -2.07226348
v -12.92948818 -11.05837822 -1.71607900
v -12.62876129 -10.21180725 -2.16345501
v -12.56698036 -10.12724018 -3.12535858
v -13.11121941 -11.91955471 -2.84842110
v -13.07603741 -10.08683872 -4.12093830
v -12.82248688 -10.98731232 -3.71677423
v -12.36412048 -9.33647728 -4.68931770
v -13.28707790 -8.72940350 -5.34693146
v -12.26213837 -10.19574642 -5.28063297
v -12.57571316 -11.01913166 -5.75561237
v -12.78770733 -11.91478634 -3.57935953
v -10.81782722 -12.38198662 -3.71752715
v -11.73521423 -12.47202396 -5.32790995
v -10.84688568 -13.14163303 -5.67782116
v -10.11273575 -12.75648975 -5.12836266
v -8.51796150 -12.35624027 -5.48088312
v -8.26531506 -12.87689114 -4.53353405
v -9.11730671 -12.76246262 -4.66091108
v -9.86023998 -12.50314045 -4.18111372
v -9.82450581 -13.25877190 -3.25002575
v -7.13688707 -11.90419674 -2.45569992
v -7.68217993 -11.03750038 -1.74558949
v -7.33543110 -11.93706989 -1.55708337
v -7.35284615 -10.21271038 -2.18408227
v -7.30055046 -9.24001598 -2.59436941
v -6.43581057 -10.02786732 -2.71095610
v -5.60173607 -7.40750074 -5.25448513
v -5.18457317 -7.92037249 -5.77247572
v -4.95892763 -8.60649300 -6.42532158
v -4.16600704 -9.19178581 -6.50476885
v -6.16936255 -10.43674946 -5.54577637
v -8.11103630 -13.51176929 -9.01783371
v -8.33567810 -12.61596394 -10.00819397
v -7.38531780 -12.79137039 -9.71404171
v -9.83655071 -12.33807278 -12.24010563
v -11.73029518 -12.03925323 -12.29104614
v -10.50274658 -11.96929073 -13.16190910
v -9.48618793 -11.96713257 -13.20763016
v -9.06325436 -11.03975868 -13.28256130
v -8.39906597 -11.87970543 -13.47693920
v -8.43163776 -10.12583447 -12.85260010
v -6.31044102 -13.00572395 -9.14827251
v -6.53518295 -13.37360191 -10.13863277
v -5.69403172 -13.12828255 -10.40036297
v -4.98301792 -13.05791950 -11.06525421
v -4.74954319 -13.24416733 -10.23619843
v -4.00771427 -12.56457138 -12.47071934
v -4.44670868 -11.86213970 -12.25556374
v -3.51250911 -11.87212658 -13.41711521
v -3.07456827 -10.85019875 -13.30579758
v -2.63622618 -11.77606678 -12.40110874
v -1.72370756 -11.77842617 -12.68185997
v -1.66533887 -9.87820721 -13.46690178
v -2.49253798 -9.68709087 -13.17013931
v -2.03351831 -9.12629032 -13.07006454
v -3.55657411 -12.97651386 -11.80392170
v -4.48961973 -12.93254948 -11.80452347
v -2.32350469 -12.58846092 -9.15620232
v -1.52681994 -12.69822216 -8.37091064
v -2.53544855 -12.81164646 -8.23841381
v -3.26839447 -12.66183567 -8.00393581
v -4.39616966 -12.53521061 -9.29823399
v -4.18974638 -12.53807163 -8.45633030
v -5.25328064 -12.66128349 -8.73010540
v -6.10346556 -13.28441811 -8.30556583
v -5.10387087 -12.91804504 -5.46537495
v -4.12520456 -12.68953896 -7.43595743
v -2.48967719 -11.15223026 -7.77317095
v -1.89775968 -10.26420307 -7.02195644
v -3.23215866 -8.90847397 -6.68409061
v -2.76029086 -8.62957954 -7.24358702
v -1.99196255 -8.76548862 -7.58270741
v -1.99336779 -7.87731123 -6.89698839
v -1.49008238 -9.48623848 -7.36408806
v -1.39231610 -6.26587391 -7.77949476
v -1.73344409 -7.13377523 -7.34315968
v -0.44275871 -4.74462509 -7.58998442
v -0.97505289 -5.41051960 -7.82245541
v 0.43156680 -4.24711084 -8.42957973
v 1.04626966 -3.29931021 -7.64097548
v 1.13916767 -4.00711203 -7.61266947
v 1.98202527 -3.90969706 -7.25241995
v 2.74031615 -5.48258972 -7.25046253
v 2.25780845 -6.26406717 -7.33889389
v 2.63743067 -4.07918215 -6.82547045
v 2.39050555 -1.43151295 -7.38496637
v 2.55958915 -0.57851732 -7.73708582
v 3.27020121 -1.00566757 -7.39490366
v 1.29093623 1.27206552 -7.92468834
v 1.33545303 1.99723232 -7.13854313
v 1.49861431 2.78202248 -8.09598064
v 2.32410693 3.21559668 -7.69357252
v 1.31412315 3.76671124 -7.27972221
v 1.37836385 4.53052282 -8.04232883
v 2.19326663 5.06622982 -7.49457693
v 3.00545955 4.89814997 -7.13658619
v 2.75482035 3.77614665 -6.83811808
v 3.76982307 4.47446299 -7.02973557
v 4.22166586 4.95702076 -6.65468073
v 2.81805730 2.73911166 -6.76700163
v 4.28229284 1.17831433 -7.28539371
v 4.30307055 2.28420734 -7.74150229
v 3.55265951 2.49825931 -6.99741459
v 6.36996412 2.35953951 -6.89387655
v 7.08308554 3.07878423 -7.45783949
v 8.00554180 3.16355181 -7.09959745
v 7.26792812 3.86603332 -7.04564524
v 8.67193794 2.45820928 -7.06401396
v 8.84619045 3.24104190 -6.81352568
v 9.52859688 1.81891429 -7.37768936
v 8.68624115 1.59818733 -7.28418875
v 6.38657618 0.48110238 -7.85844040
v 5.69634056 0.13485521 -8.44122314
v 4.20801449 0.27272171 -7.43721247
v 4.13017321 -0.64968395 -7.74210453
v 4.90899086 -0.20607202 -7.27109003
v 5.60996675 -0.80356038 -7.46300888
v 3.97895646 -1.48772347 -7.36338568
v 4.05569410 -2.91492033 -6.55520773
v 3.98979712 -2.19156027 -6.67601061
v 6.37668896 -1.36150062 -6.92875719
v 7.12524366 -1.77735853 -7.38115215
v 7.11279678 -2.50352907 -6.74326229
v 3.79853058 -3.89509225 -6.73538303
v 3.32089114 -4.55707216 -6.92875719
v 3.46292329 -6.26532173 -6.02873564
v 4.42066145 -5.33920240 -6.41332626
v 3.37910914 -5.27812338 -6.01147079
v 2.61605048 -7.05287218 -7.10260868
v 3.31421614 -7.10607147 -6.70250988
v 3.85745120 -7.15977287 -6.20765591
v 4.49935627 -7.85713530 -6.47330093
v 6.85623550 -5.70542431 -5.28013134
v 9.28242493 -3.49946022 -7.07214451
v 10.05336285 -4.05970907 -7.12820482
v 10.27795506 -3.02859616 -7.20669889
v 10.93095112 -3.91948366 -6.13869762
v 9.93376541 -4.48731089 -6.17277527
v 11.77340698 -5.26798582 -6.34717846
v 11.98755932 -5.74713087 -5.59972858
v 12.51463413 -6.33277464 -5.82642794
v 13.14328861 -5.82948923 -6.31525898
v 12.64823437 -5.59606457 -5.46331739
v 13.09003925 -6.91801739 -5.05102301
v 12.26791000 -7.22853041 -5.97945118
v 12.78404331 -6.41779327 -4.26151514
v 13.17556000 -7.34140348 -4.43125105
v 12.38720608 -8.03841496 -6.07671547
v 12.63036728 -7.44950819 -6.84870768
v 13.15699005 -8.93502331 -6.34737921
v 13.24286175 -8.71269035 -5.47701883
v 12.75774479 -9.62525940 -6.74898386
v 12.38720608 -8.95098305 -7.34868050
v 13.14072990 -10.40357494 -6.29031563
v 12.73134613 -10.41953468 -7.29156637
v 11.99267864 -10.36257172 -5.33594036
v 12.96647644 -11.15805149 -5.87857294
v 12.83207321 -10.09411621 -4.40941906
v 12.89711666 -10.01928520 -3.55306101
v 12.66936398 -11.04036045 -4.06804037
v 13.03914928 -11.88743401 -3.64555740
v 12.82429409 -11.88512516 -2.77328968
v 12.31478500 -12.37230110 -3.20761681
v 12.89581203 -11.96075916 -4.50211620
v 12.77400589 -12.00136089 -6.38662624
v 12.85009098 -11.96116066 -5.43235159
v 12.55563736 -11.96793556 -8.28905392
v 12.41425800 -11.16482735 -7.81096220
v 12.71378040 -12.00070858 -7.31088877
v 13.12803173 -13.19513321 -8.63951683
v 11.88567734 -11.95839977 -9.13933849
v 11.80592918 -12.83322716 -7.41176701
v 10.72247028 -12.48161030 -7.96117496
v 11.66389656 -13.60070229 -8.33924198
v 11.65732193 -12.66253757 -9.18927574
v 10.84573174 -12.80185986 -9.83042812
v 9.97095490 -12.73505974 -9.92448044
v 10.24051476 -13.05791950 -10.86746311
v 9.95469379 -12.81154633 -11.83077240
v 10.82906914 -12.55719376 -11.73471165
v 13.41676331 -8.88041878 -11.93551445
v 12.18906403 -8.05337048 -11.64176369
v 13.60020065 -8.58280373 -10.87900639
v 12.36662960 -6.54120541 -11.94349384
v 12.44236279 -7.31119013 -11.64628124
v 12.64687920 -6.03797007 -12.61014175
v 13.24135685 -5.71189880 -11.95619202
v 11.83704567 -6.53327560 -12.41817284
v 11.83528900 -5.70577574 -12.55854893
v 11.97245312 -7.46325970 -12.49209976
v 11.06676006 -7.13201904 -12.07694435
v 7.94205332 -5.87209892 -12.69531059
v 8.28303051 -6.75058985 -12.10248947
v 7.26787806 -6.69708967 -12.64462090
v 6.69628668 -7.27114010 -12.36928940
v 5.87932587 -5.92223644 -12.08000565
v 6.22195959 -6.84760332 -13.60687542
v 6.79249716 -6.24494553 -13.60562134
v 6.39224768 -6.22983885 -16.08761978
v 6.19415522 -5.50266457 -15.27909088
v 5.73317814 -6.33071709 -15.27261639
v 4.83576632 -6.46396637 -16.85579681
v 5.55736971 -6.68449211 -17.65719986
v 6.16083050 -6.71922255 -16.88003731
v 6.78015089 -5.96168423 -16.89082909
v 5.42979193 -8.09869003 -16.04365540
v 4.47983313 -7.43545580 -16.82172012
v 5.35124731 -7.18260860 -15.25404644
v 4.74929237 -7.91987038 -15.22167587
v 4.38337135 -7.00504303 -13.57053947
v 5.64023018 -7.54476500 -13.59036350
v 5.19571495 -7.42717457 -12.76848507
v 3.53092813 -7.46511698 -16.81248474
v 4.18793917 -7.78872919 -17.61795235
v 5.56414509 -6.12263727 -18.48951721
v 7.78772545 -5.70366764 -17.14146805
v 6.61809349 -5.45348072 -17.93564224
v 7.79404926 -4.68515205 -14.84034729
v 7.41869307 -5.48289061 -15.19336891
v 6.89116669 -4.41790104 -15.74353027
v 7.64945745 -4.03908157 -14.20059967
v 8.14857769 -3.85318542 -13.42384052
v 7.21533108 -4.58693409 -13.50680065
v 8.64563942 -3.33127999 -13.42253494
v 8.10024643 -2.43898726 -13.40682602
v 8.80533791 -2.68791986 -12.94338989
v 8.37000656 -4.01082611 -13.01847172
v 7.14516830 -5.47330475 -13.51161861
v 7.21959686 -5.04705811 -12.55247593
v 7.79650831 -4.74562883 -17.57197952
v 7.36664772 -4.82286787 -16.52907372
v 7.56915665 -3.98131537 -16.17655182
v 7.12142944 -5.97879839 -14.38202953
v 5.91169739 -7.21954679 -14.45329666
v 8.39173794 -5.20720768 -12.56642818
v 7.99670839 -8.48739624 -12.69967747
v 8.53833771 -7.66260672 -13.47006321
v 8.92358112 -8.57236481 -12.45546246
v 9.94390297 -8.65843773 -12.16507435
v 9.40237427 -9.48327732 -13.06599998
v 9.83785629 -10.36738968 -13.03854656
v 8.81753349 -10.28136730 -12.70123291
v 8.27214050 -11.09210491 -13.26022720
v 7.83690977 -10.20513153 -12.63468361
v 5.90492201 -11.96813679 -12.28678036
v 8.83309174 -11.98680687 -12.96627617
v 9.89863396 -11.98936653 -13.06409264
v 9.47845936 -13.32225990 -13.21917343
v 12.90700436 -10.60487938 -12.86554813
v 11.94640541 -11.25170231 -12.75528526
v 11.93802357 -10.50781536 -12.65009117
v 10.78043747 -10.36227036 -12.30133438
v 11.58133793 -9.71554756 -13.00602531
v 11.62224102 -12.74554920 -12.64286423
v 10.84216785 -11.97857571 -12.63864899
v 11.92126083 -11.97601604 -12.73189831
v 12.58043003 -12.06801033 -12.54876137
v 10.19685078 -11.15729904 -12.30986691
v 10.81371212 -8.81552601 -12.62032986
v 10.33516884 -7.90476370 -12.53641510
v 6.35104322 -11.07800198 -12.71634007
v 6.84569645 -11.91493702 -13.32602406
v 6.83209515 -10.06475544 -12.88316441
v 7.40669775 -12.45536232 -12.35493565
v 7.85241795 -11.90801144 -12.73149681
v 7.37718725 -9.25682926 -12.38228798
v 6.99134207 -8.34651852 -12.55242538
v 6.08047962 -8.04378510 -12.93616295
v 9.21211147 -6.83736515 -13.13079262
v 10.19976139 -6.97437811 -12.66765690
v 13.16401672 -4.87978125 -11.75257874
v 13.07814503 -7.60579395 -13.02941227
v 11.97004414 -8.20458698 -12.17355633
v 11.97641754 -8.96087074 -13.23367786
v 12.64798355 -9.10370541 -12.60753155
v 12.48758221 -9.63424301 -11.92949200
v 12.13315487 -9.36955166 -10.30244637
v 12.84642696 -8.54305553 -10.01978779
v 12.79804611 -9.48508453 -8.59821129
v 12.41225052 -10.38897038 -8.26973152
v 12.74835968 -10.23288536 -9.11770821
v 13.18976307 -8.43655586 -9.02470970
v 11.98630428 -8.59269142 -8.17673302
v 13.57520676 -7.90245533 -7.77517843
v 13.03924942 -10.20819283 -10.06565952
v 12.72893715 -10.24874496 -10.92171669
v 12.61626434 -10.47494221 -11.69506359
v 12.70820904 -11.21822739 -11.69139957
v 12.90293884 -12.98248672 -11.95508766
v 12.64647770 -12.07272816 -11.94856358
v 12.93204784 -11.94580269 -10.94394970
v 12.99744225 -11.11373615 -9.73722839
v 13.27156925 -11.95227718 -10.08658791
v 12.97726727 -13.03608704 -10.34575844
v 11.92306805 -12.29320431 -10.13120461
v 11.92763519 -12.47629070 -10.98680973
v 11.90715790 -12.63729382 -11.73315620
v 8.88940239 -12.59508514 -11.82991886
v 9.57296371 -13.25520802 -9.09181118
v 8.96754551 -12.84512234 -10.12789249
v 8.37763500 -12.98805714 -10.96793938
v 7.90120029 -11.93922806 -11.83011913
v 7.01759005 -13.13350201 -10.02435493
v 7.97959423 -12.32156086 -10.13436699
v 7.60750008 -13.28542137 -9.18516064
v 6.89473009 -12.87754345 -11.83789825
v 8.57467365 -12.91066742 -8.40995693
v 7.61261940 -12.11664295 -8.29979420
v 9.72553539 -12.90193462 -7.27957153
v 8.99369335 -13.20818233 -6.66421652
v 9.57808304 -12.54795837 -8.20649433
v 12.29320431 -12.35342979 -6.86416531
v 13.08246136 -13.14303780 -5.01016951
v 12.63413143 -9.34094429 -4.82106113
v 12.67694187 -8.44463634 -4.55079889
v 11.99353218 -6.18512154 -5.01819992
v 10.00603580 -6.42020226 -4.42106295
v 8.38456154 -6.88765335 -4.20068693
v 9.16212463 -6.43997622 -4.27426291
v 9.69170856 -6.90396452 -3.55245876
v 7.87344646 -7.13091469 -3.51336217
v 12.64507294 -8.23856449 -3.14508247
v 12.86037922 -7.97146368 -3.77900743
v 12.85189724 -8.35434818 -2.27878714
v 11.78229046 -9.19329071 -3.02879691
v 13.06911087 -8.51173782 -1.57961774
v 13.18534660 -7.13608408 -1.59863901
v 11.93983078 -6.98757792 -1.54845107
v 11.02379894 -7.90596819 -1.63166273
v 10.12618637 -8.07971954 -1.40280533
v 10.10550880 -7.40022373 -0.34233248
v 10.12367630 -8.09608078 0.52692401
v 10.17185688 -7.60147762 1.40747285
v 12.57214928 -10.22435379 0.87000936
v 12.06876373 -11.05526638 1.15818894
v 12.38951492 -10.18570900 1.71427226
v 12.62896252 -9.21943951 2.31517339
v 12.48527431 -10.05296135 2.60340309
v 13.14022732 -8.28202724 2.64320230
v 12.57214928 -8.42024517 1.75512528
v 13.51573467 -7.99605608 3.33102918
v 12.83372974 -12.09445953 5.70045567
v 13.07724190 -11.91363239 1.53881490
v 11.80858898 -12.37340450 3.68134141
v 12.37681770 -11.94705772 -1.00657094
v 12.36281490 -12.42043114 -1.44742250
v 12.38113403 -11.94700718 -1.89364421
v 11.79905319 -12.83839703 -2.72495866
v 11.88241577 -12.50133419 -1.72631741
v 11.79538918 -12.39237595 -3.59757781
v 10.92241859 -13.31538391 -4.03827858
v 11.86640549 -12.87463284 -4.52083635
v 9.86034012 -12.98168373 -3.52741480
v 9.06631565 -13.18188381 -2.97896028
v 8.10526466 -12.68868637 -3.16475630
v 8.07891655 -13.20617485 -6.58903456
v 7.47063732 -12.83930016 -7.37352371
v 4.79426098 -11.96206379 -6.13162088
v 4.78653193 -13.25786877 -5.40404510
v 4.57574224 -12.92542267 -7.44082594
v 5.41724491 -13.18253613 -6.74893379
v 5.51857424 -12.95081806 -7.91219187
v 4.16987181 -12.41485977 -9.68663979
v 5.66090775 -13.38183308 -8.83891392
v 5.06713295 -12.73074341 -9.67343998
v 6.05172157 -12.87930012 -9.90957451
v 6.50341415 -12.49596405 -8.14867783
v 6.42386580 -12.78123283 -10.85873032
v 5.47109652 -8.47630501 -12.82665253
v 4.57855272 -8.72589016 -12.96627617
v 3.87637210 -9.04920101 -12.70504761
v 3.86287165 -8.15013313 -12.72582531
v 3.68701267 -7.43043709 -13.57460499
v 4.53393555 -8.46200180 -14.43803978
v 3.87847996 -8.19615555 -15.22408485
v 3.68731380 -9.20162201 -16.02016640
v 3.00791860 -8.69888878 -15.23462391
v 2.73795724 -7.94742346 -16.82212067
v 2.70975161 -8.90636635 -17.61594582
v 3.10995078 -8.91700649 -18.41594124
v 3.23732805 -9.67670250 -12.60161018
v 2.60957623 -9.87002659 -12.58098221
v 2.40495968 -10.89476490 -13.26835728
v 1.70493722 -9.89105511 -12.47087002
v 2.04726982 -11.85797405 -12.91508389
v 1.09214151 -11.85350704 -12.42213726
v -0.80235589 -11.88221455 -12.43092060
v 0.16451633 -11.89084721 -13.31367779
v 0.57254493 -10.93933201 -12.45887470
v -1.27653229 -10.86410046 -12.65480900
v 0.97530383 -9.98761654 -13.49661255
v 1.10132599 -8.33989429 -12.10133553
v -3.16274881 -8.46506310 -13.55849457
v -2.19677997 -8.39781094 -13.51708984
v -2.57218623 -8.30320644 -14.34935760
v -1.40476274 -8.72589016 -16.78462982
v -0.54072571 -9.32724285 -16.77243423
v 0.35196859 -9.19293976 -16.76721573
v -1.76054561 -8.35143757 -22.39389420
v -3.80891943 -7.75143957 -18.35978127
v -3.12872124 -8.25442410 -18.36680794
v -4.44219208 -7.97874117 -17.56028748
v -4.76500130 -7.74195385 -18.37037086
v -5.16871357 -7.69156504 -13.04160786
v -7.87886667 -5.94140863 -12.15709400
v -8.32604218 -5.30522490 -12.58058071
v -7.04609680 -5.01142454 -12.47307873
v -5.47205019 -11.92151165 -12.34580135
v -6.49678898 -11.92888927 -13.09164524
v -7.48358583 -11.87287998 -12.55056858
v -7.80915546 -9.18691730 -13.17269897
v -5.80529833 -9.24669075 -12.38841152
v -5.26848745 -8.19941807 -12.48688030
v -8.37191391 -8.43841267 -12.46931458
v -7.33959675 -6.68830681 -12.99126911
v -9.03293991 -7.68197918 -12.81967640
v -9.57707882 -6.93869448 -12.50399399
v -8.40122414 -6.82973623 -12.37882519
v -9.95589828 -6.12906170 -12.80532265
v -10.55484200 -5.37262774 -12.52226257
v -9.54676533 -5.33072042 -12.86489582
v -11.79227734 -5.68263912 -12.72502232
v -8.92754555 -4.54934311 -12.87684059
v -9.22887421 -3.90578246 -12.59081936
v -12.02640533 -5.42447186 -10.81757641
v -12.76567459 -2.88239837 -10.12959862
v -13.09942436 -2.27557516 -11.00166607
v -12.49019241 -1.11608124 -10.13657475
v -11.85355759 -2.05901384 -10.08784199
v -11.65747261 -0.93133909 -12.14168644
v -11.65451145 -1.74784803 -11.80211449
v -11.62008286 -2.58759403 -13.23392868
v -10.66098976 -2.17680502 -12.95252419
v -9.70505810 -1.57756007 -13.30479431
v -9.66014004 -2.41800857 -13.46675110
v -9.46641445 -3.12862086 -13.26760483
v -9.09095764 -1.05369747 -13.04793167
v -7.90401125 -5.83626461 -13.58158112
v -5.78090715 -5.56991673 -15.97012901
v -6.46858358 -5.76243782 -16.79466820
v -7.09764004 -5.08474922 -16.80701447
v -6.66642475 -5.38351822 -17.61147881
v -7.74260616 -4.44620705 -16.81715202
v -7.32965946 -4.70061016 -16.00174713
v -8.49507523 -3.75431490 -16.78427887
v -7.70014715 -3.90136576 -17.58909416
v -8.07771206 -3.07858348 -15.98473454
v -8.51198864 -2.77318931 -15.17986870
v -8.80062008 -1.81856298 -15.16626740
v -8.73647976 -0.88466424 -15.16973114
v -8.71715736 -0.40602109 -14.38960838
v -8.87273979 0.02860717 -15.18609238
v -8.21868992 -0.74012274 -13.55417824
v -8.56292915 -1.33580434 -15.96224976
v -8.78872585 -0.84867942 -16.75366402
v -8.58516312 -2.72912431 -18.35014534
v -8.95866203 -1.78302979 -18.34241676
v -8.75344372 -1.32787466 -19.15310287
v -9.00247669 -0.83954519 -19.95059204
v -8.67359447 -0.33023718 -20.76905823
v -9.00649166 0.06263465 -19.97698975
v -8.90837383 0.01525716 -21.61251831
v -9.80518341 0.37184304 -22.46310425
v -9.27575016 0.90985864 -21.64212799
v -8.57331848 -3.50934720 -21.59831429
v -8.38210201 -3.09815669 -19.16570091
v -8.42456150 -3.65669918 -18.36931801
v -7.58115149 -4.28811455 -18.40424919
v -6.80654955 -4.85774851 -18.42713356
v -8.10601807 -5.07536411 -19.20635414
v -6.52584791 -4.61925507 -20.01563454
v -7.29492903 -4.46954441 -23.29983902
v -7.48162842 -4.99812460 -24.25180435
v -6.45779324 -5.70070696 -20.02401733
v -6.48534632 -6.30251122 -21.65301895
v -5.68615198 -6.58125544 -21.65648270
v -7.11515570 -3.86924553 -24.37908173
v -7.41412592 -3.15306234 -24.23845482
v -2.89584875 -1.39176404 -24.15298462
v -3.40606022 -0.73706126 -23.83670044
v -2.46598840 -0.64652210 -24.36091423
v -2.02167392 0.12190671 -24.47830391
v -1.51146245 -0.53279603 -24.04779053
v -0.58318478 -0.48175481 -24.30490494
v -0.13003716 0.33003643 -23.48734093
v -2.76776886 2.20631552 -24.07459068
v -2.53007841 3.08023953 -24.58209229
v -3.12992573 3.76234508 -24.32497978
v -3.84666085 3.45549536 -23.92051506
v -4.19958305 2.73449421 -24.34455299
v -4.72756100 3.34141803 -24.44021034
v -5.48951530 3.45032597 -24.06023788
v -3.66984844 2.06769633 -24.09276009
v -7.07540703 -1.14975739 -24.23137856
v -7.85136366 -0.78102601 -23.75930977
v -6.36981344 0.37369999 -24.19107819
v -8.88368130 -0.39753932 -24.22450256
v -8.86491108 -0.05515663 -23.28272438
v -8.72654247 0.77681017 -23.31113052
v -8.29206467 1.57409704 -23.30862236
v -8.93291569 1.31442428 -24.38952065
v -7.96237946 1.65213943 -24.41351128
v -8.12162590 4.29288244 -23.30646324
v -7.44604540 4.79812527 -23.30249977
v -5.78592587 6.50165749 -24.11449051
v -4.95436049 7.04268408 -23.29627609
v -5.85127068 7.07912064 -22.50947762
v -5.77869892 6.54200840 -23.33848381
v -6.35495758 6.75219584 -21.74145126
v -5.99064302 5.72213697 -20.92097664
v -6.16931248 5.39917707 -20.08715248
v -7.12624741 5.60304070 -19.25383186
v -8.05572987 3.27030158 -23.30440521
v -8.64077091 2.61278844 -23.30440521
v -8.27214050 1.64631760 -21.67705917
v -8.47289181 2.04014301 -22.48152351
v -8.83936501 0.98800141 -18.39526558
v -9.43148327 0.54097670 -19.18943977
v -8.82631588 0.52496672 -15.97509766
v -8.80343056 0.04190700 -16.76902199
v -9.01507378 0.57088876 -12.95217323
v -9.03399467 0.95482707 -13.56938553
v -9.25702953 0.14690034 -13.56878281
v -9.69612503 0.84521645 -13.08732986
v -9.25492191 2.02865005 -12.85395527
v -10.87694836 1.12250531 -13.46981239
v -9.91243553 1.61851346 -12.86640167
v -11.85270405 1.50569081 -12.35875034
v -11.86148739 2.38558722 -13.05380344
v -11.85827541 3.34166908 -12.04557705
v -11.90565205 5.17895222 -12.72020435
v -11.14274406 4.71702147 -12.39418316
v -11.86233997 4.27155256 -12.33561325
v -9.63775635 5.47807264 -12.40868664
v -9.03740692 6.25392914 -12.92090607
v -10.31424046 5.10888958 -12.63212395
v -10.50686169 5.99360418 -12.88075542
v -8.40202713 8.57617950 -12.25209999
v -9.35640240 8.58752155 -13.09811974
v -8.79866314 9.32322788 -12.40858650
v -9.94957447 7.75500298 -12.48612690
v -10.38485527 7.01618481 -12.40231323
v -9.39499664 7.10160494 -12.47036839
v -11.05677223 6.64634943 -11.91553974
v -11.78891468 7.14391327 -13.34303761
v -11.90229034 6.12093115 -12.56502247
v -8.60217667 6.99284744 -13.41365242
v -8.04734802 7.73307085 -12.52151012
v -7.17834234 5.22477388 -12.84712982
v -6.08710432 6.41448069 -15.19091034
v -6.07189751 5.73774529 -17.64385033
v -6.52323818 5.69453382 -18.43882751
v -2.91476965 8.61773491 -20.04865837
v -2.00646687 8.97181129 -20.04675102
v -1.10970736 8.82300377 -18.45177650
v -0.21254627 8.90857410 -18.42166328
v 0.17174341 8.57698250 -17.63220596
v -2.02112174 8.24724674 -16.90633583
v -1.67191350 8.64960384 -17.65479088
v -3.07988834 8.32759762 -16.86417961
v -2.53835964 9.22245026 -13.62629890
v -3.08942389 8.68062019 -13.62770367
v -2.66192245 8.50661850 -12.88562393
v -3.36570907 7.92930555 -17.68108940
v -4.03757620 8.18200207 -16.88144302
v -3.70372534 7.83414936 -18.48279190
v -4.71360874 7.67911863 -18.50878906
v -5.67586374 7.27043724 -15.19728374
v -4.78683329 7.08449078 -13.55633640
v -5.20449781 7.43324757 -13.05365372
v -5.12630463 7.29673576 -14.38177872
v -5.76078176 7.90551662 -13.15784359
v -6.54953671 8.31399727 -12.81576252
v -6.90386438 9.15685463 -12.74815845
v -7.48970890 8.46887684 -13.00592422
v -8.30837631 10.10254765 -12.67894936
v -7.81427479 10.85541821 -13.03357792
v -7.35033655 10.06314945 -12.44798470
v -8.60333061 11.72326946 -11.99855042
v -7.64478970 11.69486237 -13.04261208
v -7.75158978 12.70083141 -12.83578682
v -8.65497398 12.62298965 -10.97591972
v -8.13838863 12.41004181 -11.82856369
v -8.95002937 12.49470901 -11.84773540
v -9.66786861 12.23804760 -11.84562778
v -9.15128326 11.94289207 -12.07865047
v -9.32081890 11.73049641 -12.73214912
v -9.72277451 10.93270779 -12.77330303
v -10.27067757 11.77968025 -13.69134235
v -10.99273205 11.76698303 -12.44878769
v -10.59198093 12.61355495 -12.75107002
v -9.26270103 10.11384010 -12.83443165
v -12.80457020 7.49261999 -12.88191032
v -12.63925076 5.67561293 -12.71558666
v -11.99358177 3.80400109 -12.07152367
v -12.56165981 1.16652012 -10.94906902
v -13.19136906 1.56149983 -10.10530758
v -12.99347782 3.31451726 -11.89937878
v -12.00136089 6.16318941 -11.87006950
v -12.61385536 7.04112816 -11.81782341
v -12.91036606 7.91595554 -11.82073402
v -12.85470772 7.01277208 -8.25828838
v -12.55895042 7.87319565 -8.36835098
v -13.34795570 5.43731976 -8.55083466
v -10.91860485 2.36079431 -7.29588270
v -10.10375214 2.61660266 -6.93457937
v -12.91071796 3.52540731 -6.37322617
v -13.51543331 6.18396711 -8.06737328
v -9.31595039 4.40419960 -6.02958870
v -6.88052654 5.98597527 -4.76429844
v -7.20534372 6.72163153 -4.36580563
v -10.98620796 6.37719107 -4.25845337
v -11.81345749 6.18472004 -4.49780035
v -11.79333210 6.87651157 -3.86011124
v -11.79528904 7.03405190 -3.05233502
v -10.93637085 6.90582132 -2.60521007
v -11.75001907 7.85894203 -2.41434503
v -11.76106071 7.44569397 -1.47186410
v -12.44612694 7.45417595 -1.85996807
v -6.77939796 6.74105406 -3.55030060
v -7.27736330 7.23219395 -2.08094597
v -8.27535248 7.10130405 -2.01831126
v -8.35148716 7.47249460 -1.30152595
v -9.15088177 7.48800230 -2.08164859
v -9.99810600 7.84368515 -2.52942610
v -10.05732822 7.00318623 -1.48265445
v -10.89863014 7.16188097 -0.99828994
v -7.60664701 7.56042385 -0.49821648
v -7.73231792 10.01165676 -0.25023746
v -7.99254274 10.81652260 -0.87297046
v -7.65322161 8.39424801 -0.19131674
v -7.00730181 9.13311577 0.18474211
v -7.82185316 11.66545296 -0.22830531
v -7.87716055 11.69827557 -1.34769893
v -7.62361050 11.70485020 -2.15045643
v -7.25688648 12.74454498 -1.42539001
v -7.80368519 12.32703114 0.10213263
v -7.71053600 11.66926670 0.57952106
v -7.39605808 11.63187695 1.44290555
v -7.32604599 11.63057232 2.23547482
v -7.28193045 12.65320301 1.62528884
v -8.12112427 12.36667919 1.38649428
v -7.94762421 12.26018047 2.15015531
v -8.40152454 12.67744350 0.40396339
v -8.97602749 12.27739525 0.90810204
v -8.41969299 12.40642834 -0.38072634
v -8.37101078 12.42715645 -1.21555388
v -9.20874882 12.94815826 -0.90845335
v -6.95344973 11.71062183 -2.61745596
v -6.33944988 10.61456585 -2.40154696
v -6.72775459 11.47453785 -3.42944789
v -7.07375050 9.65963840 -2.98066664
v -6.70848227 7.97035980 -2.46122050
v -6.84895849 7.63289547 -3.42207026
v -6.71962404 8.58917809 -3.13062835
v -6.09473276 10.23935986 -4.91832590
v -5.80991602 10.74124050 -3.71567011
v -4.62678337 12.55418205 -6.05137062
v -4.93227816 12.28522491 -7.02205706
v -5.45016813 13.22865868 -6.60685158
v -4.07742548 12.54529858 -7.31344843
v -3.15436721 12.20678043 -8.56754684
v -2.48169732 12.70911217 -8.06365871
v -3.38648701 13.17556000 -7.67028522
v -2.00325489 12.38349247 -7.56047392
v -1.72069633 11.90911579 -8.27635574
v -3.28831911 12.81631374 -6.58973742
v -6.50115538 11.81973076 -4.13268232
v -6.22552299 11.82505035 -4.81132460
v -6.44765520 12.52582550 -4.05579424
v -5.36675549 12.88160896 -4.92389631
v -5.62542486 11.82429790 -5.21272850
v -5.46296597 10.94209290 -5.31611586
v -5.10116053 11.68537712 -5.86748171
v -4.97493792 10.10585976 -4.99651861
v -4.32018471 11.68994427 -5.94592524
v -3.69403911 11.70695782 -6.51761723
v -3.15697718 11.69983101 -7.18024969
v -3.64681220 9.18194866 -6.61473083
v -3.13996339 10.03559685 -6.92168093
v -3.28831911 8.47520065 -6.76880836
v -1.63868904 10.04869556 -7.50351048
v -2.35497260 10.05476856 -7.00569582
v -2.84044123 10.86209297 -7.44253206
v -2.35848570 11.72708321 -7.29743862
v 3.54944730 12.61852360 -7.66029787
v 2.80465722 12.42800903 -7.27369976
v 1.12350905 11.90791130 -8.24604225
v 1.39266741 12.01044464 -9.30079365
v 1.96370673 12.66755676 -9.86199665
v 0.64255720 12.99628830 -11.94148636
v 1.58137441 12.20090866 -11.93581581
v 2.47236228 12.41661644 -10.54636002
v 1.94568920 12.60582542 -12.74700451
v 3.45544529 12.38836098 -12.52542400
v 1.50865185 11.55017090 -12.82855988
v 3.80380034 11.86208916 -12.91493320
v 4.30457640 10.17401505 -13.12913609
v 4.21057415 10.94696045 -12.43895054
v 4.64911699 11.66344547 -13.65324974
v 5.15064621 9.83996391 -13.10118103
v 4.44655848 7.95033455 -13.61641121
v 4.06302118 7.87294483 -14.44411278
v 3.49835610 7.70340967 -13.56687641
v 2.87778115 8.50355721 -13.56521988
v 2.71351576 8.51339436 -14.40396214
v 3.14212132 8.35013199 -12.86208534
v -0.28943431 8.66977978 -14.44095039
v -0.40592071 8.94937706 -15.28862667
v 0.96360999 10.61722565 -12.06469822
v 0.67839146 11.63358307 -12.69521046
v -0.00908403 11.62986946 -12.05225182
v 0.53515488 12.39794636 -12.54273891
v -3.19120526 9.40162182 -12.27528763
v -3.70979810 10.00116730 -12.34128475
v -0.78770101 12.22364426 -12.36286545
v -0.84571832 11.58103657 -12.41867447
v -0.04361339 13.31212139 -11.94660568
v -0.87517869 12.94093132 -8.41783619
v -2.20300317 12.64075661 -11.98394585
v -5.95792055 12.32422066 -11.84291744
v -5.47069502 12.38414478 -11.04492760
v -5.77789593 12.83132076 -10.19258499
v -6.60263586 12.77415657 -10.13195801
v -6.11400509 12.68712997 -9.33793259
v -7.45663500 12.05029392 -11.82520103
v -7.05498028 13.17034054 -10.97491550
v -6.66823149 12.37867451 -11.84296799
v -7.39098930 12.83538532 -10.11735249
v -8.28789902 12.88948822 -10.16427898
v -6.35310078 13.13059139 -8.43384552
v -6.73257256 12.84477043 -7.68639565
v -6.32338953 12.63528633 -6.91952276
v -6.00881100 12.83699131 -5.93884897
v -7.28860569 12.78278828 -7.01573324
v -7.83184052 12.56015491 -6.28198433
v -8.24087334 12.56788349 -7.04870701
v -8.31590366 12.44191170 -5.56148529
v -7.31374979 12.24231339 -4.12525463
v -9.19966507 12.34103394 -5.53312874
v -8.73146057 12.22484875 -4.77965593
v -8.29954243 12.93024063 -4.05689859
v -9.18566227 12.65636444 -4.02984715
v -10.15449238 12.05089664 -3.87757659
v -10.94580650 13.37801838 -3.80871868
v -9.74721622 12.66173458 -6.29779339
v -10.11845684 12.41270161 -7.06336164
v -9.15534878 12.13661766 -7.08047581
v -8.61211395 12.33134747 -7.81427479
v -9.67263699 12.71051788 -9.40623856
v -9.12960243 12.43739414 -8.60865116
v -9.09959030 12.29019356 -10.18264771
v -10.03976250 12.90168381 -10.21767902
v -10.48297310 12.48843575 -11.85521317
v -10.28166866 12.84728050 -11.00256920
v -12.03021908 10.08096695 -12.69465828
v -11.65315628 10.84869289 -13.10625076
v -11.96467400 11.64096069 -12.14133549
v -12.72005367 11.63052177 -12.79603863
v -12.60467148 8.67324257 -10.31850624
v -12.93405533 8.37944221 -11.14490223
v -12.56763268 9.46104431 -10.51539421
v -12.85897350 8.83941555 -9.47941303
v -12.66896248 10.31770325 -10.22560883
v -12.85154629 10.15178204 -11.06565571
v -12.68140888 11.78971863 -10.20608521
v -12.34404469 11.00803947 -9.74109364
v -12.54223728 10.31961060 -9.19178581
v -12.66253757 9.50917435 -8.75786018
v -12.25209999 10.20151806 -8.27339458
v -12.54620266 8.72132301 -8.56097221
v -12.68316555 10.77767658 -5.84048033
v -12.61711788 10.00187016 -6.37126875
v -12.63297749 11.61802483 -5.02256632
v -12.26474762 10.13617325 -7.30436468
v -12.79282570 10.94716167 -7.73823977
v -12.62218666 12.55864906 -4.35882950
v -11.90555191 12.49531174 -4.10036135
v -11.66329479 12.91131973 -3.29378963
v -12.17265320 8.82942772 -3.19311237
v -12.50675488 9.82801914 -2.75241137
v -12.59292698 8.05352116 -2.43431973
v -12.91829586 8.22882748 -1.67693233
v -12.98700333 10.73742580 -2.31974053
v -12.29360580 11.69094849 -1.76034486
v -13.12527180 11.61250401 -2.65238667
v -13.17837048 13.11839581 -2.83923674
v -11.65084743 11.86374569 -2.54784513
v -10.79885578 12.37290287 -2.16496062
v -10.03424168 12.70158386 -1.53464925
v -10.08242226 12.08848763 -0.70017308
v -10.20488071 12.12246513 0.11051402
v -9.64613724 12.88958836 0.62935776
v -10.59223175 12.31563854 0.81399953
v -12.72090626 11.69431114 -0.94574308
v -12.51031780 10.84387493 -0.50755143
v -11.89777279 13.11061668 0.79417527
v -11.22224236 12.19433403 1.25570428
v -10.66640949 12.45330429 1.77429712
v -12.72105694 10.81873035 1.31532764
v -12.92497158 7.07731390 1.20641959
v -12.64617634 8.19294357 1.70428479
v -9.30551147 6.68880844 2.78036618
v -10.28452969 6.46692705 3.13599849
v -10.03072834 7.59169102 2.69765639
v -10.98901844 6.47892237 3.70146680
v -10.26028824 5.95556164 3.83933330
v -11.79272938 6.46557236 4.08856726
v -9.98781776 6.07561111 4.89433575
v -9.28834724 5.79847288 4.06467772
v -8.77261543 6.43350220 3.68615961
v -8.48368263 6.44971275 4.67576694
v -8.50335598 6.99826765 3.03843307
v -6.18035364 9.97833252 3.01835775
v -6.91114140 9.33617592 3.98854232
v -7.33447742 8.83349323 5.28745842
v -7.20439005 10.82741261 2.89469457
v -6.93653631 11.75985622 3.00626254
v -8.49276638 12.54565048 2.77996469
v -9.36106968 12.55558777 1.61093509
v -10.57255840 12.37104607 2.65228629
v -9.93958664 13.21897221 2.21083260
v -9.26721764 12.88005257 2.48892426
v -8.03871536 12.48326683 4.48209143
v -8.66561413 12.98840904 5.05584097
v -10.32859421 12.10635471 5.27174950
v -9.54661465 12.27749538 5.62863684
v -12.71950150 8.99263954 2.27351737
v -12.08186245 9.81215954 2.69860983
v -12.47629070 9.95082951 1.79271615
v -12.18725777 7.23364973 4.22266960
v -12.35082054 8.32298088 4.03456497
v -12.70841026 7.76207924 3.36601019
v -12.71332836 8.05372143 2.60997772
v -12.99121952 11.71343231 4.38924360
v -12.36135960 11.72442341 5.34030676
v -13.02088070 11.72969341 6.21257448
v -12.78133297 10.81416321 6.68218374
v -12.57992840 9.81421757 7.11922073
v -12.58083153 9.02586365 7.67635822
v -12.34926414 8.25201511 8.28990650
v -12.73972702 7.51003504 8.75911427
v -12.64994049 6.59811878 8.61753368
v -12.06063271 6.35781860 7.75314569
v -12.62820911 8.61301708 4.90924168
v -12.70002842 6.09719229 6.95856905
v -12.38861179 6.43320084 4.34146452
v -12.66093159 3.01720333 6.90833092
v -11.77305603 2.93384123 6.63094187
v -10.92588234 2.85238600 6.73608541
v -11.76522636 3.83958435 6.94145489
v -10.09511948 3.53865695 7.06998634
v -9.24197388 3.66753983 6.29337692
v -11.76126194 4.43802643 6.51711512
v -9.90811920 5.07285452 5.04876423
v -9.10109615 5.07335663 5.49232626
v -8.12157631 5.73859882 5.58186150
v -8.52704525 3.71441531 7.21753931
v -7.54210520 3.29323745 7.17091465
v -6.69161892 3.03316331 6.71555853
v -6.03781986 2.70066762 7.14235783
v -5.36740828 2.92114353 6.32740450
v -7.61091280 5.79892445 4.71406031
v -6.13950062 6.10020351 3.60209465
v -7.04624748 6.83967352 4.62954378
v -5.00193882 8.19138718 5.41995478
v -5.94702959 8.56689453 5.30954123
v -4.68971920 8.54195118 6.29448128
v -4.62045956 7.58732462 5.98050499
v -4.33353472 6.98205709 6.63791800
v -3.43677521 4.48123837 6.43079185
v -1.35838902 7.58069992 7.43901920
v -0.55377460 9.16674137 7.70009708
v -0.07769106 8.28789902 7.58290815
v -0.90845335 8.35620499 7.28152895
v -1.09470105 10.03027630 8.11781216
v -0.15046369 9.95860863 7.72087479
v -1.76937866 8.46441078 7.18501759
v -2.70152068 8.48503780 7.13653564
v -2.31241298 9.25406837 7.33292150
v -3.45865726 7.20644760 6.57146883
v -2.92094278 7.80664635 6.44032764
v -3.65358758 8.60548878 6.85427856
v -4.14643383 9.20960236 6.37051582
v -2.72741771 10.06811810 6.94421530
v -1.88134813 10.04252243 7.23635960
v -3.79411411 9.99614906 6.98060179
v -3.20114255 10.78836632 6.69417858
v -4.12244415 12.75684166 6.12133265
v -4.01725006 11.63950539 6.77387714
v -2.94683981 11.71378326 6.72609806
v -2.47697949 11.71373367 7.21804094
v -4.56525278 9.92980003 6.02100658
v -5.21016884 12.73626423 5.24620390
v -5.61940193 13.17922401 6.17473269
v -4.99405956 11.95784760 6.79846907
v -4.42387342 12.57194901 7.17136621
v -1.62087238 10.83423901 7.89984560
v -1.83627927 12.87473297 7.03881979
v -1.84476113 11.71574116 7.22742653
v -0.97500271 12.09722042 8.43078423
v -1.78614151 12.76918793 8.37221527
v -2.37278914 12.55342960 8.19801235
v -3.06774282 13.02896118 9.54044151
v -2.98824501 12.07323074 8.79484844
v -3.41434121 12.21942806 10.47408962
v -0.09580893 12.97295094 10.19097900
v 0.71282047 12.55649090 10.19489384
v 1.57725894 12.85656452 10.11559677
v 1.28280580 13.02921200 10.96763802
v 2.33820963 12.02540112 9.89276123
v 1.74227715 12.44447136 11.77541447
v 0.87854129 13.13475704 11.86419678
v -2.97810698 12.70971489 12.82058048
v -4.35275698 12.53300285 10.54048824
v -5.18537617 12.11498642 10.38053894
v -6.06321478 12.09149837 10.36061382
v -7.59470224 10.64523029 13.01325226
v -7.11871910 11.57024574 12.76301479
v -6.74923468 9.57662678 12.94088078
v -7.66305828 9.64192200 12.92652702
v -7.86918068 8.74486160 12.42173576
v -5.90201092 8.92147255 12.19604015
v -5.83470869 9.92628670 12.76833439
v -4.91817522 10.17787933 12.37762070
v -4.32670927 11.82309341 12.74966431
v -4.01584482 10.71594524 12.21937752
v -3.49449158 11.45571709 12.33199978
v -4.08515453 9.81276226 12.54891205
v -3.31050229 9.21692944 12.57967758
v -4.21368599 8.67760944 12.64120770
v -4.94617987 8.28107357 12.47332954
v -5.86120796 7.93367195 12.68758202
v -5.58386898 6.99304819 12.87834644
v -6.12188482 6.61337566 13.48963642
v -6.69372702 5.66647863 17.61730003
v -7.53668499 5.21408367 17.73293304
v -7.24077654 6.11089325 16.46603775
v -7.21322298 3.93248248 17.77925682
v -6.74692631 5.83224964 15.31502533
v -8.43921566 4.82191467 12.61907482
v -7.40714979 4.74156332 12.71398067
v -8.03053474 5.44504881 12.43809700
v -9.03048134 4.02236891 12.79528522
v -8.20358372 3.47577143 12.81204796
v -9.32759380 3.34212065 13.10931206
v -7.44990969 4.70472527 13.62298584
v -7.95314503 4.17202997 13.92622185
v -8.30516434 3.53363824 13.46805573
v -8.13457489 3.44109154 14.68511486
v -8.85718155 2.55095673 15.02247906
v -7.82210398 2.94237304 15.47572708
v -8.81296635 2.96410441 16.36089325
v -8.74636650 1.47618032 15.16400909
v -8.94134712 0.56371182 15.54699421
v -9.05231285 -0.01304889 14.62664604
v -8.34737206 -0.28285968 15.65078259
v -8.93447113 -0.56807822 13.71994972
v -8.38551521 -1.29796255 15.61560154
v -9.02837372 -0.79904348 16.54162025
v -8.53939152 -2.72104383 19.22984123
v -7.80845308 -4.07837915 17.42954636
v -7.56709862 -3.64861894 18.35064697
v -7.67575598 -4.09443903 19.36459541
v -7.62029791 -3.22483134 19.30602646
v -8.01603031 -2.93298793 20.24479294
v -7.53628349 -3.17840743 21.24514198
v -8.10140038 -2.57825899 21.16830254
v -8.52915287 -2.24245095 22.16383362
v -8.40674400 -1.78754675 21.16233063
v -8.21076012 -0.99056095 21.23485184
v -9.04307842 -0.24742694 21.34095001
v -9.09903812 0.59397525 21.55776215
v -8.82280350 -2.97845817 23.13431931
v -8.25201511 -1.91888881 23.12327766
v -8.50646782 -3.50046396 24.45431328
v -7.71946955 -3.45203257 23.12784386
v -7.17553186 -3.82106495 24.70058632
v -5.08881426 -1.79637980 24.44794083
v -4.20505333 -2.22829795 24.56924438
v -4.35411215 -1.28029644 24.56507874
v -3.62051368 -0.69550562 24.27976036
v -4.50422430 -0.26358747 24.69933128
v -4.59923029 0.69926971 23.64432907
v -4.88424778 1.78473616 24.01220703
v -5.74597645 2.16646624 24.46495438
v -5.12590313 5.84063101 24.43458939
v -2.63968921 5.25543880 24.76146507
v -1.86062050 5.66602659 23.89943504
v -2.39923835 4.23657179 23.68372726
v -0.87171572 5.13172531 24.22294807
v -2.16470981 3.26282358 24.03243256
v 1.84706974 1.61369538 24.30881882
v -1.02880418 -2.99185848 23.95153046
v -0.27106550 -2.28817225 24.09632301
v 0.62835401 -2.54282618 23.64995003
v -1.30654478 -5.95280123 24.59112740
v -0.36692461 -6.12705374 24.13928413
v 0.00511918 -7.08413935 24.41085052
v -0.22077711 -8.02526569 24.35137749
v -1.13891673 -7.94913006 24.03634834
v -0.47999823 -8.48543930 23.61983681
v 0.62599516 -8.09387207 24.27288437
v -1.67331874 -6.89558315 23.85878372
v -5.58366823 -6.88885784 23.20307541
v -4.90417242 -7.34406328 23.20342827
v -5.40098381 -7.35480356 24.31785202
v -6.31044102 -6.36529636 23.20508385
v -5.68103313 -6.27576113 22.30852509
v -6.56660080 -6.15395451 24.20658493
v -7.11420202 -5.95892429 23.20633888
v -6.23837090 -5.63546228 20.45462990
v -6.15912390 -6.11455727 21.42361069
v -6.93066454 -5.67942715 21.34270668
v -5.39897633 -6.55530834 21.42210388
v -4.99210215 -7.43083858 21.50135040
v -5.43536282 -7.23269606 20.61583328
v -4.35215473 -8.02933025 21.52840233
v -4.51140118 -7.50039911 22.33507538
v -4.90216494 -6.24891043 23.98174286
v -4.55004597 -5.28730822 23.77873230
v -5.58552504 -5.73081970 24.56402397
v -2.13881278 -5.83571243 23.99875641
v -2.82177138 -5.35134792 23.70596123
v -2.58879852 -4.38161516 24.25245857
v -3.63873196 -4.84113646 24.13035011
v -1.82036972 -3.78312278 24.03243256
v -2.63733029 -3.27291131 24.46786499
v -3.43808007 -2.79175878 24.14344978
v -4.17273235 -3.30784225 23.92939758
v -5.08505011 -3.75536895 24.11981010
v -4.31807709 -4.31888008 24.46736336
v -7.21332359 -4.65835190 23.80884552
v -7.52885580 -4.26894283 23.13828278
v -7.16368771 -4.93940449 23.14144516
v -7.20112801 -3.50523186 22.17502403
v -6.46843290 -4.82638121 22.24844933
v -7.68182850 -5.12148666 19.39345360
v -7.32077599 -5.91325283 19.54296494
v -5.88424444 -5.93563700 18.08008385
v -6.67977476 -6.19320154 17.05865669
v -5.66090775 -7.15791607 18.21840286
v -5.31581497 -8.01447487 19.83586121
v -4.07471514 -7.74546719 19.93392944
v -3.10096717 -7.86165237 19.94612503
v -3.77780294 -8.07073593 20.70285988
v -3.24836946 -7.95956898 21.53909302
v -2.85093045 -8.58777237 16.76520729
v -3.94909453 -8.87083340 16.67793083
v -3.92224407 -7.91716051 15.90383053
v -7.32775211 -4.90914106 14.60406208
v -6.31686497 -6.59340096 13.48326302
v -6.17533493 -6.96865702 13.06850910
v -5.64851141 -7.17753935 13.48431683
v -4.02588224 -7.96398592 13.52250957
v -4.92028284 -7.89271879 13.53129292
v -4.51381016 -7.55083799 12.53601360
v -4.84209013 -7.15169239 14.30529213
v -4.85498857 -8.30416012 15.12817478
v -3.78668618 -8.52438545 15.12666988
v -3.42156839 -8.60840034 14.32837868
v -2.64405560 -8.27826309 15.10569096
v -1.93128526 -8.95379353 15.13490009
v -2.21223783 -8.60543919 15.93344212
v -1.51522648 -9.14987850 14.35929489
v 0.85204202 -8.95063210 13.55061531
v 1.58865166 -8.71454716 13.54664993
v 2.50779510 -8.94290352 13.55824375
v 5.32665539 -7.58928204 19.16364288
v 5.04454851 -6.99595928 18.32028389
v 4.52946901 -7.64724922 20.79826736
v 4.89152527 -7.53653431 20.00078011
v 2.40902495 -9.43815804 20.18180847
v 2.64214826 -8.58717060 18.55134964
v 1.55753505 -8.23349571 18.57082176
v 1.29018342 -8.74566460 19.31139755
v 1.40887809 -8.74260235 20.13096809
v 1.24471307 -8.18205261 20.97904396
v -0.93013459 -9.02746964 23.32563591
v -0.00521955 -9.23068142 23.32372856
v 0.93841559 -9.30054283 23.33070374
v 1.85509980 -9.02235031 23.33376503
v 1.29309440 -8.77758408 23.98771667
v 0.71999735 -3.46944761 24.58931923
v 1.53705835 -2.70297623 24.60773849
v 2.34448314 -2.02553844 24.21371269
v 2.72912431 -4.79993200 24.20874405
v 2.95366549 -5.74366760 24.78926849
v 3.70528126 -5.12359476 23.79755402
v 2.41243768 -7.68127680 23.31609917
v 3.49258447 -8.02571678 23.32207298
v 4.18397474 -8.46932888 22.49296570
v 4.58633184 -8.18677044 23.27037811
v 3.92771459 -7.31901932 21.61949348
v 4.91712093 -7.17467880 21.61643219
v 5.55380630 -7.10165501 22.44915199
v 5.41353083 -7.70697308 23.27178383
v 4.56234217 -7.22597075 23.65707779
v 4.75089836 -6.58431721 24.64151573
v 4.59125042 -5.50632858 24.37361145
v 4.36615705 -4.56189013 24.92086220
v 5.10748434 -3.92113996 23.80683899
v 5.73327875 -3.28666282 24.08934593
v 7.21944666 -5.03350735 23.93677521
v 7.17618418 -4.03757620 24.07143021
v 7.72704792 -4.87139988 23.24864769
v 7.83675909 -4.45493984 22.46220016
v 7.78340912 -3.93208098 21.66270638
v 8.64930344 -3.33378959 21.73753548
v 7.72463894 -2.36952710 23.89055252
v 6.70120478 -2.81474495 24.77225494
v 7.53367376 -3.23180747 24.43423843
v 5.92901182 -2.42628980 24.22550583
v 5.03170061 -1.96902657 24.41466522
v 3.99125266 1.08616912 24.13200569
v 7.91500235 -1.44887793 24.37220573
v 8.92337990 -1.90092146 24.28673553
v 8.85888863 -2.27406931 16.83888435
v 8.91931438 -1.41289318 16.83331299
v 8.54154968 -1.77058315 17.67230606
v 8.94034386 -1.47477496 18.47657013
v 8.50681973 0.35307273 16.87903404
v 9.16533661 -0.11483019 17.68475342
v 8.52448559 -0.47839221 16.85971260
v 9.35700417 -0.61806548 18.51375771
v 8.47550201 -1.02875400 19.31199837
v 9.13356781 -0.67006028 20.15013885
v 8.75620365 -0.19096541 20.96213150
v 8.74400806 -0.57987237 21.75439835
v 9.19138432 0.34188080 21.75490189
v 9.49542332 0.93931901 22.52965355
v 8.79379463 1.36521459 23.30023956
v 9.50786972 0.47001082 23.32322693
v 8.73743343 2.31266403 23.30074310
v 8.12112427 3.32575941 20.85352325
v 8.77723217 2.11010504 16.87431717
v 9.51394272 1.78568983 17.69684792
v 8.84699345 1.20938075 16.88410378
v 8.67339325 4.08997250 16.88500595
v 8.33848858 2.90894794 16.88586044
v 7.85567999 4.84685802 18.48530197
v 7.74601936 5.39616585 17.71270752
v 7.82315826 4.74086094 16.89554596
v 7.02521896 5.46522474 16.90889549
v 6.53673887 5.46241379 16.05600166
v 6.76077795 5.24038219 15.23818684
v 7.68509102 4.72846460 15.25951672
v 7.37914467 3.95637178 16.08536148
v 8.53015709 3.63562012 14.43256950
v 8.73858738 4.19777632 15.25916576
v 8.26631832 4.05735016 13.56853199
v 7.52790213 4.10924435 12.38695526
v 7.90897942 2.90197182 13.55658722
v 8.27284241 2.71712923 12.48743248
v 8.78019333 4.35361004 12.49189854
v 8.37326908 5.07887697 12.72416878
v 9.62034130 2.66859746 13.09987640
v 9.35600090 3.42136765 12.81270027
v 9.92427921 4.23516655 12.88431931
v 10.83895588 4.17338467 12.70519829
v 9.78852081 1.75191319 12.54103279
v 10.66686153 2.38508534 12.37420750
v 9.91012669 0.94167781 12.16703129
v 9.89993858 -0.84130180 12.38801003
v 9.92829418 -0.00220827 12.46304035
v 8.44533920 -5.01935434 12.82017899
v 9.67655182 -4.84655666 12.86971378
v 9.15007877 -4.16846657 12.71704197
v 9.47625160 -3.43090320 12.65044308
v 10.58580780 -3.13318801 12.52692986
v 10.85486603 0.52531803 12.36055660
v 12.73425674 -4.25032330 11.74163818
v 12.43117142 -3.45469236 11.73742199
v 12.31453419 -5.08705759 11.80156231
v 12.77375507 -4.69383478 10.88056183
v 11.83538914 -6.01894903 12.52301502
v 13.15016460 -5.51230097 13.07588673
v 13.04943752 -5.95636463 11.80954266
v 13.50835705 -6.84032631 11.86299229
v 13.14670181 -7.74792624 11.85998154
v 12.93295097 -7.29236984 12.85460758
v 11.97526360 -6.89879513 12.81129551
v 11.97767258 -7.80694723 13.15704060
v 8.28172588 -6.57116795 12.02640533
v 7.89161444 -5.82201099 12.68100739
v 6.60584784 -5.52429581 15.03342056
v 6.14175892 -6.35335159 15.00380898
v 5.71034288 -7.12991095 15.03276730
v 5.81026697 -9.21341610 12.33736992
v 6.39400387 -9.98982525 12.66554928
v 5.49242640 -10.16503143 12.72923756
v 5.39757109 -11.86344433 11.87714577
v 5.54100847 -12.73982716 12.59970284
v 5.22422171 -11.08081245 12.98419285
v 4.54492664 -12.00743389 12.38153553
v 3.90287137 -12.94434357 12.80607605
v 3.72937155 -12.00919056 12.87965107
v 2.15738225 -10.69135380 12.48186111
v 3.03808165 -11.61772346 12.28381920
v 2.20837331 -11.87237740 13.10394192
v 2.36967754 -12.91553593 12.78459549
v -1.80185032 -9.08523655 13.51222134
v -2.57986498 -8.89708138 13.50865746
v -1.92350614 -9.13933849 13.02519703
v -3.34573412 -8.56910229 12.90133286
v -3.54999948 -9.31053066 13.53851986
v -3.94663548 -9.32031727 13.12672710
v -4.71230364 -8.68222618 12.59543705
v -4.73699617 -9.89476871 12.82283878
v -4.86397219 -10.85090065 12.49265194
v -3.54071474 -11.66409779 12.91975117
v -4.29328394 -11.65993214 12.31373119
v -2.68430638 -11.81285477 13.13726616
v -1.67929113 -9.89898491 12.69380474
v -1.36752319 -10.87203026 12.79719257
v -1.87256527 -11.81004429 12.58007908
v -0.98353463 -11.86003113 12.79388046
v -2.30006671 -12.68667889 12.55588818
v -1.99542546 -13.04587460 11.76924133
v -0.66775161 -12.93305111 12.80025387
v -0.99628240 -12.99769402 11.80969334
v -0.17525657 -12.41942692 11.80286789
v -2.45128322 -12.91513443 9.14772034
v -1.99908924 -12.21982956 10.06129265
v -1.50267959 -12.66304016 10.90681076
v -2.71130753 -12.25626564 8.19941807
v -1.75492454 -13.48627377 8.29949284
v 0.85500312 -13.25315094 11.79910374
v 1.60360765 -12.39082050 11.78986835
v 0.31106535 -12.97736740 7.42632151
v 0.79628313 -13.08712864 8.45838833
v 1.76345646 -12.27769661 8.34581661
v 2.59391761 -12.79588795 8.12498856
v 2.05424595 -12.45029259 7.71143961
v 2.43828464 -11.98334312 7.14235783
v 1.88962913 -10.30078983 8.12679577
v 2.11427069 -9.49421883 7.18145418
v 2.47381783 -10.34174347 6.94858170
v 2.63502169 -8.72985458 7.39901924
v 3.81780267 -6.62913513 6.59952402
v 4.12545538 -7.42341042 6.23827076
v 3.34829378 -7.27635956 6.79530764
v 2.94086742 -8.00403595 6.91616011
v 3.44952297 -8.79620361 6.99094057
v 4.51019669 -7.94481373 5.60273981
v 3.88876867 -9.44458294 6.67480612
v 4.26367331 -8.72157383 6.40529633
v 4.31270695 -10.20919704 6.60218382
v 3.50141740 -10.27805519 7.24152899
v 2.92576075 -11.10555553 7.04705048
v 3.59205699 -11.92276669 7.68900537
v 3.94984746 -11.92909050 6.46788073
v 3.75210667 -12.36798477 7.14953470
v 4.17102623 -11.14450073 5.95209837
v 5.10422230 -12.84321499 6.79214573
v 4.27637053 -12.83041668 7.49196720
v 3.52430320 -12.91182232 7.88157701
v 2.32169795 -12.60783291 11.79112339
v 3.30126762 -12.54248810 11.67875290
v 4.11576891 -13.14379120 11.68276787
v 4.40294504 -12.74354172 10.75755119
v 5.00560284 -12.89305115 11.74003220
v 5.82642794 -12.12763405 11.73476219
v 7.50381184 -12.79638958 9.96387768
v 6.62517023 -13.07699108 10.01752853
v 6.26110601 -12.04793549 10.85034943
v 6.79666233 -11.93260384 11.76893997
v 7.62827826 -12.53551197 11.77436066
v 8.17924213 -13.05169582 10.68799114
v 8.57713318 -12.33812237 11.56889057
v 8.79434681 -12.39202499 12.25315475
v 9.34611320 -12.13787270 11.56613064
v 8.45251560 -12.33044434 9.75971317
v 9.24719334 -13.00863457 9.32202339
v 8.57196331 -12.32753277 8.59891415
v 10.22550774 -12.75633907 11.76331902
v 11.01441383 -12.63689232 11.76547718
v 10.35444069 -12.01656818 11.87689495
v 11.14078712 -11.88085938 12.74334049
v 10.35092831 -11.88131142 12.67287636
v 9.52327728 -11.87428474 13.12888527
v 8.75560093 -11.87393379 13.22173309
v 9.70741749 -9.17928886 12.58243752
v 10.10475540 -8.31720924 12.55493450
v 10.96106339 -8.29407215 12.23237610
v 11.73872757 -8.68855000 13.12923622
v 12.79448223 -9.01406956 12.71869850
v 11.94158745 -12.57290268 11.92156219
v 12.90052986 -12.96025372 10.39414024
v 11.81481171 -12.62851048 11.02329731
v 11.81952953 -13.19217205 10.23790455
v 12.69511032 -10.45853138 11.76025772
v 13.27503300 -9.48252487 11.89591599
v 12.36447144 -8.66737080 11.88452339
v 12.30248928 -11.94048309 10.23077774
v 12.50153446 -12.03950405 9.16428280
v 12.52070713 -12.03985500 8.27434826
v 12.85214806 -11.84753513 7.36408806
v 12.03849983 -11.13120079 6.09076786
v 12.98032856 -11.85009480 6.50973749
v 12.69601345 -7.87711048 6.36870909
v 12.51107025 -9.13898754 7.24574518
v 12.64978981 -9.68397903 8.83595276
v 13.09044075 -8.82089615 8.75504971
v 12.07955360 -8.17216587 7.15711308
v 12.66539860 -8.46767235 7.94099951
v 12.39051914 -7.20579529 7.06381321
v 12.68346691 -6.50065374 7.71179104
v 12.64748192 -6.20604992 6.92378902
v 13.25596142 -5.25348139 6.71616077
v 12.95106888 -2.64325261 11.76537704
v 13.34499454 -1.79186296 11.77024555
v 12.31403255 -2.26262665 9.03886223
v 12.75468349 -2.58267546 8.13954353
v 12.42720604 -2.94247341 7.41658497
v 11.73882771 -2.22995424 7.16489220
v 11.74379635 -2.98412943 6.88213253
v 10.99343491 -3.37961125 7.31420135
v 10.16653728 -3.36590981 6.99114132
v 9.78756714 -2.63517213 7.44755077
v 10.99217987 -1.72616684 7.46792746
v 11.99659348 -1.44160068 7.17006159
v 9.17125893 -1.71106017 7.14822960
v 10.11614799 -1.72385812 7.51866722
v 10.37823009 -0.93911827 7.72463894
v 7.41558123 -2.00631642 7.73076200
v 8.28569126 -1.76370740 7.08484221
v 8.61587811 -0.98202902 7.60524178
v 6.58371496 -1.63703287 6.10712910
v 4.64816332 2.44857311 7.03440332
v 5.50713158 2.80315161 6.90893316
v 5.44555092 2.17178631 7.72684717
v 6.38537169 2.97469425 6.58833218
v 5.58788395 3.30011320 6.23495817
v 7.24945879 3.42312407 7.62260675
v 6.24258661 1.62483716 7.66049862
v 11.61817551 3.57122898 12.71714306
v 11.96266651 4.44324589 13.06991386
v 12.72753143 3.03005147 12.65797138
v 11.61426067 2.76014042 11.99413395
v 13.00125694 4.86000729 12.93159580
v 12.67127037 2.61108208 11.74108601
v 12.94855976 2.11803484 10.94425106
v 12.43066978 2.40340400 10.09301186
v 12.78073120 2.47201085 9.03118420
v 13.00291348 4.61237955 8.76568890
v 13.72230816 1.64591610 8.40543938
v 13.38348866 2.31457114 8.06822586
v 12.73144627 0.88059902 8.38907814
v 12.43639088 0.67457718 7.86837769
v 11.93551445 1.02137637 7.01929665
v 12.55528641 5.32509947 6.46783066
v 13.00963879 5.92088175 5.92143345
v 12.50941467 5.28515005 5.68399429
v 10.38831806 4.76585436 6.64138079
v 10.38058949 3.23195791 6.42476940
v 9.66390419 3.67853093 6.32118130
v 8.94731998 3.46277261 7.02556992
v 8.13492584 3.02623725 6.68002558
v 7.34787750 3.95908213 6.70401525
v 10.42254639 5.04203892 5.25749636
v 9.63293839 5.33338070 5.22733355
v 8.80764675 5.92243719 5.22683144
v 7.43495369 4.28921890 5.93945122
v 6.54868364 4.37313318 6.12339020
v 5.64028025 4.42994595 6.51997614
v 5.53563833 7.77377319 5.77423239
v 5.63751984 9.23730564 4.83571625
v 6.10206032 8.50094700 4.40896749
v 5.20183802 8.48057079 4.92846346
v 4.69388485 8.51108551 5.78171015
v 6.51023960 8.03078556 3.61589622
v 6.75751591 9.04036808 3.40621090
v 7.56925678 6.28986406 3.42573404
v 8.12117481 6.71284866 2.97835779
v 8.39289284 6.95234585 2.24099541
v 8.42039585 7.26707506 1.47723424
v 7.60147762 7.42270803 0.95578068
v 6.92835569 9.76242352 2.79100609
v 7.03967285 9.78310108 2.03301644
v 7.71053600 11.65084743 1.21399808
v 7.59063721 12.50148487 1.52014494
v 8.36619282 11.97671890 2.02553844
v 8.49567795 12.38028049 1.35517693
v 8.91806030 12.55327892 2.67050457
v 9.68011475 12.45962811 2.67246199
v 9.27118301 12.22655487 3.47205758
v 9.83173275 12.64738083 4.28143978
v 10.46781635 12.42133427 4.86151266
v 10.66962147 12.99493313 4.05423832
v 8.74962902 12.42409515 5.04138660
v 9.06942749 13.20858383 4.27938175
v 4.95947981 12.88451958 7.85698462
v 5.50607777 12.52969074 8.44453621
v 8.00483894 12.96467018 8.64398289
v 8.93743229 12.80045509 8.67821121
v 8.57768440 12.26851177 7.88067341
v 8.22827625 12.15920258 7.16795349
v 9.16086960 12.85822105 7.20218182
v 9.74827003 12.72522259 8.74450970
v 9.17547417 12.51779556 9.50776958
v 7.54546785 12.44080734 9.38174725
v 7.18571997 12.97089291 8.58430958
v 6.71229649 12.52181053 7.70757532
v 6.25292540 12.55869865 8.44538879
v 5.97945118 12.02454758 9.32122040
v 7.26868105 12.93992710 7.07741451
v 6.33633804 12.44637775 6.93889523
v 7.85186577 12.35016823 6.39887238
v 8.34034538 12.50449562 5.74176073
v 7.38155365 12.37069511 5.65177345
v 9.22074413 12.60075665 5.78908777
v 6.96815491 13.07684040 4.83621788
v 6.01382971 10.06977463 5.40936518
v 4.99787378 12.32938957 6.98321152
v 5.48916435 12.68913746 6.60188293
v 4.61222887 10.04332542 5.07867622
v 4.05112696 9.21351719 5.82718039
v 3.62653613 10.00844479 6.32243586
v 4.67772436 10.01356411 6.24248648
v 4.46542883 10.85070038 5.85362959
v 2.77308893 11.60296822 7.98872852
v 2.94217229 12.53741932 10.38877010
v 2.16917634 13.01551056 13.12963772
v 1.85705709 11.54660702 13.43919754
v 3.53308606 9.46465778 12.73064327
v 4.75767374 8.45517540 12.94163322
v 4.09995985 8.74215126 13.05505848
v 4.77679539 9.82591152 12.25546265
v 6.25563574 8.82440948 13.00336456
v 5.37940311 8.06767464 12.85119438
v 5.87601328 9.89823246 12.82946301
v 7.16388845 12.47092056 12.57681656
v 6.38913584 11.63373375 13.11207199
v 7.18376255 11.62409782 12.20136070
v 8.19209003 11.55935478 12.38349247
v 5.57624054 12.84160900 12.95267487
v 6.14321470 13.01636314 10.15388966
v 6.99912119 12.48753262 10.16794205
v 8.47941685 12.30891323 11.87483692
v 8.13623142 12.21320438 11.04798985
v 7.61623287 13.30640030 11.85275459
v 8.68242741 12.16156101 10.26470470
v 7.81828976 12.69842243 10.22761631
v 9.49331474 12.12893867 10.33100319
v 8.78481102 12.64075661 12.75388050
v 9.01808453 11.55905437 12.51895046
v 9.49416828 10.59991074 12.98635101
v 11.65451145 9.97326279 12.65571213
v 12.14203835 12.30816078 10.34902096
v 11.17371082 13.06554794 10.50776577
v 10.39338684 12.94459438 10.39504337
v 10.76467800 12.58203602 9.68568611
v 10.59243298 12.13536263 8.82857513
v 10.35444069 12.79091930 7.99901676
v 12.71011639 12.52888775 9.88804340
v 12.96467018 10.97396183 10.46826744
v 12.74760628 11.79132462 10.27971077
v 12.88542271 8.50983047 8.32267952
v 12.57751942 8.46014404 7.42436409
v 12.20502377 9.29070568 7.93367195
v 12.86113167 9.28408146 6.17242384
v 12.89937496 8.39434814 6.49212170
v 12.69004154 8.43735886 5.62918901
v 12.48477173 10.12307453 5.76288986
v 13.15623760 10.08001328 6.62582254
v 12.76933861 10.91900635 7.07199383
v 12.84336567 10.07996273 7.48152828
v 12.92035389 10.12964916 8.37984371
v 10.20101643 13.25581074 7.16017437
v 9.85155678 12.73947620 6.44740391
v 10.26089096 12.96085548 5.74708033
v 12.54625225 12.36748219 6.29759264
v 12.74314022 11.74384594 6.66973686
v 12.02414608 12.29169846 4.15160322
v 13.30348969 13.12015247 4.57072353
v 11.94565201 11.73922920 4.06753826
v 12.72321510 10.12648678 4.88846397
v 12.65501022 9.28372955 4.38397360
v 12.97355366 10.08307457 3.96294641
v 13.09807014 7.71169043 5.12339401
v 12.49481010 8.60232735 4.80389690
v 13.07392883 8.55841255 3.87752652
v 13.01601219 6.79877043 4.62994528
v 12.57355499 6.63661289 5.45759583
v 12.18203831 8.28077221 1.33791220
v 12.93189716 8.10411072 2.12837362
v 12.38354301 9.11931419 0.95457613
v 12.88502121 9.14465904 2.64776945
v 12.68406868 8.20112419 2.93961287
v 13.78514385 9.93411636 1.45515144
v 12.39864922 10.85250664 1.90669310
v 12.72381783 9.96954918 2.28857374
v 12.48502254 10.06480598 3.09926081
v 12.99021530 10.90851688 3.60370064
v 12.57736874 11.72653103 3.20435452
v 12.47132206 11.72537708 2.31989098
v 12.85490894 12.67122078 2.78408003
v 12.02264118 12.82569885 3.18287420
v 11.29160213 11.68833828 3.66583347
v 10.66124058 12.89505959 3.08565998
v 10.30801678 12.88923740 2.28400660
v 10.17868233 12.43689251 1.47055924
v 13.05184650 11.69491291 1.48616767
v 12.84246254 11.69360828 0.66298378
v 12.98168373 11.70500088 -1.01229239
v 13.64225864 11.71016979 -0.18444097
v 12.30755806 12.13039398 -2.22353005
v 13.01510906 11.76602936 -1.82267833
v 10.21707630 12.36783409 0.62318468
v 9.36503410 12.61586285 1.02343416
v 8.53346920 12.43483543 0.50755143
v 7.96624422 12.29064465 0.13048886
v 7.74898005 11.68316936 0.29063883
v 10.11981201 12.66640282 -1.90774703
v 10.27951050 12.38299084 -5.89162207
v 9.47835922 12.96682835 -5.46793461
v 9.49622631 13.03809452 -7.15957212
v 10.25772858 12.21922684 -6.73051453
v 7.18040037 12.78901196 -5.83385563
v 8.68327999 12.23779678 -4.89554024
v 7.86606884 11.79418468 -3.38919711
v 8.34897804 11.81551456 -4.18297100
v 7.33021116 12.37054443 -2.88259912
v 7.66029787 11.62590408 -2.97926140
v 6.82130480 10.77451515 -2.76450682
v 6.95676231 9.89130592 -3.25604820
v 6.21413040 9.95941162 -3.73037529
v 5.81824684 9.88051605 -4.43406153
v 4.30477715 12.81365395 -7.29312229
v 4.13473988 12.62564945 -6.38647604
v 3.43908405 11.72793674 -7.45201778
v 3.92515492 10.84417629 -7.05668688
v 3.76681161 11.68246651 -6.16449404
v 4.83165073 11.67237854 -6.36012697
v 2.53073096 11.73099804 -7.42351103
v 2.02980423 10.91012287 -7.02411461
v 1.83361936 8.42350769 -7.79500246
v 2.65635157 10.05632401 -7.53091335
v 2.93730402 9.12613964 -7.04514360
v 3.60490513 9.98355198 -7.48785210
v 2.44250035 8.32559013 -6.66938591
v 3.24811864 8.24624348 -6.56640005
v 3.96921992 7.25643492 -6.66803074
v 4.54146385 8.05989456 -6.91500568
v 4.48189068 6.33970070 -6.78040171
v 4.12068748 5.39887619 -5.54678011
v 4.71933031 6.14527225 -5.44053221
v 4.95134926 4.79190207 -5.96524763
v 6.55335093 3.89288402 -5.97884893
v 6.03997755 4.75782442 -5.41659212
v 5.86020422 4.29353523 -6.07420588
v 5.73076916 6.84293604 -4.40590620
v 5.11887693 6.58210897 -4.93222761
v 5.62517357 5.46768379 -4.68916702
v 6.49593592 5.51691818 -5.26984262
v 11.04096317 4.53589296 -6.33488274
v 10.25386429 4.15822792 -6.28424263
v 9.52869797 3.41323709 -6.11184692
v 10.33436584 1.63176310 -7.95625687
v 11.13125134 1.33299387 -8.23996925
v 12.81731796 -4.40901756 -6.24469471
v 11.77099800 -4.52916765 -6.62762928
v 12.65204906 -3.87903214 -7.81623220
v 12.83638954 -3.18678880 -8.10938072
v 12.89736748 -2.97695255 -9.05346680
v 12.96532249 -4.63315725 -8.38109875
v 12.79267597 -4.62979460 -7.28760195
v 13.13540936 -5.20414639 -6.86612272
v 12.81646442 -6.01147079 -7.30210590
v 12.61054325 -7.09121609 -7.67680979
v 13.11573601 -2.49213648 -10.02997589
v 12.63925076 -1.61374557 -10.07986259
v 12.64532375 -2.03407025 -10.91032410
v 12.84973907 -4.47606897 -12.81736851
v 11.54384708 -4.86146259 -12.47940159
v 11.54490089 -4.12706137 -12.59147167
v 9.09135914 -4.50111246 -13.01646423
v 9.37647724 -3.90211868 -12.11759663
v 10.54184341 -3.71968508 -12.77636433
v 11.73491287 -3.33469296 -12.71889877
v 11.78229046 -0.92988366 -12.63749409
v 9.56824589 -3.10859585 -12.58810902
v 11.81415939 -0.04707636 -12.20100880
v 11.81952953 0.67392474 -12.78650284
v 11.81355762 1.35462487 -12.29194927
v 11.63543987 2.20616508 -13.14083004
v 8.65537548 0.35026219 -12.44376850
v 9.41236210 0.07653673 -13.58971119
v 8.78862476 0.82619518 -13.58388996
v 9.00809765 1.38799989 -14.34810257
v 9.43088150 -0.09560818 -15.90890026
v 8.58757210 -0.19171824 -15.04155064
v 9.16639042 -0.35211915 -14.27849197
v 9.45512199 -0.86253130 -13.42981243
v 9.20654106 -1.66850078 -13.43006325
v 9.49241161 -2.42548656 -14.11437702
v 8.67750835 -2.88525915 -14.74303246
v 8.21874046 -0.85680991 -16.44676590
v 8.75008106 -0.08155553 -16.70995140
v 8.51314259 -2.56370449 -16.09374237
v 8.53718281 -1.77710760 -16.22408104
v 8.83700657 -3.49705100 -15.39010620
v 7.51676035 -3.33604789 -14.76501465
v 8.32739735 -3.41790462 -16.10122108
v 8.29693317 -4.49167728 -18.26577950
v 7.78948212 -4.74542809 -18.95330620
v 8.54631710 -4.06236887 -19.02617836
v 6.90657425 -5.25448513 -18.86246490
v 6.75209570 -4.59466314 -19.63164711
v 8.81276512 -0.47964692 -24.02329826
v 8.15023327 -0.83432567 -23.42304993
v 9.37401772 -0.42132843 -21.71439934
v 8.94641590 0.45214388 -21.72594261
v 8.92975426 1.34664500 -21.75414848
v 8.83143520 2.23085761 -21.78185272
v 8.37883949 2.98633790 -21.83239174
v 8.87610245 3.67848086 -22.56107140
v 7.94165182 1.68034518 -24.12909508
v 7.72504044 2.53454518 -24.53521729
v 6.97929668 2.20400691 -23.71890831
v 4.90065956 0.40878144 -23.95343781
v 8.18757343 -1.64737165 -24.38620949
v 6.32007694 -2.37073159 -23.89195633
v 4.88389683 -4.23155260 -24.34861755
v 4.46025944 -6.98807955 -24.29602051
v 5.06000662 -6.44895983 -24.97004509
v 6.10401773 -6.79806757 -24.29396248
v 6.02662754 -6.36499548 -23.32919884
v 6.68323755 -5.72263908 -23.36553574
v 6.83917189 -6.64429188 -22.56639099
v 8.17236614 -4.82266712 -21.86109924
v 7.59435081 -4.89654398 -22.60880089
v 7.14080191 -5.03059626 -23.36588669
v 6.65543365 -5.00956726 -20.32760429
v 6.98321152 -6.35606194 -18.61423492
v 6.49342632 -7.14541912 -21.76825142
v 5.35315466 -7.24730062 -21.70145035
v 4.66698408 -7.83254337 -21.67665863
v 3.91787767 -8.27515125 -18.40756035
v 3.22081614 -7.95073605 -19.21483421
v 1.19989514 -8.81878853 -20.02883530
v 0.56526768 -8.82636642 -24.02455330
v 0.98980814 -8.55851269 -23.30355263
v 0.20321129 -9.18415642 -23.32387924
v 1.51055908 -8.45086002 -22.49246407
v 1.76235235 -7.85929346 -23.29783058
v 2.07768369 -8.65909004 -24.06520653
v 1.68832505 -7.79169035 -23.66114235
v 1.04973269 -8.23690796 -24.14254570
v -1.11151409 -6.55018902 -24.14179230
v -1.79768467 -7.19314814 -24.50776482
v -0.60747582 -8.17316914 -24.82560539
v 0.21500549 -8.28333187 -24.29868126
v -1.35999501 -8.08528996 -23.72819328
v -0.17555770 -7.98822641 -22.44187546
v -2.20842338 -7.92514038 -23.98249626
v -11.95880127 12.11082077 1.97294128
v -12.95980167 11.66901588 2.20360541
v -12.84080601 12.11664295 2.42076898
v -11.96878910 12.85947609 2.20275235
v -12.30620289 13.16742992 1.97218847
v -12.28522491 11.86279202 2.42036748
v -12.53611469 12.13912678 0.63417584
v -12.64923859 12.14033127 0.19493027
v -12.60938931 11.71543980 0.41400099
v -12.19599056 12.67634010 -1.49419773
v -12.18996716 12.05430984 -1.08702230
v -11.76793671 12.78454494 -1.30217838
v -11.45677090 12.41762066 -0.29947191
v -11.39779949 12.59312820 -0.70514166
v -11.82244110 12.15077114 -0.48858038
v -12.96497059 10.15524483 -3.85644746
v -12.47614002 10.16131783 -4.28159046
v -13.59001255 11.62063503 -3.82272124
v -13.28627491 11.14560509 -4.15466452
v -13.34941101 11.13998413 -3.72947192
v -11.77988148 11.96703243 -5.28846216
v -11.43042183 12.69992828 -5.16218948
v -9.82646275 12.47739410 -2.76485801
v -9.44357872 11.93932819 -2.44957685
v -11.13883018 9.94104195 12.24678040
v -11.66510105 9.64397907 12.27689362
v -11.24768734 9.49542332 13.30695248
v -12.09079647 10.57873154 12.29701900
v -12.09330559 10.18736553 12.42725658
v -11.57260513 10.48201942 13.20431805
v -12.61395645 10.49090195 11.83659363
v -12.14449692 10.18821812 12.24502373
v -12.46780872 10.58053780 12.25079536
v -12.67568684 9.50671482 11.32623196
v -12.23438358 9.65341473 11.78404713
v -13.37109280 9.95303726 11.38078594
v -12.05867577 11.34379768 11.90229034
v -12.17586517 11.72106075 11.55920506
v -12.93721676 11.26073647 11.49752331
v -12.71167183 9.90099239 9.53998947
v -12.47779560 9.50054169 9.36734295
v -12.78785706 9.43835926 9.90781784
v -12.10038185 8.35811234 9.66380405
v -12.85887337 8.66691875 9.96969986
v -12.47759533 8.72910213 9.42922497
v -10.38199425 11.62665749 12.95036602
v -10.10585976 12.09556389 12.96968842
v -10.52136612 12.09526253 12.88863468
v -9.46390533 11.62761116 12.33812237
v -9.74008942 11.16553020 13.26263618
v -10.56136608 12.35051918 9.89145660
v -10.46977329 12.54660416 10.33291054
v -9.84297466 12.54243851 11.51544094
v -9.52066708 12.45521164 11.91574001
v -10.47388840 12.83257484 11.87052059
v -10.56758976 12.32652950 12.26504898
v -10.15203285 12.33536243 12.26519966
v -11.76507568 13.41816902 10.03619862
v -11.27694702 12.75408077 10.32864475
v -11.36317062 12.28703117 9.88608646
v -12.14264011 12.56612682 10.88382435
v -11.66369629 12.64632702 10.82666016
v -12.14595318 12.84702873 10.53235722
v -11.75433540 12.39854908 11.57737255
v -11.37526512 13.33510780 11.93315506
v -11.27258110 12.14088345 11.51719761
v -12.22991753 12.23729515 11.97536373
v -12.22785950 12.44974041 12.31975365
v -11.84226513 12.02509975 12.31769657
v -12.45867443 11.81059647 12.32181168
v -12.70735550 12.18479824 12.32191181
v -13.26745415 12.19127274 11.98530102
v -12.55378056 12.09942818 10.51805401
v -12.83643913 11.63609219 10.79815388
v -12.73445702 12.10163689 10.86952114
v -12.29054451 11.19579315 9.89562225
v -12.58414459 11.18274403 10.31097794
v -12.43152237 11.64748573 10.03133106
v -13.01189709 10.27017498 10.54314804
v -12.67337894 10.28583431 10.12794304
v -12.22213840 9.82315063 10.49567032
v -12.22635365 11.80738449 12.21762085
v -11.84693241 12.18846226 13.12175846
v -12.22314167 12.17892647 12.02038193
v -11.32367229 11.72086048 13.03116894
v -11.70821285 11.34525299 12.95558548
v -11.18133926 11.24864101 12.46394444
v -12.18811035 8.48082161 12.27458477
v -11.77054596 8.76443481 13.12642574
v -12.19016838 8.91409492 12.33496094
v -10.31609726 9.34832191 12.56266403
v -10.21767902 9.79619980 13.24913597
v -12.19553852 8.77427101 11.73656940
v -12.37882519 8.48674393 12.20161152
v -13.58213329 8.91590214 12.21415806
v -12.69596291 8.08739853 10.57170486
v -12.85847187 7.77859116 10.26580906
v -12.76120758 7.82255602 11.80532646
v -12.80712986 8.10953140 11.34294415
v -10.67127800 11.49787521 -4.24691010
v -10.54771519 12.50394344 -3.84390044
v -12.45280266 10.33782864 -5.64148474
v -12.28923988 11.19534111 -5.43179941
v -12.61656570 11.66976833 -5.48700619
v -12.26369381 12.38093281 -4.22934437
v -11.90685654 12.54083252 -4.48756170
v -12.27072048 12.78314018 -4.61704683
v -11.78289223 12.56000423 -3.69725108
v -11.29491425 12.15026855 -3.55371332
v -11.42093658 12.34700584 -3.95607066
v -12.71448231 12.09149837 -4.30322123
v -12.77857304 12.09159946 -4.69042206
v -12.58655357 11.61807537 -4.63536549
v -13.16215992 10.32503128 -2.09018040
v -12.54384327 10.28186893 -2.53600073
v -12.74007893 11.65215302 -2.20681739
v -12.92863464 11.17471409 -2.48631454
v -12.96838379 11.21827698 -2.04059482
v -12.71513462 12.08728313 -2.74563599
v -12.54539967 12.08517551 -3.11848283
v -12.53571320 11.60643196 -3.02523351
v -12.14494896 12.92316437 -2.69459486
v -11.66183949 12.85430622 -2.92199683
v -12.14499950 12.87598801 -3.06709027
v -11.28522778 12.86650181 -1.93791008
v -11.23644543 13.28185844 -2.35793352
v -11.71935463 13.33380318 -2.13048148
v -10.41712570 12.82760620 -1.84988022
v -9.98114300 12.72090626 -1.95407057
v -10.36402702 13.00165844 -2.26930165
v -10.05838203 12.60401917 -1.11738610
v -9.64648914 12.38344288 -0.80436343
v -9.62239838 12.39900112 -1.22162664
v -10.61682415 13.09044075 -0.20250866
v -10.14380169 13.60070229 -0.29475424
v -10.55559444 12.70223713 -0.60782713
v -10.39860630 12.51373100 0.46223167
v -10.11921024 12.97586155 0.72170377
v -9.92553425 13.01982689 0.36993590
v -12.43598938 11.26736164 -0.72657198
v -12.41004181 11.27835274 -0.26629764
v -12.64426994 11.70485020 -0.48536834
v -12.37290287 11.69145012 -1.35261738
v -12.44657898 12.12793541 -1.11161447
v -12.77224922 12.13134766 -1.52009475
v -12.27167416 13.48361397 0.60541809
v -11.88999367 12.61204910 0.35513043
v -12.25987911 12.66946411 0.16562048
v -10.94580650 12.45395660 1.51487517
v -10.62932110 12.55588818 1.29414833
v -10.90876770 12.68748188 1.03472638
v -11.59288120 12.46685505 1.50513875
v -11.55152607 12.18755817 1.02529109
v -11.92788601 12.63644028 1.27432406
v -12.68883610 11.26726055 1.08426201
v -12.81626415 11.24392319 1.53550255
v -12.60010433 11.69084740 1.30433643
v -12.79548645 10.44181824 -0.26740178
v -12.41270161 10.43057632 -0.72762591
v -12.83729267 10.38465405 1.55402184
v -12.73305225 10.40884495 1.10283160
v -12.80331516 12.73651505 1.74147415
v -13.41560936 12.12060738 1.52446115
v -11.82550240 11.21290684 1.98664260
v -12.22424603 12.16261482 2.63808322
v -11.63057232 12.50650311 1.98523736
v -12.29260254 12.33430862 1.52410984
v -12.22941494 10.43303585 0.65159106
v -12.89470768 10.45301056 0.19282238
v -12.89340305 12.14143562 1.07317042
v -12.56883717 12.50504780 0.85425031
v -12.64256287 12.57977772 -0.02404006
v -13.26529598 12.14555168 -0.24451604
v -12.28668022 11.28869152 0.19407707
v -12.52918816 11.29029751 0.63302153
v -12.19634151 12.80677795 -1.90202558
v -12.91844654 12.86002827 -1.68671906
v -12.32893848 12.26896381 -0.87036067
v -12.19839954 12.70083141 -0.67899376
v -11.33526516 12.48467159 -1.11040998
v -11.33677101 12.70820904 -1.51813745
v -11.51925468 12.51669121 0.10559560
v -11.08869171 12.39784622 -0.11001214
v -10.96693611 12.51463413 -0.92079961
v -12.24903870 11.89340687 -0.27327377
v -12.75167179 10.41933441 -1.18785012
v -12.58294010 10.36814213 -1.64441049
v -13.01139450 10.14917183 -3.43130469
v -13.56376457 10.65933323 -3.63627267
v -12.78956413 10.66831684 -4.48655796
v -13.04286289 10.16744041 -4.70673275
v -12.83623886 12.08693123 -3.49077749
v -12.57004166 12.09084606 -3.91617131
v -12.45531178 11.14490223 -4.58000803
v -12.25300407 11.12477684 -3.30468035
v -12.25977898 12.01330566 -5.00274181
v -11.55433655 12.99121952 -4.74663258
v -11.07197952 13.03924942 -5.03335667
v -12.33074474 10.28593445 -5.17709494
v -10.79494095 12.38068199 -4.65007067
v -10.20929718 12.59147167 -3.08008909
v -10.31087780 12.43348026 -2.68877292
v -9.54515934 12.77310181 -2.05831122
v -10.61792850 10.23925972 12.82143307
v -11.04377365 10.38992405 12.56958961
v -12.09385777 9.79579830 12.33927727
v -12.19343090 9.34741879 12.51132107
v -11.32934380 9.04423237 11.61822605
v -10.81426334 9.34335327 12.73531055
v -12.09671783 10.96899319 13.48567200
v -12.72201061 10.67137814 12.80848503
v -12.50309086 9.88949966 12.50926399
v -11.04161549 10.78068829 12.44933891
v -12.33475971 10.78992271 11.41787529
v -13.34815693 10.40186882 11.42926788
v -13.19904804 9.80011463 12.25737000
v -12.97902393 10.97436333 12.25907612
v -12.71874905 9.36051750 10.86390018
v -13.34705257 9.05823517 11.28593063
v -12.72160912 9.35203552 12.20402050
v -12.53280163 10.25456715 10.95780182
v -13.23106766 11.44281864 12.33290291
v -12.53054333 12.19056988 11.63559055
v -13.06108093 12.10489941 11.22369766
v -12.25174904 11.16452599 11.07448864
v -10.37812996 12.29345512 10.77436447
v -10.16518211 12.58218670 11.11443806
v -10.65295982 13.16461945 9.45000267
v -12.69310284 10.30149269 9.71268654
v -11.80517578 9.10004139 9.19464588
v -12.32125950 8.97572613 10.27559566
v -12.63076878 9.37617588 10.44829273
v -13.04943752 8.04930496 9.35795784
v -13.00371647 7.98712254 9.89843273
v -12.40457153 8.60473633 10.51017475
v -9.19856071 12.37250137 12.31593990
v -8.94977856 12.49721909 12.60542393
v -10.65928364 11.15895557 13.13811970
v -10.24262238 11.15795135 12.99382877
v -9.69035339 12.09501171 12.92903614
v -9.82952499 12.85646439 12.96627617
v -10.66063786 12.65817165 12.76607609
v -10.93687344 12.09400845 12.67654037
v -9.18787098 12.09972954 12.80416870
v -10.01617432 10.69100189 12.22921467
v -10.11925983 10.24407768 12.90313911
v -10.97908115 12.80893612 9.73968792
v -10.79438972 12.55684185 10.62229443
v -10.38063908 12.32065678 11.46148872
v -9.73632526 12.40341759 12.26600266
v -10.79579449 12.45134640 11.46369648
v -10.98485279 13.11839581 12.27558804
v -12.13937855 12.12527561 10.18124199
v -11.19217968 13.42454243 10.77019882
v -12.64718056 12.59182358 10.94088840
v -12.14725780 13.17681503 11.23825264
v -11.18590641 12.95919895 11.12286949
v -12.80903721 12.75152111 10.23870754
v -12.23779678 12.91312695 11.64035892
v -11.46068573 12.29335499 12.32251453
v -12.53495979 12.48070717 11.63252926
v -12.62735653 12.57295227 12.31885052
v -12.22765923 12.76396847 12.87177181
v -11.46364689 12.92642689 13.03473282
v -12.38163567 11.43242931 12.43463421
v -12.55639076 12.18018055 12.60923862
v -12.45892525 12.09812355 10.16683865
v -12.83664036 11.16949463 10.72643471
v -13.20903492 10.75102711 9.76026535
v -12.99121952 10.71875572 10.59067631
v -12.23142338 11.43785000 12.72607613
v -11.46199036 12.18871307 12.81601334
v -12.75157166 8.19871521 12.80075550
v -11.34279346 8.61271572 13.17711544
v -12.24135971 9.06601429 12.28592682
v -10.41451645 8.90044403 12.04030704
v -10.75689888 8.47971821 12.69621372
v -12.17471027 8.62701988 11.27323341
v -12.19363117 8.05306911 12.19955349
v -12.64160919 8.39620495 10.87755108
v -12.99322701 7.46978426 9.95991325
v -11.74886513 7.22235727 9.52172184
v -11.06264400 12.27809811 -4.21378613
v -10.81908226 12.86509705 -3.40656209
v -10.42415237 13.02173328 -3.44084048
v -12.37561321 10.72472858 -5.37619114
v -13.10891056 11.14916801 -4.96650600
v -12.35885048 12.08823681 -5.07837534
v -12.95187187 12.88657761 -3.97122741
v -12.26725674 12.66730595 -3.84209371
v -11.54705906 12.55433273 -4.35832787
v -12.69616413 12.63086987 -4.74608040
v -12.13737011 12.13656712 -3.43958592
v -11.17556763 12.49189854 -3.14914775
v -12.70278835 10.23870754 -2.98177075
v -12.87809563 10.78003597 -1.87392032
v -12.68261337 10.69275856 -2.76535988
v -13.21395397 12.13601589 -1.92842448
v -12.88502121 12.08959198 -2.37314057
v -12.72070599 11.12944412 -2.93178344
v -11.93456078 11.25130081 -1.59326887
v -12.60371780 12.54605198 -2.46649027
v -12.87468243 12.81400585 -3.21173215
v -12.13862514 12.37666702 -2.32109571
v -11.17677212 12.65064335 -2.77655196
v -10.85080051 12.15493679 -1.74533856
v -10.74756432 12.72266293 -2.58463287
v -10.47017479 12.09059525 -1.43040884
v -9.59830856 12.74504757 -1.63883960
v -10.49436569 12.91207314 -1.01314557
v -9.67057896 12.26023102 -0.38715041
v -10.67800331 12.27297878 0.20280980
v -9.73185921 12.84858513 0.01821825
v -10.87167931 12.43714333 0.55457765
v -10.31278515 12.29927731 1.07342136
v -12.77134609 11.25892925 -1.18699694
v -12.75142097 10.83363628 -0.96777558
v -12.49972820 10.85506630 -0.04732730
v -12.66404343 12.12964153 -0.70443904
v -12.25205040 12.07855034 1.04391086
v -11.52572918 12.93636417 0.54464042
v -11.26610661 13.07658958 1.73535120
v -11.18655872 12.37626553 0.77540493
v -12.54268932 10.84231853 0.86408716
v -12.92286301 10.79524231 1.76661837
v -12.59312820 7.59415007 9.17582607
v -11.40643215 9.79348946 12.71578789
v -11.83664417 10.33296108 13.35232258
v -12.53691769 10.16984940 -6.00640202
v -10.87609577 10.08964920 12.27438354
v -11.93857574 9.49773121 13.33515835
v -11.08126450 9.19569969 13.12200928
v -12.36015511 10.81737518 13.47131824
v -12.35654163 10.03870869 12.45987892
v -11.30128860 10.63449001 11.98429680
v -10.52442837 12.26821041 9.08483505
v -13.38173199 9.90515804 -3.96656013
v -9.58425617 13.11242390 -2.80295086
v -10.97320938 9.64146996 12.13952827
v -11.49892902 9.34430695 12.11112213
v -11.83729649 10.72287178 13.68868256
v -12.35493565 10.42962265 12.46565056
v -9.35073090 11.39774990 12.57440758
v -10.35318661 12.52552509 9.96744156
v -9.57361603 12.19503689 11.53531551
v -10.01798058 9.57476997 12.46901321
v -12.56246281 7.82872915 10.60241985
v -12.14730740 7.84980774 11.36442471
v -10.41291046 12.93927479 -4.06231880
v -12.79914951 11.46088600 -5.69132137
v -12.68115807 10.09808064 -2.19838595
v -12.72346592 10.22927189 -0.60757619
v -12.27011776 10.19193268 1.22217870
v -12.11644173 11.43920517 2.31948948
v -12.13716984 12.33616543 2.75366616
v -11.63614273 12.84883595 2.20927668
v -12.29882526 12.69676590 2.64445710
v -12.44813442 10.23609734 0.31216949
v -12.34580135 10.19243431 -1.29605544
v -12.21711922 13.17365265 -5.21468592
v -13.05696583 10.03278637 -5.07466125
v -10.73521805 12.66093159 -4.85809994
v -9.25216198 12.59669113 -2.29203677
v -11.30505276 10.24146748 12.36492348
v -10.77747631 10.53868103 12.17405796
v -11.83067131 9.94435501 12.31734467
v -12.35809708 9.64714146 12.49219990
v -10.10922241 13.20195866 10.79970932
v -12.79322720 10.13230896 9.35610104
v -12.88436890 9.33140850 9.01070690
v -12.77972698 8.76016808 9.15896225
v -8.96644115 12.54835987 12.31900120
v -8.83640385 12.32878780 12.49420738
v -9.81647587 10.47117805 12.74775696
v -11.99774742 12.76652718 9.88759232
v -11.21903038 12.67112064 9.59258652
v -12.07097149 10.97637081 9.62009048
v -12.08382034 11.87739658 9.89135647
v -12.40326691 8.12343311 12.55689240
v -10.50796604 8.48222733 12.17616558
v -10.96964550 8.33863926 12.64341640
v -12.35142231 7.67841578 12.03107262
v -11.91167545 7.24178028 9.92453098
v -10.07449245 12.38113403 -3.29850721
v -12.65109539 11.90610409 -5.51465988
v -12.95066738 9.98857021 -3.09183311
v -9.44051743 11.49205303 -0.64787716
v -9.39238739 12.87588692 -1.48235333
v -10.07634926 12.87970161 1.02724838
v -9.68899822 12.92226124 0.32381311
v -12.38253880 10.57732582 1.88591528
v -12.61019230 7.77964497 9.05853653
v -12.39694309 7.36619616 9.14044285
v -4.79456186 12.78710461 -8.33582878
v -5.10171270 12.58831024 -8.64117241
v -5.22126055 12.31257725 -8.18907928
v -4.11516666 12.76411819 -9.29426956
v -4.54869080 12.87714195 -9.19374275
v -4.24154043 12.28402042 -8.88834858
v -4.70226622 12.71809578 -9.92583561
v -4.26879215 11.63177681 -10.02626133
v -2.39768243 12.50007915 -9.60939980
v -2.22177339 12.58765793 -10.05331326
v -2.72495866 12.53651619 -9.82109261
v -1.22654510 12.56186104 -9.54967594
v -1.47256672 12.52165985 -9.91760445
v -1.64847577 11.83433533 -9.47369194
v -0.64948320 12.11001778 -10.10184479
v -0.49440220 13.26052856 -10.57812881
v -0.89555502 12.80933762 -10.46982384
v 0.04727712 12.85300159 -8.99981594
v 0.27989858 11.96617889 -8.61382008
v 0.41555682 12.33471012 -9.14094543
v 0.62875551 11.30600643 -7.69121361
v 0.38870621 11.73963070 -7.38145351
v 0.20672446 11.27549171 -7.91339636
v 1.40360832 12.15373230 -7.41327238
v 0.98047316 12.15468502 -7.37748861
v 1.25670803 11.74239063 -7.66692305
v -0.62248200 12.13671780 -7.78707314
v -0.44491681 11.70389652 -7.94436216
v -0.21550736 12.13822365 -7.60609484
v -1.48827553 11.26941872 -8.00288105
v -0.99286962 11.29215431 -7.41507912
v -1.30905414 11.68437386 -8.16338253
v -4.49007130 10.40136719 -6.33187151
v -4.37664652 10.42460442 -6.93558311
v 3.71240783 12.81084347 -10.15358829
v 4.19923162 12.58334160 -10.07374001
v 4.31747484 12.59478378 -8.56448555
v 4.69569159 12.44452095 -8.38200188
v 4.65579224 12.94650173 -8.84834862
v 3.64209437 12.43147278 -9.47434425
v 3.79065108 12.67187309 -9.11068153
v 4.12896824 12.32216263 -9.39449501
v 2.58252501 12.08944130 -8.99133492
v 3.01745439 11.93717098 -8.90907669
v 2.86889791 13.20868397 -9.27283955
v 2.37027979 12.73029232 -8.02451229
v 2.76636362 13.26715279 -8.27560329
v 2.33369279 12.48964024 -8.36985588
v -1.12571728 8.02391052 -7.49698639
v -1.21971953 8.44167519 -6.96690035
v -2.24491024 8.80779648 -7.03756523
v -1.81715763 8.80177402 -7.06436539
v -0.45319784 10.03549671 -8.03640747
v -0.64652210 9.62796974 -7.78516579
v -0.21410210 9.64006519 -7.84107542
v -0.47287154 8.44463634 -7.76147699
v -0.26313579 8.84583950 -8.31991959
v -0.65073788 8.83218861 -7.55977154
v 0.65676045 8.06210327 -7.52760077
v 0.44672358 8.44308090 -7.85668373
v 0.21179345 8.02882862 -8.06812572
v 1.11813891 9.65617561 -7.72589397
v 1.60410953 9.63881016 -7.99931812
v 1.32079816 10.07118034 -7.67916870
v -5.19069624 12.85847187 -6.81352568
v -5.03255367 13.09716606 -6.32233572
v -4.77167606 12.94128227 -6.52775526
v -4.50322056 12.79714203 -7.16403866
v -4.49890423 11.70515156 -7.60780144
v -4.92259169 12.53741932 -7.45216846
v -3.48079014 12.79498386 -8.77723217
v -3.02714062 12.52592659 -8.97135925
v -3.35441685 12.60617733 -9.18305302
v -3.27135563 12.59538651 -8.12097359
v -2.93384123 12.98615074 -7.86642027
v -2.81835842 12.45917606 -8.31660652
v -1.83808613 12.18068314 -7.82908010
v -2.09931469 13.27362728 -8.16017056
v -2.21966553 12.08221436 -7.72790146
v -3.74232006 12.42158508 -7.06451607
v -3.39637399 12.83623886 -7.24188042
v -3.73358727 12.52261353 -7.49553061
v -4.03044939 11.25777531 -6.60715246
v -4.57915497 11.66143799 -7.09829235
v -4.15622044 11.26485157 -6.02105665
v -4.97589111 11.68778610 -6.26301336
v -4.68961906 12.12798500 -6.28419256
v -5.02281713 12.12918949 -6.17081785
v -3.27306199 11.70424843 -6.54060316
v -3.05288720 12.13561440 -6.55069113
v -3.49253416 12.13571453 -6.54988813
v -3.00716591 9.62229824 -6.08770657
v -3.71275926 10.00643730 -7.02356243
v -2.31432009 10.04779243 -8.29868984
v -2.26588869 9.63850880 -7.31465292
v -2.03045678 9.62992668 -7.98646975
v -2.31196141 10.43408966 -6.49643803
v -2.83848381 10.44071388 -6.78597260
v -2.89750504 10.05888367 -7.36187983
v -2.33007932 11.32562923 -6.66562176
v -2.71326470 11.71614265 -7.13809156
v -2.79883528 11.29812622 -6.80800486
v -2.11567593 12.14931488 -7.18838024
v -2.01208806 11.72713375 -7.53613281
v -1.83793557 12.14700699 -7.67736197
v -1.38774896 10.44653606 -7.27952147
v -1.17148876 10.01481915 -7.08820486
v -0.92175317 10.41115379 -6.85558319
v 0.43773991 10.06691360 -7.60915661
v 0.64024860 10.47795391 -7.50888062
v 0.21987373 10.47413921 -7.79610682
v 2.77991438 12.60110760 -7.54310894
v 3.15160704 12.65957737 -7.40047455
v 3.17569709 12.95744324 -7.79821491
v 1.52897811 12.73526001 -8.17181396
v 1.15919268 12.64075661 -7.89663315
v 1.56631792 12.77059269 -7.82968235
v 1.25444961 12.90118217 -8.76739597
v 1.02077413 12.65792084 -9.02220058
v 0.88396162 13.02680302 -8.49015713
v 2.19883752 13.11774349 -9.60854721
v 1.67733383 12.63453293 -9.58059216
v 1.91241455 12.11839962 -9.32709217
v 2.21800947 12.35302830 -10.20412827
v 1.69650567 12.46248817 -10.17622375
v -0.03367616 12.21320438 -9.87102985
v 0.33615938 12.29385662 -10.00809383
v 0.12145501 12.49526119 -10.34721375
v -0.48180500 12.81350327 -8.44443607
v -0.64029878 11.95689487 -8.03450012
v -0.24652356 12.91362858 -8.05050945
v -1.29771161 12.43935204 -8.34687042
v -1.13921785 12.44989109 -8.76498699
v -1.56044590 12.81922531 -8.68518734
v 3.92630935 12.86293888 -7.47490358
v 4.33418751 12.15834904 -7.70200443
v 3.95396280 12.50966549 -7.88032246
v 4.23561811 12.75192261 -6.86511898
v 4.57318258 12.25019360 -6.66050243
v 4.64304447 12.18148613 -7.09006166
v 3.97654748 11.25110054 -6.83826828
v 3.59908342 11.70595455 -6.74923468
v 3.40284824 11.29461288 -6.70075321
v 4.02969646 11.67152500 -5.86893702
v 4.54532814 12.12246513 -6.49387836
v 4.15712404 12.12191296 -6.61824417
v 2.84661436 12.15664291 -7.80614424
v 3.11622429 11.74234104 -7.81798887
v 3.08013916 12.15277863 -7.30130291
v 1.82378244 11.33471394 -7.20554447
v 2.38538647 11.30610657 -7.62019777
v 2.28475952 11.69857693 -8.18390942
v 1.25926769 8.44006920 -7.11364985
v 1.53690779 8.82942772 -7.50145292
v 1.08039749 8.84187412 -7.40192986
v 2.26373076 10.07569695 -7.79982090
v 2.34172297 10.48221970 -7.30858040
v 1.86548877 10.47544479 -7.20373774
v 3.15220928 9.55133247 -7.02326155
v 3.14357686 10.00673866 -7.55982161
v 2.61820865 9.59414291 -6.83134222
v 3.75441527 10.42746449 -7.21638489
v 3.75065112 9.95067883 -6.76459217
v 4.15988445 10.39945984 -7.04102802
v 4.55616903 10.76277065 -5.68866158
v 4.77840137 10.33065224 -6.30446863
v 4.40269375 10.35449123 -6.54707766
v -4.48726082 12.68356705 -8.02993298
v -4.36786366 13.30358982 -8.48257828
v -4.98216486 12.77525997 -9.09326649
v -5.34176207 12.07428455 -7.73974562
v -3.68169284 12.66158485 -9.39474583
v -3.98884344 12.68647766 -9.70008945
v -4.85584164 12.18434620 -9.49903679
v -3.93438959 12.41340446 -8.58300495
v -3.83526826 12.12622929 -10.12678814
v -3.41168118 12.70755672 -10.16648674
v -3.05218458 12.15859985 -10.03273582
v -2.57354140 12.39799690 -9.16548729
v -2.07040644 12.80055523 -9.39775753
v -1.71863854 12.83779430 -10.28553295
v -3.22809339 12.51995373 -9.58887291
v -0.98002148 13.08893585 -9.17918873
v -0.80461437 12.80411816 -9.62571144
v -1.29670787 12.35734463 -10.36151791
v -1.82458556 12.33169842 -9.03113365
v -0.40346149 12.55548668 -9.73396683
v -0.09319916 12.66399384 -10.68633461
v 0.70599490 12.51578808 -10.14520741
v 1.17500198 12.40015507 -10.14831924
v -0.18870696 12.63403130 -9.39469528
v -0.32356218 12.43222523 -8.86616516
v 0.14745240 12.76055527 -8.07736015
v 0.51618379 13.09947491 -8.21256733
v 0.78714889 11.90038300 -9.28066826
v 0.55121505 12.82876110 -9.66806984
v 0.83532941 10.89832878 -7.24238253
v 1.05214167 11.33089924 -7.54662228
v 0.53505450 12.17621613 -6.94813013
v 0.18158026 12.15819836 -7.05377579
v -0.23738934 11.27509022 -7.60499096
v -0.02373893 10.86098862 -7.35666037
v 1.76646781 12.15890121 -7.17367506
v 1.54930425 12.91031647 -7.14486694
v 0.84205461 12.23463535 -7.95751143
v 1.60265410 11.31453800 -8.16187668
v -0.77696073 12.91222382 -7.26732588
v -1.00882936 12.13666821 -7.62330961
v -0.64792734 11.26966953 -7.75409937
v 0.02534495 13.14635086 -7.08388853
v -1.76576519 11.31047249 -7.33613348
v -1.61715841 10.87594509 -7.54832840
v -0.80421287 10.85356140 -7.41357374
v -1.33173919 12.15679359 -7.26526785
v -4.46818924 10.81376171 -6.06246185
v -3.65790367 10.41486740 -6.61844492
v -3.85413885 10.83183002 -6.68268538
v 3.22553396 12.44391918 -10.23343754
v 3.49353790 12.34650421 -9.83800602
v 4.46723557 12.67910004 -9.67835808
v 4.68605566 12.58600140 -9.99389076
v 3.93925786 12.76306438 -8.74701881
v 3.97980976 12.37997913 -8.28187656
v 4.73639393 12.37184906 -7.91721058
v 4.61584234 13.17781830 -9.31469631
v 3.15527058 12.86966419 -9.55419350
v 3.45238376 13.03011513 -8.82686806
v 2.14754534 12.54705524 -9.07364273
v 2.29580092 12.79117012 -8.70842457
v 3.16681385 12.04206371 -8.54957962
v 2.72034121 12.38941479 -9.63645172
v 1.97344315 12.27011776 -7.77221727
v 2.40842271 12.47980309 -7.68659639
v 3.20360184 12.51327896 -8.20483780
v 1.89821136 12.87764359 -8.44619179
v -0.70584434 8.04463768 -7.58280754
v -1.18699694 8.79790974 -8.37723351
v -1.54087257 8.79499912 -7.62391186
v -2.42373013 9.22445774 -7.02230787
v -1.75251555 9.21351719 -7.69417477
v -0.21470435 10.43730164 -7.30762672
v -0.66589469 10.43599701 -7.72202921
v -1.04240525 9.61125660 -7.34401321
v -0.82539219 9.22054291 -7.30687380
v 0.02529476 9.24468327 -7.63992167
v 0.23829272 9.64202213 -7.22476625
v -0.27011192 8.06616879 -7.30617142
v 0.20727652 8.83630371 -8.33813763
v 1.15005851 8.05517769 -7.77492762
v 0.68275785 8.85728264 -7.65216732
v 0.59307182 9.65602493 -6.96077728
v 0.84842849 9.24267578 -7.37844229
v 1.80857551 9.21457100 -7.85492706
v 1.96541309 9.63093090 -7.51219320
v 1.59527647 10.49491787 -7.92514038
v 1.11663330 10.51067638 -7.97683382
v -5.34954119 12.50369263 -7.30561924
v -5.00324392 12.43739414 -5.99305201
v -4.21664715 12.79051781 -6.06697893
v -4.51330853 12.38394451 -6.73593521
v -4.08751297 12.12256527 -6.88589668
v -4.06974649 12.40381908 -7.74707317
v -3.60781598 12.26991749 -8.37306786
v -2.69961357 12.69777012 -8.75906467
v -3.72410178 12.77897453 -7.92483902
v -3.05288720 12.73400593 -7.42476559
v -2.59843469 13.04597473 -7.61568069
v -2.36746931 11.60422325 -8.51971722
v -1.66408420 12.22108459 -7.82044792
v -1.45625556 12.41450882 -7.92895460
v -1.98353100 12.21039391 -8.61547661
v -2.40039277 12.32246399 -7.51726198
v -3.49514389 13.10594940 -6.14798260
v -2.96295023 12.77731800 -6.80680037
v -4.55667067 12.13440990 -5.10658073
v -3.60375094 11.27288151 -6.73728991
v -3.70603395 12.14399529 -6.16529703
v -3.91732550 12.13726997 -5.79350424
v -4.98266649 11.23478889 -6.46040297
v -3.47953558 11.25923061 -7.40925741
v -2.74648929 12.14595318 -6.75751591
v -3.10975003 9.63665199 -7.22406387
v -3.33102918 10.44011211 -6.96725178
v -1.77299225 10.46465397 -7.27455282
v -2.11261463 10.46826744 -7.02235794
v -2.75978899 9.64970112 -7.46436405
v -1.35050941 9.61813259 -7.06928396
v -2.18930173 10.87920666 -6.82742786
v -2.96827006 10.85531712 -6.69774199
v -2.10092068 11.31398582 -7.11826754
v -2.46232462 12.15503693 -7.00298548
v 2.39913797 12.51945210 -7.32790279
v 3.09218431 12.65927601 -6.91078997
v 3.52535725 12.33004284 -7.26245737
v 3.57388902 12.84170914 -8.05889130
v 1.49138725 12.61189842 -8.51540184
v 0.75307125 12.20652962 -7.96639490
v 1.62644315 12.44788361 -9.04608917
v 1.15492678 12.88336563 -9.55183411
v 2.48521042 12.70580006 -9.88990116
v 1.44220293 12.65054321 -9.83404160
v 2.73956323 12.70288944 -10.23213291
v -0.71693587 12.69802094 -8.83846188
v -1.03362226 13.00582409 -7.99896669
v 3.90382504 12.31478500 -7.08002424
v 4.71114969 12.39915085 -7.51655960
v 3.89408851 12.45290279 -6.74597263
v 4.41047287 12.73375511 -6.08283854
v 4.14628315 10.81526756 -6.54090452
v 4.40851593 11.22635746 -6.68910980
v 3.66849327 12.12321758 -6.57307482
v 3.13208389 12.15724468 -6.41934919
v 3.45158076 11.30761242 -7.84097481
v 3.21128058 10.87428856 -6.66205835
v 4.53850269 11.23157692 -6.14241171
v 2.24009204 12.14966679 -7.33191776
v 2.87205958 11.30941868 -7.66988373
v 1.70383310 10.91308403 -7.46275806
v 2.49966455 10.90666008 -7.10612202
v 2.13795948 8.80403328 -8.23680782
v 2.30669165 9.62355328 -7.15033770
v 2.77339005 10.47865677 -7.23475361
v 3.18442988 9.50751781 -6.11204767
v 3.25589776 10.44302273 -7.25166702
v 2.59411836 9.16307831 -7.31410122
v 2.22905087 8.76624107 -6.80795479
f 2012 2013 2011
f 2014 2015 2011
f 2016 2017 2014
f 2018 2019 2016
f 2021 2022 2020
f 2024 2025 2023
f 2027 2028 2026
f 2026 2030 2029
f 2032 2033 2031
f 2033 2034 2029
f 2036 2037 2035
f 2039 2040 2038
f 2037 2041 2038
f 2043 2044 2042
f 2041 2045 2044
f 2047 2048 2046
f 2050 2051 2049
f 2052 2053 2049
f 2054 2055 2052
f 2056 2057 2054
f 2058 2059 2057
f 2060 2061 2055
f 2053 2063 2062
f 2065 2066 2064
f 2067 2068 2064
f 2070 2071 2069
f 2071 2072 2067
f 2074 2075 2073
f 2077 2078 2076
f 2080 2081 2079
f 2082 2083 2081
f 2084 2085 2083
f 2084 2087 2086
f 2089 2090 2088
f 2090 2092 2091
f 2093 2094 2092
f 2093 2095 2050
f 2095 2097 2096
f 2099 2100 2098
f 2101 2102 2100
f 2104 2105 2103
f 2107 2108 2106
f 2109 2110 2106
f 2111 2112 2110
f 2114 2115 2113
f 2117 2118 2116
f 2120 2121 2119
f 2123 2124 2122
f 2125 2126 2124
f 2127 2128 2125
f 2129 2130 2127
f 2132 2133 2131
f 2134 2135 2133
f 2136 2137 2135
f 2139 2140 2138
f 2142 2143 2141
f 2144 2145 2141
f 2146 2147 2142
f 2149 2150 2148
f 2147 2151 2150
f 2152 2153 2148
f 2154 2155 2152
f 2156 2157 2154
f 2159 2160 2158
f 2161 2162 2158
f 2163 2164 2161
f 2165 2166 2163
f 2166 2168 2167
f 2134 2170 2169
f 2171 2172 2170
f 2174 2175 2173
f 2177 2178 2176
f 2179 2180 2173
f 2178 2181 2179
f 2182 2183 2181
f 2184 2185 2183
f 2182 2187 2186
f 2189 2190 2188
f 2192 2193 2191
f 2194 2195 2193
f 2196 2197 2195
f 2198 2199 2196
f 2200 2201 2194
f 2201 2203 2202
f 2204 2205 2203
f 2207 2208 2206
f 2209 2210 2208
f 2212 2213 2211
f 2214 2215 2213
f 2217 2218 2216
f 2220 2221 2219
f 2216 2223 2222
f 2224 2225 2223
f 2226 2227 2225
f 2227 2228 2219
f 2230 2231 2229
f 2233 2234 2232
f 2235 2236 2232
f 2237 2238 2236
f 2240 2241 2239
f 2242 2243 2239
f 2244 2245 2242
f 2246 2247 2245
f 2248 2249 2243
f 2249 2251 2250
f 2253 2254 2252
f 2255 2256 2254
f 2257 2258 2256
f 2259 2260 2253
f 2261 2262 2259
f 2264 2265 2263
f 2267 2268 2266
f 2270 2271 2269
f 2273 2274 2272
f 2275 2276 2274
f 2277 2278 2276
f 2279 2280 2277
f 2282 2283 2281
f 2284 2285 2281
f 2286 2287 2275
f 2289 2290 2288
f 2291 2292 2288
f 2293 2294 2291
f 2295 2296 2293
f 2297 2298 2295
f 2300 2301 2299
f 2303 2304 2302
f 2306 2307 2305
f 2309 2310 2308
f 2312 2313 2311
f 2315 2316 2314
f 2314 2318 2317
f 2319 2320 2317
f 2320 2322 2321
f 2323 2324 2322
f 2325 2326 2324
f 2327 2328 2326
f 2330 2331 2329
f 2333 2334 2332
f 2335 2336 2334
f 2337 2338 2336
f 2339 2340 2338
f 2341 2342 2339
f 2341 2344 2343
f 2345 2346 2343
f 2348 2349 2347
f 2349 2350 2345
f 2351 2352 2344
f 2352 2353 2347
f 2354 2355 2353
f 2357 2358 2356
f 2360 2361 2359
f 2363 2364 2362
f 2366 2367 2365
f 2362 2369 2368
f 2371 2372 2370
f 2373 2374 2370
f 2375 2376 2372
f 2377 2378 2375
f 2380 2381 2379
f 2382 2383 2379
f 2385 2386 2384
f 2387 2388 2384
f 2390 2391 2389
f 2392 2393 2391
f 2394 2395 2393
f 2397 2398 2396
f 2400 2401 2399
f 2403 2404 2402
f 2405 2406 2404
f 2408 2409 2407
f 2411 2412 2410
f 2414 2415 2413
f 2416 2417 2415
f 2419 2420 2418
f 2421 2422 2419
f 2423 2424 2422
f 2424 2426 2425
f 2427 2428 2426
f 2430 2431 2429
f 2433 2434 2432
f 2435 2436 2434
f 2437 2438 2436
f 2439 2440 2438
f 2441 2442 2440
f 2442 2443 2432
f 2445 2446 2444
f 2447 2448 2444
f 2449 2450 2437
f 2452 2453 2451
f 2454 2455 2451
f 2457 2458 2456
f 2458 2459 2454
f 2423 2461 2460
f 2463 2464 2462
f 2465 2466 2464
f 2467 2468 2466
f 2469 2470 2467
f 2469 2472 2471
f 2473 2474 2472
f 2475 2476 2474
f 2477 2478 2476
f 2479 2480 2478
f 2482 2483 2481
f 2485 2486 2484
f 2487 2488 2484
f 2490 2491 2489
f 2492 2493 2489
f 2494 2495 2492
f 2477 2496 2495
f 2498 2499 2497
f 2497 2501 2500
f 2502 2503 2501
f 2505 2506 2504
f 2507 2508 2504
f 2508 2510 2509
f 2512 2513 2511
f 2515 2516 2514
f 2517 2518 2516
f 2519 2520 2514
f 2521 2522 2519
f 2524 2525 2523
f 2526 2527 2525
f 2529 2530 2528
f 2524 2532 2531
f 2533 2534 2532
f 2535 2536 2534
f 2537 2538 2536
f 2540 2541 2539
f 2543 2544 2542
f 2545 2546 2542
f 2548 2549 2547
f 2550 2551 2547
f 2553 2554 2552
f 2556 2557 2555
f 2559 2560 2558
f 2562 2563 2561
f 2564 2565 2563
f 2567 2568 2566
f 2569 2570 2566
f 2571 2572 2569
f 2574 2575 2573
f 2577 2578 2576
f 2580 2581 2579
f 2583 2584 2582
f 2585 2586 2584
f 2587 2588 2581
f 2562 2587 2577
f 2590 2591 2589
f 2592 2593 2591
f 2595 2596 2594
f 2597 2598 2596
f 2600 2601 2599
f 2602 2603 2601
f 2605 2606 2604
f 2606 2607 2599
f 2609 2610 2608
f 2611 2612 2608
f 2613 2614 2611
f 2615 2616 2613
f 2618 2619 2617
f 2620 2621 2619
f 2622 2623 2621
f 2625 2626 2624
f 2625 2628 2627
f 2629 2630 2628
f 2632 2633 2631
f 2633 2635 2634
f 2637 2638 2636
f 2639 2640 2638
f 2642 2643 2641
f 2644 2645 2642
f 2647 2648 2646
f 2650 2651 2649
f 2652 2653 2651
f 2655 2656 2654
f 2653 2658 2657
f 2659 2660 2658
f 2661 2662 2660
f 2664 2665 2663
f 2666 2667 2664
f 2669 2670 2668
f 2671 2672 2670
f 2674 2675 2673
f 2676 2677 2673
f 2678 2679 2676
f 2680 2681 2678
f 2683 2684 2682
f 2685 2686 2682
f 2688 2689 2687
f 2690 2691 2688
f 2693 2694 2692
f 2695 2696 2694
f 2697 2698 2696
f 2697 2699 2683
f 2701 2702 2700
f 2704 2705 2703
f 2706 2707 2705
f 2708 2709 2707
f 2710 2711 2709
f 2712 2713 2711
f 2715 2716 2714
f 2718 2719 2717
f 2720 2721 2719
f 2723 2724 2722
f 2726 2727 2725
f 2729 2730 2728
f 2731 2732 2730
f 2734 2735 2733
f 2736 2737 2735
f 2737 2738 2728
f 2739 2740 2729
f 2742 2743 2741
f 2741 2744 2740
f 2746 2747 2745
f 2739 2748 2747
f 2750 2751 2749
f 2753 2754 2752
f 2755 2756 2752
f 2757 2758 2755
f 2756 2759 2612
f 2759 2761 2760
f 2762 2763 2761
f 2573 2764 2763
f 2758 2765 2762
f 2767 2768 2766
f 2770 2771 2769
f 2773 2774 2772
f 2775 2776 2774
f 2775 2777 2616
f 2767 2773 2770
f 2766 2778 2777
f 2779 2780 2778
f 2614 2780 2753
f 2781 2782 2750
f 2784 2785 2783
f 2784 2786 2643
f 2781 2787 2786
f 2782 2788 2738
f 2748 2788 2783
f 2736 2757 2751
f 2789 2790 2726
f 2790 2792 2791
f 2793 2794 2791
f 2795 2796 2793
f 2796 2797 2570
f 2722 2798 2792
f 2799 2800 2798
f 2800 2801 2795
f 2802 2803 2801
f 2804 2805 2799
f 2805 2807 2806
f 2808 2809 2807
f 2810 2811 2809
f 2812 2813 2811
f 2814 2815 2813
f 2817 2818 2816
f 2819 2820 2818
f 2822 2823 2821
f 2824 2825 2819
f 2817 2827 2826
f 2828 2829 2827
f 2831 2832 2830
f 2833 2834 2830
f 2835 2836 2834
f 2808 2838 2837
f 2810 2840 2839
f 2840 2841 2835
f 2843 2844 2842
f 2846 2847 2845
f 2849 2850 2848
f 2852 2853 2851
f 2855 2856 2854
f 2855 2858 2857
f 2859 2860 2857
f 2861 2862 2859
f 2863 2864 2861
f 2858 2865 2863
f 2867 2868 2866
f 2870 2871 2869
f 2872 2873 2871
f 2874 2875 2870
f 2877 2878 2876
f 2879 2880 2872
f 2879 2882 2881
f 2884 2885 2883
f 2886 2887 2885
f 2887 2888 2881
f 2889 2890 2888
f 2886 2892 2891
f 2894 2895 2893
f 2896 2897 2893
f 2898 2899 2896
f 2900 2901 2897
f 2894 2903 2902
f 2890 2905 2904
f 2902 2906 2905
f 2908 2909 2907
f 2910 2911 2909
f 2913 2914 2912
f 2916 2917 2915
f 2916 2919 2918
f 2919 2921 2920
f 2923 2924 2922
f 2925 2926 2924
f 2927 2928 2926
f 2930 2931 2929
f 2933 2934 2932
f 2935 2936 2932
f 2929 2937 2935
f 2938 2939 2937
f 2940 2941 2938
f 2941 2943 2942
f 2945 2946 2944
f 2948 2949 2947
f 2950 2951 2947
f 2952 2953 2950
f 2954 2955 2953
f 2957 2958 2956
f 2959 2960 2958
f 2961 2962 2956
f 2964 2965 2963
f 2966 2967 2965
f 2968 2969 2967
f 2971 2972 2970
f 2974 2975 2973
f 2976 2977 2973
f 2979 2980 2978
f 2981 2982 2980
f 2984 2985 2983
f 2985 2987 2986
f 2988 2989 2987
f 2990 2991 2989
f 2993 2994 2992
f 2996 2997 2995
f 2998 2999 2995
f 3000 3001 2998
f 3002 3003 3001
f 3005 3006 3004
f 3007 3008 3006
f 3010 3011 3009
f 3013 3014 3012
f 3012 3016 3015
f 3018 3019 3017
f 3021 3022 3020
f 3022 3023 3017
f 3025 3026 3024
f 3028 3029 3027
f 3030 3031 3027
f 2988 3033 3032
f 3034 3035 3033
f 3036 3037 3035
f 2979 3038 3036
f 3039 3040 2978
f 3042 3043 3041
f 3044 3045 3043
f 3047 3048 3046
f 3049 3050 2964
f 3049 3052 3051
f 3050 3054 3053
f 3048 3055 3053
f 2966 3055 3044
f 3047 3056 3045
f 3058 3059 3057
f 3060 3061 3059
f 3063 3064 3062
f 3066 3067 3065
f 2912 3068 3067
f 2923 3066 3063
f 3064 3069 3057
f 3069 3071 3070
f 3073 3074 3072
f 3075 3076 3074
f 3078 3079 3077
f 3080 3081 3079
f 3075 3082 3080
f 3084 3085 3083
f 3086 3087 3085
f 3089 3090 3088
f 3090 3092 3091
f 3094 3095 3093
f 3097 3098 3096
f 3100 3101 3099
f 3102 3103 3099
f 2877 3105 3104
f 3106 3107 3105
f 3108 3109 3107
f 3110 3111 3109
f 3110 3113 3112
f 3114 3115 3113
f 3117 3118 3116
f 3115 3119 3116
f 3114 3121 3120
f 3108 3122 3121
f 3123 3124 3122
f 3126 3127 3125
f 3128 3129 3125
f 3130 3131 3128
f 3132 3133 3129
f 3135 3136 3134
f 3134 3138 3137
f 3135 3139 3117
f 3139 3140 3098
f 3141 3142 3138
f 3144 3145 3143
f 3136 3146 3145
f 3147 3148 3143
f 3148 3149 3018
f 3151 3152 3150
f 3154 3155 3153
f 3157 3158 3156
f 3160 3161 3159
f 3162 3163 3160
f 3163 3164 3011
f 3166 3167 3165
f 3169 3170 3168
f 3172 3173 3171
f 3174 3175 3171
f 3176 3177 3174
f 3178 3179 3177
f 3180 3181 3179
f 3182 3183 3175
f 3185 3186 3184
f 3187 3188 3184
f 3189 3190 2294
f 3190 3191 2292
f 3193 3194 3192
f 3189 3195 3194
f 3183 3197 3196
f 3198 3199 3192
f 3197 3200 3198
f 3202 3203 3201
f 3205 3206 3204
f 3207 3208 3204
f 3209 3210 3205
f 3211 3212 3206
f 3203 3213 3212
f 3214 3215 3188
f 3215 3216 3213
f 3185 3202 3200
f 3182 3217 3186
f 3181 3218 3217
f 2306 3220 3219
f 3220 3221 3176
f 2618 3221 3169
f 3156 3223 3222
f 3158 3225 3224
f 2620 3226 3154
f 3223 3226 3168
f 3224 3227 3155
f 3227 3228 3151
f 3149 3229 3152
f 3230 3231 3147
f 3230 3232 3132
f 3133 3234 3233
f 3124 3235 3233
f 3236 3237 3229
f 3131 3236 3231
f 3238 3239 3130
f 3235 3240 3126
f 3240 3242 3241
f 2659 3244 3243
f 3242 3245 3243
f 2661 3246 3106
f 3123 3246 3245
f 2652 3247 3244
f 3234 3248 3120
f 3146 3249 3232
f 3248 3249 3119
f 3118 3250 3112
f 3097 3251 3250
f 3252 3253 3104
f 3111 3254 3252
f 3100 3254 3251
f 3255 3256 3101
f 3257 3258 3256
f 3260 3261 3259
f 3084 3262 3260
f 3264 3265 3263
f 3096 3265 3255
f 3257 3266 3261
f 3264 3267 3266
f 3269 3270 3268
f 3095 3271 3259
f 3092 3272 3268
f 3271 3272 3086
f 3089 3273 3087
f 3082 3274 3273
f 3070 3276 3275
f 3061 3277 3062
f 3278 3279 3046
f 3277 3280 2925
f 3281 3282 3078
f 3282 3283 3076
f 3275 3283 3058
f 3284 3285 3281
f 3060 3285 3279
f 3284 3286 3056
f 3287 3288 3286
f 3077 3289 3287
f 3290 3291 3289
f 3088 3292 3081
f 3292 3293 3290
f 3294 3295 3293
f 3295 3296 3040
f 3298 3299 3297
f 3091 3299 3294
f 3270 3300 3297
f 3301 3302 3298
f 3296 3302 3038
f 3303 3304 3037
f 3028 3303 3301
f 3300 3305 3029
f 3094 3306 3269
f 3307 3308 3306
f 3267 3309 3093
f 3310 3311 3309
f 3311 3312 3307
f 3263 3313 3310
f 3140 3314 3313
f 3312 3316 3315
f 3137 3316 3314
f 3317 3318 3142
f 3318 3319 3315
f 3308 3320 3305
f 3319 3321 3320
f 3030 3321 3025
f 3322 3323 3031
f 3322 3325 3324
f 3024 3326 3325
f 3026 3317 3021
f 3141 3144 3023
f 3327 3328 3019
f 3228 3329 3327
f 3157 3331 3330
f 3015 3329 3225
f 3330 3332 3013
f 3161 3333 3332
f 3328 3334 3020
f 3016 3335 3334
f 3335 3336 3326
f 3338 3339 3337
f 3014 3337 3336
f 3010 3338 3333
f 3340 3341 3009
f 3339 3342 3324
f 3341 3343 3342
f 3323 3344 3304
f 3032 3344 3343
f 3340 3345 2990
f 3346 3347 3005
f 3345 3348 3347
f 3164 3349 3348
f 3007 3349 3166
f 3351 3352 3350
f 3352 3353 3008
f 3354 3355 3353
f 3357 3358 3356
f 3358 3359 3354
f 3361 3362 3360
f 2342 3364 3363
f 3365 3366 3364
f 3367 3368 3366
f 3370 3371 3369
f 3373 3374 3372
f 3376 3377 3375
f 3378 3379 3377
f 3380 3381 3379
f 3383 3384 3382
f 3386 3387 3385
f 3389 3390 3388
f 3391 3392 3388
f 3393 3394 3391
f 3387 3395 3393
f 3396 3397 3392
f 3398 3399 3397
f 3401 3402 3400
f 3404 3405 3403
f 3407 3408 3406
f 3409 3410 3408
f 3411 3412 3409
f 3413 3414 3407
f 3415 3416 3413
f 3417 3418 3415
f 3420 3421 3419
f 3422 3423 3421
f 3424 3425 3423
f 3427 3428 3426
f 8053 8054 8055
f 8056 8057 8058
f 3433 3434 3431
f 3435 3436 3433
f 3437 3438 3436
f 3440 3441 3439
f 3442 3443 3441
f 3445 3446 3444
f 3448 3449 3447
f 3450 3451 3449
f 3448 3453 3452
f 3453 3455 3454
f 3457 3458 3456
f 3459 3460 3458
f 3461 3462 3456
f 3464 3465 3463
f 3466 3467 3464
f 3469 3470 3468
f 3471 3472 3468
f 8059 8060 8061
f 8062 8063 8064
f 8065 8066 8067
f 3482 3483 3481
f 3484 3485 3469
f 3486 8069 8068
f 8070 8071 8072
f 3491 8074 8073
f 3493 3495 3494
f 3496 3497 3495
f 3498 3499 3497
f 3500 3501 3499
f 3501 3502 3494
f 3504 3505 3503
f 3487 3506 3505
f 3507 3508 3503
f 3509 3510 3507
f 3512 3513 3511
f 3498 3514 3513
f 3515 3516 3514
f 3517 3518 3516
f 3519 3520 3518
f 3522 3523 3521
f 3525 3526 3524
f 3528 3529 3527
f 3519 3530 3528
f 3531 3532 3515
f 3533 3534 3492
f 3536 3537 3535
f 3539 3540 3538
f 8446 8447 8448
f 8449 8450 8451
f 3545 8453 8452
f 3549 3550 3548
f 3551 3552 3548
f 3553 3554 3551
f 3555 3556 3553
f 3557 3558 3550
f 3558 3559 3555
f 3561 3562 3560
f 8454 8455 8456
f 8457 8458 8459
f 3568 3569 3567
f 8460 8461 8462
f 3556 3572 3571
f 3573 3574 3572
f 3575 3576 3571
f 3577 3578 3575
f 3579 3580 3577
f 3580 3582 3581
f 3583 3584 3581
f 3585 3586 3583
f 3587 3588 3585
f 3590 3591 3589
f 3586 3592 3591
f 3593 3594 3589
f 3595 3596 3593
f 3597 3598 3595
f 3599 3600 3597
f 3602 3603 3601
f 3604 3605 3601
f 3607 3608 3606
f 3609 3610 3606
f 3587 3611 3610
f 3607 3613 3612
f 3615 3616 3614
f 3618 3619 3617
f 8463 8464 8465
f 8466 8467 8468
f 8469 8470 8471
f 8472 8473 8474
f 8475 8476 8477
f 3633 8478 8479
f 3636 3637 3635
f 3638 3639 3637
f 3641 3642 3640
f 3644 3645 3643
f 3646 8076 8075
f 3647 3649 3644
f 3457 3651 3650
f 3653 3654 3652
f 3654 3655 3650
f 3656 3657 3651
f 3658 3659 3656
f 3661 3662 3660
f 3663 3664 3660
f 3666 3667 3665
f 3667 3668 3663
f 3485 3670 3669
f 3668 3671 3669
f 3673 3674 3672
f 3675 3676 3674
f 3678 3679 3677
f 3681 3682 3680
f 3684 3685 3683
f 3687 3688 3686
f 3688 3689 3683
f 3690 3691 3685
f 3692 3693 3691
f 3695 3696 3694
f 3692 3697 3696
f 3698 3699 3694
f 3701 3702 3700
f 3702 3703 3698
f 3705 3706 3704
f 3701 3705 3504
f 3508 3707 3703
f 3708 3709 3699
f 3711 3712 3710
f 3695 3713 3712
f 3715 3716 3714
f 3718 3719 3717
f 3719 3720 3714
f 3721 3722 3718
f 3724 3725 3723
f 3726 3727 3725
f 3728 3729 3727
f 3731 3732 3730
f 3732 3733 3728
f 3735 3736 3734
f 3733 3736 3722
f 3738 3739 3737
f 3741 3742 3740
f 3743 3744 3742
f 3745 3746 3740
f 3748 3749 3747
f 3751 3752 3750
f 3753 3754 3751
f 3754 3756 3755
f 3757 3758 3756
f 3759 3760 3758
f 3762 3763 3761
f 3765 3766 3764
f 3767 3768 3764
f 3769 3770 3762
f 3771 3772 3770
f 3771 3774 3773
f 3578 3776 3775
f 3778 3779 3777
f 3781 3782 3780
f 3784 3785 3783
f 3786 3787 3785
f 3788 3789 3787
f 3790 3791 3789
f 3793 3794 3792
f 3792 3796 3795
f 3797 3798 3795
f 3799 3800 3797
f 3802 3803 3801
f 3803 3805 3804
f 3806 3807 3805
f 3808 3809 3807
f 3810 3811 3809
f 3812 3813 3811
f 3812 3814 3793
f 3815 3816 3814
f 3818 3819 3817
f 3820 3821 3819
f 3822 3823 3817
f 3824 3825 3822
f 3827 3828 3826
f 3829 3830 3828
f 3831 3832 3830
f 3833 3834 3832
f 3833 3836 3835
f 3810 3838 3837
f 3839 3840 3838
f 3808 3842 3841
f 3843 3844 3806
f 3846 3847 3845
f 3802 3849 3848
f 3850 3851 3849
f 3852 3853 3851
f 3855 3856 3854
f 3857 3858 3854
f 3860 3861 3859
f 3862 3863 3857
f 3861 3864 3862
f 3865 3866 3786
f 3868 3869 3867
f 3871 3872 3870
f 3873 3874 3870
f 3876 3877 3875
f 3878 3879 3863
f 3881 3882 3880
f 3884 3885 3883
f 3887 3888 3886
f 3890 3891 3889
f 3889 3893 3892
f 3894 3895 3892
f 3897 3898 3896
f 3898 3899 3894
f 3890 3901 3900
f 3903 3904 3902
f 3905 3906 3904
f 3908 3909 3907
f 3910 3911 3888
f 3913 3914 3912
f 3915 3916 3914
f 3918 3919 3917
f 3913 3920 3917
f 3920 3922 3921
f 3908 3923 3922
f 3925 3926 3924
f 3927 3928 3924
f 3930 3931 3929
f 3930 3932 3925
f 3934 3935 3933
f 3936 3937 3935
f 3939 3940 3938
f 3941 3942 3938
f 3944 3945 3943
f 3947 3948 3946
f 3949 3950 3946
f 3951 3952 3949
f 3954 3955 3953
f 3953 3956 3952
f 3947 3958 3957
f 3960 3961 3959
f 3958 3962 3961
f 3963 3964 3959
f 3965 3966 3963
f 3968 3969 3967
f 3971 3972 3970
f 3973 3974 3970
f 3976 3977 3975
f 3978 3979 3977
f 3981 3982 3980
f 3983 3984 3974
f 3986 3987 3985
f 3985 3988 3984
f 3989 3990 3987
f 3992 3993 3991
f 3989 3994 3993
f 3996 3997 3995
f 3998 3999 3997
f 4000 4001 3998
f 4003 4004 4002
f 4005 4006 4004
f 4008 4009 4007
f 4010 4011 2098
f 4005 4012 4011
f 4009 4012 2109
f 4003 4013 2111
f 4002 4014 4001
f 4013 4016 4015
f 4000 4017 4016
f 2117 4019 4018
f 4019 4020 4015
f 4021 4022 4017
f 3996 4023 4021
f 4025 4026 4024
f 4028 4029 4027
f 4028 4031 4030
f 4033 4034 4032
f 4034 4035 4031
f 4036 4037 4035
f 4039 4040 4038
f 4038 4041 4037
f 4043 4044 4042
f 4045 4046 4043
f 4048 4049 4047
f 4050 4051 4047
f 4053 4054 4052
f 4052 4056 4055
f 4058 4059 4057
f 4060 4061 4059
f 4062 4063 4060
f 2119 4065 4064
f 4066 4067 4064
f 4058 4069 4068
f 4070 4071 4069
f 4072 4073 4071
f 4074 4075 4073
f 4076 4077 4074
f 4079 4080 4078
f 4081 4082 4080
f 4083 4084 4082
f 2132 4085 4084
f 4087 4088 4086
f 4089 4090 4088
f 4091 4092 2177
f 4091 4094 4093
f 4095 4096 4093
f 4097 4098 4095
f 4099 4100 4097
f 4102 4103 4101
f 4076 4105 4104
f 4106 4107 4105
f 4108 4109 4107
f 4109 4110 4101
f 4111 4112 4110
f 4113 4114 4111
f 4115 4116 4108
f 4072 4117 4106
f 4118 4119 4070
f 4118 4121 4120
f 4123 4124 4122
f 4126 4127 4125
f 4128 4129 4127
f 4130 4131 4129
f 4130 4133 4132
f 4134 4135 4133
f 4136 4137 4135
f 4139 4140 4138
f 4126 4141 4139
f 4143 4144 4142
f 4145 8481 8480
f 4149 4150 4148
f 4146 4151 4149
f 8482 8483 8484
f 8485 8486 8487
f 8488 8489 8490
f 8491 8492 8493
f 4152 4161 4160
f 4162 4163 4160
f 2217 4164 4161
f 4165 4166 4164
f 4168 4169 4167
f 4171 4172 4170
f 4174 4175 4173
f 4177 4178 4176
f 4179 4180 2233
f 2238 4182 4181
f 4181 4183 4179
f 4185 4186 4184
f 4188 4189 4187
f 4191 4192 4190
f 4193 4194 4190
f 4196 4197 4195
f 4199 4200 4198
f 4201 4202 4198
f 4203 4204 4201
f 4197 4205 4203
f 4206 4207 4205
f 4208 4209 4207
f 4211 4212 4210
f 4214 4215 4213
f 4216 4217 4213
f 4217 4219 4218
f 4220 4221 4219
f 4223 4224 4222
f 4226 4227 4225
f 4228 4229 4225
f 4231 4232 4230
f 4234 4235 4233
f 4236 4237 4235
f 4239 4240 4238
f 4242 4243 4241
f 4245 4246 4244
f 4246 4247 4241
f 4098 4248 4247
f 4248 4250 4249
f 4245 4251 4096
f 4251 4253 4252
f 4240 4254 4244
f 4232 4255 4233
f 4255 4256 4254
f 4231 4257 2189
f 4258 4259 4237
f 4259 4260 4230
f 4202 4261 4258
f 4262 4263 4260
f 4262 4264 2200
f 4264 4266 4265
f 4226 4268 4267
f 4265 4268 2204
f 4269 4270 4267
f 2209 4271 4229
f 4222 4227 4214
f 4215 4270 4210
f 4211 4272 4209
f 4274 4275 4273
f 4275 4277 4276
f 4278 4279 4273
f 4281 4282 4280
f 4280 4283 4279
f 4274 4284 2265
f 4285 4286 4284
f 4208 4288 4287
f 4283 4288 4285
f 4206 4289 4286
f 4272 4290 4204
f 4269 4291 4290
f 4261 4291 4266
f 4199 4236 4191
f 4200 4292 4195
f 4294 4295 4293
f 4292 4296 4294
f 4194 4297 4296
f 4192 4298 4187
f 4239 4298 4234
f 4185 4193 4189
f 4183 4186 4177
f 4180 4300 4299
f 4301 4302 4299
f 4176 4303 4300
f 4188 4304 4178
f 4305 4306 4304
f 4243 4305 4238
f 4112 4308 4307
f 4309 4310 4308
f 4310 4311 4249
f 4242 4311 4174
f 4114 4313 4312
f 4312 4314 4309
f 4175 4314 4172
f 4306 4315 4303
f 4173 4316 4315
f 4316 4317 4301
f 4171 4318 4317
f 4319 4320 4313
f 4170 4320 4167
f 4319 4322 4321
f 4322 4324 4323
f 4321 4326 4325
f 4327 4328 4326
f 4325 4329 4168
f 4169 4331 4330
f 4330 4332 4318
f 4333 4334 4331
f 4335 4336 4166
f 4335 4337 4334
f 4336 4338 4162
f 4339 4340 4140
f 4151 4163 4144
f 4339 4341 4150
f 4143 4342 4340
f 4343 4344 4342
f 4345 4346 4333
f 4338 4346 4142
f 4329 4347 4345
f 4348 4349 4328
f 4347 4349 4343
f 4134 4350 4348
f 4350 4351 4344
f 4138 4351 4128
f 4122 4131 4120
f 4117 4353 4352
f 4132 4353 4119
f 4115 4352 4137
f 4327 4354 4136
f 4116 4356 4355
f 4323 4356 4354
f 4113 4355 4324
f 4307 4357 4102
f 4250 4358 4357
f 4103 4359 4104
f 4360 4361 4359
f 4363 4364 4362
f 4365 4366 4362
f 4365 4367 4361
f 4100 4360 4358
f 4090 4368 4094
f 4099 4368 4366
f 4081 4363 4089
f 4079 4369 4364
f 4370 4371 4369
f 4367 4371 4077
f 4068 4372 4062
f 4075 4373 4372
f 4067 4375 4374
f 4370 4375 4373
f 4066 4376 4063
f 4377 4378 4056
f 4057 4378 4121
f 4379 4380 4061
f 4380 4381 4055
f 4053 4383 4382
f 4385 4386 4384
f 4387 4388 4384
f 4385 4389 3598
f 4391 4392 4390
f 4393 4394 4390
f 4395 4396 4393
f 4397 4398 4395
f 4398 4400 4399
f 4401 4402 4396
f 4404 4405 4403
f 4406 4407 4405
f 4408 4409 4403
f 4410 4411 4404
f 4412 4413 3873
f 4415 4416 4414
f 4418 4419 4417
f 4421 4422 4420
f 4424 4425 4423
f 4426 4427 4423
f 4426 4428 3968
f 3903 4430 4429
f 4414 4431 4430
f 4429 4433 4432
f 4434 4435 4433
f 4421 4437 4436
f 4436 4438 4425
f 4439 4440 4422
f 4418 4439 4424
f 4419 4441 4431
f 4434 4441 4427
f 4442 4443 4416
f 4445 4446 4444
f 4442 4445 3874
f 4447 4448 3880
f 4449 4450 4447
f 4452 4453 4451
f 3875 4453 4450
f 4444 4454 4452
f 4443 4455 4417
f 4413 4456 4455
f 4456 4457 4440
f 4410 4458 4457
f 4459 4460 4409
f 4462 4463 4461
f 4464 4465 4463
f 4467 4468 4466
f 4468 4469 4461
f 4462 4470 4459
f 4460 4471 4458
f 4471 4472 4420
f 4470 4474 4473
f 4437 4476 4475
f 4473 4476 4472
f 4477 4478 4474
f 4402 4479 4478
f 3976 4480 4479
f 4480 4481 4475
f 4394 4477 4469
f 4389 4482 4392
f 4033 4483 4388
f 4482 4483 4397
f 4386 4484 4382
f 4485 4486 4383
f 4486 4487 4387
f 4051 4485 4381
f 4379 4488 4048
f 4376 4489 4488
f 4490 4491 4065
f 4489 4491 4044
f 4046 4492 4049
f 4039 4493 4492
f 4493 4494 4050
f 4487 4494 4036
f 4032 4495 4400
f 4024 4495 4027
f 4030 4041 4023
f 4040 4496 4022
f 4018 4496 4045
f 3995 4497 4029
f 4498 4499 4497
f 4499 4500 4025
f 4502 4503 4501
f 4505 4506 4504
f 4503 4507 4504
f 4508 4509 3994
f 4505 4508 3986
f 3983 4510 4506
f 3981 4511 4510
f 4501 4511 4500
f 3980 4512 4026
f 4512 4513 4399
f 4401 4513 3978
f 3979 3982 3973
f 3972 4514 3975
f 4514 4515 4481
f 4515 4516 4438
f 4516 4517 4428
f 3971 4518 4517
f 3988 4519 4518
f 4520 4521 3990
f 4519 4521 3969
f 3967 4522 4435
f 4523 4524 4522
f 4525 4526 4432
f 4524 4527 4525
f 4520 4528 4523
f 3966 4528 3992
f 4529 4530 3950
f 4530 4531 3962
f 3965 4531 4527
f 3948 4532 3943
f 4533 4534 4532
f 3957 4536 4535
f 4537 4538 4536
f 4535 4539 4533
f 4540 4541 4539
f 4541 4542 3942
f 4544 4545 4543
f 4546 4547 4543
f 4548 4549 3939
f 2021 4551 4550
f 4552 4553 4551
f 3941 4553 4534
f 3944 4552 3936
f 3934 4555 4554
f 3945 4554 3951
f 3928 3933 3931
f 3923 4556 3927
f 4555 4556 3954
f 3926 4557 3921
f 4557 4559 4558
f 4560 4561 4559
f 4563 4564 4562
f 4565 4566 4561
f 4566 4567 4562
f 4569 4570 4568
f 4571 4572 4570
f 4573 4574 4572
f 4575 4576 4574
f 4577 4578 4576
f 4563 4580 4579
f 4582 4583 4581
f 4584 4585 4583
f 4587 4588 4586
f 4590 4591 4589
f 4593 4594 4592
f 4595 4596 4593
f 4598 4599 4597
f 4596 4600 4599
f 4601 4602 4600
f 4591 4603 4601
f 4590 4605 4604
f 4607 4608 4606
f 4610 4611 4609
f 4613 4614 4612
f 4614 4616 4615
f 4613 4618 4617
f 4619 4620 4617
f 4621 4622 4620
f 4624 4625 4623
f 4627 4628 4626
f 4630 4631 4629
f 4631 4632 4626
f 4633 4634 4629
f 4636 4637 4635
f 4638 4639 4637
f 4640 4641 4635
f 4643 4644 4642
f 4644 4645 4640
f 4647 4648 4646
f 4650 4651 4649
f 4653 4654 4652
f 4656 4657 4655
f 4657 4658 4652
f 4660 4661 4659
f 4659 4663 4662
f 4660 4665 4664
f 4666 4667 4664
f 4668 4669 4666
f 4670 4671 4668
f 4673 4674 4672
f 4673 4675 4671
f 4676 4677 4573
f 4676 4679 4678
f 4680 4681 4679
f 4682 4683 4678
f 4684 4685 4682
f 4686 4687 4684
f 4689 4690 4688
f 4685 4692 4691
f 4694 4695 4693
f 4696 4697 4695
f 4699 4700 4698
f 4699 4701 4683
f 4703 4704 4702
f 4705 4706 4704
f 4705 4708 4707
f 4710 4711 4709
f 4713 4714 4712
f 4715 4716 4714
f 4718 4719 4717
f 4717 4720 4713
f 4721 4722 4720
f 4723 4724 4715
f 4725 4726 4716
f 4728 4729 4727
f 4731 4732 4730
f 4733 4734 4732
f 4728 4736 4735
f 4738 4739 4737
f 4740 4741 4739
f 4743 4744 4742
f 4740 4745 4744
f 4746 4747 4742
f 4749 4750 4748
f 4750 4751 4746
f 4753 4754 4752
f 4755 4756 4752
f 4758 4759 4757
f 4760 4761 4757
f 4763 4764 4762
f 4765 4766 4762
f 4768 4769 4767
f 4769 4770 4763
f 4768 4772 4771
f 4773 4774 4772
f 4775 4776 4774
f 4778 4779 4777
f 4780 4781 4777
f 4782 4783 4780
f 4784 4785 4782
f 4787 4788 4786
f 4790 4791 4789
f 4792 4793 4791
f 4795 4796 4794
f 4797 4798 4796
f 4799 4800 4794
f 4801 4802 4799
f 4803 4804 4801
f 4804 4805 2485
f 4807 4808 4806
f 4809 4810 4808
f 4811 4812 4810
f 4813 4814 4812
f 4815 4816 4814
f 4817 4818 4815
f 4820 4821 4819
f 4822 4823 4819
f 4824 4825 4822
f 4827 4828 4826
f 4830 4831 4829
f 4833 4834 4832
f 4836 4837 4835
f 4839 4840 4838
f 4841 4842 4838
f 4842 4844 4843
f 4846 4847 4845
f 4848 4849 4847
f 4843 4850 4849
f 4852 4853 4851
f 4853 4854 4845
f 4855 4856 4852
f 4858 4859 4857
f 4860 4861 4858
f 4860 4863 4862
f 4864 4865 4863
f 4866 4867 4862
f 4868 4869 4867
f 4870 4871 2167
f 4872 4873 4871
f 4869 4875 4874
f 2164 4873 4868
f 4874 4876 4861
f 4878 4879 4877
f 4881 4882 4880
f 4884 4885 4883
f 4883 4887 4886
f 4889 4890 4888
f 4891 4892 4890
f 4894 4895 4893
f 4897 4898 4896
f 4897 4900 4899
f 4902 4903 4901
f 4903 4904 4899
f 4905 4906 4902
f 4908 4909 4907
f 4911 4912 4910
f 4913 4914 4912
f 4915 4916 4913
f 4918 4919 4917
f 4921 4922 4920
f 4924 4925 4923
f 4926 4927 4925
f 4928 4929 4927
f 4930 4931 4928
f 4933 4934 4932
f 4935 4936 4933
f 4935 4938 4937
f 4939 4940 4937
f 4941 4942 4939
f 4943 4944 4941
f 4946 4947 4945
f 4949 4950 4948
f 4951 4952 4950
f 4953 4954 4952
f 4955 4956 4942
f 4958 4959 4957
f 4960 4961 4959
f 4962 4963 4961
f 4965 4966 4964
f 4968 4969 4967
f 4971 4972 4970
f 4973 4974 4970
f 4975 4976 4973
f 4977 4978 4975
f 4980 4981 4979
f 4983 4984 4982
f 4979 4985 4984
f 4986 4987 4982
f 4988 4989 4986
f 4990 4991 4988
f 4958 4992 4989
f 4994 4995 4993
f 4997 4998 4996
f 5000 5001 4999
f 5002 5003 5001
f 5005 5006 5004
f 5007 5008 5006
f 5009 5010 5007
f 5012 5013 5011
f 5014 5015 5013
f 5017 5018 5016
f 5020 5021 5019
f 5021 5023 5022
f 5024 5025 5023
f 5026 5027 5025
f 5028 5029 5027
f 5031 5032 5030
f 5033 5034 5032
f 5036 5037 5035
f 5039 5040 5038
f 5041 5042 5038
f 5043 5044 5041
f 5042 5046 5045
f 5047 5048 5046
f 5050 5051 5049
f 5053 5054 5052
f 5049 5055 5000
f 5056 5057 5055
f 5058 5059 5057
f 5002 5061 5060
f 5059 5062 5061
f 5063 5064 5060
f 5065 5066 5063
f 5067 5068 5065
f 5062 5069 5067
f 5071 5072 5070
f 5073 5074 5070
f 5076 5077 5075
f 5078 5079 5077
f 5076 5081 5080
f 5083 5084 5082
f 5085 5086 5084
f 5088 5089 5087
f 5091 5092 5090
f 5093 5094 5085
f 5096 5097 5095
f 5099 5100 5098
f 5101 5102 5098
f 5103 5104 5101
f 5105 5106 5104
f 5108 5109 5107
f 5110 5111 5109
f 5112 5113 5111
f 5115 5116 5114
f 5113 5117 5114
f 5118 5119 5117
f 5121 5122 5120
f 5124 5125 5123
f 5126 5127 5120
f 5128 5129 5126
f 5125 5130 5128
f 5131 5132 5129
f 5134 5135 5133
f 5136 5137 5133
f 5139 5140 5138
f 5140 5141 5136
f 5143 5144 5142
f 5146 5147 5145
f 5148 5149 5147
f 5148 5150 5141
f 5150 5152 5151
f 5154 5155 5153
f 5152 5156 5153
f 5157 5158 5156
f 5159 5160 5158
f 5161 5162 5159
f 2951 5164 5163
f 5166 5167 5165
f 5166 5169 5168
f 5171 5172 5170
f 5172 5174 5173
f 5175 5176 5174
f 5175 5177 2823
f 5178 5179 5177
f 5181 5182 5180
f 5183 5184 5180
f 5183 5185 5171
f 5187 5188 5186
f 5190 5191 5189
f 5193 5194 5192
f 5196 5197 5195
f 5199 5200 5198
f 5202 5203 5201
f 5200 5205 5204
f 5204 5207 5206
f 5209 5210 5208
f 5209 5212 5211
f 5213 5214 5005
f 5073 5215 5213
f 5216 5217 5215
f 5219 5220 5218
f 5221 5222 5220
f 5224 5225 5223
f 5221 5225 5198
f 5227 5228 5226
f 5230 5231 5229
f 5231 5232 5226
f 5233 5234 5230
f 5235 5236 5232
f 5236 5238 5237
f 5239 5240 5237
f 5227 5242 5241
f 5192 5242 5240
f 5223 5243 5228
f 5219 5244 5243
f 5229 5244 5217
f 5009 5246 5245
f 5218 5246 5214
f 5245 5247 5210
f 5249 5250 5248
f 5251 5252 5248
f 5254 5255 5253
f 5257 5258 5256
f 5259 5260 5258
f 5262 5263 5261
f 5265 5266 5264
f 5267 5268 5264
f 5259 5269 5265
f 5269 5271 5270
f 5271 5272 5261
f 5272 5273 5254
f 5255 5275 5274
f 5277 5278 5276
f 5279 5280 5278
f 5277 5281 5033
f 5280 5282 5274
f 5252 5262 5253
f 5249 5282 5024
f 5018 5284 5283
f 5208 5285 5284
f 5207 5287 5286
f 5285 5286 5251
f 5206 5247 5222
f 5287 5288 5263
f 5205 5289 5288
f 5289 5290 5270
f 5196 5291 5290
f 5266 5291 5267
f 5199 5201 5197
f 5292 5293 5241
f 5224 5293 5202
f 5194 5294 5292
f 5187 5294 5189
f 5186 5295 5203
f 5296 5297 5295
f 5297 5298 5195
f 5181 5299 5296
f 5298 5300 5268
f 5300 5301 5260
f 5299 5302 5301
f 5303 5304 5302
f 5184 5305 5303
f 5188 5306 5182
f 5307 5308 5306
f 5191 5309 5307
f 5309 5311 5310
f 5185 5308 5178
f 5305 5313 5312
f 5170 5314 5313
f 5169 5315 5314
f 5173 5316 5168
f 5317 5318 5316
f 5317 5319 2948
f 2933 5319 5176
f 5318 5320 5167
f 5163 5321 5320
f 2955 5323 5322
f 5324 5325 5323
f 5327 5328 5326
f 5330 5331 5329
f 5332 5333 5329
f 5335 5336 5334
f 5334 5337 5332
f 5339 5340 5338
f 5341 5342 5338
f 5344 5345 5343
f 5347 5348 5346
f 5350 5351 5349
f 5352 5353 5351
f 5354 5355 5353
f 5352 5357 5356
f 5359 5360 5358
f 5362 5363 5361
f 5363 5364 5360
f 5366 5367 5365
f 5368 5369 5365
f 5370 5371 5369
f 5372 5373 5366
f 5375 5376 5374
f 5372 5377 5376
f 2355 5379 5378
f 5379 5380 5374
f 5381 5382 5378
f 5384 5385 5383
f 5386 5387 5384
f 5364 5387 5368
f 5389 5390 5388
f 5392 5393 5391
f 5395 5396 5394
f 5393 5398 5397
f 5397 5399 5389
f 5401 5402 5400
f 5403 5404 5399
f 5406 5407 5405
f 5408 5409 5405
f 5410 5411 5408
f 5410 5412 5390
f 5391 5413 5396
f 5383 5413 5388
f 5370 5415 5414
f 5412 5415 5386
f 5407 5416 5414
f 5382 5416 2348
f 5371 5381 5377
f 5362 5417 5385
f 5394 5417 5357
f 5356 5419 5418
f 5361 5420 5419
f 5421 5422 5420
f 5423 5424 5418
f 5425 5426 5423
f 5428 5429 5427
f 5430 5431 5429
f 5433 5434 5432
f 5435 5436 5434
f 5437 5438 5432
f 5439 5440 5433
f 5439 5442 5441
f 5444 5445 5443
f 5446 5447 5445
f 5447 5448 5441
f 5450 5451 5449
f 5453 5454 5452
f 5455 5456 5452
f 5458 5459 5457
f 5461 5462 5460
f 5463 5464 5460
f 5465 5466 5463
f 5468 5469 5467
f 5470 5471 5469
f 5472 5473 5471
f 4790 5475 5474
f 4783 5474 5470
f 5475 5477 5476
f 5478 5479 5477
f 5480 5481 5479
f 5482 5483 5481
f 5485 5486 5484
f 5487 5488 5484
f 5490 5491 5489
f 5491 5493 5492
f 5490 5495 5494
f 5487 5496 5489
f 5497 5498 5492
f 5499 5500 5497
f 5502 5503 5501
f 5502 5504 2515
f 5500 5504 5482
f 5488 5498 5480
f 5476 5505 5472
f 5507 5508 5506
f 5468 5507 4781
f 5510 5511 5509
f 5509 5513 5512
f 5510 5515 5514
f 5516 5517 5514
f 5518 5519 5516
f 5520 5521 5518
f 5523 5524 5522
f 5525 5526 5519
f 5528 5529 5527
f 5517 5530 5528
f 5530 5532 5531
f 5533 5534 5531
f 5536 5537 5535
f 5537 5538 5533
f 5538 5539 4758
f 5540 5541 5536
f 5542 5543 4904
f 4906 5545 5544
f 5547 5548 5546
f 4756 5550 5549
f 5552 5553 5551
f 5553 5554 5549
f 5555 5556 5551
f 5557 5558 5555
f 5559 5560 5556
f 5562 5563 5561
f 5565 5566 5564
f 5554 5568 5567
f 4747 5568 5565
f 5562 5569 5560
f 5569 5571 5570
f 5552 5570 5566
f 5550 5572 5557
f 5546 5573 5572
f 5548 5575 5574
f 5573 5577 5576
f 5578 5579 5577
f 5580 5581 5576
f 5544 5582 5542
f 5545 5578 5574
f 5582 5583 5541
f 5539 5583 5575
f 5585 5586 5584
f 5585 5588 5587
f 5525 5589 5588
f 5526 5590 5532
f 5522 5589 5521
f 5467 5591 5466
f 5592 5593 5464
f 5594 5595 5461
f 5465 5596 5508
f 5596 5597 5512
f 5462 5598 5597
f 5598 5599 5515
f 5600 5601 5599
f 5601 5602 5520
f 5457 5603 5456
f 5595 5603 5600
f 5605 5606 5604
f 5607 5608 5606
f 5609 5610 5607
f 5446 5611 5609
f 4818 5613 5612
f 5611 5614 5613
f 5616 5617 5615
f 5614 5618 5615
f 5444 5619 5618
f 5619 5621 5620
f 5622 5623 5621
f 5624 5625 5623
f 5626 5627 5622
f 5628 5629 5620
f 5629 5630 5616
f 5632 5633 5631
f 5608 5634 5631
f 5634 5635 5454
f 5636 5637 5593
f 5594 5637 5453
f 5636 5638 5632
f 5639 5640 5592
f 5641 5642 5473
f 5591 5642 5639
f 5638 5644 5643
f 5640 5645 5644
f 5646 5647 5641
f 5647 5649 5648
f 5505 5650 5646
f 5483 5651 5650
f 5501 5652 5651
f 5652 5653 5649
f 5654 5655 5653
f 5656 5657 5654
f 5659 5660 5658
f 5661 5662 5658
f 5664 5665 5663
f 5666 5667 5665
f 5666 5669 5668
f 5659 5670 5655
f 5662 5671 5450
f 5449 5672 5670
f 5648 5672 5645
f 5451 5673 5643
f 5673 5674 5633
f 5674 5675 5604
f 5676 5677 5663
f 5671 5677 5675
f 5605 5678 5448
f 5676 5679 5678
f 5679 5680 5440
f 5667 5681 5680
f 5682 5683 5442
f 5443 5683 5626
f 5438 5684 5682
f 5435 5681 5430
f 5668 5685 5431
f 5686 5687 5428
f 5427 5688 5426
f 5686 5689 2455
f 5690 5691 5349
f 5102 5692 5691
f 5692 5694 5693
f 5350 5695 5395
f 5392 5697 5696
f 5693 5697 5695
f 5106 5698 5694
f 5699 5700 5698
f 5700 5701 5696
f 5398 5702 5400
f 5347 5702 5701
f 5344 5703 5342
f 5705 5706 5704
f 5339 5705 5333
f 5707 5708 5331
f 5154 5709 5707
f 5335 5708 5328
f 5711 5712 5710
f 5713 5714 5712
f 5716 5717 5715
f 5718 5719 5717
f 5720 5721 5715
f 5722 5723 2960
f 5724 5725 5723
f 5324 5724 5721
f 5727 5728 5726
f 5729 5730 5728
f 5731 5732 5730
f 8077 8379 8079
f 8080 8081 8380
f 8083 8084 8085
f 8086 8087 8088
f 8089 8090 8091
f 5745 5746 5744
f 2996 5748 5747
f 5748 5750 5749
f 5752 5753 5751
f 5754 5755 5751
f 5756 5757 5754
f 5759 5760 5758
f 5759 5762 5761
f 5758 5763 5757
f 5764 5765 5763
f 5766 5767 5765
f 5768 5769 3451
f 5770 5771 5769
f 5773 5774 5772
f 5775 5776 5772
f 5778 5779 5777
f 5781 5782 5780
f 3437 5783 5782
f 5784 5785 5780
f 5787 5788 5786
f 8092 8093 8094
f 5787 5792 5791
f 8095 8096 8097
f 5784 5795 5786
f 5776 5785 5778
f 5752 5796 5774
f 5797 5798 5781
f 5799 5800 5796
f 5801 5802 5800
f 5775 5802 5797
f 5803 5804 5801
f 5770 5803 5766
f 5767 5799 5755
f 5749 5753 5745
f 5747 5806 5805
f 8098 8099 8100
f 5809 8102 8101
f 5811 5812 5805
f 5810 5814 5813
f 8103 5815 8104
f 8105 5816 8106
f 8107 8108 8109
f 8110 8111 8112
f 8113 8114 8115
f 8116 8117 8118
f 8119 8120 8121
f 8122 8123 8124
f 8125 8126 8127
f 8128 8129 8130
f 5788 5826 5779
f 8131 8132 8133
f 8134 8135 8136
f 8137 8138 8139
f 8140 8141 8142
f 5734 8143 8144
f 5832 5833 5831
f 5834 5835 5833
f 5834 5837 5836
f 5729 5838 5837
f 5840 5841 5839
f 5842 5843 5841
f 5844 5845 5838
f 5718 5844 5727
f 5731 5832 5830
f 8145 8146 8147
f 5794 8149 8148
f 5846 8151 8150
f 5849 5850 5732
f 5851 5852 5714
f 5847 5853 5852
f 5854 5855 5726
f 5851 5854 5850
f 5856 5857 5719
f 5858 5859 5713
f 5855 5859 5856
f 5860 5861 5858
f 3404 5862 5711
f 5860 5863 5336
f 5327 5864 5861
f 5865 5866 5720
f 5864 5865 5857
f 5322 5867 5164
f 5866 5868 5325
f 5869 5870 5868
f 5326 5871 5869
f 5160 5871 5709
f 5867 5870 5162
f 5161 5872 5321
f 5873 5874 5872
f 5165 5874 5143
f 5146 5873 5157
f 5142 5875 5315
f 5145 5876 5144
f 5875 5877 5312
f 5877 5879 5878
f 5880 5881 5879
f 5876 5882 5880
f 5304 5878 5256
f 5257 5883 5273
f 5881 5884 5883
f 5884 5885 5275
f 5886 5887 5882
f 5139 5886 5149
f 5885 5887 5276
f 5138 5888 5281
f 5135 5889 5888
f 5891 5892 5890
f 5894 5895 5893
f 5897 5898 5896
f 5899 5900 5898
f 5901 5902 5899
f 5897 5904 5903
f 5904 5906 5905
f 5056 5906 5893
f 5058 5908 5907
f 5910 5911 5909
f 5911 5912 5907
f 5895 5913 5908
f 5896 5914 5894
f 5132 5914 5892
f 5131 5915 5913
f 5916 5917 5915
f 5917 5918 5909
f 5127 5891 5134
f 5122 5919 5123
f 5137 5920 5121
f 5151 5921 5920
f 5922 5923 5921
f 5155 5924 5922
f 5330 5925 5924
f 5703 5926 5706
f 5704 5927 5925
f 5929 5930 5928
f 5923 5931 5919
f 5930 5931 5927
f 5124 5929 5112
f 5118 5928 5926
f 5343 5932 5119
f 5348 5933 5932
f 5115 5933 5699
f 5110 5916 5130
f 5107 5116 5105
f 5934 5935 5103
f 5108 5935 5918
f 5095 5936 5355
f 5937 5938 5936
f 5690 5938 5099
f 5424 5939 5354
f 5939 5940 5096
f 5688 5941 5940
f 5943 5944 5942
f 5685 5943 5941
f 5945 5946 5942
f 5946 5947 5097
f 5949 5950 5948
f 5951 5952 5949
f 5945 5953 5951
f 5094 5955 5954
f 5952 5956 5955
f 5958 5959 5957
f 5959 5960 5078
f 5954 5961 5958
f 5093 5962 5950
f 5963 5964 5962
f 5948 5965 5947
f 5965 5966 5937
f 5092 5966 5964
f 5091 5967 5100
f 5967 5968 5934
f 5910 5968 5088
f 5090 5969 5089
f 5083 5970 5963
f 5970 5971 5969
f 5086 5957 5080
f 5216 5972 5233
f 5074 5973 5064
f 5975 5976 5974
f 5072 5976 5972
f 5075 5977 5975
f 5978 5979 5974
f 5979 5980 5081
f 5980 5981 5082
f 5068 5982 5981
f 5982 5983 5971
f 5983 5984 5087
f 5912 5984 5069
f 5066 5978 5071
f 5047 5985 5054
f 5052 5905 5051
f 5044 5986 5985
f 5903 5986 5901
f 5987 5988 5040
f 5990 5991 5989
f 5992 5993 5991
f 5994 5995 5990
f 5987 5996 5995
f 5997 5998 5043
f 5902 5998 5036
f 5034 5999 5035
f 5900 6000 5890
f 5889 6000 5999
f 5037 6001 5030
f 5988 6002 5997
f 6001 6002 5028
f 5026 5279 5031
f 5020 5283 5250
f 5029 5994 5022
f 5989 6003 5019
f 6003 6004 5016
f 5011 5212 5017
f 6005 6006 6004
f 4983 6005 5993
f 6006 6007 5012
f 4987 6008 6007
f 6008 6010 6009
f 5010 5211 5015
f 5004 6011 5973
f 6013 6014 6012
f 6011 6014 5003
f 5014 6016 6015
f 5008 6015 6012
f 6009 6017 6016
f 6018 6019 6017
f 6019 6020 6013
f 6020 6021 4999
f 5050 6023 6022
f 6021 6024 6023
f 6025 6026 6022
f 6024 6027 4996
f 4994 6025 4998
f 6029 6030 6028
f 6018 6030 6027
f 4992 6028 6010
f 6032 6033 6031
f 4985 6031 4990
f 5992 6034 4980
f 5996 6035 6034
f 6036 6037 6035
f 5039 6038 6036
f 6039 6040 6038
f 5045 6041 6039
f 6042 6043 6041
f 6044 6045 6042
f 5048 6046 6044
f 6026 6047 5053
f 6047 6048 6046
f 4993 6049 6048
f 6050 6051 6049
f 6053 6054 6052
f 4951 6055 6053
f 6057 6058 6056
f 6060 6061 6059
f 6060 6062 4976
f 6064 6065 6063
f 6067 6068 6066
f 6070 6071 6069
f 6072 6073 6071
f 6074 6075 6070
f 6077 6078 6076
f 6080 6081 6079
f 6082 6083 6081
f 6084 6085 6082
f 6087 6088 6086
f 6090 6091 6089
f 6093 6094 6092
f 6096 6097 6095
f 6099 6100 6098
f 6100 6101 6095
f 6103 6104 6102
f 6105 6106 6104
f 6107 6108 6106
f 6109 6110 6102
f 6111 6112 6108
f 6112 6113 6109
f 6113 6115 6114
f 6115 6117 6116
f 6118 6119 6117
f 6121 6122 6120
f 6123 6124 6122
f 6111 6123 6118
f 6110 6126 6125
f 6127 6128 6125
f 6129 6130 6127
f 6132 6133 6131
f 6135 6136 6134
f 6131 6136 6129
f 6135 6138 6137
f 6139 6140 6137
f 6141 6142 6139
f 6143 6144 6142
f 6145 6146 4974
f 6147 6148 6096
f 6150 6151 6149
f 6147 6152 6151
f 6153 6154 6149
f 6156 6157 6155
f 6158 6159 6157
f 6160 6161 6159
f 6162 6163 6161
f 6140 6162 6130
f 6160 6164 6128
f 6164 6165 6103
f 6165 6167 6166
f 6153 6167 6158
f 6168 6169 6155
f 6144 6168 6163
f 6143 6171 6170
f 6126 6172 6132
f 6105 6173 6101
f 6152 6173 6166
f 6107 6174 6124
f 6099 6175 6174
f 6176 6177 6175
f 6179 6180 6178
f 6181 6182 6178
f 6183 6184 6181
f 6186 6187 6185
f 6189 6190 6188
f 6190 6191 6185
f 6193 6194 6192
f 6195 6196 6194
f 6197 6198 6196
f 6199 6200 6195
f 6199 6202 6201
f 6200 6204 6203
f 6206 6207 6205
f 6208 6209 6207
f 6210 6211 6209
f 6212 6213 6205
f 6214 6215 6212
f 6216 6217 6215
f 6219 6220 6218
f 6221 6222 6220
f 6223 6224 6222
f 6225 6226 6224
f 6228 6229 6227
f 6230 6231 6229
f 6232 6233 6231
f 6235 6236 6234
f 6238 6239 6237
f 6240 6241 6238
f 6243 6244 6242
f 6245 6246 6230
f 6247 6248 6245
f 6242 6249 6248
f 6251 6252 6250
f 3687 6253 6252
f 6250 6254 6246
f 6255 6256 6254
f 6240 6257 6253
f 6258 6259 6257
f 6260 6261 6237
f 6261 6262 6258
f 6263 6264 6260
f 6265 6266 6263
f 6268 6269 6267
f 6270 6271 6269
f 6273 6274 6272
f 6276 6277 6275
f 6272 6278 6277
f 3720 6280 6279
f 6271 6279 6278
f 6274 6281 6267
f 6283 6284 6282
f 6268 6283 6266
f 6286 6287 6285
f 6289 6290 6288
f 6291 6292 6287
f 6292 6293 6288
f 6294 6295 6289
f 6296 6297 6198
f 6213 6298 6296
f 6298 6300 6299
f 6299 6301 6295
f 6303 6304 6302
f 6264 6305 6286
f 6285 6306 6262
f 6235 6306 6290
f 6301 6307 6236
f 6255 6259 6234
f 6308 6309 6307
f 6256 6309 6232
f 8494 6312 8495
f 6313 8496 8497
f 8498 8499 8500
f 8501 8502 8503
f 8504 8505 8506
f 8507 8508 8509
f 6323 6324 6227
f 6325 6326 6323
f 6311 6326 6225
f 6327 6328 6221
f 6327 6330 6329
f 6226 6331 6218
f 6332 6333 6331
f 6334 6335 6233
f 6325 6335 6332
f 6337 6338 6336
f 6308 6338 6334
f 6217 6336 6300
f 6333 6340 6339
f 6337 6341 6340
f 6216 6342 6341
f 6343 6344 6208
f 6197 6345 6206
f 6203 6346 6345
f 6347 6348 6202
f 6189 6347 6193
f 6294 6349 6297
f 6349 6350 6192
f 6191 6350 6293
f 6291 6303 6186
f 6351 6352 6302
f 6304 6305 6282
f 6353 6354 6284
f 6351 6354 6084
f 6184 6353 6281
f 6273 6355 6182
f 6179 6356 6093
f 6092 6097 6089
f 6145 6358 6357
f 6357 6359 6148
f 6359 6360 6090
f 6091 6361 6180
f 6360 6362 6087
f 6183 6363 6085
f 6086 6363 6361
f 6364 6365 6187
f 6080 6364 6352
f 6366 6367 6365
f 6188 6367 6077
f 6076 6368 6348
f 6369 6370 6368
f 6075 6371 6370
f 6371 6372 6201
f 6072 6369 6067
f 6068 6078 6063
f 6366 6373 6064
f 6375 6376 6374
f 6079 6376 6373
f 6088 6377 6083
f 6377 6378 6374
f 6379 6380 6378
f 6362 6381 6379
f 6062 6381 6358
f 6058 6380 6059
f 6057 6382 6375
f 6382 6383 6065
f 6384 6385 6383
f 6055 6386 6385
f 6387 6388 6056
f 6054 6389 6050
f 6388 6389 6384
f 4978 6390 6061
f 6390 6391 6387
f 6051 6391 6045
f 4977 6392 6043
f 4972 6393 6392
f 6393 6394 6040
f 4981 6396 6395
f 6037 6397 6396
f 6394 6398 6397
f 6395 6399 6032
f 6400 6401 6398
f 4971 6403 6402
f 6402 6404 6400
f 6150 6403 6146
f 6154 6405 6404
f 4968 6405 6156
f 6399 6406 4966
f 4967 6406 6401
f 4965 6407 6033
f 4969 6408 4964
f 6169 6409 6408
f 6170 6410 6409
f 6412 6413 6411
f 6413 6414 6410
f 6414 6415 6407
f 4991 6415 4960
f 6417 6418 6416
f 4957 6418 6029
f 6417 6419 4997
f 6419 6421 6420
f 4995 6420 6052
f 4956 6416 4963
f 4953 6421 4955
f 6386 6422 6066
f 4949 6423 6422
f 6423 6424 6073
f 4946 6425 6424
f 4948 6426 4947
f 4944 6426 4954
f 4962 6412 4940
f 4936 6411 6171
f 6141 6427 4934
f 6428 6429 6427
f 6134 6430 4931
f 4930 6428 6138
f 6114 6432 6431
f 6432 6433 6430
f 6172 6431 6133
f 6434 6435 6433
f 6116 6436 6434
f 6429 6438 6437
f 4926 6439 6438
f 6440 6441 6439
f 6443 6444 6442
f 6445 6446 6444
f 6446 6447 5561
f 6449 6450 6448
f 6451 6452 6442
f 4920 6451 5563
f 5559 6453 4921
f 5581 6454 5558
f 6454 6455 6453
f 4910 6456 6455
f 4924 6452 6440
f 4922 6457 6441
f 6458 6459 6457
f 6459 6460 6437
f 4932 6460 4918
f 4917 6461 4938
f 4943 6461 4916
f 4919 6462 4914
f 6456 6462 6458
f 5580 6463 4911
f 6463 6464 4909
f 4908 4945 4915
f 4907 6465 6425
f 6465 6466 6069
f 6467 6468 6466
f 6467 6469 4905
f 5579 6469 6464
f 6470 6471 4901
f 6468 6471 6074
f 6472 6473 4900
f 6470 6473 6372
f 6472 6474 6204
f 6346 6475 6343
f 6474 6476 6475
f 4896 6477 6476
f 4898 6479 6478
f 6477 6480 4894
f 4893 6481 6344
f 6210 6482 4891
f 6481 6483 6482
f 6211 6484 6214
f 4889 6485 6484
f 6485 6486 6342
f 6487 6488 6486
f 6489 6490 6219
f 6488 6489 6339
f 6490 6491 6330
f 6492 6493 6491
f 4884 6494 6493
f 6487 6495 6492
f 4880 6497 6496
f 4885 6498 6497
f 4888 6498 6495
f 4878 6500 6499
f 6501 6502 6500
f 6503 6504 6501
f 4882 6499 4887
f 6503 6506 6505
f 4876 6506 4877
f 4879 6507 4859
f 4881 6508 6507
f 6510 6511 6509
f 4892 6509 6496
f 6511 6512 6508
f 6483 6513 6510
f 6514 6515 4895
f 6513 6515 4856
f 6516 6517 4857
f 4855 6516 6512
f 6517 6518 4864
f 6514 6519 4854
f 6480 6520 6519
f 6522 6523 6521
f 6478 6523 6520
f 5543 6524 6479
f 5540 6525 6524
f 6525 6526 6521
f 5590 6527 5535
f 6526 6527 5584
f 5587 6528 4848
f 4846 6522 5586
f 4850 6518 4851
f 4844 6529 4865
f 6530 6531 6529
f 6530 6533 6532
f 4839 6528 5524
f 4837 6533 4841
f 4836 6535 6534
f 6537 6538 6536
f 6539 6540 6536
f 6541 6542 6539
f 6543 6544 6540
f 6543 6546 6545
f 6547 6548 6545
f 6549 6550 6547
f 6551 6552 6549
f 6554 6555 6553
f 6557 6558 6556
f 6556 6559 6555
f 6552 6561 6560
f 6563 6564 6562
f 6565 6566 6562
f 6568 6569 6567
f 6569 6570 6565
f 6572 6573 6571
f 6574 6575 6573
f 6577 6578 6576
f 2153 6580 6579
f 6581 6582 6579
f 6583 6584 6581
f 6585 6586 6583
f 6588 6589 6587
f 6590 6591 6589
f 6592 6593 6591
f 6595 6596 6594
f 6598 6599 6597
f 6599 6600 6594
f 6601 6602 6597
f 6603 6604 6601
f 6606 6607 6605
f 6608 6609 6602
f 2039 6610 6598
f 6600 6612 6611
f 6614 6615 6613
f 6617 6618 6616
f 6620 6621 6619
f 6619 6622 6617
f 6618 6624 6623
f 6625 6626 6611
f 6626 6627 6615
f 6614 6628 6595
f 6596 6629 6603
f 6606 6629 6592
f 6593 6628 6623
f 6624 6630 6587
f 6632 6633 6631
f 6634 6635 6633
f 6636 6637 6635
f 6638 6639 6637
f 4745 6640 4748
f 6642 6643 6641
f 6645 6646 6644
f 6647 6648 6646
f 6650 6651 6649
f 6645 6652 6651
f 6642 6653 6650
f 6647 6653 6636
f 6634 6655 6654
f 6656 6657 6640
f 4738 6658 6656
f 6657 6660 6659
f 6641 6660 6638
f 6658 6661 6639
f 6661 6662 6631
f 6662 6663 6590
f 6588 6664 6632
f 2139 6665 6664
f 6655 6665 6586
f 6582 6666 2149
f 6667 6668 6585
f 6654 6669 6648
f 6668 6670 6669
f 6576 6671 6670
f 6577 6667 6580
f 6578 6673 6672
f 6675 6676 6674
f 6563 6675 6550
f 6677 6678 6674
f 6678 6679 6548
f 6680 6681 6672
f 6681 6682 6671
f 6682 6683 6644
f 6652 6685 6684
f 6683 6686 6685
f 6676 6687 6680
f 6688 6689 6686
f 6690 6691 6689
f 6691 6692 6684
f 6649 6692 6575
f 6574 6693 6643
f 6694 6695 6572
f 6696 6697 6693
f 6699 6700 6698
f 6697 6701 6659
f 6695 6699 6696
f 6702 6703 6700
f 4773 6705 6704
f 6704 6706 6568
f 6694 6706 6702
f 6571 6690 6570
f 6566 6688 6687
f 6567 6707 4775
f 6560 6707 6564
f 6559 6708 6561
f 6551 6709 6553
f 6546 6710 6709
f 6535 6711 6538
f 6541 6711 4833
f 4835 6712 4834
f 6713 6714 4840
f 6714 6715 6712
f 5523 6716 6713
f 5459 6716 5602
f 4829 6715 5458
f 4827 4832 4831
f 6717 6718 4826
f 6542 6718 6710
f 6719 6720 6717
f 6554 6720 4825
f 4823 6721 4809
f 6719 6722 6721
f 4828 6723 6722
f 6723 6724 4811
f 4830 6725 6724
f 5455 6726 6725
f 6726 6727 4813
f 4817 6728 5610
f 5635 6728 6727
f 4807 6729 4820
f 6729 6731 6730
f 6732 6733 6731
f 6732 6735 6734
f 4816 6735 4806
f 4805 6736 5617
f 5612 6736 6734
f 4800 6737 5486
f 4798 6733 4803
f 4793 6738 4797
f 6730 6738 4787
f 4795 6739 4789
f 5478 6739 5485
f 4786 6740 4821
f 6741 6742 6740
f 4824 6742 6557
f 4788 4792 4785
f 6743 6744 4779
f 4784 6744 6741
f 6743 6745 6558
f 6746 6747 6745
f 6708 6747 4776
f 6746 6748 4771
f 4778 6749 6748
f 4770 6750 5513
f 5506 6750 6749
f 4767 6751 6705
f 4766 6752 6751
f 5511 5527 4764
f 6753 6754 5529
f 4761 6753 5534
f 4759 5547 4755
f 4754 6755 4760
f 6754 6756 4765
f 6755 6757 6756
f 5567 6758 4753
f 6760 6761 6759
f 6759 6762 6757
f 6752 6762 6703
f 6701 6763 4749
f 6761 6763 6698
f 4751 6760 6758
f 4737 6765 6764
f 6663 6764 6607
f 6766 6767 6765
f 4735 6768 6767
f 6768 6769 6605
f 6769 6770 6604
f 6770 6772 6771
f 6771 6773 6608
f 4734 6774 6773
f 4694 6775 6774
f 4730 6772 4736
f 6776 6777 4729
f 6778 6779 6777
f 4741 6776 6766
f 4743 6780 6778
f 5564 6781 6780
f 6782 6783 5571
f 6783 6784 6781
f 6447 6785 6782
f 4725 6786 6784
f 6786 6787 6779
f 4727 6787 4724
f 4722 4731 4723
f 4726 6785 6448
f 4658 6449 6445
f 4711 6788 4656
f 6788 6790 6789
f 6450 6789 4712
f 4718 6790 4708
f 4703 6791 4719
f 4698 6792 6791
f 6792 6793 4721
f 4733 6793 4696
f 4697 4700 4691
f 4681 6794 4686
f 4689 6794 2019
f 4677 6796 6795
f 4702 6796 4701
f 6797 6798 6795
f 4669 6797 4706
f 4707 4710 4667
f 4709 6799 4661
f 6801 6802 6800
f 6443 6803 4653
f 4923 6804 6803
f 6804 6805 4650
f 6435 6805 4929
f 6436 6806 4651
f 4649 6807 4654
f 4647 6808 6807
f 4655 6808 6799
f 6806 6809 4648
f 4646 6810 4663
f 6812 6813 6811
f 6119 6811 6809
f 6810 6813 6800
f 6121 6814 6812
f 6815 6816 6814
f 6177 6817 6120
f 6816 6818 6801
f 6818 6819 4618
f 6815 6817 4645
f 6176 6820 4641
f 6094 6820 6098
f 6356 6821 4636
f 4638 6822 4634
f 6823 6824 6355
f 6821 6824 6822
f 4630 6823 6276
f 4624 6825 4628
f 6825 6826 4633
f 6826 6828 6827
f 4639 6827 4642
f 6829 6830 6828
f 4619 6831 6830
f 4623 6832 6829
f 4643 6831 6819
f 4662 6833 4610
f 4612 6833 6802
f 4609 6834 4665
f 6834 6835 4670
f 6836 6837 6835
f 6836 6839 6838
f 4615 6839 4611
f 6840 6841 6838
f 6840 6842 4608
f 4616 6843 6842
f 4622 6844 6843
f 6846 6847 6845
f 6832 6848 4621
f 6845 6849 6844
f 6849 6850 4606
f 4607 6852 6851
f 3846 6853 6852
f 6853 6854 4604
f 6854 6856 6855
f 6855 6857 4603
f 6857 6859 6858
f 4595 6860 4589
f 4587 6861 4605
f 6861 6862 6851
f 6862 6863 6841
f 6863 6865 6864
f 6837 6864 4674
f 4586 6866 6865
f 4588 6860 4584
f 4592 6867 4585
f 6867 6868 4579
f 4582 6869 6866
f 4580 6870 4581
f 4672 6869 4577
f 4575 6798 4675
f 2015 4569 4565
f 4578 6871 4568
f 4567 6871 6870
f 4558 4564 3918
f 6868 6872 3919
f 4594 6873 6872
f 3915 6873 4598
f 3909 3912 3911
f 3907 6874 3955
f 6875 6876 6874
f 6877 6878 6876
f 6878 6879 3956
f 6879 6880 4529
f 4526 6880 3905
f 3906 6877 3900
f 6881 6882 3902
f 6882 6883 4415
f 6883 6884 4446
f 6885 6886 6884
f 4448 6887 3899
f 6886 6887 4454
f 6885 6888 3895
f 3901 6888 6881
f 3891 6875 3910
f 3916 6889 3886
f 4597 6890 6889
f 3887 6891 3893
f 3896 6891 3884
f 6890 6892 3885
f 4602 6893 6892
f 6858 6894 6893
f 6895 6896 6894
f 6896 6897 3883
f 3897 6897 3881
f 6898 6899 4449
f 3876 6899 3879
f 4451 6900 3871
f 4411 4412 3869
f 3872 6901 3867
f 6901 6903 6902
f 6902 6904 3866
f 3877 6903 6900
f 3878 6905 6904
f 6905 6906 3788
f 3864 6907 6906
f 6898 6908 3858
f 3882 6909 6908
f 3855 6911 6910
f 6895 6911 6909
f 3852 6910 6859
f 3850 3859 3856
f 3848 6912 3843
f 6912 6913 3845
f 6856 6913 3853
f 3844 6915 6914
f 6850 6915 3847
f 3842 6914 6847
f 6917 6918 6916
f 6848 6918 6846
f 4625 6919 6916
f 3841 6917 3839
f 3840 6920 3831
f 6921 6922 6919
f 6920 6922 3836
f 4627 6923 6921
f 3737 6924 6923
f 6924 6925 3835
f 6927 6928 6926
f 6929 6930 3826
f 6927 6931 3834
f 6931 6932 6929
f 6934 6935 6933
f 6934 6936 3741
f 6936 6938 6937
f 6932 6939 6937
f 6939 6941 6940
f 6938 6942 6930
f 6942 6943 3825
f 3824 6944 3827
f 3816 6944 3821
f 3815 3837 3829
f 3804 3813 3798
f 3800 3860 3801
f 3820 6945 3794
f 3765 6946 3796
f 3790 6947 6946
f 3799 6947 6907
f 3865 4406 3868
f 3784 6948 4407
f 3781 6949 6948
f 4408 6949 4464
f 6950 6951 4465
f 6951 6952 4466
f 3594 6952 3779
f 3777 6954 6953
f 3780 6954 6950
f 6953 6955 3772
f 3774 6956 3775
f 6957 6958 6956
f 6959 6960 6955
f 3782 6961 6959
f 3783 6962 6961
f 3768 6962 3791
f 6945 6963 3766
f 3763 6960 3767
f 3759 6957 3769
f 6964 6965 3760
f 6963 6966 3761
f 6964 6966 3818
f 6965 6967 3755
f 3823 6968 6967
f 6968 6970 6969
f 6933 6970 6943
f 6972 6973 6971
f 6969 6973 3752
f 3552 3750 3748
f 6974 6975 6972
f 6975 6976 3749
f 6978 6979 6977
f 6979 6981 6980
f 6983 6984 6982
f 6985 6986 6984
f 6983 6987 3746
f 6935 6987 6971
f 6974 6982 6981
f 6940 6988 3743
f 6926 6989 6941
f 6925 6990 6928
f 4632 6991 3738
f 6275 6992 6991
f 3735 6992 6280
f 3734 6993 3739
f 6990 6993 3731
f 3730 6994 6989
f 3726 6995 6994
f 6995 6996 6988
f 6997 6998 3723
f 3721 6999 3729
f 6270 7000 3715
f 3710 7001 6239
f 6265 7001 7000
f 3713 7002 3716
f 3717 7002 3709
f 3708 7003 6999
f 6997 7003 3707
f 3711 7004 3693
f 3686 7004 6241
f 6249 7005 6251
f 7005 7006 3689
f 3678 7007 3690
f 3697 7008 3700
f 7007 7009 7008
f 7011 7012 7010
f 7013 7014 7012
f 7009 7010 3706
f 3679 3684 3680
f 7006 7015 3681
f 7016 7017 3682
f 7018 7019 7017
f 3677 7020 7011
f 7019 7021 7020
f 3664 7022 7021
f 7018 7023 3661
f 3659 3665 3662
f 3673 7025 7024
f 3675 7026 7023
f 7026 7027 3657
f 3652 7027 7024
f 7025 7029 7028
f 7030 7031 7029
f 7032 7033 7028
f 7033 7034 3653
f 7034 7036 7035
f 7037 7038 7036
f 7039 7040 7037
f 7032 7041 7039
f 7042 7043 7041
f 3649 7042 7031
f 7030 7044 3645
f 7045 7046 7044
f 3672 7047 7045
f 7016 7048 3676
f 7049 7050 7048
f 7047 7050 3642
f 6244 7049 7015
f 7051 7052 3641
f 8510 8511 8512
f 8513 8514 8515
f 8516 8517 8518
f 8519 8520 8521
f 8522 8523 8524
f 8525 8526 8527
f 7064 7065 7063
f 7052 7063 7046
f 7064 7067 7066
f 7068 7069 7067
f 7051 7070 7068
f 3640 6243 3636
f 3638 6247 6228
f 3634 7070 3635
f 8528 8529 8530
f 8531 8532 8533
f 8534 8535 8536
f 8537 7075 8538
f 3639 7076 7074
f 6314 7076 6324
f 8539 8540 8541
f 8542 8543 8544
f 8545 8546 8547
f 8548 8549 8550
f 8551 8552 8553
f 8554 8555 8556
f 8557 8558 8559
f 8560 8561 8562
f 8563 8564 8565
f 8566 8567 8568
f 3617 7087 7086
f 7085 8569 8570
f 3614 7089 7087
f 3615 7088 4147
f 4148 7090 3616
f 3613 7091 7089
f 7090 7092 3612
f 3608 7094 7093
f 7092 7095 7094
f 4141 7095 4341
f 4124 7096 4125
f 7093 7096 3605
f 4123 4377 3602
f 4054 7097 3603
f 7098 7099 7097
f 3600 7098 4484
f 4391 4467 3596
f 7100 7101 3588
f 3592 7101 3599
f 7100 7102 7099
f 3604 7102 3609
f 3590 7104 7103
f 3773 7104 3778
f 3584 7103 3776
f 3582 7105 3611
f 7105 7106 7091
f 7107 7108 7106
f 6958 7109 3576
f 3757 7110 7109
f 7111 7112 3574
f 3579 7112 7107
f 7108 7113 7086
f 3568 7113 7111
f 8571 8572 8573
f 8574 8575 8576
f 8577 8578 8579
f 3569 7115 3560
f 3559 7115 3573
f 3554 7110 3753
f 7116 7117 3549
f 3546 3561 3557
f 7117 7118 3547
f 7119 7120 7118
f 7122 7123 7121
f 3747 7123 7116
f 7122 7124 7119
f 6978 7121 6976
f 7124 7125 3540
f 7120 7126 3541
f 3539 7127 7126
f 7128 7129 7055
f 7127 7130 7128
f 7130 7132 7131
f 7066 7129 3537
f 7131 7133 3535
f 3536 7134 7065
f 7135 7136 7133
f 7136 7138 7137
f 7134 7137 3643
f 8152 7140 8153
f 7138 7139 3648
f 7135 7141 3534
f 3496 7142 3531
f 7141 7143 7142
f 7132 7144 7143
f 3532 7146 7145
f 3538 7146 7144
f 6977 7147 7125
f 7147 7148 7145
f 3530 7149 6986
f 7149 7150 6980
f 7148 7150 3517
f 3525 7151 3744
f 7151 7152 3745
f 7152 7153 6985
f 7153 7154 3529
f 7155 7156 3724
f 6996 7156 3526
f 7155 7158 7157
f 7159 7160 7157
f 3527 7154 3521
f 3524 7160 3522
f 3523 7161 3520
f 7161 7162 3511
f 7159 7163 7162
f 7164 7165 7163
f 3510 7166 6998
f 7158 7166 7164
f 7167 7168 8381
f 8155 7169 8156
f 7168 7170 3509
f 3512 7171 3500
f 7170 7171 7165
f 8157 8158 8159
f 8160 8161 8162
f 8163 8164 8165
f 7175 7176 3488
f 3704 7177 7175
f 7014 7178 7177
f 7013 7022 3670
f 3482 7178 3484
f 8166 7179 8167
f 8168 8169 8170
f 8171 8172 8173
f 8174 8175 8176
f 8177 8178 8179
f 8180 8181 8182
f 8183 8184 8185
f 8186 8187 8188
f 8189 8190 8191
f 8192 8193 8194
f 8195 8196 8197
f 8198 8199 8200
f 8201 8202 8203
f 8204 8205 8206
f 8207 8208 8209
f 8210 7191 8211
f 7196 7197 3470
f 3466 7196 3671
f 7199 7200 7198
f 3666 7200 3467
f 7199 7202 7201
f 7201 7203 3465
f 7202 7205 7204
f 7206 7207 7205
f 3462 7208 3658
f 7198 7208 7206
f 3452 7210 7209
f 7210 7211 3459
f 3655 7212 7209
f 7035 7213 7212
f 3450 7213 3446
f 7038 7214 3444
f 7188 7215 7040
f 7216 7217 7194
f 7217 7218 7215
f 3445 7219 5768
f 7214 7218 3440
f 3439 7220 7219
f 3438 7221 3443
f 5798 7222 7221
f 7220 7222 5804
f 3442 7216 3434
f 7224 7225 7223
f 7195 8213 8212
f 7227 7228 7226
f 7228 7229 3463
f 7197 7229 7223
f 3427 7224 3424
f 3422 7231 7230
f 3428 7230 3435
f 7231 7232 5783
f 7232 7233 5795
f 3420 7234 7233
f 7234 7235 5792
f 3418 7236 7235
f 7236 7237 5793
f 7237 7238 5853
f 7238 7239 5710
f 3419 7240 3416
f 7227 7240 3425
f 3417 7241 7239
f 7226 7242 3414
f 3411 7242 7203
f 3405 7241 3406
f 5862 7243 5863
f 7244 7245 5337
f 7243 7246 7244
f 7245 7247 5340
f 3400 7248 7247
f 3401 7249 3410
f 3403 7249 7246
f 7204 7250 3412
f 7250 7251 3402
f 7251 7252 3399
f 3398 7253 7248
f 7253 7254 5341
f 3396 7255 7254
f 7255 7256 5345
f 7256 7257 5346
f 5401 7257 3394
f 7207 7258 7252
f 7259 7260 3461
f 7258 7260 3389
f 3383 7259 3460
f 3384 7262 7261
f 3454 7262 7211
f 7263 7264 7261
f 3385 3390 3382
f 7264 7265 3386
f 3380 7266 3395
f 5402 7266 5403
f 3378 5411 5404
f 3376 7267 5409
f 7269 7270 7268
f 7271 7272 7268
f 7267 7273 7270
f 7274 7275 7273
f 7265 7276 3381
f 7276 7277 3375
f 7277 7278 7274
f 7263 7279 7278
f 7280 7281 7275
f 7282 7283 7280
f 7284 7285 3372
f 7285 7286 7283
f 3369 7287 7286
f 3373 7288 3455
f 7279 7288 7282
f 3447 7289 3374
f 5771 7290 7289
f 5764 7291 7290
f 3370 7292 5760
f 7291 7292 7284
f 7281 7293 7271
f 7294 7295 7287
f 7293 7295 3367
f 2346 7272 3365
f 3368 7296 3360
f 7296 7297 3357
f 7294 7298 7297
f 7299 7300 5761
f 3371 7300 7298
f 7299 7301 3359
f 7302 7303 3361
f 3351 7302 3356
f 7303 7305 7304
f 7304 7306 2331
f 7305 7308 7307
f 3165 7308 3350
f 3002 7309 3355
f 7301 7310 3003
f 5762 7311 7310
f 5750 7312 5756
f 7311 7312 2999
f 7313 7314 5812
f 7313 7316 7315
f 2997 7314 2992
f 5840 7317 5835
f 5813 7317 7316
f 7318 7319 7315
f 7319 7320 2993
f 2994 7321 3000
f 7322 7323 7321
f 7320 7324 7322
f 7309 7323 3004
f 7324 7326 7325
f 7326 7327 2986
f 7318 7328 7327
f 5839 7329 7328
f 3346 7325 2991
f 2981 3034 2984
f 7329 7330 2983
f 7331 7332 3291
f 3039 7333 7331
f 2977 7334 7332
f 3288 7334 3041
f 2971 7335 2982
f 7333 7335 2974
f 2972 7330 5843
f 7337 7338 7336
f 5836 7338 5842
f 5845 7339 7336
f 7339 7341 7340
f 5722 7341 5716
f 7337 7342 2970
f 7342 7343 2975
f 7344 7345 7343
f 2959 7344 7340
f 7346 7347 7345
f 7347 7348 2976
f 3042 7348 2968
f 2957 7349 7346
f 7351 7352 7350
f 7349 7350 2969
f 2961 5725 2954
f 2962 7353 7351
f 2946 7353 2952
f 2939 7354 2945
f 2963 7355 2942
f 7354 7355 7352
f 2943 7356 3052
f 2944 2949 2936
f 2846 7357 2931
f 7357 7358 2940
f 7359 7360 7358
f 7360 7361 7356
f 7362 7363 7361
f 7364 7365 7363
f 7365 7366 3051
f 2927 7367 7366
f 3278 7368 3280
f 7367 7368 3054
f 7369 7370 7364
f 2928 7370 2920
f 7369 7372 7371
f 7371 7373 2918
f 2913 2922 2921
f 2915 7374 2914
f 7375 7376 7374
f 2906 7377 2907
f 7377 7378 7376
f 7378 7379 3068
f 2903 7380 7379
f 2901 7381 7380
f 3065 7381 3071
f 3073 7382 3274
f 3083 7382 2899
f 3072 3276 2900
f 7383 7384 3262
f 2898 7385 7383
f 7384 7386 3258
f 3102 7386 2892
f 2889 7387 2895
f 7385 7387 2891
f 2884 3253 3103
f 2904 2911 2880
f 2875 7388 2882
f 2883 7388 2878
f 7389 7390 2910
f 7390 7391 2873
f 7392 7393 2866
f 7393 7394 2695
f 7396 7397 7395
f 7395 7398 7394
f 7396 7399 2860
f 7401 7402 7400
f 7403 7404 7400
f 7405 7406 7403
f 7408 7409 7407
f 7408 7410 7404
f 7410 7412 7411
f 7413 7414 7411
f 7401 7414 2865
f 2854 7415 7402
f 7416 7417 7415
f 7392 7418 7399
f 7418 7419 2856
f 7420 7421 7419
f 7389 7422 2868
f 7422 7423 7420
f 2908 7424 7423
f 7375 7425 7424
f 7426 7427 7425
f 2852 7426 2917
f 7421 7427 7416
f 7405 7417 2851
f 7373 7428 2853
f 7429 7430 7428
f 7372 7431 7429
f 2849 7431 7362
f 7409 7432 2848
f 7430 7432 7406
f 7359 7433 2850
f 2845 7434 7433
f 2847 7436 7435
f 7407 7434 2843
f 7435 7437 2844
f 2842 7438 7412
f 2831 7439 7438
f 7440 7441 7439
f 7441 7442 7413
f 2864 7442 2706
f 2708 7440 2836
f 2832 7437 2829
f 2833 7444 7443
f 2828 7445 7444
f 2826 7436 2824
f 2930 7446 2825
f 2822 7446 2934
f 2821 7447 2820
f 7448 7449 7447
f 5310 7448 5179
f 7451 7452 7450
f 7453 7454 2816
f 7451 7453 7449
f 7454 7455 7445
f 7456 7457 7455
f 7458 7459 7457
f 7443 7459 2839
f 7458 7460 2812
f 2543 7461 2814
f 2806 2815 2802
f 2552 7462 7461
f 7462 7463 2803
f 2723 7465 7464
f 2731 7465 2789
f 2715 7467 7466
f 2744 7467 7464
f 2717 7468 2716
f 2714 7469 2724
f 7469 7470 2804
f 7470 7471 2838
f 7471 7472 2712
f 7468 7473 7472
f 2710 2841 2837
f 2704 7474 2862
f 7474 7475 7397
f 2703 2713 2701
f 2700 7476 7475
f 2702 7473 2721
f 7477 7478 7476
f 7398 7478 2699
f 7479 7480 7391
f 2693 7479 2867
f 2869 7481 2666
f 2690 7481 7480
f 2692 7482 2691
f 2686 7483 2698
f 7483 7484 7482
f 7485 7486 2684
f 2720 7485 7477
f 7487 7488 7486
f 2718 7489 7487
f 7466 7490 7489
f 2743 7491 7490
f 7492 7493 7488
f 7493 7494 2685
f 2679 7495 7494
f 7495 7496 7484
f 7496 7497 2689
f 2681 7498 7497
f 2677 7492 7491
f 2742 2746 2674
f 7499 7500 2680
f 2675 7501 7499
f 7501 7502 2669
f 2745 7503 7502
f 2785 7504 7503
f 7506 7507 7505
f 2668 7507 7500
f 7506 7508 7498
f 2655 7509 7508
f 2687 7509 2667
f 2663 7510 2874
f 2876 7510 2662
f 2657 2665 2654
f 2656 7511 2649
f 7505 7512 7511
f 2647 7512 2672
f 2671 7504 2645
f 2754 7513 2749
f 7514 7515 7513
f 7515 7516 2787
f 7518 7519 7517
f 2779 7519 7514
f 2639 7520 7518
f 7520 7521 7516
f 7521 7522 2641
f 2637 7523 7522
f 2644 7524 2648
f 7523 7525 7524
f 7527 7528 7526
f 2646 7528 2650
f 2635 7526 7525
f 7527 7529 3247
f 3241 7529 2632
f 2631 7530 3127
f 3238 7530 2629
f 2634 2636 2630
f 7532 7533 7531
f 2768 7533 7517
f 2640 7532 2627
f 2626 7535 7534
f 2769 7535 7531
f 2624 7536 3239
f 7536 7537 3237
f 7538 7539 7537
f 7539 7540 3150
f 7540 7541 3153
f 7541 7542 2622
f 7534 7543 7538
f 7544 7545 2771
f 7543 7545 7542
f 7546 7547 2623
f 7544 7548 7546
f 2772 7549 7548
f 7550 7551 7547
f 2617 7551 3178
f 7552 7553 7549
f 7553 7554 7550
f 7554 7555 3180
f 7556 7557 7552
f 2776 7558 7556
f 7559 7560 2615
f 7562 7563 7561
f 7563 7564 2760
f 7564 7565 2609
f 2600 7559 2610
f 7560 7566 7558
f 2602 7565 2595
f 2597 7562 2592
f 7567 7568 2594
f 7569 7570 7567
f 2465 7570 2473
f 7571 7572 2598
f 7572 7573 7569
f 7573 7574 2475
f 7574 7576 7575
f 7577 7578 7576
f 2590 7577 7571
f 2593 7579 2576
f 7579 7580 2564
f 2764 7580 7561
f 2734 7581 2765
f 7581 7582 2574
f 2725 2733 2732
f 2565 2575 2571
f 2727 7583 7582
f 2572 7583 2794
f 2568 7584 2561
f 7584 7586 7585
f 2588 7585 2585
f 7587 7588 2586
f 7589 7590 7587
f 2560 7589 7586
f 7590 7592 7591
f 2558 2567 2556
f 2797 7463 2557
f 2554 7593 2555
f 7593 7595 7594
f 2551 7596 7595
f 2559 7594 7592
f 2548 2553 2546
f 7598 7599 7597
f 7460 7597 2544
f 7598 7601 7600
f 7450 7601 7456
f 7600 7602 2540
f 5311 7603 7452
f 7603 7604 7602
f 5190 7605 7604
f 7606 7607 5239
f 5193 7607 7605
f 7606 7608 2541
f 2539 7609 7599
f 7609 7610 2545
f 7611 7612 7610
f 7608 7613 7611
f 5238 7614 7613
f 7612 7615 2549
f 7616 7617 7615
f 7618 7619 5235
f 2535 7620 7619
f 7614 7620 7616
f 5977 7621 5234
f 7621 7622 7618
f 2537 7622 5079
f 2533 7623 7617
f 7623 7624 2550
f 7625 7626 2538
f 2529 7625 5960
f 7626 7627 2531
f 7627 7629 7628
f 2528 7630 7629
f 5961 7631 2530
f 7632 7633 7631
f 5956 7634 7632
f 7636 7637 7635
f 7637 7638 5953
f 7638 7639 7634
f 5669 7635 5944
f 5664 7640 7636
f 7639 7642 7641
f 5661 7642 7640
f 7643 7644 7641
f 7644 7645 7633
f 7645 7646 7630
f 7647 7648 7646
f 5660 7649 7643
f 7647 7649 5657
f 5503 7650 5656
f 7651 7652 7648
f 7628 7652 2526
f 7624 7653 7596
f 2523 7654 7653
f 7654 7655 7591
f 7656 7657 7655
f 2522 7656 2527
f 7657 7658 7588
f 2520 7651 7650
f 7659 7660 2518
f 7661 7662 7658
f 7662 7663 2582
f 7660 7661 2521
f 7664 7665 7663
f 7665 7667 7666
f 7659 7668 7664
f 7668 7670 7669
f 5499 7670 2517
f 2511 7669 5493
f 2513 7671 7667
f 7672 7673 7671
f 7674 7675 7673
f 2509 7676 7675
f 7676 7677 7666
f 2583 7677 2579
f 7678 7679 2578
f 7679 7680 2589
f 2510 7678 2580
f 7680 7681 7578
f 2507 7682 7681
f 2505 7674 2502
f 2503 7683 2500
f 7685 7686 7684
f 5494 7686 2512
f 7672 7685 7683
f 2499 7687 2506
f 2493 7688 7687
f 7688 7689 7682
f 7575 7689 2496
f 7684 7690 2498
f 7690 7691 2490
f 5495 7692 7691
f 7692 7693 2482
f 7694 7695 6737
f 5496 7695 7693
f 2488 7694 4802
f 5630 7696 2486
f 2487 7697 2483
f 2481 7698 2491
f 7698 7699 2494
f 7700 7701 7697
f 7696 7702 7700
f 7699 7701 2479
f 2480 7703 2471
f 7702 7704 7703
f 5628 7705 7704
f 2470 7705 5625
f 2463 7706 7568
f 7706 7707 2603
f 2604 7707 2461
f 2462 7708 2460
f 7708 7709 2427
f 2468 7710 7709
f 7710 7712 7711
f 5624 7713 7712
f 5627 7714 7713
f 5684 7715 7714
f 7716 7717 7711
f 7718 7719 7715
f 7719 7720 7716
f 7721 7722 5437
f 7722 7723 7718
f 7721 7724 2459
f 5687 7724 5436
f 5422 5689 5425
f 2452 5421 5359
f 7726 7727 7725
f 5367 7725 5358
f 7726 7729 7728
f 7728 7730 2450
f 7727 7731 2453
f 2456 7731 2449
f 2435 7723 2457
f 2430 7720 2433
f 2428 7717 2429
f 2416 2605 2421
f 2414 7566 2607
f 7732 7733 7555
f 7732 7735 7734
f 2413 7735 7557
f 7733 7736 3218
f 3187 7736 2412
f 7734 7737 2410
f 2417 7738 7737
f 2418 7739 7738
f 2408 3214 2411
f 7739 7740 2409
f 2405 7741 2407
f 3216 7741 3207
f 7742 7743 7740
f 2420 7744 7742
f 2425 7745 7744
f 2431 7746 7745
f 2448 7746 2443
f 2406 7743 2447
f 2403 7747 3208
f 7747 7749 7748
f 4276 7749 2400
f 2402 2446 2401
f 7751 7752 7750
f 7752 7753 2396
f 2441 7751 2445
f 2439 7754 7753
f 7730 7755 7754
f 7750 7756 2399
f 7756 7757 4278
f 4281 7758 2390
f 2398 7758 7757
f 2397 7759 2392
f 7755 7760 7759
f 5373 7761 7729
f 7760 7761 2394
f 2395 5375 2387
f 5380 7762 2388
f 7764 7765 7763
f 7762 7766 7765
f 7767 7768 2381
f 7764 7767 2385
f 2386 7769 2389
f 7769 7770 4282
f 2380 7771 7770
f 7771 7772 4287
f 7772 7773 4212
f 4216 7773 2383
f 2378 7775 7774
f 2382 7775 4220
f 2377 7777 7776
f 7778 7779 7777
f 2371 7780 7778
f 7780 7782 7781
f 7784 7785 7783
f 7786 7787 2374
f 2325 7789 7788
f 7791 7792 7790
f 7792 7794 7793
f 7791 7796 7795
f 7790 7798 7797
f 7799 7800 7798
f 7789 7801 7800
f 7802 7803 7799
f 7793 7804 7802
f 7805 7806 7804
f 7805 7807 7786
f 7782 7787 7783
f 2369 7808 2373
f 7806 7808 2360
f 2368 2376 2365
f 2366 7774 7768
f 7763 7809 2367
f 7810 7811 2358
f 2359 7811 7803
f 7788 7810 2333
f 2361 2364 2356
f 7809 7812 2363
f 7814 7815 7813
f 7815 7816 7812
f 2354 7813 7766
f 5406 7269 2350
f 2337 7814 2351
f 2357 7816 2335
f 2329 7817 2340
f 2330 3363 3362
f 2332 7817 2327
f 7306 7818 2328
f 2321 7818 2315
f 7307 7819 2316
f 3162 7820 3167
f 7819 7820 2312
f 2308 2318 2311
f 3159 7821 2313
f 7822 7823 3331
f 7823 7824 7821
f 7825 7826 3170
f 3222 7826 7822
f 2305 7827 7825
f 7829 7830 7828
f 2307 7831 7830
f 7829 7832 2310
f 7824 7827 2309
f 2319 7832 2304
f 2323 7833 7801
f 2303 7834 7833
f 7836 7837 7835
f 7828 7837 2302
f 7838 7839 7836
f 7834 7839 7797
f 7838 7840 7796
f 7835 7841 2301
f 7831 7842 7841
f 7842 7843 2298
f 3173 7843 3219
f 2296 7844 3195
f 3196 7844 3172
f 7845 7846 2289
f 2300 7847 7840
f 7846 7848 7847
f 2290 2299 2297
f 2286 7849 7848
f 7849 7850 7795
f 7845 7851 2287
f 7852 7853 3191
f 7851 7853 2279
f 2285 7852 3193
f 3199 3201 2282
f 3211 7854 2283
f 7855 7856 7854
f 7858 7859 7857
f 3210 7858 7855
f 7860 7861 7857
f 7862 7863 7861
f 7863 7864 7856
f 2284 7864 2280
f 2273 7865 7850
f 7865 7866 7794
f 7866 7867 7807
f 7784 7867 2270
f 2272 7868 2271
f 7862 7869 2278
f 7868 7869 2266
f 2269 7871 7870
f 2268 7872 7871
f 7860 7873 2267
f 7874 7875 7873
f 7876 7877 7859
f 7877 7878 7874
f 7876 7880 7879
f 7748 7880 3209
f 2264 7879 4277
f 7881 7882 4289
f 4196 7883 7881
f 7884 7885 7882
f 2263 7885 7878
f 4293 7886 7883
f 7887 7888 7886
f 7888 7889 7884
f 7889 7890 7875
f 7890 7891 7872
f 7892 7893 7891
f 2262 7894 7893
f 7894 7895 7870
f 7895 7896 7785
f 7896 7897 7781
f 2261 7898 7897
f 7887 7899 7892
f 7899 7900 2260
f 2255 7902 7901
f 4295 7902 7900
f 7903 7904 4184
f 4297 7904 7901
f 2257 7903 4182
f 2251 7905 2252
f 7905 7906 7898
f 2248 7908 7907
f 7906 7907 7779
f 7776 7909 4221
f 2247 7909 7908
f 2246 4223 4218
f 2258 7910 2250
f 2240 7910 2237
f 7911 7912 2234
f 7913 7914 4332
f 4302 7914 7911
f 2229 7913 4337
f 4165 7915 2230
f 2231 7916 7912
f 7917 7918 2220
f 7916 7918 2235
f 7917 7919 2241
f 7919 7920 2244
f 7921 7922 4224
f 2228 7921 7920
f 7922 7923 4228
f 2226 7924 7923
f 2221 7915 2222
f 8580 8581 8582
f 8583 8584 8585
f 8586 8587 8588
f 8589 8590 8591
f 8592 8593 8594
f 8595 8596 8597
f 8598 8599 8600
f 8601 8602 8603
f 8604 8605 8606
f 7937 7938 7935
f 6328 7937 7933
f 8607 8608 8609
f 2224 7930 2212
f 2210 7924 2211
f 7939 7940 7938
f 2215 7940 2206
f 6329 7941 7939
f 7942 7943 7941
f 6494 7944 7942
f 7946 7947 7945
f 4886 7947 7944
f 2207 7949 7948
f 7943 7950 7949
f 4271 7948 2205
f 7946 7951 7950
f 2202 7951 2198
f 2199 7945 6502
f 4257 4263 2192
f 4253 4256 2188
f 4092 4252 2187
f 2190 7952 2186
f 2191 7953 7952
f 7953 7954 2184
f 6504 7954 2197
f 6505 7955 2185
f 4875 7956 7955
f 2180 7956 4872
f 2175 4086 2176
f 4083 4087 2171
f 2174 4870 2172
f 4866 6531 2162
f 7957 7958 6534
f 6532 7958 2159
f 7959 7960 2160
f 7960 7961 2165
f 2151 7962 2156
f 7959 7963 7962
f 7957 7964 7963
f 6537 7965 7964
f 7965 7966 2157
f 6679 7966 6544
f 2155 6677 6673
f 2146 7967 7961
f 2168 7968 2169
f 7967 7969 7968
f 6666 7970 2143
f 7971 7972 7970
f 2138 7971 6584
f 6630 7973 2140
f 6622 7974 7973
f 7975 7976 7972
f 2144 7976 2130
f 2136 7969 2145
f 2129 7977 2137
f 7974 7978 7975
f 2128 7978 6621
f 2123 7979 7977
f 7979 7980 2131
f 7980 7981 4085
f 2120 7982 7981
f 4078 7982 4374
f 2122 7983 2121
f 7984 7985 7983
f 7985 7986 4490
f 4042 7986 2118
f 2116 7988 7987
f 7988 7989 2113
f 7984 7990 7989
f 2126 7991 7990
f 6620 7992 7991
f 7992 7993 2114
f 7994 7995 7987
f 4020 7995 2112
f 7996 7997 2115
f 7994 7997 2107
f 7993 7999 7998
f 2103 8000 6627
f 7998 8000 7996
f 6613 7999 6616
f 2105 4007 2108
f 6625 8001 2104
f 8002 8003 8001
f 8004 8005 8002
f 4008 8003 2099
f 2089 4010 2097
f 2091 8006 2086
f 8006 8007 2077
f 2088 8008 4006
f 2087 8009 8008
f 8009 8010 4014
f 2082 8011 8010
f 8012 8013 4498
f 8011 8012 3999
f 4502 8013 2080
f 2076 8014 2085
f 2079 8015 4507
f 8014 8016 8015
f 4509 8016 2073
f 2075 8017 3991
f 3964 8017 2072
f 2070 4537 3960
f 2074 2078 2068
f 8007 8018 2065
f 2062 8018 2094
f 2063 8019 2066
f 2069 8019 2061
f 2060 8020 4538
f 4540 8020 2059
f 4542 8022 8021
f 4548 8021 4545
f 2058 8023 8022
f 8025 8026 8024
f 8023 8024 4546
f 2102 8027 2096
f 2047 8028 8027
f 8028 8029 2051
f 2056 8029 8025
f 8005 8030 2101
f 2048 8030 2042
f 6612 8031 8004
f 2043 8031 6610
f 2046 8032 8026
f 2045 8033 8032
f 8033 8034 4547
f 6609 8035 2040
f 6775 8036 8035
f 2034 8034 2036
f 2032 4549 4544
f 2035 8036 2027
f 2023 8037 4692
f 4693 8037 2028
f 8039 8040 8038
f 8039 8042 8041
f 8042 8043 2031
f 2025 8041 2030
f 8043 8044 3940
f 8044 8045 4550
f 2020 8046 3937
f 8046 8047 3929
f 2022 8049 8048
f 8038 8049 8045
f 4690 8050 8048
f 8040 8051 4688
f 4687 8051 2024
f 2017 4680 4571
f 2012 4560 3932
f 2013 8052 2018
f 8050 8052 8047
f 2013 2012 1974
f 2011 2013 31
f 2012 2011 546
f 2015 2014 547
f 2011 2015 546
f 2014 2011 31
f 2017 2016 2006
f 2014 2017 547
f 2016 2014 31
f 2019 2018 503
f 2016 2019 2006
f 2018 2016 31
f 2022 2021 502
f 2020 2022 501
f 2021 2020 1976
f 2025 2024 2009
f 2023 2025 1981
f 2024 2023 2008
f 2028 2027 1983
f 2026 2028 1981
f 2027 2026 1982
f 2030 2026 1981
f 2029 2030 87
f 2026 2029 1982
f 2033 2032 541
f 2031 2033 87
f 2032 2031 1978
f 2034 2033 541
f 2029 2034 1982
f 2033 2029 87
f 2037 2036 540
f 2035 2037 413
f 2036 2035 1982
f 2040 2039 535
f 2038 2040 413
f 2039 2038 536
f 2041 2037 540
f 2038 2041 536
f 2037 2038 413
f 2044 2043 536
f 2042 2044 461
f 2043 2042 1893
f 2045 2041 540
f 2044 2045 461
f 2041 2044 536
f 2048 2047 669
f 2046 2048 461
f 2047 2046 670
f 2051 2050 668
f 2049 2051 56
f 2050 2049 672
f 2053 2052 673
f 2049 2053 672
f 2052 2049 56
f 2055 2054 1863
f 2052 2055 673
f 2054 2052 56
f 2057 2056 1985
f 2054 2057 1863
f 2056 2054 56
f 2059 2058 1984
f 2057 2059 1863
f 2058 2057 1985
f 2061 2060 674
f 2055 2061 673
f 2060 2055 1863
f 2063 2053 673
f 2062 2063 671
f 2053 2062 672
f 2066 2065 671
f 2064 2066 13
f 2065 2064 1864
f 2068 2067 1861
f 2064 2068 1864
f 2067 2064 13
f 2071 2070 676
f 2069 2071 13
f 2070 2069 674
f 2072 2071 676
f 2067 2072 1861
f 2071 2067 13
f 2075 2074 1861
f 2073 2075 239
f 2074 2073 653
f 2078 2077 1864
f 2076 2078 653
f 2077 2076 657
f 2081 2080 660
f 2079 2081 247
f 2080 2079 652
f 2083 2082 658
f 2081 2083 247
f 2082 2081 660
f 2085 2084 657
f 2083 2085 247
f 2084 2083 658
f 2087 2084 658
f 2086 2087 654
f 2084 2086 657
f 2090 2089 656
f 2088 2090 654
f 2089 2088 655
f 2092 2090 656
f 2091 2092 144
f 2090 2091 654
f 2094 2093 672
f 2092 2094 144
f 2093 2092 656
f 2095 2093 656
f 2050 2095 668
f 2093 2050 672
f 2097 2095 656
f 2096 2097 153
f 2095 2096 668
f 2100 2099 1892
f 2098 2100 153
f 2099 2098 1890
f 2102 2101 669
f 2100 2102 153
f 2101 2100 1892
f 2105 2104 1891
f 2103 2105 1886
f 2104 2103 1894
f 2108 2107 1886
f 2106 2108 171
f 2107 2106 1887
f 2110 2109 1889
f 2106 2110 1887
f 2109 2106 171
f 2112 2111 1888
f 2110 2112 1887
f 2111 2110 1889
f 2115 2114 1884
f 2113 2115 83
f 2114 2113 1885
f 2118 2117 1879
f 2116 2118 636
f 2117 2116 1878
f 2121 2120 1880
f 2119 2121 635
f 2120 2119 928
f 2124 2123 632
f 2122 2124 482
f 2123 2122 1880
f 2126 2125 631
f 2124 2126 482
f 2125 2124 632
f 2128 2127 633
f 2125 2128 631
f 2127 2125 632
f 2130 2129 1882
f 2127 2130 633
f 2129 2127 632
f 2133 2132 925
f 2131 2133 399
f 2132 2131 1696
f 2135 2134 620
f 2133 2135 399
f 2134 2133 925
f 2137 2136 1882
f 2135 2137 399
f 2136 2135 620
f 2140 2139 1897
f 2138 2140 1881
f 2139 2138 1896
f 2143 2142 624
f 2141 2143 45
f 2142 2141 622
f 2145 2144 1882
f 2141 2145 622
f 2144 2141 45
f 2147 2146 623
f 2142 2147 624
f 2146 2142 622
f 2150 2149 624
f 2148 2150 479
f 2149 2148 612
f 2151 2147 623
f 2150 2151 479
f 2147 2150 624
f 2153 2152 613
f 2148 2153 612
f 2152 2148 479
f 2155 2154 614
f 2152 2155 613
f 2154 2152 479
f 2157 2156 615
f 2154 2157 614
f 2156 2154 479
f 2160 2159 617
f 2158 2160 373
f 2159 2158 618
f 2162 2161 914
f 2158 2162 618
f 2161 2158 373
f 2164 2163 621
f 2161 2164 914
f 2163 2161 373
f 2166 2165 619
f 2163 2166 621
f 2165 2163 373
f 2168 2166 619
f 2167 2168 475
f 2166 2167 621
f 2170 2134 925
f 2169 2170 475
f 2134 2169 620
f 2172 2171 923
f 2170 2172 475
f 2171 2170 925
f 2175 2174 923
f 2173 2175 52
f 2174 2173 919
f 2178 2177 922
f 2176 2178 52
f 2177 2176 920
f 2180 2179 918
f 2173 2180 919
f 2179 2173 52
f 2181 2178 922
f 2179 2181 918
f 2178 2179 52
f 2183 2182 1697
f 2181 2183 918
f 2182 2181 922
f 2185 2184 1698
f 2183 2185 918
f 2184 2183 1697
f 2187 2182 922
f 2186 2187 262
f 2182 2186 1697
f 2190 2189 1203
f 2188 2190 262
f 2189 2188 1204
f 2193 2192 1198
f 2191 2193 116
f 2192 2191 1203
f 2195 2194 1195
f 2193 2195 116
f 2194 2193 1198
f 2197 2196 1197
f 2195 2197 116
f 2196 2195 1195
f 2199 2198 1196
f 2196 2199 1197
f 2198 2196 1195
f 2201 2200 1199
f 2194 2201 1195
f 2200 2194 1198
f 2203 2201 1199
f 2202 2203 139
f 2201 2202 1195
f 2205 2204 1200
f 2203 2205 139
f 2204 2203 1199
f 2208 2207 1213
f 2206 2208 257
f 2207 2206 958
f 2210 2209 1155
f 2208 2210 257
f 2209 2208 1213
f 1158 8611 8610
f 2211 2213 257
f 2212 2211 1154
f 2215 2214 959
f 2213 2215 257
f 1158 8612 8611
f 2218 2217 1161
f 2216 2218 1157
f 2217 2216 1171
f 2221 2220 1172
f 2219 2221 79
f 2220 2219 1173
f 2223 2216 1157
f 2222 2223 79
f 2216 2222 1171
f 2225 2224 1154
f 2223 2225 79
f 2224 2223 1157
f 2227 2226 1156
f 2225 2227 79
f 2226 2225 1154
f 2228 2227 1156
f 2219 2228 1173
f 2227 2219 79
f 2231 2230 1172
f 2229 2231 1167
f 2230 2229 1169
f 2234 2233 1168
f 2232 2234 378
f 2233 2232 1208
f 2236 2235 1174
f 2232 2236 1208
f 2235 2232 378
f 2238 2237 1502
f 2236 2238 1208
f 2237 2236 1174
f 2241 2240 1174
f 2239 2241 308
f 2240 2239 1115
f 2243 2242 1109
f 2239 2243 1115
f 2242 2239 308
f 2245 2244 1110
f 2242 2245 1109
f 2244 2242 308
f 2247 2246 1111
f 2245 2247 1109
f 2246 2245 1110
f 2249 2248 1114
f 2243 2249 1115
f 2248 2243 1109
f 2251 2249 1114
f 2250 2251 415
f 2249 2250 1115
f 2254 2253 1144
f 2252 2254 415
f 2253 2252 1113
f 2256 2255 1216
f 2254 2256 415
f 2255 2254 1144
f 2258 2257 1502
f 2256 2258 415
f 2257 2256 1216
f 2260 2259 1501
f 2253 2260 1144
f 2259 2253 1113
f 2262 2261 1119
f 2259 2262 1501
f 2261 2259 1113
f 2265 2264 1242
f 2263 2265 299
f 2264 2263 1219
f 2268 2267 1118
f 2266 2268 1116
f 2267 2266 1117
f 2271 2270 1498
f 2269 2271 1116
f 2270 2269 1120
f 2274 2273 1497
f 2272 2274 67
f 2273 2272 1498
f 2276 2275 1490
f 2274 2276 67
f 2275 2274 1497
f 2278 2277 1245
f 2276 2278 67
f 2277 2276 1490
f 2280 2279 1488
f 2277 2280 1245
f 2279 2277 1490
f 2283 2282 1244
f 2281 2283 243
f 2282 2281 1483
f 2285 2284 1488
f 2281 2285 1483
f 2284 2281 243
f 2287 2286 1491
f 2275 2287 1490
f 2286 2275 1497
f 2290 2289 1492
f 2288 2290 66
f 2289 2288 164
f 2292 2291 1489
f 2288 2292 164
f 2291 2288 66
f 2294 2293 1486
f 2291 2294 1489
f 2293 2291 66
f 2296 2295 1485
f 2293 2296 1486
f 2295 2293 66
f 2298 2297 1484
f 2295 2298 1485
f 2297 2295 66
f 2301 2300 1494
f 2299 2301 1484
f 2300 2299 1492
f 2304 2303 1508
f 2302 2304 1346
f 2303 2302 1493
f 2307 2306 1345
f 2305 2307 1344
f 2306 2305 1347
f 2310 2309 1344
f 2308 2310 16
f 2309 2308 1342
f 2313 2312 1350
f 2311 2313 1342
f 2312 2311 1349
f 2316 2315 1513
f 2314 2316 1349
f 2315 2314 1510
f 2318 2314 1349
f 2317 2318 16
f 2314 2317 1510
f 2320 2319 1508
f 2317 2320 1510
f 2319 2317 16
f 2322 2320 1508
f 2321 2322 286
f 2320 2321 1510
f 2324 2323 1509
f 2322 2324 286
f 2323 2322 1508
f 2326 2325 1511
f 2324 2326 286
f 2325 2324 1509
f 2328 2327 1512
f 2326 2328 286
f 2327 2326 1511
f 2331 2330 1515
f 2329 2331 1512
f 2330 2329 1514
f 2334 2333 1507
f 2332 2334 151
f 2333 2332 1511
f 2336 2335 1228
f 2334 2336 151
f 2335 2334 1507
f 2338 2337 1230
f 2336 2338 151
f 2337 2336 1228
f 2340 2339 1514
f 2338 2340 151
f 2339 2338 1230
f 2342 2341 1516
f 2339 2342 1514
f 2341 2339 1230
f 2344 2341 1230
f 2343 2344 230
f 2341 2343 1516
f 2346 2345 1235
f 2343 2346 1516
f 2345 2343 230
f 2349 2348 1234
f 2347 2349 230
f 2348 2347 1232
f 2350 2349 1234
f 2345 2350 1235
f 2349 2345 230
f 2352 2351 1229
f 2344 2352 230
f 2351 2344 1230
f 2353 2352 1229
f 2347 2353 1232
f 2352 2347 230
f 2355 2354 1231
f 2353 2355 1232
f 2354 2353 1229
f 2358 2357 1507
f 2356 2358 307
f 2357 2356 1106
f 2361 2360 1104
f 2359 2361 307
f 2360 2359 1102
f 2364 2363 1106
f 2362 2364 1104
f 2363 2362 1105
f 2367 2366 1107
f 2365 2367 1105
f 2366 2365 1108
f 2369 2362 1104
f 2368 2369 331
f 2362 2368 1105
f 2372 2371 1500
f 2370 2372 331
f 2371 2370 1121
f 2374 2373 1122
f 2370 2374 1121
f 2373 2370 331
f 2376 2375 1108
f 2372 2376 331
f 2375 2372 1500
f 2378 2377 1499
f 2375 2378 1108
f 2377 2375 1500
f 2381 2380 1505
f 2379 2381 300
f 2380 2379 1504
f 2383 2382 1503
f 2379 2383 1504
f 2382 2379 300
f 2386 2385 1505
f 2384 2386 108
f 2385 2384 1506
f 2388 2387 1240
f 2384 2388 1506
f 2387 2384 108
f 2391 2390 1141
f 2389 2391 108
f 2390 2389 1139
f 2393 2392 1239
f 2391 2393 108
f 2392 2391 1141
f 2395 2394 1138
f 2393 2395 108
f 2394 2393 1239
f 2398 2397 1141
f 2396 2398 360
f 2397 2396 1132
f 2401 2400 1131
f 2399 2401 1043
f 2400 2399 1130
f 2404 2403 1576
f 2402 2404 14
f 2403 2402 1131
f 2406 2405 1038
f 2404 2406 14
f 2405 2404 1576
f 2409 2408 1579
f 2407 2409 1038
f 2408 2407 1577
f 2412 2411 1578
f 2410 2412 1477
f 2411 2410 1579
f 2415 2414 1258
f 2413 2415 119
f 2414 2413 1259
f 2417 2416 1582
f 2415 2417 119
f 2416 2415 1258
f 2420 2419 1039
f 2418 2420 297
f 2419 2418 1582
f 2422 2421 1581
f 2419 2422 1039
f 2421 2419 1582
f 2424 2423 1580
f 2422 2424 1039
f 2423 2422 1581
f 2426 2424 1580
f 2425 2426 195
f 2424 2425 1039
f 2428 2427 1583
f 2426 2428 195
f 2427 2426 1580
f 2431 2430 1037
f 2429 2431 195
f 2430 2429 1036
f 2434 2433 1035
f 2432 2434 430
f 2433 2432 1037
f 2436 2435 1135
f 2434 2436 430
f 2435 2434 1035
f 2438 2437 1133
f 2436 2438 430
f 2437 2436 1135
f 2440 2439 1042
f 2438 2440 430
f 2439 2438 1133
f 2442 2441 1041
f 2440 2442 430
f 2441 2440 1042
f 2443 2442 1041
f 2432 2443 1037
f 2442 2432 430
f 2446 2445 1043
f 2444 2446 14
f 2445 2444 1041
f 2448 2447 1040
f 2444 2448 1041
f 2447 2444 14
f 2450 2449 1134
f 2437 2450 1133
f 2449 2437 1135
f 2453 2452 1045
f 2451 2453 169
f 2452 2451 1046
f 2455 2454 1574
f 2451 2455 1046
f 2454 2451 169
f 2458 2457 1034
f 2456 2458 169
f 2457 2456 1135
f 2459 2458 1034
f 2454 2459 1574
f 2458 2454 169
f 2461 2423 1581
f 2460 2461 1475
f 2423 2460 1580
f 2464 2463 1248
f 2462 2464 370
f 2463 2462 1475
f 2466 2465 1247
f 2464 2466 370
f 2465 2464 1248
f 2468 2467 1252
f 2466 2468 370
f 2467 2466 1247
f 2470 2469 1253
f 2467 2470 1252
f 2469 2467 1247
f 2472 2469 1247
f 2471 2472 319
f 2469 2471 1253
f 2474 2473 1246
f 2472 2474 319
f 2473 2472 1247
f 2476 2475 1731
f 2474 2476 319
f 2475 2474 1246
f 2478 2477 1250
f 2476 2478 319
f 2477 2476 1731
f 2480 2479 1249
f 2478 2480 319
f 2479 2478 1250
f 2483 2482 1725
f 2481 2483 1251
f 2482 2481 1728
f 2486 2485 1727
f 2484 2486 182
f 2485 2484 1724
f 2488 2487 1725
f 2484 2488 1724
f 2487 2484 182
f 2491 2490 1728
f 2489 2491 351
f 2490 2489 1729
f 2493 2492 893
f 2489 2493 1729
f 2492 2489 351
f 2495 2494 1250
f 2492 2495 893
f 2494 2492 351
f 2496 2477 1731
f 2495 2496 893
f 2477 2495 1250
f 2499 2498 1729
f 2497 2499 892
f 2498 2497 1730
f 2501 2497 892
f 2500 2501 467
f 2497 2500 1730
f 2503 2502 888
f 2501 2503 467
f 2502 2501 892
f 2506 2505 892
f 2504 2506 889
f 2505 2504 890
f 2508 2507 891
f 2504 2508 890
f 2507 2504 889
f 2510 2508 891
f 2509 2510 881
f 2508 2509 890
f 2513 2512 1734
f 2511 2513 887
f 2512 2511 896
f 2516 2515 898
f 2514 2516 499
f 2515 2514 897
f 2518 2517 886
f 2516 2518 499
f 2517 2516 898
f 2520 2519 1778
f 2514 2520 897
f 2519 2514 499
f 2522 2521 884
f 2519 2522 1778
f 2521 2519 499
f 2525 2524 1781
f 2523 2525 883
f 2524 2523 1779
f 2527 2526 1778
f 2525 2527 883
f 2526 2525 1781
f 2530 2529 1782
f 2528 2530 1776
f 2529 2528 1780
f 2532 2524 1779
f 2531 2532 484
f 2524 2531 1781
f 2534 2533 804
f 2532 2534 484
f 2533 2532 1779
f 2536 2535 805
f 2534 2536 484
f 2535 2534 804
f 2538 2537 803
f 2536 2538 484
f 2537 2536 805
f 2541 2540 1792
f 2539 2541 1787
f 2540 2539 1791
f 2544 2543 869
f 2542 2544 480
f 2543 2542 1737
f 2546 2545 1785
f 2542 2546 1737
f 2545 2542 480
f 2549 2548 1785
f 2547 2549 472
f 2548 2547 1784
f 2551 2550 1783
f 2547 2551 1784
f 2550 2547 472
f 2554 2553 1784
f 2552 2554 349
f 2553 2552 1737
f 2557 2556 875
f 2555 2557 349
f 2556 2555 1736
f 2560 2559 1735
f 2558 2560 879
f 2559 2558 1736
f 2563 2562 1256
f 2561 2563 432
f 2562 2561 878
f 2565 2564 1255
f 2563 2565 432
f 2564 2563 1256
f 2568 2567 879
f 2566 2568 432
f 2567 2566 875
f 2570 2569 876
f 2566 2570 875
f 2569 2566 432
f 2572 2571 1463
f 2569 2572 876
f 2571 2569 432
f 2575 2574 1463
f 2573 2575 1255
f 2574 2573 1469
f 2578 2577 1473
f 2576 2578 40
f 2577 2576 1256
f 2581 2580 1473
f 2579 2581 464
f 2580 2579 881
f 2584 2583 464
f 2582 2584 12
f 2583 2582 880
f 2586 2585 877
f 2584 2586 12
f 2585 2584 464
f 2588 2587 878
f 2581 2588 464
f 2587 2581 1473
f 2587 2562 878
f 2577 2587 1473
f 2562 2577 1256
f 2591 2590 1474
f 2589 2591 40
f 2590 2589 1733
f 2593 2592 1254
f 2591 2593 40
f 2592 2591 1474
f 2596 2595 1472
f 2594 2596 24
f 2595 2594 1471
f 2598 2597 1474
f 2596 2598 24
f 2597 2596 1472
f 2601 2600 1470
f 2599 2601 107
f 2600 2599 1257
f 2603 2602 1471
f 2601 2603 107
f 2602 2601 1470
f 2606 2605 1258
f 2604 2606 107
f 2605 2604 1581
f 2607 2606 1258
f 2599 2607 1257
f 2606 2599 107
f 2610 2609 1470
f 2608 2610 9
f 2609 2608 1468
f 2612 2611 1262
f 2608 2612 1468
f 2611 2608 9
f 2614 2613 1260
f 2611 2614 1262
f 2613 2611 9
f 2616 2615 1466
f 2613 2616 1260
f 2615 2613 9
f 2619 2618 1348
f 2617 2619 402
f 2618 2617 1124
f 2621 2620 1322
f 2619 2621 402
f 2620 2619 1348
f 2623 2622 1325
f 2621 2623 402
f 2622 2621 1322
f 2626 2625 1386
f 2624 2626 1324
f 2625 2624 1328
f 2628 2625 1328
f 2627 2628 136
f 2625 2627 1386
f 2630 2629 1388
f 2628 2630 136
f 2629 2628 1328
f 2633 2632 1451
f 2631 2633 1388
f 2632 2631 1450
f 2635 2633 1451
f 2634 2635 1271
f 2633 2634 1388
f 2638 2637 1270
f 2636 2638 136
f 2637 2636 1271
f 2640 2639 1387
f 2638 2640 136
f 2639 2638 1270
f 2643 2642 1455
f 2641 2643 129
f 2642 2641 1269
f 2645 2644 1454
f 2642 2645 1455
f 2644 2642 1269
f 2648 2647 1454
f 2646 2648 111
f 2647 2646 1453
f 2651 2650 1452
f 2649 2651 1272
f 2650 2649 1453
f 2653 2652 1447
f 2651 2653 1272
f 2652 2651 1452
f 2656 2655 1274
f 2654 2656 1272
f 2655 2654 1273
f 2658 2653 1447
f 2657 2658 120
f 2653 2657 1272
f 2660 2659 1446
f 2658 2660 120
f 2659 2658 1447
f 2662 2661 1427
f 2660 2662 120
f 2661 2660 1446
f 2665 2664 1273
f 2663 2665 120
f 2664 2663 1285
f 2667 2666 1442
f 2664 2667 1273
f 2666 2664 1285
f 2670 2669 1441
f 2668 2670 29
f 2669 2668 1439
f 2672 2671 1454
f 2670 2672 29
f 2671 2670 1441
f 2675 2674 1440
f 2673 2675 47
f 2674 2673 1459
f 2677 2676 1292
f 2673 2677 1459
f 2676 2673 47
f 2679 2678 1289
f 2676 2679 1292
f 2678 2676 47
f 2681 2680 1438
f 2678 2681 1289
f 2680 2678 47
f 2684 2683 1293
f 2682 2684 234
f 2683 2682 1291
f 2686 2685 1288
f 2682 2686 1291
f 2685 2682 234
f 2689 2688 1290
f 2687 2689 497
f 2688 2687 1442
f 2691 2690 1443
f 2688 2691 1290
f 2690 2688 1442
f 2694 2693 1297
f 2692 2694 22
f 2693 2692 1443
f 2696 2695 1296
f 2694 2696 22
f 2695 2694 1297
f 2698 2697 1291
f 2696 2698 22
f 2697 2696 1296
f 2699 2697 1296
f 2683 2699 1293
f 2697 2683 1291
f 2702 2701 1434
f 2700 2702 1294
f 2701 2700 1433
f 2705 2704 861
f 2703 2705 386
f 2704 2703 1433
f 2707 2706 860
f 2705 2707 386
f 2706 2705 861
f 2709 2708 866
f 2707 2709 386
f 2708 2707 860
f 2711 2710 408
f 2709 2711 386
f 2710 2709 866
f 2713 2712 1434
f 2711 2713 386
f 2712 2711 408
f 2716 2715 1461
f 2714 2716 1435
f 2715 2714 1462
f 2719 2718 1295
f 2717 2719 440
f 2718 2717 1461
f 2721 2720 1294
f 2719 2721 440
f 2720 2719 1295
f 2724 2723 1462
f 2722 2724 1436
f 2723 2722 1465
f 2727 2726 1464
f 2725 2727 448
f 2726 2725 1267
f 2730 2729 1458
f 2728 2730 125
f 2729 2728 1456
f 2732 2731 1267
f 2730 2732 125
f 2731 2730 1458
f 2735 2734 1268
f 2733 2735 125
f 2734 2733 448
f 2737 2736 1266
f 2735 2737 125
f 2736 2735 1268
f 2738 2737 1266
f 2728 2738 1456
f 2737 2728 125
f 2740 2739 1457
f 2729 2740 1458
f 2739 2729 1456
f 2743 2742 1459
f 2741 2743 460
f 2742 2741 1457
f 2744 2741 460
f 2740 2744 1458
f 2741 2740 1457
f 2747 2746 1457
f 2745 2747 99
f 2746 2745 1440
f 2748 2739 1456
f 2747 2748 99
f 2739 2747 1457
f 2751 2750 1266
f 2749 2751 38
f 2750 2749 1264
f 2754 2753 1261
f 2752 2754 38
f 2753 2752 1262
f 2756 2755 1467
f 2752 2756 1262
f 2755 2752 38
f 2758 2757 1268
f 2755 2758 1467
f 2757 2755 38
f 2759 2756 1467
f 2612 2759 1468
f 2756 2612 1262
f 2761 2759 1467
f 2760 2761 251
f 2759 2760 1468
f 2763 2762 1469
f 2761 2763 251
f 2762 2761 1467
f 2764 2573 1255
f 2763 2764 251
f 2573 2763 1469
f 2765 2758 1268
f 2762 2765 1469
f 2758 2762 1467
f 2768 2767 1331
f 2766 2768 26
f 2767 2766 1329
f 2771 2770 1330
f 2769 2771 291
f 2770 2769 1331
f 2774 2773 1329
f 2772 2774 260
f 2773 2772 1330
f 2776 2775 1466
f 2774 2776 260
f 2775 2774 1329
f 2777 2775 1329
f 2616 2777 1260
f 2775 2616 1466
f 2773 2767 1329
f 2770 2773 1330
f 2767 2770 1331
f 2778 2766 26
f 2777 2778 1260
f 2766 2777 1329
f 2780 2779 1261
f 2778 2780 1260
f 2779 2778 26
f 2780 2614 1260
f 2753 2780 1261
f 2614 2753 1262
f 2782 2781 1265
f 2750 2782 1266
f 2781 2750 1264
f 2785 2784 1455
f 2783 2785 99
f 2784 2783 1265
f 2786 2784 1265
f 2643 2786 129
f 2784 2643 1455
f 2787 2781 1264
f 2786 2787 129
f 2781 2786 1265
f 2788 2782 1265
f 2738 2788 1456
f 2782 2738 1266
f 2788 2748 1456
f 2783 2788 1265
f 2748 2783 99
f 2757 2736 1268
f 2751 2757 38
f 2736 2751 1266
f 2790 2789 1465
f 2726 2790 1464
f 2789 2726 1267
f 2792 2790 1465
f 2791 2792 391
f 2790 2791 1464
f 2794 2793 876
f 2791 2794 1464
f 2793 2791 391
f 2796 2795 874
f 2793 2796 876
f 2795 2793 391
f 2797 2796 874
f 2570 2797 875
f 2796 2570 876
f 2798 2722 1436
f 2792 2798 391
f 2722 2792 1465
f 2800 2799 870
f 2798 2800 391
f 2799 2798 1436
f 2801 2800 870
f 2795 2801 874
f 2800 2795 391
f 2803 2802 873
f 2801 2803 874
f 2802 2801 870
f 2805 2804 871
f 2799 2805 870
f 2804 2799 1436
f 2807 2805 871
f 2806 2807 21
f 2805 2806 870
f 2809 2808 872
f 2807 2809 21
f 2808 2807 871
f 2811 2810 867
f 2809 2811 21
f 2810 2809 872
f 2813 2812 869
f 2811 2813 21
f 2812 2811 867
f 2815 2814 873
f 2813 2815 21
f 2814 2813 869
f 2818 2817 792
f 2816 2818 791
f 2817 2816 1739
f 2820 2819 1795
f 2818 2820 791
f 2819 2818 792
f 2823 2822 1796
f 2821 2823 34
f 2822 2821 1795
f 2825 2824 1745
f 2819 2825 1795
f 2824 2819 792
f 2827 2817 1739
f 2826 2827 232
f 2817 2826 792
f 2829 2828 863
f 2827 2829 232
f 2828 2827 1739
f 2832 2831 1738
f 2830 2832 863
f 2831 2830 864
f 2834 2833 865
f 2830 2834 864
f 2833 2830 863
f 2836 2835 866
f 2834 2836 864
f 2835 2834 865
f 2838 2808 871
f 2837 2838 408
f 2808 2837 872
f 2840 2810 872
f 2839 2840 865
f 2810 2839 867
f 2841 2840 872
f 2835 2841 866
f 2840 2835 865
f 2844 2843 1743
f 2842 2844 1738
f 2843 2842 1741
f 2847 2846 1745
f 2845 2847 1743
f 2846 2845 1744
f 2850 2849 1742
f 2848 2850 417
f 2849 2848 858
f 2853 2852 857
f 2851 2853 855
f 2852 2851 856
f 2856 2855 1432
f 2854 2856 1430
f 2855 2854 1431
f 2858 2855 1431
f 2857 2858 340
f 2855 2857 1432
f 2860 2859 1437
f 2857 2860 1432
f 2859 2857 340
f 2862 2861 861
f 2859 2862 1437
f 2861 2859 340
f 2864 2863 862
f 2861 2864 861
f 2863 2861 340
f 2865 2858 1431
f 2863 2865 862
f 2858 2863 340
f 2868 2867 1444
f 2866 2868 37
f 2867 2866 1297
f 2871 2870 1287
f 2869 2871 103
f 2870 2869 1285
f 2873 2872 1429
f 2871 2873 103
f 2872 2871 1287
f 2875 2874 1286
f 2870 2875 1287
f 2874 2870 1285
f 2878 2877 1428
f 2876 2878 1286
f 2877 2876 1427
f 2880 2879 1426
f 2872 2880 1429
f 2879 2872 1287
f 2882 2879 1287
f 2881 2882 442
f 2879 2881 1426
f 2885 2884 1424
f 2883 2885 442
f 2884 2883 1428
f 2887 2886 1423
f 2885 2887 442
f 2886 2885 1424
f 2888 2887 1423
f 2881 2888 1426
f 2887 2881 442
f 2890 2889 1425
f 2888 2890 1426
f 2889 2888 1423
f 2892 2886 1424
f 2891 2892 1309
f 2886 2891 1423
f 2895 2894 1425
f 2893 2895 11
f 2894 2893 1306
f 2897 2896 1304
f 2893 2897 1306
f 2896 2893 11
f 2899 2898 1307
f 2896 2899 1304
f 2898 2896 11
f 2901 2900 1305
f 2897 2901 1306
f 2900 2897 1304
f 2903 2894 1306
f 2902 2903 1302
f 2894 2902 1425
f 2905 2890 1425
f 2904 2905 181
f 2890 2904 1426
f 2906 2902 1302
f 2905 2906 181
f 2902 2905 1425
f 2909 2908 1299
f 2907 2909 181
f 2908 2907 1300
f 2911 2910 1429
f 2909 2911 181
f 2910 2909 1299
f 2914 2913 1413
f 2912 2914 1303
f 2913 2912 1412
f 2917 2916 857
f 2915 2917 377
f 2916 2915 1413
f 2919 2916 1413
f 2918 2919 853
f 2916 2918 857
f 2921 2919 1413
f 2920 2921 454
f 2919 2920 853
f 2924 2923 1415
f 2922 2924 454
f 2923 2922 1412
f 2926 2925 852
f 2924 2926 454
f 2925 2924 1415
f 2928 2927 851
f 2926 2928 454
f 2927 2926 852
f 2931 2930 1745
f 2929 2931 264
f 2930 2929 1746
f 2934 2933 1796
f 2932 2934 1746
f 2933 2932 1748
f 2936 2935 1747
f 2932 2936 1748
f 2935 2932 1746
f 2937 2929 264
f 2935 2937 1747
f 2929 2935 1746
f 2939 2938 847
f 2937 2939 1747
f 2938 2937 264
f 2941 2940 848
f 2938 2941 847
f 2940 2938 264
f 2943 2941 848
f 2942 2943 846
f 2941 2942 847
f 2946 2945 1749
f 2944 2946 130
f 2945 2944 1747
f 2949 2948 1748
f 2947 2949 130
f 2948 2947 1750
f 2951 2950 1758
f 2947 2951 1750
f 2950 2947 130
f 2953 2952 1752
f 2950 2953 1758
f 2952 2950 130
f 2955 2954 1757
f 2953 2955 1758
f 2954 2953 1752
f 2958 2957 842
f 2956 2958 190
f 2957 2956 844
f 2960 2959 839
f 2958 2960 190
f 2959 2958 842
f 2962 2961 1752
f 2956 2962 844
f 2961 2956 190
f 2965 2964 850
f 2963 2965 435
f 2964 2963 846
f 2967 2966 1417
f 2965 2967 435
f 2966 2965 850
f 2969 2968 845
f 2967 2969 435
f 2968 2967 1417
f 2972 2971 1403
f 2970 2972 1341
f 2971 2970 1404
f 2975 2974 1404
f 2973 2975 332
f 2974 2973 1405
f 2977 2976 1408
f 2973 2977 1405
f 2976 2973 332
f 2980 2979 1383
f 2978 2980 345
f 2979 2978 1402
f 2982 2981 1403
f 2980 2982 345
f 2981 2980 1383
f 2985 2984 1384
f 2983 2985 1374
f 2984 2983 1403
f 2987 2985 1384
f 2986 2987 236
f 2985 2986 1374
f 2989 2988 1337
f 2987 2989 236
f 2988 2987 1384
f 2991 2990 1379
f 2989 2991 236
f 2990 2989 1337
f 2994 2993 1375
f 2992 2994 379
f 2993 2992 1372
f 2997 2996 1373
f 2995 2997 379
f 2996 2995 1529
f 2999 2998 1525
f 2995 2999 1529
f 2998 2995 379
f 3001 3000 1377
f 2998 3001 1525
f 3000 2998 379
f 3003 3002 1523
f 3001 3003 1525
f 3002 3001 1377
f 3006 3005 1380
f 3004 3006 49
f 3005 3004 1378
f 3008 3007 1382
f 3006 3008 49
f 3007 3006 1380
f 3011 3010 1335
f 3009 3011 354
f 3010 3009 1336
f 3014 3013 1334
f 3012 3014 1318
f 3013 3012 1333
f 3016 3012 1318
f 3015 3016 1317
f 3012 3015 1333
f 3019 3018 1320
f 3017 3019 85
f 3018 3017 1275
f 3022 3021 1276
f 3020 3022 85
f 3021 3020 1319
f 3023 3022 1276
f 3017 3023 1275
f 3022 3017 85
f 3026 3025 1400
f 3024 3026 1319
f 3025 3024 1399
f 3029 3028 1314
f 3027 3029 375
f 3028 3027 1315
f 3031 3030 1399
f 3027 3031 1315
f 3030 3027 375
f 3033 2988 1384
f 3032 3033 388
f 2988 3032 1337
f 3035 3034 1383
f 3033 3035 388
f 3034 3033 1384
f 3037 3036 1316
f 3035 3037 388
f 3036 3035 1383
f 3038 2979 1402
f 3036 3038 1316
f 2979 3036 1383
f 3040 3039 1313
f 2978 3040 1402
f 3039 2978 345
f 3043 3042 1417
f 3041 3043 123
f 3042 3041 1408
f 3045 3044 1409
f 3043 3045 123
f 3044 3043 1417
f 3048 3047 1409
f 3046 3048 466
f 3047 3046 1411
f 3050 3049 849
f 2964 3050 850
f 3049 2964 846
f 3052 3049 846
f 3051 3052 60
f 3049 3051 849
f 3054 3050 849
f 3053 3054 466
f 3050 3053 850
f 3055 3048 1409
f 3053 3055 850
f 3048 3053 466
f 3055 2966 850
f 3044 3055 1409
f 2966 3044 1417
f 3056 3047 1411
f 3045 3056 123
f 3047 3045 1409
f 3059 3058 1418
f 3057 3059 376
f 3058 3057 1416
f 3061 3060 1410
f 3059 3061 376
f 3060 3059 1418
f 3064 3063 1414
f 3062 3064 376
f 3063 3062 1415
f 3067 3066 1412
f 3065 3067 321
f 3066 3065 1414
f 3068 2912 1303
f 3067 3068 321
f 2912 3067 1412
f 3066 2923 1412
f 3063 3066 1414
f 2923 3063 1415
f 3069 3064 1414
f 3057 3069 1416
f 3064 3057 376
f 3071 3069 1414
f 3070 3071 1305
f 3069 3070 1416
f 3074 3073 1308
f 3072 3074 273
f 3073 3072 1304
f 3076 3075 1419
f 3074 3076 273
f 3075 3074 1308
f 3079 3078 1419
f 3077 3079 235
f 3078 3077 1406
f 3081 3080 1420
f 3079 3081 235
f 3080 3079 1419
f 3082 3075 1308
f 3080 3082 1420
f 3075 3080 1419
f 3085 3084 1422
f 3083 3085 293
f 3084 3083 1307
f 3087 3086 1421
f 3085 3087 293
f 3086 3085 1422
f 3090 3089 1421
f 3088 3090 1311
f 3089 3088 1420
f 3092 3090 1421
f 3091 3092 277
f 3090 3091 1311
f 3095 3094 1396
f 3093 3095 110
f 3094 3093 1397
f 3098 3097 1281
f 3096 3098 339
f 3097 3096 1283
f 3101 3100 1283
f 3099 3101 256
f 3100 3099 1284
f 3103 3102 1424
f 3099 3103 1284
f 3102 3099 256
f 3105 2877 1427
f 3104 3105 237
f 2877 3104 1428
f 3107 3106 1445
f 3105 3107 237
f 3106 3105 1427
f 3109 3108 1280
f 3107 3109 237
f 3108 3107 1445
f 3111 3110 1282
f 3109 3111 237
f 3110 3109 1280
f 3113 3110 1280
f 3112 3113 309
f 3110 3112 1282
f 3115 3114 1449
f 3113 3115 309
f 3114 3113 1280
f 3118 3117 1281
f 3116 3118 309
f 3117 3116 1279
f 3119 3115 1449
f 3116 3119 1279
f 3115 3116 309
f 3121 3114 1280
f 3120 3121 42
f 3114 3120 1449
f 3122 3108 1445
f 3121 3122 42
f 3108 3121 1280
f 3124 3123 1448
f 3122 3124 42
f 3123 3122 1445
f 3127 3126 1450
f 3125 3127 355
f 3126 3125 1391
f 3129 3128 1389
f 3125 3129 1391
f 3128 3125 355
f 3131 3130 1327
f 3128 3131 1389
f 3130 3128 355
f 3133 3132 1392
f 3129 3133 1391
f 3132 3129 1389
f 3136 3135 1279
f 3134 3136 1277
f 3135 3134 1278
f 3138 3134 1277
f 3137 3138 437
f 3134 3137 1278
f 3139 3135 1278
f 3117 3139 1281
f 3135 3117 1279
f 3140 3139 1278
f 3098 3140 339
f 3139 3098 1281
f 3142 3141 1276
f 3138 3142 437
f 3141 3138 1277
f 3145 3144 1277
f 3143 3145 81
f 3144 3143 1275
f 3146 3136 1279
f 3145 3146 81
f 3136 3145 1277
f 3148 3147 1390
f 3143 3148 1275
f 3147 3143 81
f 3149 3148 1390
f 3018 3149 1320
f 3148 3018 1275
f 3152 3151 1320
f 3150 3152 231
f 3151 3150 1321
f 3155 3154 1323
f 3153 3155 1321
f 3154 3153 1322
f 3158 3157 1333
f 3156 3158 1323
f 3157 3156 1332
f 3161 3160 1335
f 3159 3161 419
f 3160 3159 1350
f 3163 3162 1381
f 3160 3163 1335
f 3162 3160 1350
f 3164 3163 1381
f 3011 3164 354
f 3163 3011 1335
f 3167 3166 1381
f 3165 3167 131
f 3166 3165 1382
f 3170 3169 1347
f 3168 3170 427
f 3169 3168 1348
f 3173 3172 1485
f 3171 3173 101
f 3172 3171 1480
f 3175 3174 1126
f 3171 3175 1480
f 3174 3171 101
f 3177 3176 1124
f 3174 3177 1126
f 3176 3174 101
f 3179 3178 1125
f 3177 3179 1126
f 3178 3177 1124
f 3181 3180 1478
f 3179 3181 1126
f 3180 3179 1125
f 3183 3182 1479
f 3175 3183 1480
f 3182 3175 1126
f 3186 3185 1479
f 3184 3186 394
f 3185 3184 1482
f 3188 3187 1578
f 3184 3188 1482
f 3187 3184 394
f 3190 3189 1487
f 2294 3190 1489
f 3189 2294 1486
f 3191 3190 1487
f 2292 3191 164
f 3190 2292 1489
f 3194 3193 1487
f 3192 3194 161
f 3193 3192 1483
f 3195 3189 1486
f 3194 3195 161
f 3189 3194 1487
f 3197 3183 1479
f 3196 3197 161
f 3183 3196 1480
f 3199 3198 1481
f 3192 3199 1483
f 3198 3192 161
f 3200 3197 1479
f 3198 3200 1481
f 3197 3198 161
f 3203 3202 1482
f 3201 3203 1244
f 3202 3201 1481
f 3206 3205 1129
f 3204 3206 64
f 3205 3204 1127
f 3208 3207 1576
f 3204 3208 1127
f 3207 3204 64
f 3210 3209 1128
f 3205 3210 1129
f 3209 3205 1127
f 3212 3211 1244
f 3206 3212 64
f 3211 3206 1129
f 3213 3203 1482
f 3212 3213 64
f 3203 3212 1244
f 3215 3214 1577
f 3188 3215 1482
f 3214 3188 1578
f 3216 3215 1577
f 3213 3216 64
f 3215 3213 1482
f 3202 3185 1482
f 3200 3202 1481
f 3185 3200 1479
f 3217 3182 1126
f 3186 3217 394
f 3182 3186 1479
f 3218 3181 1478
f 3217 3218 394
f 3181 3217 1126
f 3220 2306 1347
f 3219 3220 101
f 2306 3219 1345
f 3221 3220 1347
f 3176 3221 1124
f 3220 3176 101
f 3221 2618 1124
f 3169 3221 1347
f 2618 3169 1348
f 3223 3156 1323
f 3222 3223 427
f 3156 3222 1332
f 3225 3158 1333
f 3224 3225 283
f 3158 3224 1323
f 3226 2620 1348
f 3154 3226 1323
f 2620 3154 1322
f 3226 3223 1323
f 3168 3226 1348
f 3223 3168 427
f 3227 3224 283
f 3155 3227 1321
f 3224 3155 1323
f 3228 3227 283
f 3151 3228 1320
f 3227 3151 1321
f 3229 3149 1390
f 3152 3229 231
f 3149 3152 1320
f 3231 3230 1389
f 3147 3231 1390
f 3230 3147 81
f 3232 3230 81
f 3132 3232 1392
f 3230 3132 1389
f 3234 3133 1392
f 3233 3234 42
f 3133 3233 1391
f 3235 3124 1448
f 3233 3235 1391
f 3124 3233 42
f 3237 3236 1327
f 3229 3237 231
f 3236 3229 1390
f 3236 3131 1327
f 3231 3236 1390
f 3131 3231 1389
f 3239 3238 1328
f 3130 3239 1327
f 3238 3130 355
f 3240 3235 1448
f 3126 3240 1450
f 3235 3126 1391
f 3242 3240 1448
f 3241 3242 447
f 3240 3241 1450
f 3244 2659 1447
f 3243 3244 447
f 2659 3243 1446
f 3245 3242 1448
f 3243 3245 1446
f 3242 3243 447
f 3246 2661 1446
f 3106 3246 1445
f 2661 3106 1427
f 3246 3123 1445
f 3245 3246 1446
f 3123 3245 1448
f 3247 2652 1452
f 3244 3247 447
f 2652 3244 1447
f 3248 3234 1392
f 3120 3248 1449
f 3234 3120 42
f 3249 3146 1279
f 3232 3249 1392
f 3146 3232 81
f 3249 3248 1392
f 3119 3249 1279
f 3248 3119 1449
f 3250 3118 1281
f 3112 3250 1282
f 3118 3112 309
f 3251 3097 1283
f 3250 3251 1282
f 3097 3250 1281
f 3253 3252 1284
f 3104 3253 1428
f 3252 3104 237
f 3254 3111 1282
f 3252 3254 1284
f 3111 3252 237
f 3254 3100 1284
f 3251 3254 1282
f 3100 3251 1283
f 3256 3255 1393
f 3101 3256 256
f 3255 3101 1283
f 3258 3257 1310
f 3256 3258 256
f 3257 3256 1393
f 3261 3260 1310
f 3259 3261 110
f 3260 3259 1422
f 3262 3084 1307
f 3260 3262 1310
f 3084 3260 1422
f 3265 3264 1393
f 3263 3265 339
f 3264 3263 1394
f 3265 3096 339
f 3255 3265 1393
f 3096 3255 1283
f 3266 3257 1393
f 3261 3266 110
f 3257 3261 1310
f 3267 3264 1394
f 3266 3267 110
f 3264 3266 1393
f 3270 3269 1395
f 3268 3270 277
f 3269 3268 1396
f 3271 3095 1396
f 3259 3271 1422
f 3095 3259 110
f 3272 3092 1421
f 3268 3272 1396
f 3092 3268 277
f 3272 3271 1396
f 3086 3272 1421
f 3271 3086 1422
f 3273 3089 1420
f 3087 3273 293
f 3089 3087 1421
f 3274 3082 1308
f 3273 3274 293
f 3082 3273 1420
f 3276 3070 1305
f 3275 3276 273
f 3070 3275 1416
f 3277 3061 1410
f 3062 3277 1415
f 3061 3062 376
f 3279 3278 1410
f 3046 3279 1411
f 3278 3046 466
f 3280 3277 1410
f 2925 3280 852
f 3277 2925 1415
f 3282 3281 1418
f 3078 3282 1419
f 3281 3078 1406
f 3283 3282 1418
f 3076 3283 273
f 3282 3076 1419
f 3283 3275 273
f 3058 3283 1418
f 3275 3058 1416
f 3285 3284 1411
f 3281 3285 1418
f 3284 3281 1406
f 3285 3060 1418
f 3279 3285 1411
f 3060 3279 1410
f 3286 3284 1406
f 3056 3286 123
f 3284 3056 1411
f 3288 3287 1407
f 3286 3288 123
f 3287 3286 1406
f 3289 3077 235
f 3287 3289 1407
f 3077 3287 1406
f 3291 3290 1313
f 3289 3291 1407
f 3290 3289 235
f 3292 3088 1311
f 3081 3292 235
f 3088 3081 1420
f 3293 3292 1311
f 3290 3293 1313
f 3292 3290 235
f 3295 3294 1312
f 3293 3295 1313
f 3294 3293 1311
f 3296 3295 1312
f 3040 3296 1402
f 3295 3040 1313
f 3299 3298 1312
f 3297 3299 277
f 3298 3297 1314
f 3299 3091 277
f 3294 3299 1312
f 3091 3294 1311
f 3300 3270 1395
f 3297 3300 1314
f 3270 3297 277
f 3302 3301 1316
f 3298 3302 1312
f 3301 3298 1314
f 3302 3296 1312
f 3038 3302 1316
f 3296 3038 1402
f 3304 3303 1315
f 3037 3304 388
f 3303 3037 1316
f 3303 3028 1315
f 3301 3303 1316
f 3028 3301 1314
f 3305 3300 1395
f 3029 3305 375
f 3300 3029 1314
f 3306 3094 1397
f 3269 3306 1395
f 3094 3269 1396
f 3308 3307 1401
f 3306 3308 1395
f 3307 3306 1397
f 3309 3267 1394
f 3093 3309 1397
f 3267 3093 110
f 3311 3310 1398
f 3309 3311 1397
f 3310 3309 1394
f 3312 3311 1398
f 3307 3312 1401
f 3311 3307 1397
f 3313 3263 339
f 3310 3313 1398
f 3263 3310 1394
f 3314 3140 1278
f 3313 3314 1398
f 3140 3313 339
f 3316 3312 1398
f 3315 3316 437
f 3312 3315 1401
f 3316 3137 437
f 3314 3316 1398
f 3137 3314 1278
f 3318 3317 1400
f 3142 3318 437
f 3317 3142 1276
f 3319 3318 1400
f 3315 3319 1401
f 3318 3315 437
f 3320 3308 1401
f 3305 3320 375
f 3308 3305 1395
f 3321 3319 1400
f 3320 3321 375
f 3319 3320 1401
f 3321 3030 375
f 3025 3321 1400
f 3030 3025 1399
f 3323 3322 1338
f 3031 3323 1315
f 3322 3031 1399
f 3325 3322 1399
f 3324 3325 167
f 3322 3324 1338
f 3326 3024 1319
f 3325 3326 167
f 3024 3325 1399
f 3317 3026 1400
f 3021 3317 1276
f 3026 3021 1319
f 3144 3141 1277
f 3023 3144 1275
f 3141 3023 1276
f 3328 3327 1317
f 3019 3328 85
f 3327 3019 1320
f 3329 3228 283
f 3327 3329 1317
f 3228 3327 1320
f 3331 3157 1332
f 3330 3331 419
f 3157 3330 1333
f 3329 3015 1317
f 3225 3329 283
f 3015 3225 1333
f 3332 3330 419
f 3013 3332 1334
f 3330 3013 1333
f 3333 3161 1335
f 3332 3333 1334
f 3161 3332 419
f 3334 3328 1317
f 3020 3334 1319
f 3328 3020 85
f 3335 3016 1318
f 3334 3335 1319
f 3016 3334 1317
f 3336 3335 1318
f 3326 3336 167
f 3335 3326 1319
f 3339 3338 1336
f 3337 3339 167
f 3338 3337 1334
f 3337 3014 1334
f 3336 3337 167
f 3014 3336 1318
f 3338 3010 1336
f 3333 3338 1334
f 3010 3333 1335
f 3341 3340 1337
f 3009 3341 1336
f 3340 3009 354
f 3342 3339 1336
f 3324 3342 1338
f 3339 3324 167
f 3343 3341 1337
f 3342 3343 1338
f 3341 3342 1336
f 3344 3323 1338
f 3304 3344 388
f 3323 3304 1315
f 3344 3032 388
f 3343 3344 1338
f 3032 3343 1337
f 3345 3340 354
f 2990 3345 1379
f 3340 2990 1337
f 3347 3346 1379
f 3005 3347 1380
f 3346 3005 1378
f 3348 3345 354
f 3347 3348 1380
f 3345 3347 1379
f 3349 3164 1381
f 3348 3349 1380
f 3164 3348 354
f 3349 3007 1380
f 3166 3349 1381
f 3007 3166 1382
f 3352 3351 1521
f 3350 3352 1382
f 3351 3350 1520
f 3353 3352 1521
f 3008 3353 49
f 3352 3008 1382
f 3355 3354 1523
f 3353 3355 49
f 3354 3353 1521
f 3358 3357 1524
f 3356 3358 1521
f 3357 3356 1522
f 3359 3358 1524
f 3354 3359 1523
f 3358 3354 1521
f 3362 3361 1515
f 3360 3362 371
f 3361 3360 1522
f 3364 2342 1516
f 3363 3364 371
f 2342 3363 1514
f 3366 3365 1517
f 3364 3366 371
f 3365 3364 1516
f 3368 3367 1518
f 3366 3368 371
f 3367 3366 1517
f 3371 3370 1527
f 3369 3371 117
f 3370 3369 1526
f 3374 3373 1096
f 3372 3374 1095
f 3373 3372 1531
f 3377 3376 1227
f 3375 3377 474
f 3376 3375 1237
f 3379 3378 1226
f 3377 3379 474
f 3378 3377 1227
f 3381 3380 1092
f 3379 3381 474
f 3380 3379 1226
f 3384 3383 1542
f 3382 3384 1093
f 3383 3382 1541
f 3387 3386 1092
f 3385 3387 350
f 3386 3385 1093
f 3390 3389 1541
f 3388 3390 350
f 3389 3388 1088
f 3392 3391 1533
f 3388 3392 1088
f 3391 3388 350
f 3394 3393 1532
f 3391 3394 1533
f 3393 3391 350
f 3395 3387 1092
f 3393 3395 1532
f 3387 3393 350
f 3397 3396 1089
f 3392 3397 1088
f 3396 3392 1533
f 3399 3398 1090
f 3397 3399 1088
f 3398 3397 1089
f 3402 3401 1536
f 3400 3402 1090
f 3401 3400 1537
f 3405 3404 1555
f 3403 3405 154
f 3404 3403 1535
f 3408 3407 1049
f 3406 3408 154
f 3407 3406 1047
f 3410 3409 1536
f 3408 3410 154
f 3409 3408 1049
f 3412 3411 1538
f 3409 3412 1536
f 3411 3409 1049
f 3414 3413 1048
f 3407 3414 1049
f 3413 3407 1047
f 3416 3415 1550
f 3413 3416 1048
f 3415 3413 1047
f 3418 3417 1554
f 3415 3418 1550
f 3417 3415 1047
f 3421 3420 1069
f 3419 3421 344
f 3420 3419 1550
f 3423 3422 1068
f 3421 3423 344
f 3422 3421 1069
f 3425 3424 1050
f 3423 3425 344
f 3424 3423 1068
f 3428 3427 1068
f 3426 3428 452
f 3427 3426 1546
f 8053 8214 8215
f 8054 3430 8216
f 3429 8055 8217
f 3432 8056 8218
f 8057 8219 8214
f 8058 3429 8217
f 3434 3433 1052
f 3431 3434 1058
f 3433 3431 452
f 3436 3435 1053
f 3433 3436 1052
f 3435 3433 452
f 3438 3437 1054
f 3436 3438 1052
f 3437 3436 1053
f 3441 3440 1057
f 3439 3441 74
f 3440 3439 1059
f 3443 3442 1052
f 3441 3443 74
f 3442 3441 1057
f 3446 3445 1062
f 3444 3446 178
f 3445 3444 1059
f 3449 3448 1543
f 3447 3449 359
f 3448 3447 1096
f 3451 3450 1062
f 3449 3451 359
f 3450 3449 1543
f 3453 3448 1096
f 3452 3453 1094
f 3448 3452 1543
f 3455 3453 1096
f 3454 3455 276
f 3453 3454 1094
f 3458 3457 1076
f 3456 3458 312
f 3457 3456 1074
f 3460 3459 1542
f 3458 3460 312
f 3459 3458 1076
f 3462 3461 1540
f 3456 3462 1074
f 3461 3456 312
f 3465 3464 1553
f 3463 3465 185
f 3464 3463 1051
f 3467 3466 1551
f 3464 3467 1553
f 3466 3464 1051
f 3470 3469 1544
f 3468 3470 258
f 3469 3468 1549
f 1548 8221 8220
f 3468 3472 1549
f 3471 3468 258
f 8059 8222 8223
f 8060 8224 8225
f 8061 8226 8227
f 8062 8228 8229
f 8063 8230 8231
f 8064 8232 8233
f 8065 8234 8235
f 8066 8236 8232
f 8067 8231 8237
f 3483 3482 1549
f 1064 8239 8238
f 3482 3481 1622
f 3485 3484 1545
f 3469 3485 1544
f 3484 3469 1549
f 3488 3487 1621
f 8068 8240 8241
f 8069 8242 8243
f 8070 8244 8245
f 8071 8246 8242
f 8072 8241 8247
f 3493 3492 1642
f 3491 8073 8248
f 8074 8249 8250
f 3495 3493 1642
f 3494 3495 150
f 3493 3494 990
f 3497 3496 1641
f 3495 3497 150
f 3496 3495 1642
f 3499 3498 986
f 3497 3499 150
f 3498 3497 1641
f 3501 3500 988
f 3499 3501 150
f 3500 3499 986
f 3502 3501 988
f 3494 3502 990
f 3501 3494 150
f 3505 3504 1621
f 3503 3505 406
f 3504 3503 991
f 989 8251 8243
f 3505 3506 406
f 3487 3505 1621
f 3508 3507 992
f 3503 3508 991
f 3507 3503 406
f 3510 3509 1623
f 3507 3510 992
f 3509 3507 406
f 3513 3512 986
f 3511 3513 274
f 3512 3511 987
f 3514 3498 1641
f 3513 3514 274
f 3498 3513 986
f 3516 3515 1628
f 3514 3516 274
f 3515 3514 1641
f 3518 3517 1627
f 3516 3518 274
f 3517 3516 1628
f 3520 3519 983
f 3518 3520 274
f 3519 3518 1627
f 3523 3522 985
f 3521 3523 983
f 3522 3521 1625
f 3526 3525 1833
f 3524 3526 984
f 3525 3524 1625
f 3529 3528 1626
f 3527 3529 495
f 3528 3527 983
f 3530 3519 1627
f 3528 3530 1626
f 3519 3528 983
f 3532 3531 1632
f 3515 3532 1628
f 3531 3515 1641
f 3534 3533 1643
f 3492 3534 1642
f 1644 8252 8250
f 3537 3536 1640
f 3535 3537 1633
f 3536 3535 1639
f 3540 3539 1630
f 3538 3540 446
f 3539 3538 1631
f 8446 8613 8614
f 8447 3543 8615
f 3542 8448 8616
f 8449 8617 8618
f 8450 8619 8615
f 8451 8614 8620
f 3547 3546 1837
f 3545 8452 8619
f 8453 8618 8621
f 3550 3549 1837
f 3548 3550 469
f 3549 3548 708
f 3552 3551 709
f 3548 3552 708
f 3551 3548 469
f 3554 3553 1847
f 3551 3554 709
f 3553 3551 469
f 3556 3555 1839
f 3553 3556 1847
f 3555 3553 469
f 3558 3557 1838
f 3550 3558 469
f 3557 3550 1837
f 3559 3558 1838
f 3555 3559 1839
f 3558 3555 469
f 1656 8623 8622
f 3560 3562 221
f 3561 3560 1838
f 8454 8624 8625
f 8455 3564 8626
f 8456 8623 8627
f 8457 8628 8629
f 8458 8630 8626
f 8459 8625 8631
f 3569 3568 946
f 3567 3569 221
f 3568 3567 947
f 8460 8629 8632
f 8461 3570 8633
f 3566 8462 8630
f 3572 3556 1839
f 3571 3572 364
f 3556 3571 1847
f 3574 3573 946
f 3572 3574 364
f 3573 3572 1839
f 3576 3575 1657
f 3571 3576 1847
f 3575 3571 364
f 3578 3577 1687
f 3575 3578 1657
f 3577 3575 364
f 3580 3579 1658
f 3577 3580 1687
f 3579 3577 364
f 3582 3580 1658
f 3581 3582 90
f 3580 3581 1687
f 3584 3583 1685
f 3581 3584 1687
f 3583 3581 90
f 3586 3585 1684
f 3583 3586 1685
f 3585 3583 90
f 3588 3587 1694
f 3585 3588 1684
f 3587 3585 90
f 3591 3590 1685
f 3589 3591 457
f 3590 3589 1683
f 3592 3586 1684
f 3591 3592 457
f 3586 3591 1685
f 3594 3593 1677
f 3589 3594 1683
f 3593 3589 457
f 3596 3595 1678
f 3593 3596 1677
f 3595 3593 457
f 3598 3597 1871
f 3595 3598 1678
f 3597 3595 457
f 3600 3599 1874
f 3597 3600 1871
f 3599 3597 457
f 3603 3602 640
f 3601 3603 385
f 3602 3601 641
f 3605 3604 941
f 3601 3605 641
f 3604 3601 385
f 3608 3607 1693
f 3606 3608 941
f 3607 3606 1691
f 3610 3609 1694
f 3606 3610 1691
f 3609 3606 941
f 3611 3587 90
f 3610 3611 1691
f 3587 3610 1694
f 3613 3607 1691
f 3612 3613 942
f 3607 3612 1693
f 3616 3615 944
f 3614 3616 942
f 3615 3614 943
f 948 8635 8634
f 3617 3619 943
f 3618 3617 947
f 8463 8636 8637
f 8464 8638 8639
f 8465 8640 8641
f 8466 8642 8643
f 8467 8644 8645
f 8468 8646 8647
f 8469 8648 8649
f 8470 8650 8644
f 8471 8643 8651
f 8472 8652 8653
f 8473 8654 8646
f 8474 8645 8655
f 8475 8656 8657
f 8476 8658 8654
f 8477 8653 8659
f 8478 3633 8660
f 3632 3634 374
f 8479 8661 8662
f 3637 3636 1648
f 3635 3637 374
f 3636 3635 1647
f 3639 3638 976
f 3637 3639 374
f 3638 3637 1648
f 3642 3641 1645
f 3640 3642 1082
f 3641 3640 1647
f 3645 3644 978
f 3643 3645 275
f 3644 3643 979
f 3648 3647 979
f 8075 8253 8254
f 8076 3646 8255
f 3649 3647 977
f 3644 3649 978
f 3647 3644 979
f 3651 3457 1074
f 3650 3651 357
f 3457 3650 1076
f 3654 3653 1077
f 3652 3654 357
f 3653 3652 1078
f 3655 3654 1077
f 3650 3655 1076
f 3654 3650 357
f 3657 3656 1073
f 3651 3657 357
f 3656 3651 1074
f 3659 3658 1075
f 3656 3659 1073
f 3658 3656 1074
f 3662 3661 1073
f 3660 3662 19
f 3661 3660 1072
f 3664 3663 1070
f 3660 3664 1072
f 3663 3660 19
f 3667 3666 1551
f 3665 3667 19
f 3666 3665 1075
f 3668 3667 1551
f 3663 3668 1070
f 3667 3663 19
f 3670 3485 1545
f 3669 3670 1070
f 3485 3669 1544
f 3671 3668 1551
f 3669 3671 1544
f 3668 3669 1070
f 3674 3673 1083
f 3672 3674 199
f 3673 3672 1086
f 3676 3675 1085
f 3674 3676 199
f 3675 3674 1083
f 3679 3678 995
f 3677 3679 209
f 3678 3677 996
f 3682 3681 1084
f 3680 3682 209
f 3681 3680 1080
f 3685 3684 995
f 3683 3685 246
f 3684 3683 1080
f 3688 3687 1081
f 3686 3688 246
f 3687 3686 1618
f 3689 3688 1081
f 3683 3689 1080
f 3688 3683 246
f 3691 3690 994
f 3685 3691 246
f 3690 3685 995
f 3693 3692 1610
f 3691 3693 246
f 3692 3691 994
f 3696 3695 1610
f 3694 3696 51
f 3695 3694 1609
f 3697 3692 994
f 3696 3697 51
f 3692 3696 1610
f 3699 3698 993
f 3694 3699 1609
f 3698 3694 51
f 3702 3701 991
f 3700 3702 51
f 3701 3700 1620
f 3703 3702 991
f 3698 3703 993
f 3702 3698 51
f 3706 3705 1620
f 3704 3706 249
f 3705 3704 1621
f 3705 3701 1620
f 3504 3705 1621
f 3701 3504 991
f 3707 3508 992
f 3703 3707 993
f 3508 3703 991
f 3709 3708 1611
f 3699 3709 1609
f 3708 3699 993
f 3712 3711 1610
f 3710 3712 1607
f 3711 3710 1619
f 3713 3695 1609
f 3712 3713 1607
f 3695 3712 1610
f 3716 3715 1607
f 3714 3716 146
f 3715 3714 1608
f 3719 3718 1613
f 3717 3719 146
f 3718 3717 1611
f 3720 3719 1613
f 3714 3720 1608
f 3719 3714 146
f 3722 3721 1832
f 3718 3722 1613
f 3721 3718 1611
f 3725 3724 712
f 3723 3725 403
f 3724 3723 711
f 3727 3726 710
f 3725 3727 403
f 3726 3725 712
f 3729 3728 1832
f 3727 3729 403
f 3728 3727 710
f 3732 3731 713
f 3730 3732 710
f 3731 3730 714
f 3733 3732 713
f 3728 3733 1832
f 3732 3728 710
f 3736 3735 1613
f 3734 3736 713
f 3735 3734 1829
f 3736 3733 713
f 3722 3736 1613
f 3733 3722 1832
f 3739 3738 1829
f 3737 3739 348
f 3738 3737 715
f 3742 3741 1834
f 3740 3742 334
f 3741 3740 705
f 3744 3743 1833
f 3742 3744 334
f 3743 3742 1834
f 3746 3745 1624
f 3740 3746 705
f 3745 3740 334
f 3749 3748 707
f 3747 3749 194
f 3748 3747 708
f 3752 3751 1844
f 3750 3752 707
f 3751 3750 709
f 3754 3753 1846
f 3751 3754 1844
f 3753 3751 709
f 3756 3754 1846
f 3755 3756 177
f 3754 3755 1844
f 3758 3757 1689
f 3756 3758 177
f 3757 3756 1846
f 3760 3759 1690
f 3758 3760 177
f 3759 3758 1689
f 3763 3762 1681
f 3761 3763 28
f 3762 3761 1690
f 3766 3765 1849
f 3764 3766 28
f 3765 3764 1851
f 3768 3767 1682
f 3764 3768 1851
f 3767 3764 28
f 3770 3769 1688
f 3762 3770 1681
f 3769 3762 1690
f 3772 3771 1686
f 3770 3772 1681
f 3771 3770 1688
f 3774 3771 1688
f 3773 3774 172
f 3771 3773 1686
f 3776 3578 1687
f 3775 3776 172
f 3578 3775 1657
f 3779 3778 1683
f 3777 3779 1680
f 3778 3777 1686
f 3782 3781 1852
f 3780 3782 449
f 3781 3780 1679
f 3785 3784 1853
f 3783 3785 341
f 3784 3783 1852
f 3787 3786 701
f 3785 3787 341
f 3786 3785 1853
f 3789 3788 703
f 3787 3789 341
f 3788 3787 701
f 3791 3790 1851
f 3789 3791 341
f 3790 3789 703
f 3794 3793 1850
f 3792 3794 1849
f 3793 3792 1946
f 3796 3792 1849
f 3795 3796 265
f 3792 3795 1946
f 3798 3797 1947
f 3795 3798 1946
f 3797 3795 265
f 3800 3799 702
f 3797 3800 1947
f 3799 3797 265
f 3803 3802 1950
f 3801 3803 1947
f 3802 3801 1948
f 3805 3803 1950
f 3804 3805 423
f 3803 3804 1947
f 3807 3806 1945
f 3805 3807 423
f 3806 3805 1950
f 3809 3808 566
f 3807 3809 423
f 3808 3807 1945
f 3811 3810 565
f 3809 3811 423
f 3810 3809 566
f 3813 3812 1946
f 3811 3813 423
f 3812 3811 565
f 3814 3812 565
f 3793 3814 1850
f 3812 3793 1946
f 3816 3815 1841
f 3814 3816 1850
f 3815 3814 565
f 3819 3818 1848
f 3817 3819 158
f 3818 3817 1845
f 3821 3820 1850
f 3819 3821 158
f 3820 3819 1848
f 3823 3822 1843
f 3817 3823 1845
f 3822 3817 158
f 3825 3824 1840
f 3822 3825 1843
f 3824 3822 158
f 3828 3827 1841
f 3826 3828 73
f 3827 3826 1840
f 3830 3829 353
f 3828 3830 73
f 3829 3828 1841
f 3832 3831 1842
f 3830 3832 73
f 3831 3830 353
f 3834 3833 1830
f 3832 3834 73
f 3833 3832 1842
f 3836 3833 1842
f 3835 3836 716
f 3833 3835 1830
f 3838 3810 566
f 3837 3838 353
f 3810 3837 565
f 3840 3839 564
f 3838 3840 353
f 3839 3838 566
f 3842 3808 1945
f 3841 3842 560
f 3808 3841 566
f 3844 3843 1953
f 3806 3844 1945
f 3843 3806 1950
f 3847 3846 1961
f 3845 3847 1953
f 3846 3845 1962
f 3849 3802 1948
f 3848 3849 380
f 3802 3848 1950
f 3851 3850 1949
f 3849 3851 380
f 3850 3849 1948
f 3853 3852 1952
f 3851 3853 380
f 3852 3851 1949
f 3856 3855 1949
f 3854 3856 109
f 3855 3854 1951
f 3858 3857 697
f 3854 3858 1951
f 3857 3854 109
f 3861 3860 702
f 3859 3861 109
f 3860 3859 1948
f 3863 3862 700
f 3857 3863 697
f 3862 3857 109
f 3864 3861 702
f 3862 3864 700
f 3861 3862 109
f 3866 3865 1671
f 3786 3866 701
f 3865 3786 1853
f 3869 3868 1672
f 3867 3869 304
f 3868 3867 1671
f 3872 3871 1668
f 3870 3872 304
f 3871 3870 1664
f 3874 3873 1665
f 3870 3874 1664
f 3873 3870 304
f 3877 3876 698
f 3875 3877 269
f 3876 3875 699
f 3879 3878 698
f 3863 3879 697
f 3878 3863 700
f 3882 3881 1854
f 3880 3882 44
f 3881 3880 1670
f 3885 3884 695
f 3883 3885 694
f 3884 3883 696
f 3888 3887 689
f 3886 3888 39
f 3887 3886 695
f 3891 3890 691
f 3889 3891 689
f 3890 3889 690
f 3893 3889 689
f 3892 3893 358
f 3889 3892 690
f 3895 3894 1666
f 3892 3895 690
f 3894 3892 358
f 3898 3897 1670
f 3896 3898 358
f 3897 3896 696
f 3899 3898 1670
f 3894 3899 1666
f 3898 3894 358
f 3901 3890 690
f 3900 3901 392
f 3890 3900 691
f 3904 3903 1858
f 3902 3904 392
f 3903 3902 1857
f 3906 3905 1855
f 3904 3906 392
f 3905 3904 1858
f 3909 3908 1969
f 3907 3909 1856
f 3908 3907 1970
f 3911 3910 1856
f 3888 3911 39
f 3910 3888 689
f 3914 3913 692
f 3912 3914 39
f 3913 3912 1969
f 3916 3915 693
f 3914 3916 39
f 3915 3914 692
f 3919 3918 1966
f 3917 3919 692
f 3918 3917 1967
f 3920 3913 1969
f 3917 3920 1967
f 3913 3917 692
f 3922 3920 1969
f 3921 3922 160
f 3920 3921 1967
f 3923 3908 1970
f 3922 3923 160
f 3908 3922 1969
f 3926 3925 1968
f 3924 3926 160
f 3925 3924 1972
f 3928 3927 1973
f 3924 3928 1972
f 3927 3924 160
f 3931 3930 1972
f 3929 3931 92
f 3930 3929 1974
f 3932 3930 1974
f 3925 3932 1968
f 3930 3925 1972
f 3935 3934 1971
f 3933 3935 92
f 3934 3933 1973
f 3937 3936 1976
f 3935 3937 92
f 3936 3935 1971
f 3940 3939 1978
f 3938 3940 126
f 3939 3938 1979
f 3942 3941 1977
f 3938 3942 1979
f 3941 3938 126
f 3945 3944 1971
f 3943 3945 82
f 3944 3943 1975
f 3948 3947 1862
f 3946 3948 82
f 3947 3946 684
f 3950 3949 683
f 3946 3950 684
f 3949 3946 82
f 3952 3951 682
f 3949 3952 683
f 3951 3949 82
f 3955 3954 1970
f 3953 3955 323
f 3954 3953 682
f 3956 3953 323
f 3952 3956 683
f 3953 3952 682
f 3958 3947 684
f 3957 3958 675
f 3947 3957 1862
f 3961 3960 675
f 3959 3961 93
f 3960 3959 676
f 3962 3958 684
f 3961 3962 93
f 3958 3961 675
f 3964 3963 679
f 3959 3964 676
f 3963 3959 93
f 3966 3965 680
f 3963 3966 679
f 3965 3963 93
f 3969 3968 1860
f 3967 3969 681
f 3968 3967 686
f 3972 3971 1859
f 3970 3972 54
f 3971 3970 1866
f 3974 3973 650
f 3970 3974 1866
f 3973 3970 54
f 3977 3976 647
f 3975 3977 54
f 3976 3975 646
f 3979 3978 648
f 3977 3979 54
f 3978 3977 647
f 3982 3981 650
f 3980 3982 648
f 3981 3980 649
f 3984 3983 1865
f 3974 3984 1866
f 3983 3974 650
f 3987 3986 678
f 3985 3987 105
f 3986 3985 1865
f 3988 3985 105
f 3984 3988 1866
f 3985 3984 1865
f 3990 3989 677
f 3987 3990 105
f 3989 3987 678
f 3993 3992 677
f 3991 3993 239
f 3992 3991 679
f 3994 3989 678
f 3993 3994 239
f 3989 3993 677
f 3997 3996 666
f 3995 3997 314
f 3996 3995 663
f 3999 3998 661
f 3997 3999 314
f 3998 3997 666
f 4001 4000 667
f 3998 4001 661
f 4000 3998 666
f 4004 4003 1889
f 4002 4004 212
f 4003 4002 667
f 4006 4005 655
f 4004 4006 212
f 4005 4004 1889
f 4009 4008 1890
f 4007 4009 171
f 4008 4007 1891
f 4011 4010 655
f 2098 4011 1890
f 4010 2098 153
f 4012 4005 1889
f 4011 4012 1890
f 4005 4011 655
f 4012 4009 1890
f 2109 4012 1889
f 4009 2109 171
f 4013 4003 667
f 2111 4013 1888
f 4003 2111 1889
f 4014 4002 212
f 4001 4014 661
f 4002 4001 667
f 4016 4013 667
f 4015 4016 271
f 4013 4015 1888
f 4017 4000 666
f 4016 4017 271
f 4000 4016 667
f 4019 2117 1878
f 4018 4019 271
f 2117 4018 1879
f 4020 4019 1878
f 4015 4020 1888
f 4019 4015 271
f 4022 4021 665
f 4017 4022 271
f 4021 4017 666
f 4023 3996 663
f 4021 4023 665
f 3996 4021 666
f 4026 4025 649
f 4024 4026 229
f 4025 4024 662
f 4029 4028 663
f 4027 4029 662
f 4028 4027 664
f 4031 4028 664
f 4030 4031 3
f 4028 4030 663
f 4034 4033 1870
f 4032 4034 664
f 4033 4032 1868
f 4035 4034 1870
f 4031 4035 3
f 4034 4031 664
f 4037 4036 1876
f 4035 4037 3
f 4036 4035 1870
f 4040 4039 1877
f 4038 4040 665
f 4039 4038 1876
f 4041 4038 665
f 4037 4041 3
f 4038 4037 1876
f 4044 4043 638
f 4042 4044 634
f 4043 4042 1879
f 4046 4045 1877
f 4043 4046 638
f 4045 4043 1879
f 4049 4048 638
f 4047 4049 318
f 4048 4047 639
f 4051 4050 1875
f 4047 4051 639
f 4050 4047 318
f 4054 4053 1873
f 4052 4054 640
f 4053 4052 1872
f 4056 4052 640
f 4055 4056 113
f 4052 4055 1872
f 4059 4058 935
f 4057 4059 113
f 4058 4057 936
f 4061 4060 637
f 4059 4061 113
f 4060 4059 935
f 4063 4062 930
f 4060 4063 637
f 4062 4060 935
f 4065 2119 635
f 4064 4065 228
f 2119 4064 928
f 4067 4066 930
f 4064 4067 928
f 4066 4064 228
f 4069 4058 936
f 4068 4069 36
f 4058 4068 935
f 4071 4070 933
f 4069 4071 36
f 4070 4069 936
f 4073 4072 931
f 4071 4073 36
f 4072 4071 933
f 4075 4074 929
f 4073 4075 36
f 4074 4073 931
f 4077 4076 932
f 4074 4077 929
f 4076 4074 931
f 4080 4079 927
f 4078 4080 317
f 4079 4078 926
f 4082 4081 924
f 4080 4082 317
f 4081 4080 927
f 4084 4083 925
f 4082 4084 317
f 4083 4082 924
f 4085 2132 1696
f 4084 4085 317
f 2132 4084 925
f 4088 4087 924
f 4086 4088 920
f 4087 4086 923
f 4090 4089 1182
f 4088 4090 920
f 4089 4088 924
f 4092 4091 921
f 2177 4092 922
f 4091 2177 920
f 4094 4091 920
f 4093 4094 456
f 4091 4093 921
f 4096 4095 1179
f 4093 4096 921
f 4095 4093 456
f 4098 4097 1192
f 4095 4098 1179
f 4097 4095 456
f 4100 4099 1181
f 4097 4100 1192
f 4099 4097 456
f 4103 4102 1185
f 4101 4103 282
f 4102 4101 1184
f 4105 4076 931
f 4104 4105 282
f 4076 4104 932
f 4107 4106 934
f 4105 4107 282
f 4106 4105 931
f 4109 4108 1183
f 4107 4109 282
f 4108 4107 934
f 4110 4109 1183
f 4101 4110 1184
f 4109 4101 282
f 4112 4111 1191
f 4110 4112 1184
f 4111 4110 1183
f 4114 4113 1190
f 4111 4114 1191
f 4113 4111 1183
f 4116 4115 1186
f 4108 4116 1183
f 4115 4108 934
f 4117 4072 933
f 4106 4117 934
f 4072 4106 931
f 4119 4118 937
f 4070 4119 933
f 4118 4070 936
f 4121 4118 936
f 4120 4121 642
f 4118 4120 937
f 4124 4123 641
f 4122 4124 238
f 4123 4122 642
f 4127 4126 939
f 4125 4127 238
f 4126 4125 940
f 4129 4128 1695
f 4127 4129 238
f 4128 4127 939
f 4131 4130 937
f 4129 4131 238
f 4130 4129 1695
f 4133 4130 1695
f 4132 4133 383
f 4130 4132 937
f 4135 4134 1188
f 4133 4135 383
f 4134 4133 1695
f 4137 4136 1186
f 4135 4137 383
f 4136 4135 1188
f 4140 4139 938
f 4138 4140 192
f 4139 4138 939
f 4141 4126 940
f 4139 4141 938
f 4126 4139 939
f 4144 4143 1692
f 4142 4144 1211
f 4143 4142 1212
f 4147 4146 944
f 8480 8663 8664
f 8481 8665 8666
f 4150 4149 1692
f 4148 4150 141
f 4149 4148 944
f 4151 4146 8666
f 4149 4151 1692
f 4146 4149 944
f 8482 8667 8668
f 8483 4154 8669
f 4153 8484 8670
f 8485 8664 8671
f 8486 8672 8667
f 8487 8670 8665
f 8488 8673 8674
f 8489 8675 8672
f 8490 8671 8676
f 8491 8677 8678
f 8492 8679 8675
f 8493 8674 8680
f 4161 4152 1161
f 4160 4161 122
f 4152 4160 1162
f 4163 4162 1211
f 4160 4163 1162
f 4162 4160 122
f 4164 2217 1171
f 4161 4164 122
f 2217 4161 1161
f 4166 4165 1169
f 4164 4166 122
f 4165 4164 1171
f 4169 4168 1209
f 4167 4169 1166
f 4168 4167 1189
f 4172 4171 1165
f 4170 4172 434
f 4171 4170 1166
f 4175 4174 1194
f 4173 4175 1165
f 4174 4173 1176
f 4178 4177 1206
f 4176 4178 1177
f 4177 4176 1207
f 4180 4179 1207
f 2233 4180 1168
f 4179 2233 1208
f 4182 2238 1502
f 4181 4182 96
f 2238 4181 1208
f 4183 4181 96
f 4179 4183 1207
f 4181 4179 1208
f 4186 4185 1206
f 4184 4186 96
f 4185 4184 1143
f 4189 4188 1206
f 4187 4189 250
f 4188 4187 1175
f 4192 4191 1148
f 4190 4192 250
f 4191 4190 1146
f 4194 4193 1143
f 4190 4194 1146
f 4193 4190 250
f 4197 4196 1214
f 4195 4197 162
f 4196 4195 1145
f 4200 4199 1146
f 4198 4200 162
f 4199 4198 1147
f 4202 4201 1149
f 4198 4202 1147
f 4201 4198 162
f 4204 4203 1152
f 4201 4204 1149
f 4203 4201 162
f 4205 4197 1214
f 4203 4205 1152
f 4197 4203 162
f 4207 4206 1215
f 4205 4207 1152
f 4206 4205 1214
f 4209 4208 1153
f 4207 4209 1152
f 4208 4207 1215
f 4212 4211 1153
f 4210 4212 8
f 4211 4210 1151
f 4215 4214 1202
f 4213 4215 8
f 4214 4213 1201
f 4217 4216 1503
f 4213 4217 1201
f 4216 4213 8
f 4219 4217 1503
f 4218 4219 1111
f 4217 4218 1201
f 4221 4220 1499
f 4219 4221 1111
f 4220 4219 1503
f 4224 4223 1110
f 4222 4224 352
f 4223 4222 1201
f 4227 4226 1202
f 4225 4227 352
f 4226 4225 1200
f 4229 4228 1155
f 4225 4229 1200
f 4228 4225 352
f 4232 4231 1204
f 4230 4232 400
f 4231 4230 1205
f 4235 4234 1148
f 4233 4235 400
f 4234 4233 1178
f 4237 4236 1147
f 4235 4237 400
f 4236 4235 1148
f 4240 4239 1178
f 4238 4240 489
f 4239 4238 1175
f 4243 4242 1176
f 4241 4243 489
f 4242 4241 1193
f 4246 4245 1179
f 4244 4246 489
f 4245 4244 1180
f 4247 4246 1179
f 4241 4247 1193
f 4246 4241 489
f 4248 4098 1192
f 4247 4248 1193
f 4098 4247 1179
f 4250 4248 1192
f 4249 4250 382
f 4248 4249 1193
f 4251 4245 1180
f 4096 4251 921
f 4245 4096 1179
f 4253 4251 1180
f 4252 4253 262
f 4251 4252 921
f 4254 4240 1178
f 4244 4254 1180
f 4240 4244 489
f 4255 4232 1204
f 4233 4255 1178
f 4232 4233 400
f 4256 4255 1204
f 4254 4256 1180
f 4255 4254 1178
f 4257 4231 1205
f 2189 4257 1203
f 4231 2189 1204
f 4259 4258 1150
f 4237 4259 400
f 4258 4237 1147
f 4260 4259 1150
f 4230 4260 1205
f 4259 4230 400
f 4261 4202 1149
f 4258 4261 1150
f 4202 4258 1147
f 4263 4262 1198
f 4260 4263 1205
f 4262 4260 1150
f 4264 4262 1150
f 2200 4264 1199
f 4262 2200 1198
f 4266 4264 1150
f 4265 4266 433
f 4264 4265 1199
f 4268 4226 1200
f 4267 4268 433
f 4226 4267 1202
f 4268 4265 433
f 2204 4268 1200
f 4265 2204 1199
f 4270 4269 1151
f 4267 4270 1202
f 4269 4267 433
f 4271 2209 1213
f 4229 4271 1200
f 2209 4229 1155
f 4227 4222 352
f 4214 4227 1202
f 4222 4214 1201
f 4270 4215 1202
f 4210 4270 1151
f 4215 4210 8
f 4272 4211 1151
f 4209 4272 1152
f 4211 4209 1153
f 4275 4274 1242
f 4273 4275 1130
f 4274 4273 1241
f 4277 4275 1242
f 4276 4277 425
f 4275 4276 1130
f 4279 4278 1140
f 4273 4279 1241
f 4278 4273 1130
f 4282 4281 1139
f 4280 4282 143
f 4281 4280 1140
f 4283 4280 143
f 4279 4283 1241
f 4280 4279 1140
f 4284 4274 1241
f 2265 4284 299
f 4274 2265 1242
f 4286 4285 1215
f 4284 4286 299
f 4285 4284 1241
f 4288 4208 1215
f 4287 4288 143
f 4208 4287 1153
f 4288 4283 143
f 4285 4288 1215
f 4283 4285 1241
f 4289 4206 1214
f 4286 4289 299
f 4206 4286 1215
f 4290 4272 1151
f 4204 4290 1149
f 4272 4204 1152
f 4291 4269 433
f 4290 4291 1149
f 4269 4290 1151
f 4291 4261 1149
f 4266 4291 433
f 4261 4266 1150
f 4236 4199 1147
f 4191 4236 1148
f 4199 4191 1146
f 4292 4200 1146
f 4195 4292 1145
f 4200 4195 162
f 4295 4294 1142
f 4293 4295 133
f 4294 4293 1145
f 4296 4292 1146
f 4294 4296 1142
f 4292 4294 1145
f 4297 4194 1143
f 4296 4297 1142
f 4194 4296 1146
f 4298 4192 1148
f 4187 4298 1175
f 4192 4187 250
f 4298 4239 1175
f 4234 4298 1148
f 4239 4234 1178
f 4193 4185 1143
f 4189 4193 250
f 4185 4189 1206
f 4186 4183 96
f 4177 4186 1206
f 4183 4177 1207
f 4300 4180 1207
f 4299 4300 493
f 4180 4299 1168
f 4302 4301 1164
f 4299 4302 1168
f 4301 4299 493
f 4303 4176 1177
f 4300 4303 493
f 4176 4300 1207
f 4304 4188 1175
f 4178 4304 1177
f 4188 4178 1206
f 4306 4305 1176
f 4304 4306 1177
f 4305 4304 1175
f 4305 4243 1176
f 4238 4305 1175
f 4243 4238 489
f 4308 4112 1191
f 4307 4308 382
f 4112 4307 1184
f 4310 4309 1194
f 4308 4310 382
f 4309 4308 1191
f 4311 4310 1194
f 4249 4311 1193
f 4310 4249 382
f 4311 4242 1193
f 4174 4311 1194
f 4242 4174 1176
f 4313 4114 1190
f 4312 4313 434
f 4114 4312 1191
f 4314 4312 434
f 4309 4314 1194
f 4312 4309 1191
f 4314 4175 1194
f 4172 4314 434
f 4175 4172 1165
f 4315 4306 1176
f 4303 4315 493
f 4306 4303 1177
f 4316 4173 1165
f 4315 4316 493
f 4173 4315 1176
f 4317 4316 1165
f 4301 4317 1164
f 4316 4301 493
f 4318 4171 1166
f 4317 4318 1164
f 4171 4317 1165
f 4320 4319 1189
f 4313 4320 434
f 4319 4313 1190
f 4320 4170 434
f 4167 4320 1189
f 4170 4167 1166
f 4322 4319 1190
f 4321 4322 1187
f 4319 4321 1189
f 4324 4322 1190
f 4323 4324 451
f 4322 4323 1187
f 4326 4321 1187
f 4325 4326 35
f 4321 4325 1189
f 4328 4327 1188
f 4326 4328 35
f 4327 4326 1187
f 4329 4325 35
f 4168 4329 1209
f 4325 4168 1189
f 4331 4169 1209
f 4330 4331 193
f 4169 4330 1166
f 4332 4330 193
f 4318 4332 1164
f 4330 4318 1166
f 4334 4333 1170
f 4331 4334 193
f 4333 4331 1209
f 4336 4335 1170
f 4166 4336 122
f 4335 4166 1169
f 4337 4335 1169
f 4334 4337 193
f 4335 4334 1170
f 4338 4336 1170
f 4162 4338 1211
f 4336 4162 122
f 4340 4339 1692
f 4140 4340 192
f 4339 4140 938
f 4163 4151 1162
f 4144 4163 1211
f 4151 4144 1692
f 4341 4339 938
f 4150 4341 141
f 4339 4150 1692
f 4342 4143 1212
f 4340 4342 192
f 4143 4340 1692
f 4344 4343 1210
f 4342 4344 192
f 4343 4342 1212
f 4346 4345 1212
f 4333 4346 1170
f 4345 4333 1209
f 4346 4338 1170
f 4142 4346 1212
f 4338 4142 1211
f 4347 4329 35
f 4345 4347 1212
f 4329 4345 1209
f 4349 4348 1210
f 4328 4349 35
f 4348 4328 1188
f 4349 4347 35
f 4343 4349 1210
f 4347 4343 1212
f 4350 4134 1695
f 4348 4350 1210
f 4134 4348 1188
f 4351 4350 1695
f 4344 4351 192
f 4350 4344 1210
f 4351 4138 192
f 4128 4351 1695
f 4138 4128 939
f 4131 4122 238
f 4120 4131 937
f 4122 4120 642
f 4353 4117 933
f 4352 4353 383
f 4117 4352 934
f 4353 4132 383
f 4119 4353 933
f 4132 4119 937
f 4352 4115 934
f 4137 4352 383
f 4115 4137 1186
f 4354 4327 1187
f 4136 4354 1186
f 4327 4136 1188
f 4356 4116 1186
f 4355 4356 451
f 4116 4355 1183
f 4356 4323 451
f 4354 4356 1186
f 4323 4354 1187
f 4355 4113 1183
f 4324 4355 451
f 4113 4324 1190
f 4357 4307 382
f 4102 4357 1185
f 4307 4102 1184
f 4358 4250 1192
f 4357 4358 1185
f 4250 4357 382
f 4359 4103 1185
f 4104 4359 932
f 4103 4104 282
f 4361 4360 1181
f 4359 4361 932
f 4360 4359 1185
f 4364 4363 927
f 4362 4364 244
f 4363 4362 1182
f 4366 4365 1181
f 4362 4366 1182
f 4365 4362 244
f 4367 4365 244
f 4361 4367 932
f 4365 4361 1181
f 4360 4100 1181
f 4358 4360 1185
f 4100 4358 1192
f 4368 4090 1182
f 4094 4368 456
f 4090 4094 920
f 4368 4099 456
f 4366 4368 1182
f 4099 4366 1181
f 4363 4081 927
f 4089 4363 1182
f 4081 4089 924
f 4369 4079 926
f 4364 4369 244
f 4079 4364 927
f 4371 4370 929
f 4369 4371 244
f 4370 4369 926
f 4371 4367 244
f 4077 4371 929
f 4367 4077 932
f 4372 4068 36
f 4062 4372 930
f 4068 4062 935
f 4373 4075 929
f 4372 4373 930
f 4075 4372 36
f 4375 4067 930
f 4374 4375 926
f 4067 4374 928
f 4375 4370 926
f 4373 4375 930
f 4370 4373 929
f 4376 4066 228
f 4063 4376 637
f 4066 4063 930
f 4378 4377 642
f 4056 4378 113
f 4377 4056 640
f 4378 4057 113
f 4121 4378 642
f 4057 4121 936
f 4380 4379 639
f 4061 4380 113
f 4379 4061 637
f 4381 4380 639
f 4055 4381 1872
f 4380 4055 113
f 4383 4053 1872
f 4382 4383 295
f 4053 4382 1873
f 4386 4385 1871
f 4384 4386 295
f 4385 4384 1869
f 4388 4387 1870
f 4384 4388 1869
f 4387 4384 295
f 4389 4385 1869
f 3598 4389 1678
f 4385 3598 1871
f 4392 4391 1678
f 4390 4392 80
f 4391 4390 645
f 4394 4393 643
f 4390 4394 645
f 4393 4390 80
f 4396 4395 1867
f 4393 4396 643
f 4395 4393 80
f 4398 4397 1868
f 4395 4398 1867
f 4397 4395 80
f 4400 4398 1868
f 4399 4400 229
f 4398 4399 1867
f 4402 4401 647
f 4396 4402 643
f 4401 4396 1867
f 4405 4404 1672
f 4403 4405 441
f 4404 4403 1673
f 4407 4406 1853
f 4405 4407 441
f 4406 4405 1672
f 4409 4408 1676
f 4403 4409 1673
f 4408 4403 441
f 4411 4410 1674
f 4404 4411 1672
f 4410 4404 1673
f 4413 4412 1674
f 3873 4413 1665
f 4412 3873 304
f 4416 4415 1663
f 4414 4416 200
f 4415 4414 1857
f 4419 4418 688
f 4417 4419 200
f 4418 4417 1662
f 4422 4421 1660
f 4420 4422 395
f 4421 4420 1661
f 4425 4424 1660
f 4423 4425 197
f 4424 4423 688
f 4427 4426 686
f 4423 4427 688
f 4426 4423 197
f 4428 4426 197
f 3968 4428 1860
f 4426 3968 686
f 4430 3903 1857
f 4429 4430 687
f 3903 4429 1858
f 4431 4414 200
f 4430 4431 687
f 4414 4430 1857
f 4433 4429 687
f 4432 4433 398
f 4429 4432 1858
f 4435 4434 686
f 4433 4435 398
f 4434 4433 687
f 4437 4421 1661
f 4436 4437 1659
f 4421 4436 1660
f 4438 4436 1659
f 4425 4438 197
f 4436 4425 1660
f 4440 4439 1662
f 4422 4440 395
f 4439 4422 1660
f 4439 4418 1662
f 4424 4439 1660
f 4418 4424 688
f 4441 4419 688
f 4431 4441 687
f 4419 4431 200
f 4441 4434 687
f 4427 4441 688
f 4434 4427 686
f 4443 4442 1665
f 4416 4443 200
f 4442 4416 1663
f 4446 4445 1663
f 4444 4446 486
f 4445 4444 1664
f 4445 4442 1663
f 3874 4445 1664
f 4442 3874 1665
f 4448 4447 1669
f 3880 4448 1670
f 4447 3880 44
f 4450 4449 699
f 4447 4450 1669
f 4449 4447 44
f 4453 4452 1669
f 4451 4453 269
f 4452 4451 1664
f 4453 3875 269
f 4450 4453 1669
f 3875 4450 699
f 4454 4444 486
f 4452 4454 1669
f 4444 4452 1664
f 4455 4443 1665
f 4417 4455 1662
f 4443 4417 200
f 4456 4413 1674
f 4455 4456 1662
f 4413 4455 1665
f 4457 4456 1674
f 4440 4457 395
f 4456 4440 1662
f 4458 4410 1673
f 4457 4458 395
f 4410 4457 1674
f 4460 4459 1675
f 4409 4460 1673
f 4459 4409 1676
f 4463 4462 1676
f 4461 4463 488
f 4462 4461 644
f 4465 4464 1679
f 4463 4465 488
f 4464 4463 1676
f 4468 4467 645
f 4466 4468 488
f 4467 4466 1677
f 4469 4468 645
f 4461 4469 644
f 4468 4461 488
f 4470 4462 644
f 4459 4470 1675
f 4462 4459 1676
f 4471 4460 1675
f 4458 4471 395
f 4460 4458 1673
f 4472 4471 1675
f 4420 4472 1661
f 4471 4420 395
f 4474 4470 644
f 4473 4474 94
f 4470 4473 1675
f 4476 4437 1661
f 4475 4476 94
f 4437 4475 1659
f 4476 4473 94
f 4472 4476 1661
f 4473 4472 1675
f 4478 4477 643
f 4474 4478 94
f 4477 4474 644
f 4479 4402 647
f 4478 4479 94
f 4402 4478 643
f 4480 3976 646
f 4479 4480 94
f 3976 4479 647
f 4481 4480 646
f 4475 4481 1659
f 4480 4475 94
f 4477 4394 643
f 4469 4477 644
f 4394 4469 645
f 4482 4389 1869
f 4392 4482 80
f 4389 4392 1678
f 4483 4033 1868
f 4388 4483 1869
f 4033 4388 1870
f 4483 4482 1869
f 4397 4483 1868
f 4482 4397 80
f 4484 4386 1871
f 4382 4484 1873
f 4386 4382 295
f 4486 4485 1875
f 4383 4486 295
f 4485 4383 1872
f 4487 4486 1875
f 4387 4487 1870
f 4486 4387 295
f 4485 4051 1875
f 4381 4485 1872
f 4051 4381 639
f 4488 4379 637
f 4048 4488 638
f 4379 4048 639
f 4489 4376 228
f 4488 4489 638
f 4376 4488 637
f 4491 4490 634
f 4065 4491 228
f 4490 4065 635
f 4491 4489 228
f 4044 4491 634
f 4489 4044 638
f 4492 4046 1877
f 4049 4492 318
f 4046 4049 638
f 4493 4039 1876
f 4492 4493 318
f 4039 4492 1877
f 4494 4493 1876
f 4050 4494 1875
f 4493 4050 318
f 4494 4487 1875
f 4036 4494 1876
f 4487 4036 1870
f 4495 4032 664
f 4400 4495 229
f 4032 4400 1868
f 4495 4024 229
f 4027 4495 664
f 4024 4027 662
f 4041 4030 3
f 4023 4041 665
f 4030 4023 663
f 4496 4040 1877
f 4022 4496 271
f 4040 4022 665
f 4496 4018 271
f 4045 4496 1877
f 4018 4045 1879
f 4497 3995 314
f 4029 4497 662
f 3995 4029 663
f 4499 4498 659
f 4497 4499 662
f 4498 4497 314
f 4500 4499 659
f 4025 4500 649
f 4499 4025 662
f 4503 4502 652
f 4501 4503 361
f 4502 4501 659
f 4506 4505 1865
f 4504 4506 361
f 4505 4504 651
f 4507 4503 652
f 4504 4507 651
f 4503 4504 361
f 4509 4508 651
f 3994 4509 239
f 4508 3994 678
f 4508 4505 651
f 3986 4508 678
f 4505 3986 1865
f 4510 3983 650
f 4506 4510 361
f 3983 4506 1865
f 4511 3981 649
f 4510 4511 361
f 3981 4510 650
f 4511 4501 361
f 4500 4511 649
f 4501 4500 659
f 4512 3980 648
f 4026 4512 229
f 3980 4026 649
f 4513 4512 648
f 4399 4513 1867
f 4512 4399 229
f 4513 4401 1867
f 3978 4513 648
f 4401 3978 647
f 3982 3979 648
f 3973 3982 650
f 3979 3973 54
f 4514 3972 1859
f 3975 4514 646
f 3972 3975 54
f 4515 4514 1859
f 4481 4515 1659
f 4514 4481 646
f 4516 4515 1859
f 4438 4516 197
f 4515 4438 1659
f 4517 4516 1859
f 4428 4517 1860
f 4516 4428 197
f 4518 3971 1866
f 4517 4518 1860
f 3971 4517 1859
f 4519 3988 105
f 4518 4519 1860
f 3988 4518 1866
f 4521 4520 681
f 3990 4521 105
f 4520 3990 677
f 4521 4519 105
f 3969 4521 681
f 4519 3969 1860
f 4522 3967 681
f 4435 4522 398
f 3967 4435 686
f 4524 4523 680
f 4522 4524 398
f 4523 4522 681
f 4526 4525 685
f 4432 4526 1858
f 4525 4432 398
f 4527 4524 680
f 4525 4527 685
f 4524 4525 398
f 4528 4520 677
f 4523 4528 680
f 4520 4523 681
f 4528 3966 680
f 3992 4528 677
f 3966 3992 679
f 4530 4529 685
f 3950 4530 684
f 4529 3950 683
f 4531 4530 685
f 3962 4531 93
f 4530 3962 684
f 4531 3965 93
f 4527 4531 685
f 3965 4527 680
f 4532 3948 1862
f 3943 4532 1975
f 3948 3943 82
f 4534 4533 1977
f 4532 4534 1975
f 4533 4532 1862
f 4536 3957 675
f 4535 4536 362
f 3957 4535 1862
f 4538 4537 674
f 4536 4538 362
f 4537 4536 675
f 4539 4535 362
f 4533 4539 1977
f 4535 4533 1862
f 4541 4540 1984
f 4539 4541 1977
f 4540 4539 362
f 4542 4541 1984
f 3942 4542 1979
f 4541 3942 1977
f 4545 4544 1980
f 4543 4545 390
f 4544 4543 541
f 4547 4546 539
f 4543 4547 541
f 4546 4543 390
f 4549 4548 1980
f 3939 4549 1978
f 4548 3939 1979
f 4551 2021 1976
f 4550 4551 126
f 2021 4550 502
f 4553 4552 1975
f 4551 4553 126
f 4552 4551 1976
f 4553 3941 126
f 4534 4553 1975
f 3941 4534 1977
f 4552 3944 1975
f 3936 4552 1976
f 3944 3936 1971
f 4555 3934 1973
f 4554 4555 682
f 3934 4554 1971
f 4554 3945 1971
f 3951 4554 682
f 3945 3951 82
f 3933 3928 1973
f 3931 3933 92
f 3928 3931 1972
f 4556 3923 1970
f 3927 4556 1973
f 3923 3927 160
f 4556 4555 1973
f 3954 4556 1970
f 4555 3954 682
f 4557 3926 1968
f 3921 4557 1967
f 3926 3921 160
f 4559 4557 1968
f 4558 4559 72
f 4557 4558 1967
f 4561 4560 546
f 4559 4561 72
f 4560 4559 1968
f 4564 4563 1966
f 4562 4564 72
f 4563 4562 1957
f 4566 4565 545
f 4561 4566 72
f 4565 4561 546
f 4567 4566 545
f 4562 4567 1957
f 4566 4562 72
f 4570 4569 547
f 4568 4570 1
f 4569 4568 545
f 4572 4571 2004
f 4570 4572 1
f 4571 4570 547
f 4574 4573 2002
f 4572 4574 1
f 4573 4572 2004
f 4576 4575 550
f 4574 4576 1
f 4575 4574 2002
f 4578 4577 1956
f 4576 4578 1
f 4577 4576 550
f 4580 4563 1957
f 4579 4580 259
f 4563 4579 1966
f 4583 4582 1958
f 4581 4583 259
f 4582 4581 1956
f 4585 4584 542
f 4583 4585 259
f 4584 4583 1958
f 4588 4587 1965
f 4586 4588 1958
f 4587 4586 1960
f 4591 4590 1964
f 4589 4591 543
f 4590 4589 1965
f 4594 4593 544
f 4592 4594 134
f 4593 4592 542
f 4596 4595 543
f 4593 4596 544
f 4595 4593 542
f 4599 4598 544
f 4597 4599 327
f 4598 4597 693
f 4600 4596 543
f 4599 4600 327
f 4596 4599 544
f 4602 4601 1963
f 4600 4602 327
f 4601 4600 543
f 4603 4591 1964
f 4601 4603 1963
f 4591 4601 543
f 4605 4590 1965
f 4604 4605 462
f 4590 4604 1964
f 4608 4607 1959
f 4606 4608 562
f 4607 4606 1961
f 4611 4610 554
f 4609 4611 552
f 4610 4609 553
f 4614 4613 563
f 4612 4614 554
f 4613 4612 1954
f 4616 4614 563
f 4615 4616 91
f 4614 4615 554
f 4618 4613 1954
f 4617 4618 68
f 4613 4617 563
f 4620 4619 559
f 4617 4620 563
f 4619 4617 68
f 4622 4621 561
f 4620 4622 563
f 4621 4620 559
f 4625 4624 717
f 4623 4625 254
f 4624 4623 568
f 4628 4627 717
f 4626 4628 267
f 4627 4626 715
f 4631 4630 1827
f 4629 4631 267
f 4630 4629 1828
f 4632 4631 1827
f 4626 4632 715
f 4631 4626 267
f 4634 4633 567
f 4629 4634 1828
f 4633 4629 267
f 4637 4636 1944
f 4635 4637 458
f 4636 4635 569
f 4639 4638 567
f 4637 4639 458
f 4638 4637 1944
f 4641 4640 556
f 4635 4641 569
f 4640 4635 458
f 4644 4643 557
f 4642 4644 458
f 4643 4642 558
f 4645 4644 557
f 4640 4645 556
f 4644 4640 458
f 4648 4647 519
f 4646 4648 517
f 4647 4646 518
f 4651 4650 1992
f 4649 4651 519
f 4650 4649 1993
f 4654 4653 1993
f 4652 4654 315
f 4653 4652 515
f 4657 4656 516
f 4655 4657 315
f 4656 4655 1998
f 4658 4657 516
f 4652 4658 515
f 4657 4652 315
f 4661 4660 2000
f 4659 4661 518
f 4660 4659 553
f 4663 4659 518
f 4662 4663 424
f 4659 4662 553
f 4665 4660 553
f 4664 4665 106
f 4660 4664 2000
f 4667 4666 2001
f 4664 4667 2000
f 4666 4664 106
f 4669 4668 548
f 4666 4669 2001
f 4668 4666 106
f 4671 4670 549
f 4668 4671 548
f 4670 4668 106
f 4674 4673 549
f 4672 4674 492
f 4673 4672 550
f 4675 4673 550
f 4671 4675 548
f 4673 4671 549
f 4677 4676 2005
f 4573 4677 2002
f 4676 4573 2004
f 4679 4676 2004
f 4678 4679 443
f 4676 4678 2005
f 4681 4680 2006
f 4679 4681 443
f 4680 4679 2004
f 4683 4682 508
f 4678 4683 2005
f 4682 4678 443
f 4685 4684 2008
f 4682 4685 508
f 4684 4682 443
f 4687 4686 2007
f 4684 4687 2008
f 4686 4684 443
f 4690 4689 503
f 4688 4690 211
f 4689 4688 2007
f 4692 4685 2008
f 4691 4692 6
f 4685 4691 508
f 4695 4694 504
f 4693 4695 6
f 4694 4693 1983
f 4697 4696 506
f 4695 4697 6
f 4696 4695 504
f 4700 4699 508
f 4698 4700 506
f 4699 4698 507
f 4701 4699 507
f 4683 4701 2005
f 4699 4683 508
f 4704 4703 2003
f 4702 4704 336
f 4703 4702 507
f 4706 4705 2001
f 4704 4706 336
f 4705 4704 2003
f 4708 4705 2003
f 4707 4708 1999
f 4705 4707 2001
f 4711 4710 1999
f 4709 4711 1998
f 4710 4709 2000
f 4714 4713 510
f 4712 4714 61
f 4713 4712 509
f 4716 4715 511
f 4714 4716 61
f 4715 4714 510
f 4719 4718 2003
f 4717 4719 233
f 4718 4717 509
f 4720 4717 233
f 4713 4720 510
f 4717 4713 509
f 4722 4721 505
f 4720 4722 510
f 4721 4720 233
f 4724 4723 1997
f 4715 4724 511
f 4723 4715 510
f 4726 4725 512
f 4716 4726 61
f 4725 4716 511
f 4729 4728 1996
f 4727 4729 470
f 4728 4727 1997
f 4732 4731 505
f 4730 4732 298
f 4731 4730 1997
f 4734 4733 504
f 4732 4734 298
f 4733 4732 505
f 4736 4728 1997
f 4735 4736 533
f 4728 4735 1996
f 4739 4738 530
f 4737 4739 528
f 4738 4737 529
f 4741 4740 1995
f 4739 4741 528
f 4740 4739 530
f 4744 4743 1995
f 4742 4744 220
f 4743 4742 1988
f 4745 4740 530
f 4744 4745 220
f 4740 4744 1995
f 4747 4746 596
f 4742 4747 1988
f 4746 4742 220
f 4750 4749 527
f 4748 4750 220
f 4749 4748 525
f 4751 4750 527
f 4746 4751 596
f 4750 4746 220
f 4754 4753 1915
f 4752 4754 46
f 4753 4752 597
f 4756 4755 1919
f 4752 4756 597
f 4755 4752 46
f 4759 4758 1592
f 4757 4759 46
f 4758 4757 1011
f 4761 4760 1009
f 4757 4761 1011
f 4760 4757 46
f 4764 4763 1014
f 4762 4764 112
f 4763 4762 1012
f 4766 4765 1914
f 4762 4766 1012
f 4765 4762 112
f 4769 4768 1905
f 4767 4769 1012
f 4768 4767 1013
f 4770 4769 1905
f 4763 4770 1014
f 4769 4763 1012
f 4772 4768 1013
f 4771 4772 598
f 4768 4771 1905
f 4774 4773 599
f 4772 4774 598
f 4773 4772 1013
f 4776 4775 600
f 4774 4776 598
f 4775 4774 599
f 4779 4778 903
f 4777 4779 248
f 4778 4777 1588
f 4781 4780 899
f 4777 4781 1588
f 4780 4777 248
f 4783 4782 908
f 4780 4783 899
f 4782 4780 248
f 4785 4784 902
f 4782 4785 908
f 4784 4782 248
f 4788 4787 907
f 4786 4788 902
f 4787 4786 1714
f 4791 4790 908
f 4789 4791 365
f 4790 4789 1716
f 4793 4792 907
f 4791 4793 365
f 4792 4791 908
f 4796 4795 365
f 4794 4796 77
f 4795 4794 905
f 4798 4797 906
f 4796 4798 77
f 4797 4796 365
f 4800 4799 904
f 4794 4800 905
f 4799 4794 77
f 4802 4801 1724
f 4799 4802 904
f 4801 4799 77
f 4804 4803 1726
f 4801 4804 1724
f 4803 4801 77
f 4805 4804 1726
f 2485 4805 1727
f 4804 2485 1724
f 4808 4807 1713
f 4806 4808 285
f 4807 4806 1715
f 4810 4809 1712
f 4808 4810 285
f 4809 4808 1713
f 4812 4811 1711
f 4810 4812 285
f 4811 4810 1712
f 4814 4813 1020
f 4812 4814 285
f 4813 4812 1711
f 4816 4815 1024
f 4814 4816 285
f 4815 4814 1020
f 4818 4817 1023
f 4815 4818 1024
f 4817 4815 1020
f 4821 4820 1714
f 4819 4821 387
f 4820 4819 1713
f 4823 4822 909
f 4819 4823 1713
f 4822 4819 387
f 4825 4824 602
f 4822 4825 909
f 4824 4822 387
f 4828 4827 1708
f 4826 4828 145
f 4827 4826 1710
f 4831 4830 1708
f 4829 4831 1707
f 4830 4829 1709
f 4834 4833 1902
f 4832 4834 1707
f 4833 4832 1710
f 4837 4836 616
f 4835 4837 266
f 4836 4835 1902
f 4840 4839 1705
f 4838 4840 266
f 4839 4838 1899
f 4842 4841 1900
f 4838 4842 1899
f 4841 4838 266
f 4844 4842 1900
f 4843 4844 911
f 4842 4843 1899
f 4847 4846 1701
f 4845 4847 27
f 4846 4845 1594
f 4849 4848 1899
f 4847 4849 27
f 4848 4847 1701
f 4850 4843 911
f 4849 4850 27
f 4843 4849 1899
f 4853 4852 1593
f 4851 4853 27
f 4852 4851 913
f 4854 4853 1593
f 4845 4854 1594
f 4853 4845 27
f 4856 4855 1595
f 4852 4856 1593
f 4855 4852 913
f 4859 4858 917
f 4857 4859 328
f 4858 4857 912
f 4861 4860 916
f 4858 4861 917
f 4860 4858 912
f 4863 4860 912
f 4862 4863 57
f 4860 4862 916
f 4865 4864 911
f 4863 4865 57
f 4864 4863 912
f 4867 4866 914
f 4862 4867 916
f 4866 4862 57
f 4869 4868 915
f 4867 4869 916
f 4868 4867 914
f 4871 4870 919
f 2167 4871 621
f 4870 2167 475
f 4873 4872 915
f 4871 4873 621
f 4872 4871 919
f 4875 4869 915
f 4874 4875 97
f 4869 4874 916
f 4873 2164 621
f 4868 4873 915
f 2164 4868 914
f 4876 4874 97
f 4861 4876 917
f 4874 4861 916
f 4879 4878 962
f 4877 4879 917
f 4878 4877 1699
f 4882 4881 962
f 4880 4882 960
f 4881 4880 961
f 4885 4884 1650
f 4883 4885 960
f 4884 4883 1651
f 4887 4883 960
f 4886 4887 216
f 4883 4886 1651
f 4890 4889 964
f 4888 4890 439
f 4889 4888 965
f 4892 4891 1649
f 4890 4892 439
f 4891 4890 964
f 4895 4894 1006
f 4893 4895 189
f 4894 4893 1003
f 4898 4897 1008
f 4896 4898 1005
f 4897 4896 1007
f 4900 4897 1007
f 4899 4900 401
f 4897 4899 1008
f 4903 4902 593
f 4901 4903 401
f 4902 4901 591
f 4904 4903 593
f 4899 4904 1008
f 4903 4899 401
f 4906 4905 592
f 4902 4906 593
f 4905 4902 591
f 4909 4908 1920
f 4907 4909 590
f 4908 4907 1941
f 4912 4911 1920
f 4910 4912 138
f 4911 4910 1917
f 4914 4913 579
f 4912 4914 138
f 4913 4912 1920
f 4916 4915 580
f 4913 4916 579
f 4915 4913 1920
f 4919 4918 1942
f 4917 4919 579
f 4918 4917 726
f 4922 4921 1918
f 4920 4922 524
f 4921 4920 1990
f 4925 4924 520
f 4923 4925 23
f 4924 4923 523
f 4927 4926 522
f 4925 4927 23
f 4926 4925 520
f 4929 4928 1991
f 4927 4929 23
f 4928 4927 522
f 4931 4930 575
f 4928 4931 1991
f 4930 4928 522
f 4934 4933 728
f 4932 4934 521
f 4933 4932 726
f 4936 4935 727
f 4933 4936 728
f 4935 4933 726
f 4938 4935 726
f 4937 4938 198
f 4935 4937 727
f 4940 4939 737
f 4937 4940 727
f 4939 4937 198
f 4942 4941 578
f 4939 4942 737
f 4941 4939 198
f 4944 4943 580
f 4941 4944 578
f 4943 4941 198
f 4947 4946 1923
f 4945 4947 580
f 4946 4945 1941
f 4950 4949 1924
f 4948 4950 59
f 4949 4948 1923
f 4952 4951 581
f 4950 4952 59
f 4951 4950 1924
f 4954 4953 578
f 4952 4954 59
f 4953 4952 581
f 4956 4955 583
f 4942 4956 737
f 4955 4942 578
f 4959 4958 733
f 4957 4959 381
f 4958 4957 1821
f 4961 4960 732
f 4959 4961 381
f 4960 4959 733
f 4963 4962 737
f 4961 4963 381
f 4962 4961 732
f 4966 4965 736
f 4964 4966 179
f 4965 4964 1822
f 4969 4968 724
f 4967 4969 179
f 4968 4967 735
f 4972 4971 1807
f 4970 4972 500
f 4971 4970 1808
f 4974 4973 768
f 4970 4974 1808
f 4973 4970 500
f 4976 4975 769
f 4973 4976 768
f 4975 4973 500
f 4978 4977 1937
f 4975 4978 769
f 4977 4975 500
f 4981 4980 747
f 4979 4981 734
f 4980 4979 1819
f 4984 4983 1819
f 4982 4984 140
f 4983 4982 1818
f 4985 4979 734
f 4984 4985 140
f 4979 4984 1819
f 4987 4986 1820
f 4982 4987 1818
f 4986 4982 140
f 4989 4988 733
f 4986 4989 1820
f 4988 4986 140
f 4991 4990 731
f 4988 4991 733
f 4990 4988 140
f 4992 4958 1821
f 4989 4992 1820
f 4958 4989 733
f 4995 4994 582
f 4993 4995 473
f 4994 4993 1939
f 4998 4997 582
f 4996 4998 95
f 4997 4996 1940
f 5001 5000 741
f 4999 5001 738
f 5000 4999 740
f 5003 5002 742
f 5001 5003 738
f 5002 5001 741
f 5006 5005 752
f 5004 5006 305
f 5005 5004 753
f 5008 5007 744
f 5006 5008 305
f 5007 5006 752
f 5010 5009 1814
f 5007 5010 744
f 5009 5007 752
f 5013 5012 743
f 5011 5013 114
f 5012 5011 1816
f 5015 5014 744
f 5013 5015 114
f 5014 5013 743
f 5018 5017 1815
f 5016 5018 750
f 5017 5016 1816
f 5021 5020 751
f 5019 5021 748
f 5020 5019 750
f 5023 5021 751
f 5022 5023 55
f 5021 5022 748
f 5025 5024 774
f 5023 5025 55
f 5024 5023 751
f 5027 5026 1800
f 5025 5027 55
f 5026 5025 774
f 5029 5028 749
f 5027 5029 55
f 5028 5027 1800
f 5032 5031 770
f 5030 5032 356
f 5031 5030 1800
f 5034 5033 772
f 5032 5034 356
f 5033 5032 770
f 5037 5036 1804
f 5035 5037 356
f 5036 5035 1801
f 5040 5039 746
f 5038 5040 302
f 5039 5038 1805
f 5042 5041 1810
f 5038 5042 1805
f 5041 5038 302
f 5044 5043 1803
f 5041 5044 1810
f 5043 5041 302
f 5046 5042 1810
f 5045 5046 397
f 5042 5045 1805
f 5048 5047 1812
f 5046 5048 397
f 5047 5046 1810
f 5051 5050 1813
f 5049 5051 124
f 5050 5049 740
f 5054 5053 1812
f 5052 5054 764
f 5053 5052 1813
f 5055 5049 124
f 5000 5055 741
f 5049 5000 740
f 5057 5056 762
f 5055 5057 741
f 5056 5055 124
f 5059 5058 763
f 5057 5059 741
f 5058 5057 762
f 5061 5002 741
f 5060 5061 268
f 5002 5060 742
f 5062 5059 763
f 5061 5062 268
f 5059 5061 741
f 5064 5063 760
f 5060 5064 742
f 5063 5060 268
f 5066 5065 761
f 5063 5066 760
f 5065 5063 268
f 5068 5067 1766
f 5065 5068 761
f 5067 5065 268
f 5069 5062 763
f 5067 5069 1766
f 5062 5067 268
f 5072 5071 757
f 5070 5072 208
f 5071 5070 760
f 5074 5073 753
f 5070 5074 760
f 5073 5070 208
f 5077 5076 806
f 5075 5077 301
f 5076 5075 758
f 5079 5078 803
f 5077 5079 301
f 5078 5077 806
f 5081 5076 758
f 5080 5081 404
f 5076 5080 806
f 5084 5083 816
f 5082 5084 404
f 5083 5082 817
f 5086 5085 1770
f 5084 5086 404
f 5085 5084 816
f 5089 5088 820
f 5087 5089 70
f 5088 5087 818
f 5092 5091 821
f 5090 5092 815
f 5091 5090 820
f 5094 5093 1769
f 5085 5094 1770
f 5093 5085 816
f 5097 5096 1768
f 5095 5097 822
f 5096 5095 1572
f 5100 5099 821
f 5098 5100 127
f 5099 5098 823
f 5102 5101 1765
f 5098 5102 823
f 5101 5098 127
f 5104 5103 825
f 5101 5104 1765
f 5103 5101 127
f 5106 5105 1565
f 5104 5106 1765
f 5105 5104 825
f 5109 5108 824
f 5107 5109 490
f 5108 5107 825
f 5111 5110 826
f 5109 5111 490
f 5110 5109 824
f 5113 5112 829
f 5111 5113 490
f 5112 5111 826
f 5116 5115 1565
f 5114 5116 490
f 5115 5114 1563
f 5117 5113 829
f 5114 5117 1563
f 5113 5114 490
f 5119 5118 1562
f 5117 5119 1563
f 5118 5117 829
f 5122 5121 1761
f 5120 5122 240
f 5121 5120 1762
f 5125 5124 826
f 5123 5125 240
f 5124 5123 828
f 5127 5126 1763
f 5120 5127 1762
f 5126 5120 240
f 5129 5128 827
f 5126 5129 1763
f 5128 5126 240
f 5130 5125 826
f 5128 5130 827
f 5125 5128 240
f 5132 5131 1764
f 5129 5132 1763
f 5131 5129 827
f 5135 5134 1802
f 5133 5135 476
f 5134 5133 1762
f 5137 5136 830
f 5133 5137 1762
f 5136 5133 476
f 5140 5139 831
f 5138 5140 476
f 5139 5138 771
f 5141 5140 831
f 5136 5141 830
f 5140 5136 476
f 5144 5143 833
f 5142 5144 786
f 5143 5142 1759
f 5147 5146 832
f 5145 5147 289
f 5146 5145 833
f 5149 5148 831
f 5147 5149 289
f 5148 5147 832
f 5150 5148 832
f 5141 5150 830
f 5148 5141 831
f 5152 5150 832
f 5151 5152 69
f 5150 5151 830
f 5155 5154 838
f 5153 5155 69
f 5154 5153 836
f 5156 5152 832
f 5153 5156 836
f 5152 5153 69
f 5158 5157 834
f 5156 5158 836
f 5157 5156 832
f 5160 5159 837
f 5158 5160 836
f 5159 5158 834
f 5162 5161 835
f 5159 5162 837
f 5161 5159 834
f 5164 2951 1758
f 5163 5164 835
f 2951 5163 1750
f 5167 5166 1751
f 5165 5167 104
f 5166 5165 1759
f 5169 5166 1759
f 5168 5169 787
f 5166 5168 1751
f 5172 5171 789
f 5170 5172 787
f 5171 5170 788
f 5174 5172 789
f 5173 5174 50
f 5172 5173 787
f 5176 5175 1796
f 5174 5176 50
f 5175 5174 789
f 5177 5175 789
f 2823 5177 34
f 5175 2823 1796
f 5179 5178 1794
f 5177 5179 34
f 5178 5177 789
f 5182 5181 793
f 5180 5182 241
f 5181 5180 1797
f 5184 5183 788
f 5180 5184 1797
f 5183 5180 241
f 5185 5183 241
f 5171 5185 789
f 5183 5171 788
f 5188 5187 795
f 5186 5188 793
f 5187 5186 794
f 5191 5190 797
f 5189 5191 795
f 5190 5189 796
f 5194 5193 796
f 5192 5194 330
f 5193 5192 798
f 5197 5196 1789
f 5195 5197 303
f 5196 5195 779
f 5200 5199 1789
f 5198 5200 1788
f 5199 5198 1790
f 5203 5202 794
f 5201 5203 303
f 5202 5201 1790
f 5205 5200 1789
f 5204 5205 778
f 5200 5204 1788
f 5207 5204 778
f 5206 5207 777
f 5204 5206 1788
f 5210 5209 1814
f 5208 5210 777
f 5209 5208 1815
f 5212 5209 1815
f 5211 5212 114
f 5209 5211 1814
f 5214 5213 754
f 5005 5214 752
f 5213 5005 753
f 5215 5073 208
f 5213 5215 754
f 5073 5213 753
f 5217 5216 755
f 5215 5217 754
f 5216 5215 208
f 5220 5219 756
f 5218 5220 202
f 5219 5218 754
f 5222 5221 1788
f 5220 5222 202
f 5221 5220 756
f 5225 5224 1790
f 5223 5225 756
f 5224 5223 799
f 5225 5221 756
f 5198 5225 1790
f 5221 5198 1788
f 5228 5227 799
f 5226 5228 367
f 5227 5226 800
f 5231 5230 801
f 5229 5231 367
f 5230 5229 755
f 5232 5231 801
f 5226 5232 800
f 5231 5226 367
f 5234 5233 759
f 5230 5234 801
f 5233 5230 755
f 5236 5235 802
f 5232 5236 800
f 5235 5232 801
f 5238 5236 802
f 5237 5238 174
f 5236 5237 800
f 5240 5239 798
f 5237 5240 800
f 5239 5237 174
f 5242 5227 800
f 5241 5242 330
f 5227 5241 799
f 5242 5192 330
f 5240 5242 800
f 5192 5240 798
f 5243 5223 756
f 5228 5243 367
f 5223 5228 799
f 5244 5219 754
f 5243 5244 367
f 5219 5243 756
f 5244 5229 367
f 5217 5244 754
f 5229 5217 755
f 5246 5009 752
f 5245 5246 202
f 5009 5245 1814
f 5246 5218 202
f 5214 5246 752
f 5218 5214 754
f 5247 5245 202
f 5210 5247 777
f 5245 5210 1814
f 5250 5249 751
f 5248 5250 201
f 5249 5248 773
f 5252 5251 775
f 5248 5252 773
f 5251 5248 201
f 5255 5254 784
f 5253 5255 773
f 5254 5253 776
f 5258 5257 1798
f 5256 5258 281
f 5257 5256 782
f 5260 5259 781
f 5258 5260 281
f 5259 5258 1798
f 5263 5262 775
f 5261 5263 272
f 5262 5261 776
f 5266 5265 1799
f 5264 5266 176
f 5265 5264 781
f 5268 5267 779
f 5264 5268 781
f 5267 5264 176
f 5269 5259 1798
f 5265 5269 1799
f 5259 5265 781
f 5271 5269 1798
f 5270 5271 272
f 5269 5270 1799
f 5272 5271 1798
f 5261 5272 776
f 5271 5261 272
f 5273 5272 1798
f 5254 5273 784
f 5272 5254 776
f 5275 5255 784
f 5274 5275 389
f 5255 5274 773
f 5278 5277 770
f 5276 5278 389
f 5277 5276 771
f 5280 5279 774
f 5278 5280 389
f 5279 5278 770
f 5281 5277 771
f 5033 5281 772
f 5277 5033 770
f 5282 5280 774
f 5274 5282 773
f 5280 5274 389
f 5262 5252 775
f 5253 5262 776
f 5252 5253 773
f 5282 5249 773
f 5024 5282 774
f 5249 5024 751
f 5284 5018 1815
f 5283 5284 201
f 5018 5283 750
f 5285 5208 777
f 5284 5285 201
f 5208 5284 1815
f 5287 5207 778
f 5286 5287 775
f 5207 5286 777
f 5286 5285 777
f 5251 5286 775
f 5285 5251 201
f 5247 5206 777
f 5222 5247 202
f 5206 5222 1788
f 5288 5287 778
f 5263 5288 272
f 5287 5263 775
f 5289 5205 1789
f 5288 5289 272
f 5205 5288 778
f 5290 5289 1789
f 5270 5290 1799
f 5289 5270 272
f 5291 5196 779
f 5290 5291 1799
f 5196 5290 1789
f 5291 5266 1799
f 5267 5291 779
f 5266 5267 176
f 5201 5199 1790
f 5197 5201 303
f 5199 5197 1789
f 5293 5292 794
f 5241 5293 799
f 5292 5241 330
f 5293 5224 799
f 5202 5293 794
f 5224 5202 1790
f 5294 5194 796
f 5292 5294 794
f 5194 5292 330
f 5294 5187 794
f 5189 5294 796
f 5187 5189 795
f 5295 5186 793
f 5203 5295 303
f 5186 5203 794
f 5297 5296 780
f 5295 5297 303
f 5296 5295 793
f 5298 5297 780
f 5195 5298 779
f 5297 5195 303
f 5299 5181 1797
f 5296 5299 780
f 5181 5296 793
f 5300 5298 780
f 5268 5300 781
f 5298 5268 779
f 5301 5300 780
f 5260 5301 281
f 5300 5260 781
f 5302 5299 1797
f 5301 5302 281
f 5299 5301 780
f 5304 5303 785
f 5302 5304 281
f 5303 5302 1797
f 5305 5184 788
f 5303 5305 785
f 5184 5303 1797
f 5306 5188 795
f 5182 5306 241
f 5188 5182 793
f 5308 5307 1794
f 5306 5308 241
f 5307 5306 795
f 5309 5191 797
f 5307 5309 1794
f 5191 5307 795
f 5311 5309 797
f 5310 5311 790
f 5309 5310 1794
f 5308 5185 241
f 5178 5308 1794
f 5185 5178 789
f 5313 5305 788
f 5312 5313 426
f 5305 5312 785
f 5314 5170 787
f 5313 5314 426
f 5170 5313 788
f 5315 5169 1759
f 5314 5315 426
f 5169 5314 787
f 5316 5173 50
f 5168 5316 1751
f 5173 5168 787
f 5318 5317 1750
f 5316 5318 1751
f 5317 5316 50
f 5319 5317 50
f 2948 5319 1748
f 5317 2948 1750
f 5319 2933 1748
f 5176 5319 50
f 2933 5176 1796
f 5320 5318 1750
f 5167 5320 104
f 5318 5167 1751
f 5321 5163 835
f 5320 5321 104
f 5163 5320 1750
f 5323 2955 1757
f 5322 5323 483
f 2955 5322 1758
f 5325 5324 1756
f 5323 5325 483
f 5324 5323 1757
f 5328 5327 1755
f 5326 5328 1561
f 5327 5326 1760
f 5331 5330 838
f 5329 5331 226
f 5330 5329 1557
f 5333 5332 1560
f 5329 5333 1557
f 5332 5329 226
f 5336 5335 1755
f 5334 5336 137
f 5335 5334 226
f 5337 5334 137
f 5332 5337 1560
f 5334 5332 226
f 5340 5339 1560
f 5338 5340 294
f 5339 5338 1559
f 5342 5341 1539
f 5338 5342 1559
f 5341 5338 294
f 5345 5344 1539
f 5343 5345 100
f 5344 5343 1562
f 5348 5347 1564
f 5346 5348 100
f 5347 5346 1534
f 5351 5350 1568
f 5349 5351 88
f 5350 5349 1569
f 5353 5352 1570
f 5351 5353 88
f 5352 5351 1568
f 5355 5354 1572
f 5353 5355 88
f 5354 5353 1570
f 5357 5352 1568
f 5356 5357 1238
f 5352 5356 1570
f 5360 5359 1044
f 5358 5360 487
f 5359 5358 1045
f 5363 5362 1223
f 5361 5363 1044
f 5362 5361 1238
f 5364 5363 1223
f 5360 5364 487
f 5363 5360 1044
f 5367 5366 1136
f 5365 5367 487
f 5366 5365 1137
f 5369 5368 1222
f 5365 5369 1137
f 5368 5365 487
f 5371 5370 1233
f 5369 5371 1137
f 5370 5369 1222
f 5373 5372 1138
f 5366 5373 1136
f 5372 5366 1137
f 5376 5375 1138
f 5374 5376 416
f 5375 5374 1240
f 5377 5372 1137
f 5376 5377 416
f 5372 5376 1138
f 5379 2355 1231
f 5378 5379 416
f 2355 5378 1232
f 5380 5379 1231
f 5374 5380 1240
f 5379 5374 416
f 5382 5381 1233
f 5378 5382 1232
f 5381 5378 416
f 5385 5384 1223
f 5383 5385 20
f 5384 5383 1221
f 5387 5386 1222
f 5384 5387 1223
f 5386 5384 1221
f 5387 5364 1223
f 5368 5387 1222
f 5364 5368 487
f 5390 5389 1225
f 5388 5390 1221
f 5389 5388 1224
f 5393 5392 1566
f 5391 5393 1224
f 5392 5391 1567
f 5396 5395 1567
f 5394 5396 20
f 5395 5394 1568
f 5398 5393 1566
f 5397 5398 337
f 5393 5397 1224
f 5399 5397 337
f 5389 5399 1225
f 5397 5389 1224
f 5402 5401 1532
f 5400 5402 337
f 5401 5400 1534
f 5404 5403 1226
f 5399 5404 1225
f 5403 5399 337
f 5407 5406 1234
f 5405 5407 412
f 5406 5405 1236
f 5409 5408 1227
f 5405 5409 1236
f 5408 5405 412
f 5411 5410 1225
f 5408 5411 1227
f 5410 5408 412
f 5412 5410 412
f 5390 5412 1221
f 5410 5390 1225
f 5413 5391 1224
f 5396 5413 20
f 5391 5396 1567
f 5413 5383 20
f 5388 5413 1224
f 5383 5388 1221
f 5415 5370 1222
f 5414 5415 412
f 5370 5414 1233
f 5415 5412 412
f 5386 5415 1222
f 5412 5386 1221
f 5416 5407 1234
f 5414 5416 1233
f 5407 5414 412
f 5416 5382 1233
f 2348 5416 1234
f 5382 2348 1232
f 5381 5371 1233
f 5377 5381 416
f 5371 5377 1137
f 5417 5362 1238
f 5385 5417 20
f 5362 5385 1223
f 5417 5394 20
f 5357 5417 1238
f 5394 5357 1568
f 5419 5356 1238
f 5418 5419 78
f 5356 5418 1570
f 5420 5361 1044
f 5419 5420 78
f 5361 5419 1238
f 5422 5421 1046
f 5420 5422 78
f 5421 5420 1044
f 5424 5423 1571
f 5418 5424 1570
f 5423 5418 78
f 5426 5425 1573
f 5423 5426 1571
f 5425 5423 78
f 5429 5428 1575
f 5427 5429 86
f 5428 5427 1573
f 5431 5430 813
f 5429 5431 86
f 5430 5429 1575
f 5434 5433 1774
f 5432 5434 411
f 5433 5432 1028
f 5436 5435 1575
f 5434 5436 411
f 5435 5434 1774
f 5438 5437 1029
f 5432 5438 1028
f 5437 5432 411
f 5440 5439 1033
f 5433 5440 1774
f 5439 5433 1028
f 5442 5439 1028
f 5441 5442 421
f 5439 5441 1033
f 5445 5444 1031
f 5443 5445 421
f 5444 5443 1026
f 5447 5446 1030
f 5445 5447 421
f 5446 5445 1031
f 5448 5447 1030
f 5441 5448 1033
f 5447 5441 421
f 5451 5450 811
f 5449 5451 128
f 5450 5449 807
f 5454 5453 1021
f 5452 5454 366
f 5453 5452 1586
f 5456 5455 1709
f 5452 5456 1586
f 5455 5452 366
f 5459 5458 1706
f 5457 5459 414
f 5458 5457 1709
f 5462 5461 1587
f 5460 5462 1015
f 5461 5460 1016
f 5464 5463 1019
f 5460 5464 1016
f 5463 5460 1015
f 5466 5465 1018
f 5463 5466 1019
f 5465 5463 1015
f 5469 5468 899
f 5467 5469 224
f 5468 5467 1018
f 5471 5470 900
f 5469 5471 224
f 5470 5469 899
f 5473 5472 901
f 5471 5473 224
f 5472 5471 900
f 5475 4790 1716
f 5474 5475 900
f 4790 5474 908
f 5474 4783 908
f 5470 5474 900
f 4783 5470 899
f 5477 5475 1716
f 5476 5477 322
f 5475 5476 900
f 5479 5478 1723
f 5477 5479 322
f 5478 5477 1716
f 5481 5480 1722
f 5479 5481 322
f 5480 5479 1723
f 5483 5482 1721
f 5481 5483 322
f 5482 5481 1722
f 5486 5485 905
f 5484 5486 496
f 5485 5484 1723
f 5488 5487 894
f 5484 5488 1723
f 5487 5484 496
f 5491 5490 896
f 5489 5491 894
f 5490 5489 895
f 5493 5491 896
f 5492 5493 65
f 5491 5492 894
f 5495 5490 895
f 5494 5495 155
f 5490 5494 896
f 5496 5487 496
f 5489 5496 895
f 5487 5489 894
f 5498 5497 1722
f 5492 5498 894
f 5497 5492 65
f 5500 5499 898
f 5497 5500 1722
f 5499 5497 65
f 5503 5502 897
f 5501 5503 347
f 5502 5501 1721
f 5504 5502 1721
f 2515 5504 898
f 5502 2515 897
f 5504 5500 898
f 5482 5504 1721
f 5500 5482 1722
f 5498 5488 894
f 5480 5498 1722
f 5488 5480 1723
f 5505 5476 322
f 5472 5505 901
f 5476 5472 900
f 5508 5507 1018
f 5506 5508 219
f 5507 5506 1588
f 5507 5468 1018
f 4781 5507 1588
f 5468 4781 899
f 5511 5510 1589
f 5509 5511 1014
f 5510 5509 1017
f 5513 5509 1014
f 5512 5513 219
f 5509 5512 1017
f 5515 5510 1017
f 5514 5515 222
f 5510 5514 1589
f 5517 5516 1590
f 5514 5517 1589
f 5516 5514 222
f 5519 5518 1704
f 5516 5519 1590
f 5518 5516 222
f 5521 5520 1703
f 5518 5521 1704
f 5520 5518 222
f 5524 5523 1705
f 5522 5524 290
f 5523 5522 1703
f 5526 5525 1702
f 5519 5526 1590
f 5525 5519 1704
f 5529 5528 1010
f 5527 5529 112
f 5528 5527 1589
f 5530 5517 1590
f 5528 5530 1010
f 5517 5528 1589
f 5532 5530 1590
f 5531 5532 428
f 5530 5531 1010
f 5534 5533 1011
f 5531 5534 1010
f 5533 5531 428
f 5537 5536 1591
f 5535 5537 428
f 5536 5535 1597
f 5538 5537 1591
f 5533 5538 1011
f 5537 5533 428
f 5539 5538 1591
f 4758 5539 1592
f 5538 4758 1011
f 5541 5540 1596
f 5536 5541 1591
f 5540 5536 1597
f 5543 5542 1596
f 4904 5543 1008
f 5542 4904 593
f 5545 4906 592
f 5544 5545 329
f 4906 5544 593
f 5548 5547 1592
f 5546 5548 595
f 5547 5546 1919
f 5550 4756 1919
f 5549 5550 325
f 4756 5549 597
f 5553 5552 1987
f 5551 5553 325
f 5552 5551 1989
f 5554 5553 1987
f 5549 5554 597
f 5553 5549 325
f 5556 5555 1916
f 5551 5556 1989
f 5555 5551 325
f 5558 5557 594
f 5555 5558 1916
f 5557 5555 325
f 5560 5559 1990
f 5556 5560 1989
f 5559 5556 1916
f 5563 5562 1990
f 5561 5563 372
f 5562 5561 513
f 5566 5565 1987
f 5564 5566 481
f 5565 5564 1988
f 5568 5554 1987
f 5567 5568 596
f 5554 5567 597
f 5568 4747 596
f 5565 5568 1987
f 4747 5565 1988
f 5569 5562 513
f 5560 5569 1989
f 5562 5560 1990
f 5571 5569 513
f 5570 5571 481
f 5569 5570 1989
f 5570 5552 1989
f 5566 5570 481
f 5552 5566 1987
f 5572 5550 1919
f 5557 5572 594
f 5550 5557 325
f 5573 5546 595
f 5572 5573 594
f 5546 5572 1919
f 5575 5548 1592
f 5574 5575 329
f 5548 5574 595
f 5577 5573 595
f 5576 5577 255
f 5573 5576 594
f 5579 5578 592
f 5577 5579 255
f 5578 5577 595
f 5581 5580 1917
f 5576 5581 594
f 5580 5576 255
f 5582 5544 329
f 5542 5582 1596
f 5544 5542 593
f 5578 5545 592
f 5574 5578 595
f 5545 5574 329
f 5583 5582 329
f 5541 5583 1591
f 5582 5541 1596
f 5583 5539 1591
f 5575 5583 329
f 5539 5575 1592
f 5586 5585 1701
f 5584 5586 1700
f 5585 5584 1702
f 5588 5585 1702
f 5587 5588 290
f 5585 5587 1701
f 5589 5525 1704
f 5588 5589 290
f 5525 5588 1702
f 5590 5526 1702
f 5532 5590 428
f 5526 5532 1590
f 5589 5522 290
f 5521 5589 1704
f 5522 5521 1703
f 5591 5467 224
f 5466 5591 1019
f 5467 5466 1018
f 5593 5592 1717
f 5464 5593 1016
f 5592 5464 1019
f 5595 5594 1586
f 5461 5595 1587
f 5594 5461 1016
f 5596 5465 1015
f 5508 5596 219
f 5465 5508 1018
f 5597 5596 1015
f 5512 5597 1017
f 5596 5512 219
f 5598 5462 1587
f 5597 5598 1017
f 5462 5597 1015
f 5599 5598 1587
f 5515 5599 222
f 5598 5515 1017
f 5601 5600 414
f 5599 5601 222
f 5600 5599 1587
f 5602 5601 414
f 5520 5602 1703
f 5601 5520 222
f 5603 5457 414
f 5456 5603 1586
f 5457 5456 1709
f 5603 5595 1586
f 5600 5603 414
f 5595 5600 1587
f 5606 5605 1030
f 5604 5606 396
f 5605 5604 1032
f 5608 5607 1022
f 5606 5608 396
f 5607 5606 1030
f 5610 5609 1023
f 5607 5610 1022
f 5609 5607 1030
f 5611 5446 1031
f 5609 5611 1023
f 5446 5609 1030
f 5613 4818 1023
f 5612 5613 324
f 4818 5612 1024
f 5614 5611 1031
f 5613 5614 324
f 5611 5613 1023
f 5617 5616 1727
f 5615 5617 324
f 5616 5615 1585
f 5618 5614 1031
f 5615 5618 1585
f 5614 5615 324
f 5619 5444 1026
f 5618 5619 1585
f 5444 5618 1031
f 5621 5619 1026
f 5620 5621 279
f 5619 5620 1585
f 5623 5622 1025
f 5621 5623 279
f 5622 5621 1026
f 5625 5624 1252
f 5623 5625 279
f 5624 5623 1025
f 5627 5626 1027
f 5622 5627 1025
f 5626 5622 1026
f 5629 5628 1584
f 5620 5629 1585
f 5628 5620 279
f 5630 5629 1584
f 5616 5630 1727
f 5629 5616 1585
f 5633 5632 1719
f 5631 5633 396
f 5632 5631 1021
f 5634 5608 1022
f 5631 5634 1021
f 5608 5631 396
f 5635 5634 1022
f 5454 5635 366
f 5634 5454 1021
f 5637 5636 1021
f 5593 5637 1016
f 5636 5593 1717
f 5637 5594 1016
f 5453 5637 1021
f 5594 5453 1586
f 5638 5636 1717
f 5632 5638 1719
f 5636 5632 1021
f 5640 5639 1718
f 5592 5640 1717
f 5639 5592 1019
f 5642 5641 1718
f 5473 5642 224
f 5641 5473 901
f 5642 5591 224
f 5639 5642 1718
f 5591 5639 1019
f 5644 5638 1717
f 5643 5644 128
f 5638 5643 1719
f 5645 5640 1718
f 5644 5645 128
f 5640 5644 1717
f 5647 5646 1720
f 5641 5647 1718
f 5646 5641 901
f 5649 5647 1720
f 5648 5649 808
f 5647 5648 1718
f 5650 5505 322
f 5646 5650 1720
f 5505 5646 901
f 5651 5483 1721
f 5650 5651 1720
f 5483 5650 322
f 5652 5501 347
f 5651 5652 1720
f 5501 5651 1721
f 5653 5652 347
f 5649 5653 808
f 5652 5649 1720
f 5655 5654 809
f 5653 5655 808
f 5654 5653 347
f 5657 5656 1777
f 5654 5657 809
f 5656 5654 347
f 5660 5659 809
f 5658 5660 10
f 5659 5658 807
f 5662 5661 810
f 5658 5662 807
f 5661 5658 10
f 5665 5664 814
f 5663 5665 438
f 5664 5663 810
f 5667 5666 813
f 5665 5667 438
f 5666 5665 814
f 5669 5666 814
f 5668 5669 812
f 5666 5668 813
f 5670 5659 807
f 5655 5670 808
f 5659 5655 809
f 5671 5662 810
f 5450 5671 811
f 5662 5450 807
f 5672 5449 128
f 5670 5672 808
f 5449 5670 807
f 5672 5648 808
f 5645 5672 128
f 5648 5645 1718
f 5673 5451 811
f 5643 5673 1719
f 5451 5643 128
f 5674 5673 811
f 5633 5674 396
f 5673 5633 1719
f 5675 5674 811
f 5604 5675 1032
f 5674 5604 396
f 5677 5676 1032
f 5663 5677 810
f 5676 5663 438
f 5677 5671 810
f 5675 5677 1032
f 5671 5675 811
f 5678 5605 1032
f 5448 5678 1033
f 5605 5448 1030
f 5679 5676 438
f 5678 5679 1033
f 5676 5678 1032
f 5680 5679 438
f 5440 5680 1774
f 5679 5440 1033
f 5681 5667 813
f 5680 5681 1774
f 5667 5680 438
f 5683 5682 1027
f 5442 5683 421
f 5682 5442 1028
f 5683 5443 421
f 5626 5683 1027
f 5443 5626 1026
f 5684 5438 1029
f 5682 5684 1027
f 5438 5682 1028
f 5681 5435 1774
f 5430 5681 813
f 5435 5430 1575
f 5685 5668 812
f 5431 5685 86
f 5668 5431 813
f 5687 5686 1574
f 5428 5687 1575
f 5686 5428 1573
f 5688 5427 86
f 5426 5688 1571
f 5427 5426 1573
f 5689 5686 1573
f 2455 5689 1046
f 5686 2455 1574
f 5691 5690 823
f 5349 5691 1569
f 5690 5349 88
f 5692 5102 1765
f 5691 5692 1569
f 5102 5691 823
f 5694 5692 1765
f 5693 5694 410
f 5692 5693 1569
f 5695 5350 1569
f 5395 5695 1567
f 5350 5395 1568
f 5697 5392 1567
f 5696 5697 410
f 5392 5696 1566
f 5697 5693 410
f 5695 5697 1567
f 5693 5695 1569
f 5698 5106 1565
f 5694 5698 410
f 5106 5694 1765
f 5700 5699 1564
f 5698 5700 410
f 5699 5698 1565
f 5701 5700 1564
f 5696 5701 1566
f 5700 5696 410
f 5702 5398 1566
f 5400 5702 1534
f 5398 5400 337
f 5702 5347 1534
f 5701 5702 1566
f 5347 5701 1564
f 5703 5344 1562
f 5342 5703 1559
f 5344 5342 1539
f 5706 5705 1559
f 5704 5706 335
f 5705 5704 1557
f 5705 5339 1559
f 5333 5705 1557
f 5339 5333 1560
f 5708 5707 1561
f 5331 5708 226
f 5707 5331 838
f 5709 5154 836
f 5707 5709 1561
f 5154 5707 838
f 5708 5335 226
f 5328 5708 1561
f 5335 5328 1755
f 5712 5711 1556
f 5710 5712 62
f 5711 5710 1555
f 5714 5713 1366
f 5712 5714 62
f 5713 5712 1556
f 5717 5716 840
f 5715 5717 422
f 5716 5715 841
f 5719 5718 1753
f 5717 5719 422
f 5718 5717 840
f 5721 5720 1756
f 5715 5721 841
f 5720 5715 422
f 5723 5722 841
f 2960 5723 190
f 5722 2960 839
f 5725 5724 1757
f 5723 5725 190
f 5724 5723 841
f 5724 5324 1757
f 5721 5724 841
f 5324 5721 1756
f 5728 5727 1352
f 5726 5728 465
f 5727 5726 1753
f 5730 5729 1351
f 5728 5730 465
f 5729 5728 1352
f 5732 5731 1368
f 5730 5732 465
f 5731 5730 1351
f 8077 8382 8257
f 8078 8258 8383
f 8079 8260 8384
f 8080 8262 8385
f 8081 8386 8258
f 8082 8257 8387
f 8083 8266 8267
f 8084 8268 8264
f 8085 8263 8269
f 8086 8270 8271
f 8087 8272 8268
f 8088 8267 8273
f 8089 8269 8274
f 8090 8275 8276
f 8091 8277 8266
f 5746 5745 1357
f 1355 8279 8278
f 5745 5744 1356
f 5748 2996 1529
f 5747 5748 1356
f 2996 5747 1373
f 5750 5748 1529
f 5749 5750 450
f 5748 5749 1356
f 5753 5752 1357
f 5751 5753 450
f 5752 5751 1099
f 5755 5754 1100
f 5751 5755 1099
f 5754 5751 450
f 5757 5756 1528
f 5754 5757 1100
f 5756 5754 450
f 5760 5759 1527
f 5758 5760 292
f 5759 5758 1528
f 5762 5759 1528
f 5761 5762 89
f 5759 5761 1527
f 5763 5758 292
f 5757 5763 1100
f 5758 5757 1528
f 5765 5764 1097
f 5763 5765 1100
f 5764 5763 292
f 5767 5766 1098
f 5765 5767 1100
f 5766 5765 1097
f 5769 5768 1061
f 3451 5769 359
f 5768 3451 1062
f 5771 5770 1097
f 5769 5771 359
f 5770 5769 1061
f 5774 5773 1357
f 5772 5774 175
f 5773 5772 8388
f 5776 5775 1055
f 5772 5776 1353
f 5775 5772 175
f 5779 5778 1354
f 5777 5779 121
f 5778 5777 1353
f 5782 5781 1054
f 5780 5782 253
f 5781 5780 1055
f 5783 3437 1053
f 5782 5783 253
f 3437 5782 1054
f 5785 5784 1354
f 5780 5785 1055
f 5784 5780 253
f 5788 5787 1360
f 5786 5788 1354
f 5787 5786 1361
f 8092 5790 8281
f 5789 8093 8282
f 8094 8283 8284
f 5792 5787 1361
f 5791 5792 30
f 5787 5791 1360
f 8095 8285 8286
f 8096 8287 8283
f 8097 5789 8282
f 5795 5784 253
f 5786 5795 1361
f 5784 5786 1354
f 5785 5776 1055
f 5778 5785 1354
f 5776 5778 1353
f 5796 5752 1099
f 5774 5796 175
f 5752 5774 1357
f 5798 5797 1056
f 5781 5798 1054
f 5797 5781 1055
f 5800 5799 1098
f 5796 5800 175
f 5799 5796 1099
f 5802 5801 1056
f 5800 5802 175
f 5801 5800 1098
f 5802 5775 175
f 5797 5802 1056
f 5775 5797 1055
f 5804 5803 1061
f 5801 5804 1056
f 5803 5801 1098
f 5803 5770 1061
f 5766 5803 1098
f 5770 5766 1097
f 5799 5767 1098
f 5755 5799 1099
f 5767 5755 1100
f 5753 5749 450
f 5745 5753 1357
f 5749 5745 1356
f 5806 5747 1356
f 261 8289 8288
f 5747 5805 1373
f 8098 8290 8291
f 8099 8292 8293
f 8100 8294 8295
f 5811 5810 1370
f 8101 8296 8292
f 8102 8291 8297
f 5812 5811 1370
f 5805 5812 1373
f 261 8296 8289
f 1371 8298 8297
f 5813 5814 333
f 5810 5813 1370
f 8103 8280 8299
f 8104 8300 8278
f 5773 5746 1357
f 8105 8279 8301
f 8106 8302 8288
f 5744 5806 1356
f 8107 8301 8303
f 8108 8304 8294
f 8109 8293 8302
f 5818 8110 8305
f 8111 8306 8300
f 8112 5815 8299
f 8113 8307 8308
f 8114 8309 8306
f 8115 8305 8310
f 8116 8308 8311
f 8117 8312 8304
f 8118 8303 8309
f 8119 8311 8313
f 8120 8314 8315
f 8121 8316 8312
f 8122 8274 8317
f 8123 8318 8314
f 8124 8313 8275
f 8125 8310 8319
f 8126 8320 8277
f 8127 8276 8307
f 5827 8128 8321
f 8129 8322 8320
f 8130 5825 8319
f 5826 5788 1360
f 5779 5826 121
f 5788 5779 1354
f 8131 8273 8322
f 8132 8321 8281
f 8133 8284 8270
f 8134 8317 8323
f 8135 8324 8316
f 8136 8315 8318
f 8137 8295 8324
f 8138 8323 8262
f 8139 8265 8290
f 8140 5829 8325
f 8141 8326 8260
f 8142 8259 8327
f 8143 8261 8328
f 5814 5831 333
f 8144 8298 8256
f 5833 5832 1351
f 5831 5833 333
f 1369 8329 8328
f 5835 5834 1340
f 5833 5835 333
f 5834 5833 1351
f 5837 5834 1351
f 5836 5837 409
f 5834 5836 1340
f 5838 5729 1352
f 5837 5838 409
f 5729 5837 1351
f 5841 5840 1340
f 5839 5841 218
f 5840 5839 1339
f 5843 5842 1341
f 5841 5843 218
f 5842 5841 1340
f 5845 5844 840
f 5838 5845 409
f 5844 5838 1352
f 5844 5718 840
f 5727 5844 1352
f 5718 5727 1753
f 5832 5731 1351
f 1369 8326 8329
f 5731 5830 1368
f 8145 8271 8330
f 8146 8331 8325
f 8147 8327 8272
f 5848 5847 1367
f 8148 8332 8287
f 8149 8286 8333
f 5849 5848 1367
f 5846 8150 8331
f 8151 8330 8332
f 5850 5849 1367
f 5732 5850 465
f 5849 5732 1368
f 5852 5851 1367
f 5714 5852 62
f 5851 5714 1366
f 1365 8334 8333
f 5852 5853 62
f 5847 5852 1367
f 5855 5854 1366
f 5726 5855 1753
f 5854 5726 465
f 5854 5851 1366
f 5850 5854 465
f 5851 5850 1367
f 5857 5856 1754
f 5719 5857 422
f 5856 5719 1753
f 5859 5858 1754
f 5713 5859 1366
f 5858 5713 1556
f 5859 5855 1366
f 5856 5859 1754
f 5855 5856 1753
f 5861 5860 1755
f 5858 5861 1754
f 5860 5858 1556
f 5862 3404 1535
f 5711 5862 1556
f 3404 5711 1555
f 5863 5860 1556
f 5336 5863 137
f 5860 5336 1755
f 5864 5327 1760
f 5861 5864 1754
f 5327 5861 1755
f 5866 5865 1760
f 5720 5866 1756
f 5865 5720 422
f 5865 5864 1760
f 5857 5865 422
f 5864 5857 1754
f 5867 5322 483
f 5164 5867 835
f 5322 5164 1758
f 5868 5866 1760
f 5325 5868 483
f 5866 5325 1756
f 5870 5869 837
f 5868 5870 483
f 5869 5868 1760
f 5871 5326 1561
f 5869 5871 837
f 5326 5869 1760
f 5871 5160 837
f 5709 5871 1561
f 5160 5709 836
f 5870 5867 483
f 5162 5870 837
f 5867 5162 835
f 5872 5161 834
f 5321 5872 104
f 5161 5321 835
f 5874 5873 833
f 5872 5874 104
f 5873 5872 834
f 5874 5165 104
f 5143 5874 833
f 5165 5143 1759
f 5873 5146 833
f 5157 5873 834
f 5146 5157 832
f 5875 5142 786
f 5315 5875 426
f 5142 5315 1759
f 5876 5145 289
f 5144 5876 786
f 5145 5144 833
f 5877 5875 786
f 5312 5877 785
f 5875 5312 426
f 5879 5877 786
f 5878 5879 782
f 5877 5878 785
f 5881 5880 783
f 5879 5881 782
f 5880 5879 786
f 5882 5876 289
f 5880 5882 783
f 5876 5880 786
f 5878 5304 785
f 5256 5878 782
f 5304 5256 281
f 5883 5257 782
f 5273 5883 784
f 5257 5273 1798
f 5884 5881 783
f 5883 5884 784
f 5881 5883 782
f 5885 5884 783
f 5275 5885 389
f 5884 5275 784
f 5887 5886 771
f 5882 5887 783
f 5886 5882 289
f 5886 5139 771
f 5149 5886 289
f 5139 5149 831
f 5887 5885 783
f 5276 5887 771
f 5885 5276 389
f 5888 5138 476
f 5281 5888 772
f 5138 5281 771
f 5889 5135 1802
f 5888 5889 772
f 5135 5888 476
f 5892 5891 1763
f 5890 5892 215
f 5891 5890 1802
f 5895 5894 1764
f 5893 5895 762
f 5894 5893 766
f 5898 5897 765
f 5896 5898 215
f 5897 5896 766
f 5900 5899 1801
f 5898 5900 215
f 5899 5898 765
f 5902 5901 1803
f 5899 5902 1801
f 5901 5899 765
f 5904 5897 766
f 5903 5904 764
f 5897 5903 765
f 5906 5904 766
f 5905 5906 124
f 5904 5905 764
f 5906 5056 124
f 5893 5906 766
f 5056 5893 762
f 5908 5058 762
f 5907 5908 463
f 5058 5907 763
f 5911 5910 818
f 5909 5911 463
f 5910 5909 819
f 5912 5911 818
f 5907 5912 763
f 5911 5907 463
f 5913 5895 1764
f 5908 5913 463
f 5895 5908 762
f 5914 5896 215
f 5894 5914 1764
f 5896 5894 766
f 5914 5132 1764
f 5892 5914 215
f 5132 5892 1763
f 5915 5131 827
f 5913 5915 463
f 5131 5913 1764
f 5917 5916 824
f 5915 5917 463
f 5916 5915 827
f 5918 5917 824
f 5909 5918 819
f 5917 5909 463
f 5891 5127 1763
f 5134 5891 1802
f 5127 5134 1762
f 5919 5122 1761
f 5123 5919 828
f 5122 5123 240
f 5920 5137 830
f 5121 5920 1761
f 5137 5121 1762
f 5921 5151 69
f 5920 5921 1761
f 5151 5920 830
f 5923 5922 1558
f 5921 5923 1761
f 5922 5921 69
f 5924 5155 838
f 5922 5924 1558
f 5155 5922 69
f 5925 5330 1557
f 5924 5925 1558
f 5330 5924 838
f 5926 5703 1562
f 5706 5926 335
f 5703 5706 1559
f 5927 5704 335
f 5925 5927 1558
f 5704 5925 1557
f 5930 5929 828
f 5928 5930 335
f 5929 5928 829
f 5931 5923 1558
f 5919 5931 828
f 5923 5919 1761
f 5931 5930 828
f 5927 5931 1558
f 5930 5927 335
f 5929 5124 828
f 5112 5929 829
f 5124 5112 826
f 5928 5118 829
f 5926 5928 335
f 5118 5926 1562
f 5932 5343 100
f 5119 5932 1563
f 5343 5119 1562
f 5933 5348 1564
f 5932 5933 1563
f 5348 5932 100
f 5933 5115 1563
f 5699 5933 1564
f 5115 5699 1565
f 5916 5110 824
f 5130 5916 827
f 5110 5130 826
f 5116 5107 490
f 5105 5116 1565
f 5107 5105 825
f 5935 5934 819
f 5103 5935 825
f 5934 5103 127
f 5935 5108 825
f 5918 5935 819
f 5108 5918 824
f 5936 5095 822
f 5355 5936 88
f 5095 5355 1572
f 5938 5937 821
f 5936 5938 88
f 5937 5936 822
f 5938 5690 88
f 5099 5938 821
f 5690 5099 823
f 5939 5424 1571
f 5354 5939 1572
f 5424 5354 1570
f 5940 5939 1571
f 5096 5940 1768
f 5939 5096 1572
f 5941 5688 86
f 5940 5941 1768
f 5688 5940 1571
f 5944 5943 812
f 5942 5944 15
f 5943 5942 1768
f 5943 5685 812
f 5941 5943 1768
f 5685 5941 86
f 5946 5945 1767
f 5942 5946 1768
f 5945 5942 15
f 5947 5946 1767
f 5097 5947 822
f 5946 5097 1768
f 5950 5949 1769
f 5948 5950 436
f 5949 5948 1767
f 5952 5951 1772
f 5949 5952 1769
f 5951 5949 1767
f 5953 5945 15
f 5951 5953 1772
f 5945 5951 1767
f 5955 5094 1769
f 5954 5955 445
f 5094 5954 1770
f 5956 5952 1772
f 5955 5956 445
f 5952 5955 1769
f 5959 5958 1782
f 5957 5959 806
f 5958 5957 1770
f 5960 5959 1782
f 5078 5960 803
f 5959 5078 806
f 5961 5954 445
f 5958 5961 1782
f 5954 5958 1770
f 5962 5093 816
f 5950 5962 436
f 5093 5950 1769
f 5964 5963 815
f 5962 5964 436
f 5963 5962 816
f 5965 5948 436
f 5947 5965 822
f 5948 5947 1767
f 5966 5965 436
f 5937 5966 821
f 5965 5937 822
f 5966 5092 821
f 5964 5966 436
f 5092 5964 815
f 5967 5091 820
f 5100 5967 127
f 5091 5100 821
f 5968 5967 820
f 5934 5968 819
f 5967 5934 127
f 5968 5910 819
f 5088 5968 820
f 5910 5088 818
f 5969 5090 815
f 5089 5969 70
f 5090 5089 820
f 5970 5083 817
f 5963 5970 815
f 5083 5963 816
f 5971 5970 817
f 5969 5971 70
f 5970 5969 815
f 5957 5086 1770
f 5080 5957 806
f 5086 5080 404
f 5972 5216 208
f 5233 5972 759
f 5216 5233 755
f 5973 5074 753
f 5064 5973 742
f 5074 5064 760
f 5976 5975 759
f 5974 5976 757
f 5975 5974 758
f 5976 5072 757
f 5972 5976 759
f 5072 5972 208
f 5977 5075 301
f 5975 5977 759
f 5075 5975 758
f 5979 5978 761
f 5974 5979 758
f 5978 5974 757
f 5980 5979 761
f 5081 5980 404
f 5979 5081 758
f 5981 5980 761
f 5082 5981 817
f 5980 5082 404
f 5982 5068 1766
f 5981 5982 817
f 5068 5981 761
f 5983 5982 1766
f 5971 5983 70
f 5982 5971 817
f 5984 5983 1766
f 5087 5984 818
f 5983 5087 70
f 5984 5912 818
f 5069 5984 1766
f 5912 5069 763
f 5978 5066 761
f 5071 5978 757
f 5066 5071 760
f 5985 5047 1810
f 5054 5985 764
f 5047 5054 1812
f 5905 5052 764
f 5051 5905 124
f 5052 5051 1813
f 5986 5044 1803
f 5985 5986 764
f 5044 5985 1810
f 5986 5903 764
f 5901 5986 1803
f 5903 5901 765
f 5988 5987 749
f 5040 5988 302
f 5987 5040 746
f 5991 5990 745
f 5989 5991 25
f 5990 5989 748
f 5993 5992 1819
f 5991 5993 25
f 5992 5991 745
f 5995 5994 749
f 5990 5995 745
f 5994 5990 748
f 5996 5987 746
f 5995 5996 745
f 5987 5995 749
f 5998 5997 1804
f 5043 5998 1803
f 5997 5043 302
f 5998 5902 1803
f 5036 5998 1804
f 5902 5036 1801
f 5999 5034 772
f 5035 5999 1801
f 5034 5035 356
f 6000 5900 1801
f 5890 6000 1802
f 5900 5890 215
f 6000 5889 1802
f 5999 6000 1801
f 5889 5999 772
f 6001 5037 1804
f 5030 6001 1800
f 5037 5030 356
f 6002 5988 749
f 5997 6002 1804
f 5988 5997 302
f 6002 6001 1804
f 5028 6002 749
f 6001 5028 1800
f 5279 5026 774
f 5031 5279 770
f 5026 5031 1800
f 5283 5020 750
f 5250 5283 201
f 5020 5250 751
f 5994 5029 749
f 5022 5994 748
f 5029 5022 55
f 6003 5989 25
f 5019 6003 750
f 5989 5019 748
f 6004 6003 25
f 5016 6004 1816
f 6003 5016 750
f 5212 5011 114
f 5017 5212 1815
f 5011 5017 1816
f 6006 6005 1818
f 6004 6006 1816
f 6005 6004 25
f 6005 4983 1818
f 5993 6005 25
f 4983 5993 1819
f 6007 6006 1818
f 5012 6007 743
f 6006 5012 1816
f 6008 4987 1820
f 6007 6008 743
f 4987 6007 1818
f 6010 6008 1820
f 6009 6010 478
f 6008 6009 743
f 5211 5010 1814
f 5015 5211 114
f 5010 5015 744
f 6011 5004 305
f 5973 6011 742
f 5004 5973 753
f 6014 6013 738
f 6012 6014 305
f 6013 6012 739
f 6014 6011 305
f 5003 6014 738
f 6011 5003 742
f 6016 5014 743
f 6015 6016 739
f 5014 6015 744
f 6015 5008 744
f 6012 6015 739
f 5008 6012 305
f 6017 6009 478
f 6016 6017 739
f 6009 6016 743
f 6019 6018 1817
f 6017 6019 739
f 6018 6017 478
f 6020 6019 1817
f 6013 6020 738
f 6019 6013 739
f 6021 6020 1817
f 4999 6021 740
f 6020 4999 738
f 6023 5050 740
f 6022 6023 95
f 5050 6022 1813
f 6024 6021 1817
f 6023 6024 95
f 6021 6023 740
f 6026 6025 1939
f 6022 6026 1813
f 6025 6022 95
f 6027 6024 1817
f 4996 6027 1940
f 6024 4996 95
f 6025 4994 1939
f 4998 6025 95
f 4994 4998 582
f 6030 6029 1940
f 6028 6030 478
f 6029 6028 1821
f 6030 6018 478
f 6027 6030 1940
f 6018 6027 1817
f 6028 4992 1821
f 6010 6028 478
f 4992 6010 1820
f 6033 6032 736
f 6031 6033 731
f 6032 6031 734
f 6031 4985 734
f 4990 6031 731
f 4985 4990 140
f 6034 5992 745
f 4980 6034 747
f 5992 4980 1819
f 6035 5996 746
f 6034 6035 747
f 5996 6034 745
f 6037 6036 1806
f 6035 6037 747
f 6036 6035 746
f 6038 5039 1805
f 6036 6038 1806
f 5039 6036 746
f 6040 6039 1811
f 6038 6040 1806
f 6039 6038 1805
f 6041 5045 397
f 6039 6041 1811
f 5045 6039 1805
f 6043 6042 1937
f 6041 6043 1811
f 6042 6041 397
f 6045 6044 1938
f 6042 6045 1937
f 6044 6042 397
f 6046 5048 1812
f 6044 6046 1938
f 5048 6044 397
f 6047 6026 1939
f 5053 6047 1812
f 6026 5053 1813
f 6048 6047 1939
f 6046 6048 1938
f 6047 6046 1812
f 6049 4993 473
f 6048 6049 1938
f 4993 6048 1939
f 6051 6050 1935
f 6049 6051 1938
f 6050 6049 473
f 6054 6053 1936
f 6052 6054 473
f 6053 6052 581
f 6055 4951 1924
f 6053 6055 1936
f 4951 6053 581
f 6058 6057 1931
f 6056 6058 213
f 6057 6056 1934
f 6061 6060 769
f 6059 6061 213
f 6060 6059 767
f 6062 6060 767
f 4976 6062 768
f 6060 4976 769
f 6065 6064 1932
f 6063 6065 217
f 6064 6063 1933
f 6068 6067 1921
f 6066 6068 217
f 6067 6066 1922
f 6071 6070 587
f 6069 6071 170
f 6070 6069 588
f 6073 6072 1922
f 6071 6073 170
f 6072 6071 587
f 6075 6074 589
f 6070 6075 587
f 6074 6070 588
f 6078 6077 1933
f 6076 6078 1921
f 6077 6076 1928
f 6081 6080 1929
f 6079 6081 384
f 6080 6079 1930
f 6083 6082 584
f 6081 6083 384
f 6082 6081 1929
f 6085 6084 1615
f 6082 6085 584
f 6084 6082 1929
f 6088 6087 586
f 6086 6088 584
f 6087 6086 585
f 6091 6090 585
f 6089 6091 570
f 6090 6089 718
f 6094 6093 569
f 6092 6094 498
f 6093 6092 570
f 6097 6096 718
f 6095 6097 498
f 6096 6095 1823
f 6100 6099 1824
f 6098 6100 498
f 6099 6098 1825
f 6101 6100 1824
f 6095 6101 1823
f 6100 6095 498
f 6104 6103 723
f 6102 6104 252
f 6103 6102 722
f 6106 6105 1824
f 6104 6106 252
f 6105 6104 723
f 6108 6107 1826
f 6106 6108 252
f 6107 6106 1824
f 6110 6109 573
f 6102 6110 722
f 6109 6102 252
f 6112 6111 574
f 6108 6112 252
f 6111 6108 1826
f 6113 6112 574
f 6109 6113 573
f 6112 6109 252
f 6115 6113 574
f 6114 6115 572
f 6113 6114 573
f 6117 6115 574
f 6116 6117 2
f 6115 6116 572
f 6119 6118 1943
f 6117 6119 2
f 6118 6117 574
f 6122 6121 1943
f 6120 6122 338
f 6121 6120 555
f 6124 6123 1826
f 6122 6124 338
f 6123 6122 1943
f 6123 6111 1826
f 6118 6123 1943
f 6111 6118 574
f 6126 6110 573
f 6125 6126 429
f 6110 6125 722
f 6128 6127 721
f 6125 6128 722
f 6127 6125 429
f 6130 6129 576
f 6127 6130 721
f 6129 6127 429
f 6133 6132 577
f 6131 6133 43
f 6132 6131 429
f 6136 6135 576
f 6134 6136 43
f 6135 6134 575
f 6136 6131 43
f 6129 6136 576
f 6131 6129 429
f 6138 6135 575
f 6137 6138 115
f 6135 6137 576
f 6140 6139 730
f 6137 6140 576
f 6139 6137 115
f 6142 6141 728
f 6139 6142 730
f 6141 6139 115
f 6144 6143 729
f 6142 6144 730
f 6143 6142 728
f 6146 6145 1809
f 4974 6146 1808
f 6145 4974 768
f 6148 6147 1809
f 6096 6148 718
f 6147 6096 1823
f 6151 6150 1809
f 6149 6151 407
f 6150 6149 725
f 6152 6147 1823
f 6151 6152 407
f 6147 6151 1809
f 6154 6153 719
f 6149 6154 725
f 6153 6149 407
f 6157 6156 719
f 6155 6157 173
f 6156 6155 724
f 6159 6158 720
f 6157 6159 173
f 6158 6157 719
f 6161 6160 721
f 6159 6161 173
f 6160 6159 720
f 6163 6162 730
f 6161 6163 173
f 6162 6161 721
f 6162 6140 730
f 6130 6162 721
f 6140 6130 576
f 6164 6160 720
f 6128 6164 722
f 6160 6128 721
f 6165 6164 720
f 6103 6165 723
f 6164 6103 722
f 6167 6165 720
f 6166 6167 407
f 6165 6166 723
f 6167 6153 407
f 6158 6167 720
f 6153 6158 719
f 6169 6168 729
f 6155 6169 724
f 6168 6155 173
f 6168 6144 729
f 6163 6168 173
f 6144 6163 730
f 6171 6143 728
f 6170 6171 491
f 6143 6170 729
f 6172 6126 573
f 6132 6172 577
f 6126 6132 429
f 6173 6105 723
f 6101 6173 1823
f 6105 6101 1824
f 6173 6152 1823
f 6166 6173 723
f 6152 6166 407
f 6174 6107 1824
f 6124 6174 338
f 6107 6124 1826
f 6175 6099 1825
f 6174 6175 338
f 6099 6174 1824
f 6177 6176 556
f 6175 6177 338
f 6176 6175 1825
f 6180 6179 570
f 6178 6180 494
f 6179 6178 571
f 6182 6181 1614
f 6178 6182 571
f 6181 6178 494
f 6184 6183 1615
f 6181 6184 1614
f 6183 6181 494
f 6187 6186 1599
f 6185 6187 168
f 6186 6185 1600
f 6190 6189 1927
f 6188 6190 168
f 6189 6188 1928
f 6191 6190 1927
f 6185 6191 1600
f 6190 6185 168
f 6194 6193 1926
f 6192 6194 431
f 6193 6192 1927
f 6196 6195 1002
f 6194 6196 431
f 6195 6194 1926
f 6198 6197 1001
f 6196 6198 431
f 6197 6196 1002
f 6200 6199 1925
f 6195 6200 1002
f 6199 6195 1926
f 6202 6199 1926
f 6201 6202 142
f 6199 6201 1925
f 6204 6200 1925
f 6203 6204 63
f 6200 6203 1002
f 6207 6206 1000
f 6205 6207 196
f 6206 6205 1001
f 6209 6208 1004
f 6207 6209 196
f 6208 6207 1000
f 6211 6210 964
f 6209 6211 196
f 6210 6209 1004
f 6213 6212 967
f 6205 6213 1001
f 6212 6205 196
f 6215 6214 963
f 6212 6215 967
f 6214 6212 196
f 6217 6216 966
f 6215 6217 967
f 6216 6215 963
f 6220 6219 956
f 6218 6220 163
f 6219 6218 968
f 6222 6221 955
f 6220 6222 163
f 6221 6220 956
f 6224 6223 954
f 6222 6224 163
f 6223 6222 955
f 6226 6225 970
f 6224 6226 163
f 6225 6224 954
f 6229 6228 1616
f 6227 6229 102
f 6228 6227 976
f 6231 6230 972
f 6229 6231 102
f 6230 6229 1616
f 6233 6232 974
f 6231 6233 102
f 6232 6231 972
f 6236 6235 999
f 6234 6236 973
f 6235 6234 1602
f 6239 6238 1619
f 6237 6239 18
f 6238 6237 1603
f 6241 6240 1618
f 6238 6241 1619
f 6240 6238 1603
f 6244 6243 1082
f 6242 6244 4
f 6243 6242 1648
f 6246 6245 1617
f 6230 6246 972
f 6245 6230 1616
f 6248 6247 1648
f 6245 6248 1617
f 6247 6245 1616
f 6249 6242 4
f 6248 6249 1617
f 6242 6248 1648
f 6252 6251 1081
f 6250 6252 310
f 6251 6250 1617
f 6253 3687 1618
f 6252 6253 310
f 3687 6252 1081
f 6254 6250 310
f 6246 6254 972
f 6250 6246 1617
f 6256 6255 973
f 6254 6256 972
f 6255 6254 310
f 6257 6240 1603
f 6253 6257 310
f 6240 6253 1618
f 6259 6258 1602
f 6257 6259 310
f 6258 6257 1603
f 6261 6260 1601
f 6237 6261 1603
f 6260 6237 18
f 6262 6261 1601
f 6258 6262 1602
f 6261 6258 1603
f 6264 6263 1606
f 6260 6264 1601
f 6263 6260 18
f 6266 6265 1604
f 6263 6266 1606
f 6265 6263 18
f 6269 6268 1604
f 6267 6269 278
f 6268 6267 1605
f 6271 6270 1608
f 6269 6271 278
f 6270 6269 1604
f 6274 6273 1614
f 6272 6274 278
f 6273 6272 1612
f 6277 6276 1612
f 6275 6277 7
f 6276 6275 1827
f 6278 6272 278
f 6277 6278 7
f 6272 6277 1612
f 6280 3720 1613
f 6279 6280 7
f 3720 6279 1608
f 6279 6271 1608
f 6278 6279 7
f 6271 6278 278
f 6281 6274 1614
f 6267 6281 1605
f 6274 6267 278
f 6284 6283 1605
f 6282 6284 207
f 6283 6282 1606
f 6283 6268 1605
f 6266 6283 1606
f 6268 6266 1604
f 6287 6286 1598
f 6285 6287 166
f 6286 6285 1601
f 6290 6289 999
f 6288 6290 166
f 6289 6288 997
f 6292 6291 1600
f 6287 6292 166
f 6291 6287 1598
f 6293 6292 1600
f 6288 6293 997
f 6292 6288 166
f 6295 6294 998
f 6289 6295 999
f 6294 6289 997
f 6297 6296 998
f 6198 6297 431
f 6296 6198 1001
f 6298 6213 967
f 6296 6298 998
f 6213 6296 1001
f 6300 6298 967
f 6299 6300 316
f 6298 6299 998
f 6301 6299 316
f 6295 6301 999
f 6299 6295 998
f 6304 6303 1598
f 6302 6304 207
f 6303 6302 1599
f 6305 6264 1606
f 6286 6305 1598
f 6264 6286 1601
f 6306 6285 166
f 6262 6306 1602
f 6285 6262 1601
f 6306 6235 1602
f 6290 6306 166
f 6235 6290 999
f 6307 6301 316
f 6236 6307 973
f 6301 6236 999
f 6259 6255 310
f 6234 6259 1602
f 6255 6234 973
f 6309 6308 974
f 6307 6309 973
f 6308 6307 316
f 6309 6256 973
f 6232 6309 974
f 6256 6232 972
f 6312 8494 8681
f 8495 8682 8683
f 6311 6310 971
f 8496 6313 8684
f 6310 6314 971
f 8497 8683 8685
f 8498 8686 8687
f 8499 8688 8689
f 8500 8690 8691
f 8501 8681 8692
f 8502 8693 8690
f 8503 8689 8682
f 6319 8504 8694
f 8505 8695 8693
f 8506 6318 8692
f 8507 8696 8697
f 8508 8698 8699
f 8509 8700 8701
f 6324 6323 971
f 6227 6324 976
f 6323 6227 102
f 6326 6325 970
f 6323 6326 971
f 6325 6323 102
f 6326 6311 971
f 6225 6326 970
f 6311 6225 954
f 6328 6327 957
f 6221 6328 955
f 6327 6221 956
f 6330 6327 956
f 6329 6330 206
f 6327 6329 957
f 6331 6226 970
f 6218 6331 968
f 6226 6218 163
f 6333 6332 969
f 6331 6333 968
f 6332 6331 970
f 6335 6334 969
f 6233 6335 102
f 6334 6233 974
f 6335 6325 102
f 6332 6335 969
f 6325 6332 970
f 6338 6337 969
f 6336 6338 316
f 6337 6336 966
f 6338 6308 316
f 6334 6338 969
f 6308 6334 974
f 6336 6217 966
f 6300 6336 316
f 6217 6300 967
f 6340 6333 969
f 6339 6340 32
f 6333 6339 968
f 6341 6337 966
f 6340 6341 32
f 6337 6340 969
f 6342 6216 963
f 6341 6342 32
f 6216 6341 966
f 6344 6343 1003
f 6208 6344 1004
f 6343 6208 1000
f 6345 6197 1002
f 6206 6345 1000
f 6197 6206 1001
f 6346 6203 63
f 6345 6346 1000
f 6203 6345 1002
f 6348 6347 1928
f 6202 6348 142
f 6347 6202 1926
f 6347 6189 1928
f 6193 6347 1926
f 6189 6193 1927
f 6349 6294 997
f 6297 6349 431
f 6294 6297 998
f 6350 6349 997
f 6192 6350 1927
f 6349 6192 431
f 6350 6191 1927
f 6293 6350 997
f 6191 6293 1600
f 6303 6291 1598
f 6186 6303 1599
f 6291 6186 1600
f 6352 6351 1929
f 6302 6352 1599
f 6351 6302 207
f 6305 6304 1598
f 6282 6305 1606
f 6304 6282 207
f 6354 6353 1615
f 6284 6354 207
f 6353 6284 1605
f 6354 6351 207
f 6084 6354 1615
f 6351 6084 1929
f 6353 6184 1615
f 6281 6353 1605
f 6184 6281 1614
f 6355 6273 1612
f 6182 6355 571
f 6273 6182 1614
f 6356 6179 571
f 6093 6356 569
f 6179 6093 570
f 6097 6092 498
f 6089 6097 718
f 6092 6089 570
f 6358 6145 768
f 6357 6358 405
f 6145 6357 1809
f 6359 6357 405
f 6148 6359 718
f 6357 6148 1809
f 6360 6359 405
f 6090 6360 585
f 6359 6090 718
f 6361 6091 585
f 6180 6361 494
f 6091 6180 570
f 6362 6360 405
f 6087 6362 586
f 6360 6087 585
f 6363 6183 494
f 6085 6363 584
f 6183 6085 1615
f 6363 6086 584
f 6361 6363 494
f 6086 6361 585
f 6365 6364 1930
f 6187 6365 168
f 6364 6187 1599
f 6364 6080 1930
f 6352 6364 1599
f 6080 6352 1929
f 6367 6366 1933
f 6365 6367 168
f 6366 6365 1930
f 6367 6188 168
f 6077 6367 1933
f 6188 6077 1928
f 6368 6076 1921
f 6348 6368 142
f 6076 6348 1928
f 6370 6369 587
f 6368 6370 142
f 6369 6368 1921
f 6371 6075 589
f 6370 6371 142
f 6075 6370 587
f 6372 6371 589
f 6201 6372 1925
f 6371 6201 142
f 6369 6072 587
f 6067 6369 1921
f 6072 6067 1922
f 6078 6068 1921
f 6063 6078 1933
f 6068 6063 217
f 6373 6366 1930
f 6064 6373 1932
f 6366 6064 1933
f 6376 6375 1932
f 6374 6376 384
f 6375 6374 1931
f 6376 6079 384
f 6373 6376 1932
f 6079 6373 1930
f 6377 6088 586
f 6083 6377 384
f 6088 6083 584
f 6378 6377 586
f 6374 6378 1931
f 6377 6374 384
f 6380 6379 767
f 6378 6380 1931
f 6379 6378 586
f 6381 6362 405
f 6379 6381 767
f 6362 6379 586
f 6381 6062 767
f 6358 6381 405
f 6062 6358 768
f 6380 6058 1931
f 6059 6380 767
f 6058 6059 213
f 6382 6057 1934
f 6375 6382 1932
f 6057 6375 1931
f 6383 6382 1934
f 6065 6383 217
f 6382 6065 1932
f 6385 6384 1936
f 6383 6385 217
f 6384 6383 1934
f 6386 6055 1924
f 6385 6386 217
f 6055 6385 1936
f 6388 6387 1935
f 6056 6388 1934
f 6387 6056 213
f 6389 6054 1936
f 6050 6389 1935
f 6054 6050 473
f 6389 6388 1935
f 6384 6389 1936
f 6388 6384 1934
f 6390 4978 1937
f 6061 6390 213
f 4978 6061 769
f 6391 6390 1937
f 6387 6391 1935
f 6390 6387 213
f 6391 6051 1935
f 6045 6391 1937
f 6051 6045 1938
f 6392 4977 500
f 6043 6392 1811
f 4977 6043 1937
f 6393 4972 1807
f 6392 6393 1811
f 4972 6392 500
f 6394 6393 1807
f 6040 6394 1806
f 6393 6040 1811
f 6396 4981 747
f 6395 6396 188
f 4981 6395 734
f 6397 6037 1806
f 6396 6397 188
f 6037 6396 747
f 6398 6394 1807
f 6397 6398 188
f 6394 6397 1806
f 6399 6395 188
f 6032 6399 736
f 6395 6032 734
f 6401 6400 735
f 6398 6401 188
f 6400 6398 1807
f 6403 4971 1808
f 6402 6403 725
f 4971 6402 1807
f 6404 6402 725
f 6400 6404 735
f 6402 6400 1807
f 6403 6150 725
f 6146 6403 1808
f 6150 6146 1809
f 6405 6154 719
f 6404 6405 735
f 6154 6404 725
f 6405 4968 735
f 6156 6405 719
f 4968 6156 724
f 6406 6399 188
f 4966 6406 179
f 6399 4966 736
f 6406 4967 179
f 6401 6406 188
f 4967 6401 735
f 6407 4965 1822
f 6033 6407 731
f 4965 6033 736
f 6408 4969 724
f 4964 6408 1822
f 4969 4964 179
f 6409 6169 729
f 6408 6409 1822
f 6169 6408 724
f 6410 6170 491
f 6409 6410 1822
f 6170 6409 729
f 6413 6412 732
f 6411 6413 491
f 6412 6411 727
f 6414 6413 732
f 6410 6414 1822
f 6413 6410 491
f 6415 6414 732
f 6407 6415 731
f 6414 6407 1822
f 6415 4991 731
f 4960 6415 732
f 4991 4960 733
f 6418 6417 1940
f 6416 6418 381
f 6417 6416 583
f 6418 4957 381
f 6029 6418 1940
f 4957 6029 1821
f 6419 6417 583
f 4997 6419 582
f 6417 4997 1940
f 6421 6419 583
f 6420 6421 581
f 6419 6420 582
f 6420 4995 582
f 6052 6420 581
f 4995 6052 473
f 6416 4956 583
f 4963 6416 381
f 4956 4963 737
f 6421 4953 581
f 4955 6421 583
f 4953 4955 578
f 6422 6386 1924
f 6066 6422 1922
f 6386 6066 217
f 6423 4949 1923
f 6422 6423 1922
f 4949 6422 1924
f 6424 6423 1923
f 6073 6424 170
f 6423 6073 1922
f 6425 4946 1941
f 6424 6425 170
f 4946 6424 1923
f 6426 4948 59
f 4947 6426 580
f 4948 4947 1923
f 6426 4944 580
f 4954 6426 59
f 4944 4954 578
f 6412 4962 732
f 4940 6412 727
f 4962 4940 737
f 6411 4936 727
f 6171 6411 491
f 4936 6171 728
f 6427 6141 115
f 4934 6427 521
f 6141 4934 728
f 6429 6428 522
f 6427 6429 521
f 6428 6427 115
f 6430 6134 43
f 4931 6430 1991
f 6134 4931 575
f 6428 4930 522
f 6138 6428 115
f 4930 6138 575
f 6432 6114 572
f 6431 6432 43
f 6114 6431 573
f 6433 6432 572
f 6430 6433 1991
f 6432 6430 43
f 6431 6172 573
f 6133 6431 43
f 6172 6133 577
f 6435 6434 1992
f 6433 6435 1991
f 6434 6433 572
f 6436 6116 2
f 6434 6436 1992
f 6116 6434 572
f 6438 6429 522
f 6437 6438 53
f 6429 6437 521
f 6439 4926 520
f 6438 6439 53
f 4926 6438 522
f 6441 6440 524
f 6439 6441 53
f 6440 6439 520
f 6444 6443 515
f 6442 6444 372
f 6443 6442 523
f 6446 6445 514
f 6444 6446 372
f 6445 6444 515
f 6447 6446 514
f 5561 6447 513
f 6446 5561 372
f 6450 6449 516
f 6448 6450 61
f 6449 6448 514
f 6452 6451 524
f 6442 6452 523
f 6451 6442 372
f 6451 4920 524
f 5563 6451 372
f 4920 5563 1990
f 6453 5559 1916
f 4921 6453 1918
f 5559 4921 1990
f 6454 5581 1917
f 5558 6454 1916
f 5581 5558 594
f 6455 6454 1917
f 6453 6455 1918
f 6454 6453 1916
f 6456 4910 138
f 6455 6456 1918
f 4910 6455 1917
f 6452 4924 523
f 6440 6452 524
f 4924 6440 520
f 6457 4922 1918
f 6441 6457 53
f 4922 6441 524
f 6459 6458 1942
f 6457 6459 53
f 6458 6457 1918
f 6460 6459 1942
f 6437 6460 521
f 6459 6437 53
f 6460 4932 521
f 4918 6460 1942
f 4932 4918 726
f 6461 4917 579
f 4938 6461 198
f 4917 4938 726
f 6461 4943 198
f 4916 6461 579
f 4943 4916 580
f 6462 4919 1942
f 4914 6462 138
f 4919 4914 579
f 6462 6456 138
f 6458 6462 1942
f 6456 6458 1918
f 6463 5580 255
f 4911 6463 1920
f 5580 4911 1917
f 6464 6463 255
f 4909 6464 590
f 6463 4909 1920
f 4945 4908 1941
f 4915 4945 580
f 4908 4915 1920
f 6465 4907 590
f 6425 6465 170
f 4907 6425 1941
f 6466 6465 590
f 6069 6466 588
f 6465 6069 170
f 6468 6467 591
f 6466 6468 588
f 6467 6466 590
f 6469 6467 590
f 4905 6469 592
f 6467 4905 591
f 6469 5579 592
f 6464 6469 590
f 5579 6464 255
f 6471 6470 589
f 4901 6471 591
f 6470 4901 401
f 6471 6468 591
f 6074 6471 589
f 6468 6074 588
f 6473 6472 1925
f 4900 6473 401
f 6472 4900 1007
f 6473 6470 401
f 6372 6473 1925
f 6470 6372 589
f 6474 6472 1007
f 6204 6474 63
f 6472 6204 1925
f 6475 6346 63
f 6343 6475 1003
f 6346 6343 1000
f 6476 6474 1007
f 6475 6476 1003
f 6474 6475 63
f 6477 4896 1005
f 6476 6477 1003
f 4896 6476 1007
f 6479 4898 1008
f 6478 6479 187
f 4898 6478 1005
f 6480 6477 1005
f 4894 6480 1006
f 6477 4894 1003
f 6481 4893 189
f 6344 6481 1004
f 4893 6344 1003
f 6482 6210 1004
f 4891 6482 1649
f 6210 4891 964
f 6483 6481 189
f 6482 6483 1649
f 6481 6482 1004
f 6484 6211 964
f 6214 6484 963
f 6211 6214 196
f 6485 4889 965
f 6484 6485 963
f 4889 6484 964
f 6486 6485 965
f 6342 6486 32
f 6485 6342 963
f 6488 6487 1653
f 6486 6488 32
f 6487 6486 965
f 6490 6489 1653
f 6219 6490 956
f 6489 6219 968
f 6489 6488 1653
f 6339 6489 968
f 6488 6339 32
f 6491 6490 1653
f 6330 6491 206
f 6490 6330 956
f 6493 6492 1650
f 6491 6493 206
f 6492 6491 1653
f 6494 4884 1651
f 6493 6494 206
f 4884 6493 1650
f 6495 6487 965
f 6492 6495 1650
f 6487 6492 1653
f 6497 4880 960
f 6496 6497 439
f 4880 6496 961
f 6498 4885 1650
f 6497 6498 439
f 4885 6497 960
f 6498 4888 439
f 6495 6498 1650
f 4888 6495 965
f 6500 4878 1699
f 6499 6500 216
f 4878 6499 962
f 6502 6501 1197
f 6500 6502 216
f 6501 6500 1699
f 6504 6503 1698
f 6501 6504 1197
f 6503 6501 1699
f 6499 4882 962
f 4887 6499 216
f 4882 4887 960
f 6506 6503 1699
f 6505 6506 97
f 6503 6505 1698
f 6506 4876 97
f 4877 6506 1699
f 4876 4877 917
f 6507 4879 962
f 4859 6507 328
f 4879 4859 917
f 6508 4881 961
f 6507 6508 328
f 4881 6507 962
f 6511 6510 1595
f 6509 6511 961
f 6510 6509 1649
f 6509 4892 1649
f 6496 6509 961
f 4892 6496 439
f 6512 6511 1595
f 6508 6512 328
f 6511 6508 961
f 6513 6483 189
f 6510 6513 1595
f 6483 6510 1649
f 6515 6514 1593
f 4895 6515 189
f 6514 4895 1006
f 6515 6513 189
f 4856 6515 1593
f 6513 4856 1595
f 6517 6516 913
f 4857 6517 912
f 6516 4857 328
f 6516 4855 913
f 6512 6516 328
f 4855 6512 1595
f 6518 6517 913
f 4864 6518 911
f 6517 4864 912
f 6519 6514 1006
f 4854 6519 1594
f 6514 4854 1593
f 6520 6480 1005
f 6519 6520 1594
f 6480 6519 1006
f 6523 6522 1594
f 6521 6523 187
f 6522 6521 1700
f 6523 6478 187
f 6520 6523 1594
f 6478 6520 1005
f 6524 5543 1596
f 6479 6524 187
f 5543 6479 1008
f 6525 5540 1597
f 6524 6525 187
f 5540 6524 1596
f 6526 6525 1597
f 6521 6526 1700
f 6525 6521 187
f 6527 5590 1702
f 5535 6527 1597
f 5590 5535 428
f 6527 6526 1597
f 5584 6527 1702
f 6526 5584 1700
f 6528 5587 290
f 4848 6528 1899
f 5587 4848 1701
f 6522 4846 1594
f 5586 6522 1700
f 4846 5586 1701
f 6518 4850 911
f 4851 6518 913
f 4850 4851 27
f 6529 4844 1900
f 4865 6529 57
f 4844 4865 911
f 6531 6530 618
f 6529 6531 57
f 6530 6529 1900
f 6533 6530 1900
f 6532 6533 616
f 6530 6532 618
f 6528 4839 1899
f 5524 6528 290
f 4839 5524 1705
f 6533 4837 616
f 4841 6533 1900
f 4837 4841 266
f 6535 4836 1902
f 6534 6535 132
f 4836 6534 616
f 6538 6537 132
f 6536 6538 75
f 6537 6536 1901
f 6540 6539 1904
f 6536 6540 1901
f 6539 6536 75
f 6542 6541 1710
f 6539 6542 1904
f 6541 6539 75
f 6544 6543 1903
f 6540 6544 1901
f 6543 6540 1904
f 6546 6543 1904
f 6545 6546 223
f 6543 6545 1903
f 6548 6547 606
f 6545 6548 1903
f 6547 6545 223
f 6550 6549 604
f 6547 6550 606
f 6549 6547 223
f 6552 6551 601
f 6549 6552 604
f 6551 6549 223
f 6555 6554 602
f 6553 6555 601
f 6554 6553 910
f 6558 6557 603
f 6556 6558 204
f 6557 6556 602
f 6559 6556 204
f 6555 6559 601
f 6556 6555 602
f 6561 6552 601
f 6560 6561 600
f 6552 6560 604
f 6564 6563 604
f 6562 6564 284
f 6563 6562 605
f 6566 6565 608
f 6562 6566 605
f 6565 6562 284
f 6569 6568 1913
f 6567 6569 284
f 6568 6567 599
f 6570 6569 1913
f 6565 6570 608
f 6569 6565 284
f 6573 6572 1909
f 6571 6573 1907
f 6572 6571 1913
f 6575 6574 1910
f 6573 6575 1907
f 6574 6573 1909
f 6578 6577 613
f 6576 6578 609
f 6577 6576 611
f 6580 2153 613
f 6579 6580 296
f 2153 6579 612
f 6582 6581 625
f 6579 6582 612
f 6581 6579 296
f 6584 6583 1896
f 6581 6584 625
f 6583 6581 296
f 6586 6585 610
f 6583 6586 1896
f 6585 6583 296
f 6589 6588 1898
f 6587 6589 444
f 6588 6587 1897
f 6591 6590 1986
f 6589 6591 444
f 6590 6589 1898
f 6593 6592 630
f 6591 6593 444
f 6592 6591 1986
f 6596 6595 630
f 6594 6596 149
f 6595 6594 628
f 6599 6598 537
f 6597 6599 149
f 6598 6597 535
f 6600 6599 537
f 6594 6600 628
f 6599 6594 149
f 6602 6601 534
f 6597 6602 535
f 6601 6597 149
f 6604 6603 532
f 6601 6604 534
f 6603 6601 149
f 6607 6606 1986
f 6605 6607 468
f 6606 6605 532
f 6609 6608 538
f 6602 6609 535
f 6608 6602 534
f 6610 2039 536
f 6598 6610 537
f 2039 6598 535
f 6612 6600 537
f 6611 6612 270
f 6600 6611 628
f 6615 6614 628
f 6613 6615 205
f 6614 6613 629
f 6618 6617 1895
f 6616 6618 629
f 6617 6616 1883
f 6621 6620 631
f 6619 6621 71
f 6620 6619 1883
f 6622 6619 71
f 6617 6622 1895
f 6619 6617 1883
f 6624 6618 1895
f 6623 6624 444
f 6618 6623 629
f 6626 6625 1894
f 6611 6626 628
f 6625 6611 270
f 6627 6626 1894
f 6615 6627 205
f 6626 6615 628
f 6628 6614 629
f 6595 6628 630
f 6614 6595 628
f 6629 6596 630
f 6603 6629 532
f 6596 6603 149
f 6629 6606 532
f 6592 6629 630
f 6606 6592 1986
f 6628 6593 630
f 6623 6628 629
f 6593 6623 444
f 6630 6624 1895
f 6587 6630 1897
f 6624 6587 444
f 6633 6632 626
f 6631 6633 288
f 6632 6631 1898
f 6635 6634 627
f 6633 6635 288
f 6634 6633 626
f 6637 6636 1911
f 6635 6637 288
f 6636 6635 627
f 6639 6638 531
f 6637 6639 288
f 6638 6637 1911
f 6640 4745 530
f 4748 6640 525
f 4745 4748 220
f 6643 6642 1910
f 6641 6643 306
f 6642 6641 1911
f 6646 6645 1908
f 6644 6646 471
f 6645 6644 1906
f 6648 6647 627
f 6646 6648 471
f 6647 6646 1908
f 6651 6650 1908
f 6649 6651 227
f 6650 6649 1910
f 6652 6645 1906
f 6651 6652 227
f 6645 6651 1908
f 6653 6642 1911
f 6650 6653 1908
f 6642 6650 1910
f 6653 6647 1908
f 6636 6653 1911
f 6647 6636 627
f 6655 6634 626
f 6654 6655 610
f 6634 6654 627
f 6657 6656 531
f 6640 6657 525
f 6656 6640 530
f 6658 4738 529
f 6656 6658 531
f 4738 6656 530
f 6660 6657 531
f 6659 6660 306
f 6657 6659 525
f 6660 6641 306
f 6638 6660 531
f 6641 6638 1911
f 6661 6658 529
f 6639 6661 288
f 6658 6639 531
f 6662 6661 529
f 6631 6662 1898
f 6661 6631 288
f 6663 6662 529
f 6590 6663 1986
f 6662 6590 1898
f 6664 6588 1897
f 6632 6664 626
f 6588 6632 1898
f 6665 2139 1896
f 6664 6665 626
f 2139 6664 1897
f 6665 6655 626
f 6586 6665 1896
f 6655 6586 610
f 6666 6582 625
f 2149 6666 624
f 6582 2149 612
f 6668 6667 611
f 6585 6668 610
f 6667 6585 296
f 6669 6654 610
f 6648 6669 471
f 6654 6648 627
f 6670 6668 611
f 6669 6670 471
f 6668 6669 610
f 6671 6576 609
f 6670 6671 471
f 6576 6670 611
f 6667 6577 611
f 6580 6667 296
f 6577 6580 613
f 6673 6578 613
f 6672 6673 245
f 6578 6672 609
f 6676 6675 605
f 6674 6676 245
f 6675 6674 606
f 6675 6563 605
f 6550 6675 606
f 6563 6550 604
f 6678 6677 614
f 6674 6678 606
f 6677 6674 245
f 6679 6678 614
f 6548 6679 1903
f 6678 6548 606
f 6681 6680 607
f 6672 6681 609
f 6680 6672 245
f 6682 6681 607
f 6671 6682 471
f 6681 6671 609
f 6683 6682 607
f 6644 6683 1906
f 6682 6644 471
f 6685 6652 1906
f 6684 6685 203
f 6652 6684 227
f 6686 6683 607
f 6685 6686 203
f 6683 6685 1906
f 6687 6676 605
f 6680 6687 607
f 6676 6680 245
f 6689 6688 608
f 6686 6689 203
f 6688 6686 607
f 6691 6690 1907
f 6689 6691 203
f 6690 6689 608
f 6692 6691 1907
f 6684 6692 227
f 6691 6684 203
f 6692 6649 227
f 6575 6692 1907
f 6649 6575 1910
f 6693 6574 1909
f 6643 6693 306
f 6574 6643 1910
f 6695 6694 1912
f 6572 6695 1909
f 6694 6572 1913
f 6697 6696 526
f 6693 6697 306
f 6696 6693 1909
f 6700 6699 1912
f 6698 6700 225
f 6699 6698 526
f 6701 6697 526
f 6659 6701 525
f 6697 6659 306
f 6699 6695 1912
f 6696 6699 526
f 6695 6696 1909
f 6703 6702 313
f 6700 6703 225
f 6702 6700 1912
f 6705 4773 1013
f 6704 6705 313
f 4773 6704 599
f 6706 6704 313
f 6568 6706 1913
f 6704 6568 599
f 6706 6694 1913
f 6702 6706 313
f 6694 6702 1912
f 6690 6571 1907
f 6570 6690 608
f 6571 6570 1913
f 6688 6566 608
f 6687 6688 607
f 6566 6687 605
f 6707 6567 284
f 4775 6707 600
f 6567 4775 599
f 6707 6560 600
f 6564 6707 284
f 6560 6564 604
f 6708 6559 204
f 6561 6708 600
f 6559 6561 601
f 6709 6551 223
f 6553 6709 910
f 6551 6553 601
f 6710 6546 1904
f 6709 6710 910
f 6546 6709 223
f 6711 6535 1902
f 6538 6711 75
f 6535 6538 132
f 6711 6541 75
f 4833 6711 1902
f 6541 4833 1710
f 6712 4835 266
f 4834 6712 1707
f 4835 4834 1902
f 6714 6713 1706
f 4840 6714 266
f 6713 4840 1705
f 6715 6714 1706
f 6712 6715 1707
f 6714 6712 266
f 6716 5523 1703
f 6713 6716 1706
f 5523 6713 1705
f 6716 5459 1706
f 5602 6716 1703
f 5459 5602 414
f 6715 4829 1707
f 5458 6715 1706
f 4829 5458 1709
f 4832 4827 1710
f 4831 4832 1707
f 4827 4831 1708
f 6718 6717 910
f 4826 6718 1710
f 6717 4826 145
f 6718 6542 1710
f 6710 6718 910
f 6542 6710 1904
f 6720 6719 909
f 6717 6720 910
f 6719 6717 145
f 6720 6554 910
f 4825 6720 909
f 6554 4825 602
f 6721 4823 909
f 4809 6721 1712
f 4823 4809 1713
f 6722 6719 145
f 6721 6722 1712
f 6719 6721 909
f 6723 4828 1708
f 6722 6723 1712
f 4828 6722 145
f 6724 6723 1708
f 4811 6724 1711
f 6723 4811 1712
f 6725 4830 1709
f 6724 6725 1711
f 4830 6724 1708
f 6726 5455 366
f 6725 6726 1711
f 5455 6725 1709
f 6727 6726 366
f 4813 6727 1020
f 6726 4813 1711
f 6728 4817 1020
f 5610 6728 1022
f 4817 5610 1023
f 6728 5635 1022
f 6727 6728 1020
f 5635 6727 366
f 6729 4807 1715
f 4820 6729 1714
f 4807 4820 1713
f 6731 6729 1715
f 6730 6731 906
f 6729 6730 1714
f 6733 6732 1726
f 6731 6733 906
f 6732 6731 1715
f 6735 6732 1715
f 6734 6735 1024
f 6732 6734 1726
f 6735 4816 1024
f 4806 6735 1715
f 4816 4806 285
f 6736 4805 1726
f 5617 6736 324
f 4805 5617 1727
f 6736 5612 324
f 6734 6736 1726
f 5612 6734 1024
f 6737 4800 904
f 5486 6737 496
f 4800 5486 905
f 6733 4798 906
f 4803 6733 1726
f 4798 4803 77
f 6738 4793 907
f 4797 6738 906
f 4793 4797 365
f 6738 6730 906
f 4787 6738 907
f 6730 4787 1714
f 6739 4795 905
f 4789 6739 1716
f 4795 4789 365
f 6739 5478 1716
f 5485 6739 905
f 5478 5485 1723
f 6740 4786 902
f 4821 6740 387
f 4786 4821 1714
f 6742 6741 603
f 6740 6742 387
f 6741 6740 902
f 6742 4824 387
f 6557 6742 603
f 4824 6557 602
f 4792 4788 907
f 4785 4792 908
f 4788 4785 902
f 6744 6743 603
f 4779 6744 248
f 6743 4779 903
f 6744 4784 248
f 6741 6744 603
f 4784 6741 902
f 6745 6743 903
f 6558 6745 204
f 6743 6558 603
f 6747 6746 598
f 6745 6747 204
f 6746 6745 903
f 6747 6708 204
f 4776 6747 598
f 6708 4776 600
f 6748 6746 903
f 4771 6748 1905
f 6746 4771 598
f 6749 4778 1588
f 6748 6749 1905
f 4778 6748 903
f 6750 4770 1905
f 5513 6750 219
f 4770 5513 1014
f 6750 5506 219
f 6749 6750 1905
f 5506 6749 1588
f 6751 4767 1012
f 6705 6751 313
f 4767 6705 1013
f 6752 4766 1914
f 6751 6752 313
f 4766 6751 1012
f 5527 5511 1589
f 4764 5527 112
f 5511 4764 1014
f 6754 6753 1009
f 5529 6754 112
f 6753 5529 1010
f 6753 4761 1009
f 5534 6753 1010
f 4761 5534 1011
f 5547 4759 1592
f 4755 5547 1919
f 4759 4755 46
f 6755 4754 1915
f 4760 6755 1009
f 4754 4760 46
f 6756 6754 1009
f 4765 6756 1914
f 6754 4765 112
f 6757 6755 1915
f 6756 6757 1914
f 6755 6756 1009
f 6758 5567 596
f 4753 6758 1915
f 5567 4753 597
f 6761 6760 527
f 6759 6761 225
f 6760 6759 1915
f 6762 6759 225
f 6757 6762 1914
f 6759 6757 1915
f 6762 6752 1914
f 6703 6762 225
f 6752 6703 313
f 6763 6701 526
f 4749 6763 527
f 6701 4749 525
f 6763 6761 527
f 6698 6763 526
f 6761 6698 225
f 6760 4751 527
f 6758 6760 1915
f 4751 6758 596
f 6765 4737 528
f 6764 6765 468
f 4737 6764 529
f 6764 6663 529
f 6607 6764 468
f 6663 6607 1986
f 6767 6766 1996
f 6765 6767 468
f 6766 6765 528
f 6768 4735 533
f 6767 6768 468
f 4735 6767 1996
f 6769 6768 533
f 6605 6769 532
f 6768 6605 468
f 6770 6769 533
f 6604 6770 534
f 6769 6604 532
f 6772 6770 533
f 6771 6772 298
f 6770 6771 534
f 6773 6771 298
f 6608 6773 538
f 6771 6608 534
f 6774 4734 504
f 6773 6774 538
f 4734 6773 298
f 6775 4694 1983
f 6774 6775 538
f 4694 6774 504
f 6772 4730 298
f 4736 6772 533
f 4730 4736 1997
f 6777 6776 1995
f 4729 6777 470
f 6776 4729 1996
f 6779 6778 1994
f 6777 6779 470
f 6778 6777 1995
f 6776 4741 1995
f 6766 6776 1996
f 4741 6766 528
f 6780 4743 1988
f 6778 6780 1994
f 4743 6778 1995
f 6781 5564 481
f 6780 6781 1994
f 5564 6780 1988
f 6783 6782 512
f 5571 6783 481
f 6782 5571 513
f 6784 6783 512
f 6781 6784 1994
f 6783 6781 481
f 6785 6447 514
f 6782 6785 512
f 6447 6782 513
f 6786 4725 511
f 6784 6786 1994
f 4725 6784 512
f 6787 6786 511
f 6779 6787 470
f 6786 6779 1994
f 6787 4727 470
f 4724 6787 511
f 4727 4724 1997
f 4731 4722 505
f 4723 4731 1997
f 4722 4723 510
f 6785 4726 512
f 6448 6785 514
f 4726 6448 61
f 6449 4658 516
f 6445 6449 514
f 4658 6445 515
f 6788 4711 1999
f 4656 6788 516
f 4711 4656 1998
f 6790 6788 1999
f 6789 6790 509
f 6788 6789 516
f 6789 6450 516
f 4712 6789 509
f 6450 4712 61
f 6790 4718 509
f 4708 6790 1999
f 4718 4708 2003
f 6791 4703 507
f 4719 6791 233
f 4703 4719 2003
f 6792 4698 506
f 6791 6792 233
f 4698 6791 507
f 6793 6792 506
f 4721 6793 505
f 6792 4721 233
f 6793 4733 505
f 4696 6793 506
f 4733 4696 504
f 4700 4697 506
f 4691 4700 508
f 4697 4691 6
f 6794 4681 2006
f 4686 6794 2007
f 4681 4686 443
f 6794 4689 2007
f 2019 6794 2006
f 4689 2019 503
f 6796 4677 2005
f 6795 6796 336
f 4677 6795 2002
f 6796 4702 336
f 4701 6796 2005
f 4702 4701 507
f 6798 6797 548
f 6795 6798 2002
f 6797 6795 336
f 6797 4669 548
f 4706 6797 336
f 4669 4706 2001
f 4710 4707 1999
f 4667 4710 2000
f 4707 4667 2001
f 6799 4709 1998
f 4661 6799 518
f 4709 4661 2000
f 6802 6801 1954
f 6800 6802 424
f 6801 6800 1955
f 6803 6443 523
f 4653 6803 1993
f 6443 4653 515
f 6804 4923 23
f 6803 6804 1993
f 4923 6803 523
f 6805 6804 23
f 4650 6805 1992
f 6804 4650 1993
f 6805 6435 1992
f 4929 6805 23
f 6435 4929 1991
f 6806 6436 2
f 4651 6806 519
f 6436 4651 1992
f 6807 4649 519
f 4654 6807 315
f 4649 4654 1993
f 6808 4647 518
f 6807 6808 315
f 4647 6807 519
f 6808 4655 315
f 6799 6808 518
f 4655 6799 1998
f 6809 6806 2
f 4648 6809 517
f 6806 4648 519
f 6810 4646 517
f 4663 6810 424
f 4646 4663 518
f 6813 6812 1955
f 6811 6813 517
f 6812 6811 1943
f 6811 6119 1943
f 6809 6811 517
f 6119 6809 2
f 6813 6810 517
f 6800 6813 1955
f 6810 6800 424
f 6814 6121 555
f 6812 6814 1955
f 6121 6812 1943
f 6816 6815 557
f 6814 6816 1955
f 6815 6814 555
f 6817 6177 556
f 6120 6817 555
f 6177 6120 338
f 6818 6816 557
f 6801 6818 1954
f 6816 6801 1955
f 6819 6818 557
f 4618 6819 68
f 6818 4618 1954
f 6817 6815 555
f 4645 6817 556
f 6815 4645 557
f 6820 6176 1825
f 4641 6820 569
f 6176 4641 556
f 6820 6094 569
f 6098 6820 1825
f 6094 6098 498
f 6821 6356 571
f 4636 6821 1944
f 6356 4636 569
f 6822 4638 1944
f 4634 6822 1828
f 4638 4634 567
f 6824 6823 1828
f 6355 6824 571
f 6823 6355 1612
f 6824 6821 571
f 6822 6824 1828
f 6821 6822 1944
f 6823 4630 1828
f 6276 6823 1612
f 4630 6276 1827
f 6825 4624 568
f 4628 6825 267
f 4624 4628 717
f 6826 6825 568
f 4633 6826 567
f 6825 4633 267
f 6828 6826 568
f 6827 6828 558
f 6826 6827 567
f 6827 4639 567
f 4642 6827 558
f 4639 4642 458
f 6830 6829 559
f 6828 6830 558
f 6829 6828 568
f 6831 4619 68
f 6830 6831 558
f 4619 6830 559
f 6832 4623 254
f 6829 6832 559
f 4623 6829 568
f 6831 4643 558
f 6819 6831 68
f 4643 6819 557
f 6833 4662 424
f 4610 6833 554
f 4662 4610 553
f 6833 4612 554
f 6802 6833 424
f 4612 6802 1954
f 6834 4609 552
f 4665 6834 106
f 4609 4665 553
f 6835 6834 552
f 4670 6835 549
f 6834 4670 106
f 6837 6836 551
f 6835 6837 549
f 6836 6835 552
f 6839 6836 552
f 6838 6839 91
f 6836 6838 551
f 6839 4615 91
f 4611 6839 552
f 4615 4611 554
f 6841 6840 1959
f 6838 6841 551
f 6840 6838 91
f 6842 6840 91
f 4608 6842 562
f 6840 4608 1959
f 6843 4616 563
f 6842 6843 562
f 4616 6842 91
f 6844 4622 561
f 6843 6844 562
f 4622 6843 563
f 6847 6846 560
f 6845 6847 477
f 6846 6845 561
f 6848 6832 254
f 4621 6848 561
f 6832 4621 559
f 6849 6845 477
f 6844 6849 562
f 6845 6844 561
f 6850 6849 477
f 4606 6850 1961
f 6849 4606 562
f 6852 4607 1961
f 6851 6852 462
f 4607 6851 1959
f 6853 3846 1962
f 6852 6853 462
f 3846 6852 1961
f 6854 6853 1962
f 4604 6854 1964
f 6853 4604 462
f 6856 6854 1962
f 6855 6856 1952
f 6854 6855 1964
f 6857 6855 1952
f 4603 6857 1963
f 6855 4603 1964
f 6859 6857 1952
f 6858 6859 346
f 6857 6858 1963
f 6860 4595 542
f 4589 6860 1965
f 4595 4589 543
f 6861 4587 1960
f 4605 6861 462
f 4587 4605 1965
f 6862 6861 1960
f 6851 6862 1959
f 6861 6851 462
f 6863 6862 1960
f 6841 6863 551
f 6862 6841 1959
f 6865 6863 1960
f 6864 6865 492
f 6863 6864 551
f 6864 6837 551
f 4674 6864 492
f 6837 4674 549
f 6866 4586 1958
f 6865 6866 492
f 4586 6865 1960
f 6860 4588 1965
f 4584 6860 542
f 4588 4584 1958
f 6867 4592 134
f 4585 6867 259
f 4592 4585 542
f 6868 6867 134
f 4579 6868 1966
f 6867 4579 259
f 6869 4582 1956
f 6866 6869 492
f 4582 6866 1958
f 6870 4580 1957
f 4581 6870 1956
f 4580 4581 259
f 6869 4672 492
f 4577 6869 1956
f 4672 4577 550
f 6798 4575 2002
f 4675 6798 548
f 4575 4675 550
f 4569 2015 547
f 4565 4569 545
f 2015 4565 546
f 6871 4578 1956
f 4568 6871 545
f 4578 4568 1
f 6871 4567 545
f 6870 6871 1956
f 4567 6870 1957
f 4564 4558 72
f 3918 4564 1966
f 4558 3918 1967
f 6872 6868 134
f 3919 6872 692
f 6868 3919 1966
f 6873 4594 544
f 6872 6873 692
f 4594 6872 134
f 6873 3915 692
f 4598 6873 544
f 3915 4598 693
f 3912 3909 1969
f 3911 3912 39
f 3909 3911 1856
f 6874 3907 1856
f 3955 6874 323
f 3907 3955 1970
f 6876 6875 691
f 6874 6876 323
f 6875 6874 1856
f 6878 6877 1855
f 6876 6878 323
f 6877 6876 691
f 6879 6878 1855
f 3956 6879 683
f 6878 3956 323
f 6880 6879 1855
f 4529 6880 685
f 6879 4529 683
f 6880 4526 685
f 3905 6880 1855
f 4526 3905 1858
f 6877 3906 1855
f 3900 6877 691
f 3906 3900 392
f 6882 6881 1667
f 3902 6882 1857
f 6881 3902 392
f 6883 6882 1667
f 4415 6883 1663
f 6882 4415 1857
f 6884 6883 1667
f 4446 6884 486
f 6883 4446 1663
f 6886 6885 1666
f 6884 6886 486
f 6885 6884 1667
f 6887 4448 1669
f 3899 6887 1666
f 4448 3899 1670
f 6887 6886 1666
f 4454 6887 1669
f 6886 4454 486
f 6888 6885 1667
f 3895 6888 690
f 6885 3895 1666
f 6888 3901 690
f 6881 6888 1667
f 3901 6881 392
f 6875 3891 691
f 3910 6875 1856
f 3891 3910 689
f 6889 3916 693
f 3886 6889 695
f 3916 3886 39
f 6890 4597 327
f 6889 6890 695
f 4597 6889 693
f 6891 3887 695
f 3893 6891 358
f 3887 3893 689
f 6891 3896 358
f 3884 6891 695
f 3896 3884 696
f 6892 6890 327
f 3885 6892 694
f 6890 3885 695
f 6893 4602 1963
f 6892 6893 694
f 4602 6892 327
f 6894 6858 346
f 6893 6894 694
f 6858 6893 1963
f 6896 6895 1854
f 6894 6896 694
f 6895 6894 346
f 6897 6896 1854
f 3883 6897 696
f 6896 3883 694
f 6897 3897 696
f 3881 6897 1854
f 3897 3881 1670
f 6899 6898 697
f 4449 6899 699
f 6898 4449 44
f 6899 3876 699
f 3879 6899 697
f 3876 3879 698
f 6900 4451 269
f 3871 6900 1668
f 4451 3871 1664
f 4412 4411 1674
f 3869 4412 304
f 4411 3869 1672
f 6901 3872 1668
f 3867 6901 1671
f 3872 3867 304
f 6903 6901 1668
f 6902 6903 698
f 6901 6902 1671
f 6904 6902 698
f 3866 6904 701
f 6902 3866 1671
f 6903 3877 698
f 6900 6903 1668
f 3877 6900 269
f 6905 3878 700
f 6904 6905 701
f 3878 6904 698
f 6906 6905 700
f 3788 6906 703
f 6905 3788 701
f 6907 3864 702
f 6906 6907 703
f 3864 6906 700
f 6908 6898 44
f 3858 6908 1951
f 6898 3858 697
f 6909 3882 1854
f 6908 6909 1951
f 3882 6908 44
f 6911 3855 1951
f 6910 6911 346
f 3855 6910 1949
f 6911 6895 346
f 6909 6911 1951
f 6895 6909 1854
f 6910 3852 1949
f 6859 6910 346
f 3852 6859 1952
f 3859 3850 1948
f 3856 3859 109
f 3850 3856 1949
f 6912 3848 380
f 3843 6912 1953
f 3848 3843 1950
f 6913 6912 380
f 3845 6913 1962
f 6912 3845 1953
f 6913 6856 1962
f 3853 6913 380
f 6856 3853 1952
f 6915 3844 1953
f 6914 6915 477
f 3844 6914 1945
f 6915 6850 477
f 3847 6915 1953
f 6850 3847 1961
f 6914 3842 1945
f 6847 6914 477
f 3842 6847 560
f 6918 6917 560
f 6916 6918 254
f 6917 6916 564
f 6918 6848 254
f 6846 6918 560
f 6848 6846 561
f 6919 4625 717
f 6916 6919 564
f 4625 6916 254
f 6917 3841 560
f 3839 6917 564
f 3841 3839 566
f 6920 3840 564
f 3831 6920 1842
f 3840 3831 353
f 6922 6921 716
f 6919 6922 564
f 6921 6919 717
f 6922 6920 564
f 3836 6922 716
f 6920 3836 1842
f 6923 4627 715
f 6921 6923 716
f 4627 6921 717
f 6924 3737 348
f 6923 6924 716
f 3737 6923 715
f 6925 6924 348
f 3835 6925 1830
f 6924 3835 716
f 6928 6927 1830
f 6926 6928 714
f 6927 6926 1831
f 6930 6929 704
f 3826 6930 1840
f 6929 3826 73
f 6931 6927 1831
f 3834 6931 73
f 6927 3834 1830
f 6932 6931 1831
f 6929 6932 704
f 6931 6929 73
f 6935 6934 705
f 6933 6935 76
f 6934 6933 706
f 6936 6934 706
f 3741 6936 1834
f 6934 3741 705
f 6938 6936 706
f 6937 6938 704
f 6936 6937 1834
f 6939 6932 1831
f 6937 6939 1834
f 6932 6937 704
f 6941 6939 1831
f 6940 6941 369
f 6939 6940 1834
f 6942 6938 706
f 6930 6942 1840
f 6938 6930 704
f 6943 6942 706
f 3825 6943 1843
f 6942 3825 1840
f 6944 3824 158
f 3827 6944 1841
f 3824 3827 1840
f 6944 3816 1841
f 3821 6944 158
f 3816 3821 1850
f 3837 3815 565
f 3829 3837 353
f 3815 3829 1841
f 3813 3804 423
f 3798 3813 1946
f 3804 3798 1947
f 3860 3800 702
f 3801 3860 1948
f 3800 3801 1947
f 6945 3820 1848
f 3794 6945 1849
f 3820 3794 1850
f 6946 3765 1851
f 3796 6946 265
f 3765 3796 1849
f 6947 3790 703
f 6946 6947 265
f 3790 6946 1851
f 6947 3799 265
f 6907 6947 703
f 3799 6907 702
f 4406 3865 1853
f 3868 4406 1672
f 3865 3868 1671
f 6948 3784 1852
f 4407 6948 441
f 3784 4407 1853
f 6949 3781 1679
f 6948 6949 441
f 3781 6948 1852
f 6949 4408 441
f 4464 6949 1679
f 4408 4464 1676
f 6951 6950 1680
f 4465 6951 488
f 6950 4465 1679
f 6952 6951 1680
f 4466 6952 1677
f 6951 4466 488
f 6952 3594 1677
f 3779 6952 1680
f 3594 3779 1683
f 6954 3777 1680
f 6953 6954 449
f 3777 6953 1686
f 6954 3780 449
f 6950 6954 1680
f 3780 6950 1679
f 6955 6953 449
f 3772 6955 1681
f 6953 3772 1686
f 6956 3774 1688
f 3775 6956 1657
f 3774 3775 172
f 6958 6957 1689
f 6956 6958 1657
f 6957 6956 1688
f 6960 6959 1682
f 6955 6960 1681
f 6959 6955 449
f 6961 3782 1852
f 6959 6961 1682
f 3782 6959 449
f 6962 3783 341
f 6961 6962 1682
f 3783 6961 1852
f 6962 3768 1682
f 3791 6962 341
f 3768 3791 1851
f 6963 6945 1848
f 3766 6963 28
f 6945 3766 1849
f 6960 3763 1681
f 3767 6960 1682
f 3763 3767 28
f 6957 3759 1689
f 3769 6957 1688
f 3759 3769 1690
f 6965 6964 1845
f 3760 6965 177
f 6964 3760 1690
f 6966 6963 1848
f 3761 6966 1690
f 6963 3761 28
f 6966 6964 1690
f 3818 6966 1848
f 6964 3818 1845
f 6967 6965 1845
f 3755 6967 1844
f 6965 3755 177
f 6968 3823 1843
f 6967 6968 1844
f 3823 6967 1845
f 6970 6968 1843
f 6969 6970 76
f 6968 6969 1844
f 6970 6933 76
f 6943 6970 1843
f 6933 6943 706
f 6973 6972 707
f 6971 6973 76
f 6972 6971 1835
f 6973 6969 76
f 3752 6973 707
f 6969 3752 1844
f 3750 3552 709
f 3748 3750 707
f 3552 3748 708
f 6975 6974 982
f 6972 6975 707
f 6974 6972 1835
f 6976 6975 982
f 3749 6976 194
f 6975 3749 707
f 6979 6978 982
f 6977 6979 980
f 6978 6977 981
f 6981 6979 982
f 6980 6981 148
f 6979 6980 980
f 6984 6983 1624
f 6982 6984 148
f 6983 6982 1835
f 6986 6985 1626
f 6984 6986 148
f 6985 6984 1624
f 6987 6983 1835
f 3746 6987 705
f 6983 3746 1624
f 6987 6935 705
f 6971 6987 1835
f 6935 6971 76
f 6982 6974 1835
f 6981 6982 148
f 6974 6981 982
f 6988 6940 369
f 3743 6988 1833
f 6940 3743 1834
f 6989 6926 714
f 6941 6989 369
f 6926 6941 1831
f 6990 6925 348
f 6928 6990 714
f 6925 6928 1830
f 6991 4632 1827
f 3738 6991 1829
f 4632 3738 715
f 6992 6275 7
f 6991 6992 1829
f 6275 6991 1827
f 6992 3735 1829
f 6280 6992 7
f 3735 6280 1613
f 6993 3734 713
f 3739 6993 348
f 3734 3739 1829
f 6993 6990 348
f 3731 6993 713
f 6990 3731 714
f 6994 3730 710
f 6989 6994 369
f 3730 6989 714
f 6995 3726 712
f 6994 6995 369
f 3726 6994 710
f 6996 6995 712
f 6988 6996 1833
f 6995 6988 369
f 6998 6997 992
f 3723 6998 711
f 6997 3723 403
f 6999 3721 1611
f 3729 6999 403
f 3721 3729 1832
f 7000 6270 1604
f 3715 7000 1607
f 6270 3715 1608
f 7001 3710 1607
f 6239 7001 18
f 3710 6239 1619
f 7001 6265 18
f 7000 7001 1607
f 6265 7000 1604
f 7002 3713 1609
f 3716 7002 146
f 3713 3716 1607
f 7002 3717 146
f 3709 7002 1609
f 3717 3709 1611
f 7003 3708 993
f 6999 7003 403
f 3708 6999 1611
f 7003 6997 403
f 3707 7003 993
f 6997 3707 992
f 7004 3711 1619
f 3693 7004 246
f 3711 3693 1610
f 7004 3686 246
f 6241 7004 1619
f 3686 6241 1618
f 7005 6249 4
f 6251 7005 1081
f 6249 6251 1617
f 7006 7005 4
f 3689 7006 1080
f 7005 3689 1081
f 7007 3678 996
f 3690 7007 994
f 3678 3690 995
f 7008 3697 994
f 3700 7008 1620
f 3697 3700 51
f 7009 7007 996
f 7008 7009 1620
f 7007 7008 994
f 7012 7011 1071
f 7010 7012 249
f 7011 7010 996
f 7014 7013 1545
f 7012 7014 249
f 7013 7012 1071
f 7010 7009 996
f 3706 7010 249
f 7009 3706 1620
f 3684 3679 995
f 3680 3684 1080
f 3679 3680 209
f 7015 7006 4
f 3681 7015 1084
f 7006 3681 1080
f 7017 7016 1085
f 3682 7017 209
f 7016 3682 1084
f 7019 7018 1072
f 7017 7019 209
f 7018 7017 1085
f 7020 3677 209
f 7011 7020 1071
f 3677 7011 996
f 7021 7019 1072
f 7020 7021 1071
f 7019 7020 209
f 7022 3664 1070
f 7021 7022 1071
f 3664 7021 1072
f 7023 7018 1085
f 3661 7023 1073
f 7018 3661 1072
f 3665 3659 1075
f 3662 3665 19
f 3659 3662 1073
f 7025 3673 1086
f 7024 7025 1078
f 3673 7024 1083
f 7026 3675 1083
f 7023 7026 1073
f 3675 7023 1085
f 7027 7026 1083
f 3657 7027 357
f 7026 3657 1073
f 7027 3652 357
f 7024 7027 1083
f 3652 7024 1078
f 7029 7025 1086
f 7028 7029 311
f 7025 7028 1078
f 7031 7030 978
f 7029 7031 311
f 7030 7029 1086
f 7033 7032 1079
f 7028 7033 1078
f 7032 7028 311
f 7034 7033 1079
f 3653 7034 1077
f 7033 3653 1078
f 7036 7034 1079
f 7035 7036 178
f 7034 7035 1077
f 7038 7037 1060
f 7036 7038 178
f 7037 7036 1079
f 7040 7039 1087
f 7037 7040 1060
f 7039 7037 1079
f 7041 7032 311
f 7039 7041 1087
f 7032 7039 1079
f 7043 7042 977
f 7041 7043 1087
f 7042 7041 311
f 7042 3649 977
f 7031 7042 311
f 3649 7031 978
f 7044 7030 1086
f 3645 7044 275
f 7030 3645 978
f 7046 7045 1645
f 7044 7046 275
f 7045 7044 1086
f 7047 3672 199
f 7045 7047 1645
f 3672 7045 1086
f 7048 7016 1084
f 3676 7048 199
f 7016 3676 1085
f 7050 7049 1082
f 7048 7050 199
f 7049 7048 1084
f 7050 7047 199
f 3642 7050 1082
f 7047 3642 1645
f 7049 6244 1082
f 7015 7049 1084
f 6244 7015 4
f 7052 7051 1646
f 3641 7052 1645
f 7051 3641 1647
f 8510 7054 8702
f 7053 8511 8703
f 8512 8704 8705
f 8513 8705 8706
f 8514 8707 8613
f 8515 8616 8702
f 8516 8620 8708
f 8517 8709 8624
f 8518 8627 8617
f 8519 8708 8710
f 8520 8711 8712
f 8521 8713 8709
f 8522 8714 8715
f 8523 8716 8713
f 8524 8712 8717
f 8525 8706 8718
f 8526 8719 8711
f 8527 8710 8707
f 7065 7064 1640
f 7063 7065 275
f 7064 7063 1646
f 7063 7052 1646
f 7046 7063 275
f 7052 7046 1645
f 7067 7064 1646
f 7066 7067 157
f 7064 7066 1640
f 7069 7068 1636
f 7067 7069 8720
f 7068 7067 1646
f 7070 7051 1647
f 7068 7070 1636
f 7051 7068 1646
f 6243 3640 1082
f 3636 6243 1648
f 3640 3636 1647
f 6247 3638 1648
f 6228 6247 1616
f 3638 6228 976
f 7070 3634 1636
f 3635 7070 1647
f 3634 3635 374
f 8528 8662 8721
f 8529 8722 8723
f 8530 8724 8660
f 7071 8531 8724
f 8532 8723 8704
f 8533 8703 8720
f 8534 8721 8725
f 8535 8726 8719
f 8536 8718 8722
f 7075 8537 8727
f 8538 8728 8661
f 7074 3632 374
f 7076 3639 976
f 7074 7076 975
f 3639 7074 374
f 7076 6314 975
f 6324 7076 976
f 6314 6324 971
f 8539 8729 8730
f 8540 8731 8684
f 8541 8685 8732
f 8542 8730 8733
f 8543 8734 8728
f 8544 8727 8731
f 8545 8733 8735
f 8546 8736 8726
f 8547 8725 8734
f 8548 8717 8736
f 8549 8735 8656
f 8550 8659 8714
f 8551 8657 8729
f 8552 8732 8688
f 8553 8687 8658
f 8554 8691 8696
f 8555 8701 8642
f 8556 8647 8686
f 8557 8678 8737
f 8558 8738 8739
f 8559 8740 8679
f 8560 8680 8741
f 8561 8742 8650
f 8562 8649 8677
f 8563 8741 8743
f 8564 8744 8640
f 8565 8639 8742
f 8566 8676 8745
f 8567 8746 8744
f 8568 8743 8673
f 7087 3617 943
f 7086 7087 191
f 3617 7086 947
f 8569 8745 8747
f 3619 7088 943
f 8570 8635 8746
f 7089 3614 942
f 7087 7089 191
f 3614 7087 943
f 7088 3615 943
f 320 8663 8747
f 3615 4147 944
f 7090 4148 141
f 3616 7090 942
f 4148 3616 944
f 7091 3613 1691
f 7089 7091 191
f 3613 7089 942
f 7092 7090 141
f 3612 7092 1693
f 7090 3612 942
f 7094 3608 1693
f 7093 7094 940
f 3608 7093 941
f 7095 7092 141
f 7094 7095 940
f 7092 7094 1693
f 7095 4141 940
f 4341 7095 141
f 4141 4341 938
f 7096 4124 641
f 4125 7096 940
f 4124 4125 238
f 7096 7093 940
f 3605 7096 641
f 7093 3605 941
f 4377 4123 642
f 3602 4377 640
f 4123 3602 641
f 7097 4054 1873
f 3603 7097 385
f 4054 3603 640
f 7099 7098 1874
f 7097 7099 385
f 7098 7097 1873
f 7098 3600 1874
f 4484 7098 1873
f 3600 4484 1871
f 4467 4391 645
f 3596 4467 1677
f 4391 3596 1678
f 7101 7100 1874
f 3588 7101 1684
f 7100 3588 1694
f 7101 3592 1684
f 3599 7101 1874
f 3592 3599 457
f 7102 7100 1694
f 7099 7102 385
f 7100 7099 1874
f 7102 3604 385
f 3609 7102 1694
f 3604 3609 941
f 7104 3590 1683
f 7103 7104 172
f 3590 7103 1685
f 7104 3773 172
f 3778 7104 1683
f 3773 3778 1686
f 7103 3584 1685
f 3776 7103 172
f 3584 3776 1687
f 7105 3582 1658
f 3611 7105 1691
f 3582 3611 90
f 7106 7105 1658
f 7091 7106 191
f 7105 7091 1691
f 7108 7107 945
f 7106 7108 191
f 7107 7106 1658
f 7109 6958 1689
f 3576 7109 1847
f 6958 3576 1657
f 7110 3757 1846
f 7109 7110 1847
f 3757 7109 1689
f 7112 7111 945
f 3574 7112 364
f 7111 3574 946
f 7112 3579 364
f 7107 7112 945
f 3579 7107 1658
f 7113 7108 945
f 7086 7113 947
f 7108 7086 191
f 7113 3568 947
f 7111 7113 945
f 3568 7111 946
f 8571 8632 8636
f 8572 8641 8634
f 3570 8573 8633
f 8574 8637 8748
f 8575 8749 8652
f 8576 8655 8638
f 8577 8715 8749
f 8578 8748 8628
f 8579 8631 8716
f 7115 3569 946
f 3560 7115 1838
f 3569 3560 221
f 7115 3559 1838
f 3573 7115 946
f 3559 3573 1839
f 7110 3554 1847
f 3753 7110 1846
f 3554 3753 709
f 7117 7116 1836
f 3549 7117 1837
f 7116 3549 708
f 1656 8622 8621
f 3557 3561 1838
f 3546 3557 1837
f 7118 7117 1836
f 3547 7118 183
f 7117 3547 1837
f 7120 7119 1630
f 7118 7120 183
f 7119 7118 1836
f 7123 7122 1836
f 7121 7123 194
f 7122 7121 981
f 7123 3747 194
f 7116 7123 1836
f 3747 7116 708
f 7124 7122 981
f 7119 7124 1630
f 7122 7119 1836
f 7121 6978 981
f 6976 7121 194
f 6978 6976 982
f 7125 7124 981
f 3540 7125 446
f 7124 3540 1630
f 7126 7120 1630
f 3541 7126 1629
f 7120 3541 183
f 7127 3539 1631
f 7126 7127 1629
f 3539 7126 1630
f 7129 7128 1633
f 7055 7129 157
f 7128 7055 1629
f 7130 7127 1631
f 7128 7130 1633
f 7127 7128 1629
f 7132 7130 1631
f 7131 7132 459
f 7130 7131 1633
f 7129 7066 157
f 3537 7129 1633
f 7066 3537 1640
f 7133 7131 459
f 3535 7133 1639
f 7131 3535 1633
f 7134 3536 1639
f 7065 7134 275
f 3536 7065 1640
f 7136 7135 1643
f 7133 7136 1639
f 7135 7133 459
f 7138 7136 1643
f 7137 7138 979
f 7136 7137 1639
f 7137 7134 1639
f 3643 7137 979
f 7134 3643 275
f 8152 8252 8335
f 8153 8336 8337
f 3533 7139 1643
f 7139 7138 1643
f 186 8253 8337
f 7138 3648 979
f 7141 7135 459
f 3534 7141 1642
f 7135 3534 1643
f 7142 3496 1642
f 3531 7142 1632
f 3496 3531 1641
f 7143 7141 459
f 7142 7143 1632
f 7141 7142 1642
f 7144 7132 1631
f 7143 7144 1632
f 7132 7143 459
f 7146 3532 1632
f 7145 7146 446
f 3532 7145 1628
f 7146 3538 446
f 7144 7146 1632
f 3538 7144 1631
f 7147 6977 980
f 7125 7147 446
f 6977 7125 981
f 7148 7147 980
f 7145 7148 1628
f 7147 7145 446
f 7149 3530 1627
f 6986 7149 148
f 3530 6986 1626
f 7150 7149 1627
f 6980 7150 980
f 7149 6980 148
f 7150 7148 980
f 3517 7150 1627
f 7148 3517 1628
f 7151 3525 1625
f 3744 7151 334
f 3525 3744 1833
f 7152 7151 1625
f 3745 7152 1624
f 7151 3745 334
f 7153 7152 1625
f 6985 7153 1626
f 7152 6985 1624
f 7154 7153 1625
f 3529 7154 495
f 7153 3529 1626
f 7156 7155 984
f 3724 7156 712
f 7155 3724 711
f 7156 6996 712
f 3526 7156 984
f 6996 3526 1833
f 7158 7155 711
f 7157 7158 420
f 7155 7157 984
f 7160 7159 985
f 7157 7160 984
f 7159 7157 420
f 7154 3527 495
f 3521 7154 1625
f 3527 3521 983
f 7160 3524 984
f 3522 7160 985
f 3524 3522 1625
f 7161 3523 985
f 3520 7161 274
f 3523 3520 983
f 7162 7161 985
f 3511 7162 987
f 7161 3511 274
f 7163 7159 420
f 7162 7163 987
f 7159 7162 985
f 7165 7164 1623
f 7163 7165 987
f 7164 7163 420
f 7166 3510 1623
f 6998 7166 711
f 3510 6998 992
f 7166 7158 711
f 7164 7166 1623
f 7158 7164 420
f 7168 7167 988
f 3506 7168 406
f 8154 8251 8338
f 8155 8338 8339
f 8156 7169 8340
f 7167 3502 988
f 7170 7168 988
f 3509 7170 1623
f 7168 3509 406
f 7171 3512 987
f 3500 7171 988
f 3512 3500 986
f 7171 7170 988
f 7165 7171 987
f 7170 7165 1623
f 8157 8341 8342
f 8158 8343 8249
f 8159 8248 8344
f 8160 8342 8345
f 8161 8346 8336
f 8162 8335 8343
f 8163 8245 8341
f 8164 8344 8340
f 8165 8339 8246
f 7176 7175 1622
f 263 8240 8347
f 7175 3488 1621
f 7177 3704 249
f 7175 7177 1622
f 3704 7175 1621
f 7178 7014 1545
f 7177 7178 1622
f 7014 7177 249
f 7022 7013 1071
f 3670 7022 1070
f 7013 3670 1545
f 7178 3482 1622
f 3484 7178 1545
f 3482 3484 1549
f 8166 8239 8348
f 8167 8349 8347
f 3481 7176 1622
f 8168 8350 8351
f 8169 8352 8349
f 8170 8348 8353
f 8171 8351 8354
f 8172 8355 8244
f 8173 8247 8352
f 8174 8354 8356
f 8175 8357 8346
f 8176 8345 8355
f 8177 8233 8358
f 8178 8359 8357
f 8179 8356 8228
f 8180 8358 8360
f 8181 8361 8255
f 8182 8254 8359
f 8183 8360 8362
f 8184 7186 8363
f 7185 8185 8361
f 8186 8235 8364
f 8187 8365 8363
f 8188 8362 8236
f 8189 8364 8366
f 8190 7189 8367
f 7187 8191 8365
f 8192 8368 8369
f 8193 8370 8226
f 8194 8225 8371
f 8195 8353 8368
f 8196 8371 8230
f 8197 8229 8350
f 8198 8223 8372
f 8199 8373 8234
f 8200 8237 8224
f 8201 7193 8374
f 7189 8202 8367
f 8203 8366 8375
f 8204 8218 8374
f 8205 8375 8373
f 8206 8372 8219
f 8207 8227 8376
f 8208 8377 8216
f 8209 8215 8222
f 8210 8221 8370
f 8211 8369 8238
f 3472 3483 1549
f 7197 7196 1051
f 3470 7197 258
f 7196 3470 1544
f 7196 3466 1051
f 3671 7196 1544
f 3466 3671 1551
f 7200 7199 1553
f 7198 7200 1075
f 7199 7198 1552
f 7200 3666 1075
f 3467 7200 1553
f 3666 3467 1551
f 7202 7199 1552
f 7201 7202 1538
f 7199 7201 1553
f 7203 7201 1538
f 3465 7203 185
f 7201 3465 1553
f 7205 7202 1552
f 7204 7205 58
f 7202 7204 1538
f 7207 7206 1540
f 7205 7207 58
f 7206 7205 1552
f 7208 3462 1540
f 3658 7208 1075
f 3462 3658 1074
f 7208 7198 1075
f 7206 7208 1540
f 7198 7206 1552
f 7210 3452 1094
f 7209 7210 1076
f 3452 7209 1543
f 7211 7210 1094
f 3459 7211 1542
f 7210 3459 1076
f 7212 3655 1077
f 7209 7212 1543
f 3655 7209 1076
f 7213 7035 178
f 7212 7213 1543
f 7035 7212 1077
f 7213 3450 1543
f 3446 7213 178
f 3450 3446 1062
f 7214 7038 1060
f 3444 7214 1059
f 7038 3444 178
f 7215 7188 363
f 7040 7215 1060
f 7188 7040 1087
f 7217 7216 1057
f 7194 7217 363
f 7216 7194 1058
f 7218 7217 1057
f 7215 7218 1060
f 7217 7215 363
f 7219 3445 1059
f 5768 7219 1061
f 3445 5768 1062
f 7218 7214 1060
f 3440 7218 1057
f 7214 3440 1059
f 7220 3439 74
f 7219 7220 1061
f 3439 7219 1059
f 7221 3438 1054
f 3443 7221 74
f 3438 3443 1052
f 7222 5798 1056
f 7221 7222 74
f 5798 7221 1054
f 7222 7220 74
f 5804 7222 1056
f 7220 5804 1061
f 7216 3442 1057
f 3434 7216 1058
f 3442 3434 1052
f 7225 7224 1546
f 7223 7225 258
f 7224 7223 1050
f 7225 3471 258
f 7195 8212 8377
f 8213 8376 8220
f 7228 7227 1050
f 7226 7228 185
f 7227 7226 1048
f 7229 7228 1050
f 3463 7229 1051
f 7228 3463 185
f 7229 7197 1051
f 7223 7229 1050
f 7197 7223 258
f 7224 3427 1546
f 3424 7224 1050
f 3427 3424 1068
f 7231 3422 1069
f 7230 7231 1053
f 3422 7230 1068
f 7230 3428 1068
f 3435 7230 1053
f 3428 3435 452
f 7232 7231 1069
f 5783 7232 253
f 7231 5783 1053
f 7233 7232 1069
f 5795 7233 1361
f 7232 5795 253
f 7234 3420 1550
f 7233 7234 1361
f 3420 7233 1069
f 7235 7234 1550
f 5792 7235 30
f 7234 5792 1361
f 7236 3418 1554
f 7235 7236 30
f 3418 7235 1550
f 7237 7236 1554
f 1365 8285 8378
f 7236 5793 30
f 7238 7237 1554
f 5853 7238 62
f 1365 8378 8334
f 7239 7238 1554
f 5710 7239 1555
f 7238 5710 62
f 7240 3419 344
f 3416 7240 1048
f 3419 3416 1550
f 7240 7227 1048
f 3425 7240 344
f 7227 3425 1050
f 7241 3417 1047
f 7239 7241 1555
f 3417 7239 1554
f 7242 7226 185
f 3414 7242 1049
f 7226 3414 1048
f 7242 3411 1049
f 7203 7242 185
f 3411 7203 1538
f 7241 3405 1555
f 3406 7241 1047
f 3405 3406 154
f 7243 5862 1535
f 5863 7243 137
f 5862 5863 1556
f 7245 7244 1537
f 5337 7245 1560
f 7244 5337 137
f 7246 7243 1535
f 7244 7246 1537
f 7243 7244 137
f 7247 7245 1537
f 5340 7247 294
f 7245 5340 1560
f 7248 3400 1090
f 7247 7248 294
f 3400 7247 1537
f 7249 3401 1537
f 3410 7249 154
f 3401 3410 1536
f 7249 3403 154
f 7246 7249 1537
f 3403 7246 1535
f 7250 7204 58
f 3412 7250 1536
f 7204 3412 1538
f 7251 7250 58
f 3402 7251 1090
f 7250 3402 1536
f 7252 7251 58
f 3399 7252 1088
f 7251 3399 1090
f 7253 3398 1089
f 7248 7253 294
f 3398 7248 1090
f 7254 7253 1089
f 5341 7254 1539
f 7253 5341 294
f 7255 3396 1533
f 7254 7255 1539
f 3396 7254 1089
f 7256 7255 1533
f 5345 7256 100
f 7255 5345 1539
f 7257 7256 1533
f 5346 7257 1534
f 7256 5346 100
f 7257 5401 1534
f 3394 7257 1533
f 5401 3394 1532
f 7258 7207 1540
f 7252 7258 1088
f 7207 7252 58
f 7260 7259 1541
f 3461 7260 1540
f 7259 3461 312
f 7260 7258 1540
f 3389 7260 1541
f 7258 3389 1088
f 7259 3383 1541
f 3460 7259 312
f 3383 3460 1542
f 7262 3384 1542
f 7261 7262 276
f 3384 7261 1093
f 7262 3454 276
f 7211 7262 1542
f 3454 7211 1094
f 7264 7263 1091
f 7261 7264 1093
f 7263 7261 276
f 3390 3385 350
f 3382 3390 1541
f 3385 3382 1093
f 7265 7264 1091
f 3386 7265 1092
f 7264 3386 1093
f 7266 3380 1226
f 3395 7266 1532
f 3380 3395 1092
f 7266 5402 1532
f 5403 7266 1226
f 5402 5403 337
f 5411 3378 1227
f 5404 5411 1225
f 3378 5404 1226
f 7267 3376 1237
f 5409 7267 1236
f 3376 5409 1227
f 7270 7269 1236
f 7268 7270 184
f 7269 7268 1235
f 7272 7271 1517
f 7268 7272 1235
f 7271 7268 184
f 7273 7267 1237
f 7270 7273 184
f 7267 7270 1236
f 7275 7274 1530
f 7273 7275 184
f 7274 7273 1237
f 7276 7265 1091
f 3381 7276 474
f 7265 3381 1092
f 7277 7276 1091
f 3375 7277 1237
f 7276 3375 474
f 7278 7277 1091
f 7274 7278 1530
f 7277 7274 1237
f 7279 7263 276
f 7278 7279 1530
f 7263 7278 1091
f 7281 7280 1519
f 7275 7281 184
f 7280 7275 1530
f 7283 7282 1531
f 7280 7283 1519
f 7282 7280 1530
f 7285 7284 1526
f 3372 7285 1531
f 7284 3372 1095
f 7286 7285 1526
f 7283 7286 1519
f 7285 7283 1531
f 7287 3369 117
f 7286 7287 1519
f 3369 7286 1526
f 7288 3373 1531
f 3455 7288 276
f 3373 3455 1096
f 7288 7279 276
f 7282 7288 1531
f 7279 7282 1530
f 7289 3447 359
f 3374 7289 1095
f 3447 3374 1096
f 7290 5771 1097
f 7289 7290 1095
f 5771 7289 359
f 7291 5764 292
f 7290 7291 1095
f 5764 7290 1097
f 7292 3370 1526
f 5760 7292 292
f 3370 5760 1527
f 7292 7291 292
f 7284 7292 1526
f 7291 7284 1095
f 7293 7281 1519
f 7271 7293 1517
f 7281 7271 184
f 7295 7294 1518
f 7287 7295 1519
f 7294 7287 117
f 7295 7293 1519
f 3367 7295 1518
f 7293 3367 1517
f 7272 2346 1235
f 3365 7272 1517
f 2346 3365 1516
f 7296 3368 1518
f 3360 7296 1522
f 3368 3360 371
f 7297 7296 1518
f 3357 7297 1524
f 7296 3357 1522
f 7298 7294 117
f 7297 7298 1524
f 7294 7297 1518
f 7300 7299 1524
f 5761 7300 1527
f 7299 5761 89
f 7300 3371 1527
f 7298 7300 1524
f 3371 7298 117
f 7301 7299 89
f 3359 7301 1523
f 7299 3359 1524
f 7303 7302 1520
f 3361 7303 1515
f 7302 3361 1522
f 7302 3351 1520
f 3356 7302 1522
f 3351 3356 1521
f 7305 7303 1520
f 7304 7305 1513
f 7303 7304 1515
f 7306 7304 1513
f 2331 7306 1512
f 7304 2331 1515
f 7308 7305 1520
f 7307 7308 131
f 7305 7307 1513
f 7308 3165 131
f 3350 7308 1520
f 3165 3350 1382
f 7309 3002 1377
f 3355 7309 49
f 3002 3355 1523
f 7310 7301 89
f 3003 7310 1525
f 7301 3003 1523
f 7311 5762 1528
f 7310 7311 1525
f 5762 7310 89
f 7312 5750 1529
f 5756 7312 1528
f 5750 5756 450
f 7312 7311 1528
f 2999 7312 1529
f 7311 2999 1525
f 7314 7313 1372
f 5812 7314 1373
f 7313 5812 1370
f 7316 7313 1370
f 7315 7316 1339
f 7313 7315 1372
f 7314 2997 1373
f 2992 7314 1372
f 2997 2992 379
f 7317 5840 1339
f 5835 7317 333
f 5840 5835 1340
f 7317 5813 333
f 7316 7317 1339
f 5813 7316 1370
f 7319 7318 1376
f 7315 7319 1372
f 7318 7315 1339
f 7320 7319 1376
f 2993 7320 1375
f 7319 2993 1372
f 7321 2994 1375
f 3000 7321 1377
f 2994 3000 379
f 7323 7322 1378
f 7321 7323 1377
f 7322 7321 1375
f 7324 7320 1376
f 7322 7324 1378
f 7320 7322 1375
f 7323 7309 1377
f 3004 7323 1378
f 7309 3004 49
f 7326 7324 1376
f 7325 7326 236
f 7324 7325 1378
f 7327 7326 1376
f 2986 7327 1374
f 7326 2986 236
f 7328 7318 1339
f 7327 7328 1374
f 7318 7327 1376
f 7329 5839 218
f 7328 7329 1374
f 5839 7328 1339
f 7325 3346 1378
f 2991 7325 236
f 3346 2991 1379
f 3034 2981 1383
f 2984 3034 1384
f 2981 2984 1403
f 7330 7329 218
f 2983 7330 1403
f 7329 2983 1374
f 7332 7331 1405
f 3291 7332 1407
f 7331 3291 1313
f 7333 3039 345
f 7331 7333 1405
f 3039 7331 1313
f 7334 2977 1408
f 7332 7334 1407
f 2977 7332 1405
f 7334 3288 1407
f 3041 7334 1408
f 3288 3041 123
f 7335 2971 1404
f 2982 7335 345
f 2971 2982 1403
f 7335 7333 345
f 2974 7335 1404
f 7333 2974 1405
f 7330 2972 1403
f 5843 7330 218
f 2972 5843 1341
f 7338 7337 1341
f 7336 7338 409
f 7337 7336 843
f 7338 5836 409
f 5842 7338 1341
f 5836 5842 1340
f 7339 5845 840
f 7336 7339 843
f 5845 7336 409
f 7341 7339 840
f 7340 7341 839
f 7339 7340 843
f 7341 5722 839
f 5716 7341 840
f 5722 5716 841
f 7342 7337 843
f 2970 7342 1404
f 7337 2970 1341
f 7343 7342 843
f 2975 7343 332
f 7342 2975 1404
f 7345 7344 842
f 7343 7345 332
f 7344 7343 843
f 7344 2959 842
f 7340 7344 843
f 2959 7340 839
f 7347 7346 845
f 7345 7347 332
f 7346 7345 842
f 7348 7347 845
f 2976 7348 1408
f 7347 2976 332
f 7348 3042 1408
f 2968 7348 845
f 3042 2968 1417
f 7349 2957 844
f 7346 7349 845
f 2957 7346 842
f 7352 7351 1749
f 7350 7352 435
f 7351 7350 844
f 7350 7349 844
f 2969 7350 435
f 7349 2969 845
f 5725 2961 190
f 2954 5725 1757
f 2961 2954 1752
f 7353 2962 1752
f 7351 7353 1749
f 2962 7351 844
f 7353 2946 1749
f 2952 7353 1752
f 2946 2952 130
f 7354 2939 847
f 2945 7354 1749
f 2939 2945 1747
f 7355 2963 435
f 2942 7355 847
f 2963 2942 846
f 7355 7354 847
f 7352 7355 435
f 7354 7352 1749
f 7356 2943 848
f 3052 7356 60
f 2943 3052 846
f 2949 2944 130
f 2936 2949 1748
f 2944 2936 1747
f 7357 2846 1744
f 2931 7357 264
f 2846 2931 1745
f 7358 7357 1744
f 2940 7358 848
f 7357 2940 264
f 7360 7359 1742
f 7358 7360 848
f 7359 7358 1744
f 7361 7360 1742
f 7356 7361 60
f 7360 7356 848
f 7363 7362 854
f 7361 7363 60
f 7362 7361 1742
f 7365 7364 851
f 7363 7365 60
f 7364 7363 854
f 7366 7365 851
f 3051 7366 849
f 7365 3051 60
f 7367 2927 852
f 7366 7367 849
f 2927 7366 851
f 7368 3278 466
f 3280 7368 852
f 3278 3280 1410
f 7368 7367 852
f 3054 7368 466
f 7367 3054 849
f 7370 7369 853
f 7364 7370 851
f 7369 7364 854
f 7370 2928 851
f 2920 7370 853
f 2928 2920 454
f 7372 7369 854
f 7371 7372 5
f 7369 7371 853
f 7373 7371 5
f 2918 7373 857
f 7371 2918 853
f 2922 2913 1412
f 2921 2922 454
f 2913 2921 1413
f 7374 2915 377
f 2914 7374 1303
f 2915 2914 1413
f 7376 7375 1300
f 7374 7376 1303
f 7375 7374 377
f 7377 2906 1302
f 2907 7377 1300
f 2906 2907 181
f 7378 7377 1302
f 7376 7378 1303
f 7377 7376 1300
f 7379 7378 1302
f 3068 7379 321
f 7378 3068 1303
f 7380 2903 1306
f 7379 7380 321
f 2903 7379 1302
f 7381 2901 1305
f 7380 7381 321
f 2901 7380 1306
f 7381 3065 321
f 3071 7381 1305
f 3065 3071 1414
f 7382 3073 1304
f 3274 7382 293
f 3073 3274 1308
f 7382 3083 293
f 2899 7382 1304
f 3083 2899 1307
f 3276 3072 273
f 2900 3276 1305
f 3072 2900 1304
f 7384 7383 1309
f 3262 7384 1310
f 7383 3262 1307
f 7385 2898 11
f 7383 7385 1309
f 2898 7383 1307
f 7386 7384 1309
f 3258 7386 256
f 7384 3258 1310
f 7386 3102 256
f 2892 7386 1309
f 3102 2892 1424
f 7387 2889 1423
f 2895 7387 11
f 2889 2895 1425
f 7387 7385 11
f 2891 7387 1423
f 7385 2891 1309
f 3253 2884 1428
f 3103 3253 1284
f 2884 3103 1424
f 2911 2904 181
f 2880 2911 1429
f 2904 2880 1426
f 7388 2875 1286
f 2882 7388 442
f 2875 2882 1287
f 7388 2883 442
f 2878 7388 1286
f 2883 2878 1428
f 7390 7389 1444
f 2910 7390 1429
f 7389 2910 1299
f 7391 7390 1444
f 2873 7391 103
f 7390 2873 1429
f 7393 7392 1298
f 2866 7393 1297
f 7392 2866 37
f 7394 7393 1298
f 2695 7394 1296
f 7393 2695 1297
f 7397 7396 1437
f 7395 7397 287
f 7396 7395 1298
f 7398 7395 287
f 7394 7398 1296
f 7395 7394 1298
f 7399 7396 1298
f 2860 7399 1432
f 7396 2860 1437
f 7402 7401 1431
f 7400 7402 135
f 7401 7400 1740
f 7404 7403 859
f 7400 7404 1740
f 7403 7400 135
f 7406 7405 855
f 7403 7406 859
f 7405 7403 135
f 7409 7408 859
f 7407 7409 417
f 7408 7407 1741
f 7410 7408 1741
f 7404 7410 1740
f 7408 7404 859
f 7412 7410 1741
f 7411 7412 41
f 7410 7411 1740
f 7414 7413 862
f 7411 7414 1740
f 7413 7411 41
f 7414 7401 1740
f 2865 7414 862
f 7401 2865 1431
f 7415 2854 1430
f 7402 7415 135
f 2854 7402 1431
f 7417 7416 856
f 7415 7417 135
f 7416 7415 1430
f 7418 7392 37
f 7399 7418 1432
f 7392 7399 1298
f 7419 7418 37
f 2856 7419 1430
f 7418 2856 1432
f 7421 7420 1301
f 7419 7421 1430
f 7420 7419 37
f 7422 7389 1299
f 2868 7422 37
f 7389 2868 1444
f 7423 7422 1299
f 7420 7423 1301
f 7422 7420 37
f 7424 2908 1300
f 7423 7424 1301
f 2908 7423 1299
f 7425 7375 377
f 7424 7425 1301
f 7375 7424 1300
f 7427 7426 856
f 7425 7427 1301
f 7426 7425 377
f 7426 2852 856
f 2917 7426 377
f 2852 2917 857
f 7427 7421 1301
f 7416 7427 856
f 7421 7416 1430
f 7417 7405 135
f 2851 7417 856
f 7405 2851 855
f 7428 7373 5
f 2853 7428 855
f 7373 2853 857
f 7430 7429 858
f 7428 7430 855
f 7429 7428 5
f 7431 7372 854
f 7429 7431 858
f 7372 7429 5
f 7431 2849 858
f 7362 7431 854
f 2849 7362 1742
f 7432 7409 859
f 2848 7432 858
f 7409 2848 417
f 7432 7430 858
f 7406 7432 859
f 7430 7406 855
f 7433 7359 1744
f 2850 7433 417
f 7359 2850 1742
f 7434 2845 1743
f 7433 7434 417
f 2845 7433 1744
f 7436 2847 1745
f 7435 7436 232
f 2847 7435 1743
f 7434 7407 417
f 2843 7434 1743
f 7407 2843 1741
f 7437 7435 232
f 2844 7437 1738
f 7435 2844 1743
f 7438 2842 1738
f 7412 7438 41
f 2842 7412 1741
f 7439 2831 864
f 7438 7439 41
f 2831 7438 1738
f 7441 7440 860
f 7439 7441 41
f 7440 7439 864
f 7442 7441 860
f 7413 7442 862
f 7441 7413 41
f 7442 2864 862
f 2706 7442 860
f 2864 2706 861
f 7440 2708 860
f 2836 7440 864
f 2708 2836 866
f 7437 2832 1738
f 2829 7437 232
f 2832 2829 863
f 7444 2833 863
f 7443 7444 147
f 2833 7443 865
f 7445 2828 1739
f 7444 7445 147
f 2828 7444 863
f 7436 2826 232
f 2824 7436 1745
f 2826 2824 792
f 7446 2930 1746
f 2825 7446 1795
f 2930 2825 1745
f 7446 2822 1795
f 2934 7446 1746
f 2822 2934 1796
f 7447 2821 34
f 2820 7447 791
f 2821 2820 1795
f 7449 7448 790
f 7447 7449 791
f 7448 7447 34
f 7448 5310 790
f 5179 7448 34
f 5310 5179 1794
f 7452 7451 790
f 7450 7452 368
f 7451 7450 1793
f 7454 7453 1793
f 2816 7454 1739
f 7453 2816 791
f 7453 7451 1793
f 7449 7453 791
f 7451 7449 790
f 7455 7454 1793
f 7445 7455 147
f 7454 7445 1739
f 7457 7456 868
f 7455 7457 147
f 7456 7455 1793
f 7459 7458 867
f 7457 7459 147
f 7458 7457 868
f 7459 7443 147
f 2839 7459 867
f 7443 2839 865
f 7460 7458 868
f 2812 7460 869
f 7458 2812 867
f 7461 2543 1737
f 2814 7461 873
f 2543 2814 869
f 2815 2806 21
f 2802 2815 873
f 2806 2802 870
f 7462 2552 349
f 7461 7462 873
f 2552 7461 1737
f 7463 7462 349
f 2803 7463 874
f 7462 2803 873
f 7465 2723 1465
f 7464 7465 1458
f 2723 7464 1462
f 7465 2731 1458
f 2789 7465 1465
f 2731 2789 1267
f 7467 2715 1462
f 7466 7467 460
f 2715 7466 1461
f 7467 2744 460
f 7464 7467 1462
f 2744 7464 1458
f 7468 2717 440
f 2716 7468 1435
f 2717 2716 1461
f 7469 2714 1435
f 2724 7469 1436
f 2714 2724 1462
f 7470 7469 1435
f 2804 7470 871
f 7469 2804 1436
f 7471 7470 1435
f 2838 7471 408
f 7470 2838 871
f 7472 7471 1435
f 2712 7472 1434
f 7471 2712 408
f 7473 7468 440
f 7472 7473 1434
f 7468 7472 1435
f 2841 2710 866
f 2837 2841 872
f 2710 2837 408
f 7474 2704 1433
f 2862 7474 1437
f 2704 2862 861
f 7475 7474 1433
f 7397 7475 287
f 7474 7397 1437
f 2713 2703 386
f 2701 2713 1434
f 2703 2701 1433
f 7476 2700 1294
f 7475 7476 287
f 2700 7475 1433
f 7473 2702 1434
f 2721 7473 440
f 2702 2721 1294
f 7478 7477 1293
f 7476 7478 287
f 7477 7476 1294
f 7478 7398 287
f 2699 7478 1293
f 7398 2699 1296
f 7480 7479 1443
f 7391 7480 103
f 7479 7391 1444
f 7479 2693 1443
f 2867 7479 1444
f 2693 2867 1297
f 7481 2869 103
f 2666 7481 1442
f 2869 2666 1285
f 7481 2690 1442
f 7480 7481 103
f 2690 7480 1443
f 7482 2692 22
f 2691 7482 1290
f 2692 2691 1443
f 7483 2686 1288
f 2698 7483 22
f 2686 2698 1291
f 7484 7483 1288
f 7482 7484 1290
f 7483 7482 22
f 7486 7485 1295
f 2684 7486 234
f 7485 2684 1293
f 7485 2720 1295
f 7477 7485 1293
f 2720 7477 1294
f 7488 7487 1460
f 7486 7488 234
f 7487 7486 1295
f 7489 2718 1461
f 7487 7489 1460
f 2718 7487 1295
f 7490 7466 460
f 7489 7490 1460
f 7466 7489 1461
f 7491 2743 1459
f 7490 7491 1460
f 2743 7490 460
f 7493 7492 1292
f 7488 7493 234
f 7492 7488 1460
f 7494 7493 1292
f 2685 7494 1288
f 7493 2685 234
f 7495 2679 1289
f 7494 7495 1288
f 2679 7494 1292
f 7496 7495 1289
f 7484 7496 1290
f 7495 7484 1288
f 7497 7496 1289
f 2689 7497 497
f 7496 2689 1290
f 7498 2681 1438
f 7497 7498 497
f 2681 7497 1289
f 7492 2677 1292
f 7491 7492 1460
f 2677 7491 1459
f 2746 2742 1457
f 2674 2746 1440
f 2742 2674 1459
f 7500 7499 1439
f 2680 7500 1438
f 7499 2680 47
f 7501 2675 1440
f 7499 7501 1439
f 2675 7499 47
f 7502 7501 1440
f 2669 7502 1441
f 7501 2669 1439
f 7503 2745 99
f 7502 7503 1441
f 2745 7502 1440
f 7504 2785 1455
f 7503 7504 1441
f 2785 7503 99
f 7507 7506 1438
f 7505 7507 29
f 7506 7505 1274
f 7507 2668 29
f 7500 7507 1438
f 2668 7500 1439
f 7508 7506 1274
f 7498 7508 497
f 7506 7498 1438
f 7509 2655 1273
f 7508 7509 497
f 2655 7508 1274
f 7509 2687 497
f 2667 7509 1273
f 2687 2667 1442
f 7510 2663 120
f 2874 7510 1286
f 2663 2874 1285
f 7510 2876 1286
f 2662 7510 120
f 2876 2662 1427
f 2665 2657 120
f 2654 2665 1273
f 2657 2654 1272
f 7511 2656 1274
f 2649 7511 1453
f 2656 2649 1272
f 7512 7505 29
f 7511 7512 1453
f 7505 7511 1274
f 7512 2647 1453
f 2672 7512 29
f 2647 2672 1454
f 7504 2671 1441
f 2645 7504 1455
f 2671 2645 1454
f 7513 2754 1261
f 2749 7513 1264
f 2754 2749 38
f 7515 7514 1263
f 7513 7515 1264
f 7514 7513 1261
f 7516 7515 1263
f 2787 7516 129
f 7515 2787 1264
f 7519 7518 1263
f 7517 7519 26
f 7518 7517 1387
f 7519 2779 26
f 7514 7519 1263
f 2779 7514 1261
f 7520 2639 1270
f 7518 7520 1263
f 2639 7518 1387
f 7521 7520 1270
f 7516 7521 129
f 7520 7516 1263
f 7522 7521 1270
f 2641 7522 1269
f 7521 2641 129
f 7523 2637 1271
f 7522 7523 1269
f 2637 7522 1270
f 7524 2644 1269
f 2648 7524 111
f 2644 2648 1454
f 7525 7523 1271
f 7524 7525 111
f 7523 7524 1269
f 7528 7527 1452
f 7526 7528 111
f 7527 7526 1451
f 7528 2646 111
f 2650 7528 1452
f 2646 2650 1453
f 7526 2635 1451
f 7525 7526 111
f 2635 7525 1271
f 7529 7527 1451
f 3247 7529 447
f 7527 3247 1452
f 7529 3241 447
f 2632 7529 1451
f 3241 2632 1450
f 7530 2631 1388
f 3127 7530 355
f 2631 3127 1450
f 7530 3238 355
f 2629 7530 1388
f 3238 2629 1328
f 2636 2634 1271
f 2630 2636 136
f 2634 2630 1388
f 7533 7532 1387
f 7531 7533 1331
f 7532 7531 1386
f 7533 2768 1331
f 7517 7533 1387
f 2768 7517 26
f 7532 2640 1387
f 2627 7532 1386
f 2640 2627 136
f 7535 2626 1386
f 7534 7535 291
f 2626 7534 1324
f 7535 2769 291
f 7531 7535 1386
f 2769 7531 1331
f 7536 2624 1324
f 3239 7536 1327
f 2624 3239 1328
f 7537 7536 1324
f 3237 7537 231
f 7536 3237 1327
f 7539 7538 1326
f 7537 7539 231
f 7538 7537 1324
f 7540 7539 1326
f 3150 7540 1321
f 7539 3150 231
f 7541 7540 1326
f 3153 7541 1322
f 7540 3153 1321
f 7542 7541 1326
f 2622 7542 1325
f 7541 2622 1322
f 7543 7534 291
f 7538 7543 1326
f 7534 7538 1324
f 7545 7544 1325
f 2771 7545 291
f 7544 2771 1330
f 7545 7543 291
f 7542 7545 1325
f 7543 7542 1326
f 7547 7546 1385
f 2623 7547 402
f 7546 2623 1325
f 7548 7544 1330
f 7546 7548 1385
f 7544 7546 1325
f 7549 2772 260
f 7548 7549 1385
f 2772 7548 1330
f 7551 7550 1125
f 7547 7551 402
f 7550 7547 1385
f 7551 2617 402
f 3178 7551 1125
f 2617 3178 1124
f 7553 7552 1476
f 7549 7553 1385
f 7552 7549 260
f 7554 7553 1476
f 7550 7554 1125
f 7553 7550 1385
f 7555 7554 1476
f 3180 7555 1478
f 7554 3180 1125
f 7557 7556 1259
f 7552 7557 1476
f 7556 7552 260
f 7558 2776 1466
f 7556 7558 1259
f 2776 7556 260
f 7560 7559 1257
f 2615 7560 1466
f 7559 2615 9
f 7563 7562 1472
f 7561 7563 251
f 7562 7561 1254
f 7564 7563 1472
f 2760 7564 1468
f 7563 2760 251
f 7565 7564 1472
f 2609 7565 1470
f 7564 2609 1468
f 7559 2600 1257
f 2610 7559 9
f 2600 2610 1470
f 7566 7560 1257
f 7558 7566 1259
f 7560 7558 1466
f 7565 2602 1470
f 2595 7565 1472
f 2602 2595 1471
f 7562 2597 1472
f 2592 7562 1254
f 2597 2592 1474
f 7568 7567 1248
f 2594 7568 1471
f 7567 2594 24
f 7570 7569 1246
f 7567 7570 1248
f 7569 7567 24
f 7570 2465 1248
f 2473 7570 1246
f 2465 2473 1247
f 7572 7571 1732
f 2598 7572 24
f 7571 2598 1474
f 7573 7572 1732
f 7569 7573 1246
f 7572 7569 24
f 7574 7573 1732
f 2475 7574 1731
f 7573 2475 1246
f 7576 7574 1732
f 7575 7576 343
f 7574 7575 1731
f 7578 7577 1733
f 7576 7578 343
f 7577 7576 1732
f 7577 2590 1733
f 7571 7577 1732
f 2590 7571 1474
f 7579 2593 1254
f 2576 7579 1256
f 2593 2576 40
f 7580 7579 1254
f 2564 7580 1255
f 7579 2564 1256
f 7580 2764 1255
f 7561 7580 1254
f 2764 7561 251
f 7581 2734 448
f 2765 7581 1469
f 2734 2765 1268
f 7582 7581 448
f 2574 7582 1463
f 7581 2574 1469
f 2733 2725 448
f 2732 2733 125
f 2725 2732 1267
f 2575 2565 1255
f 2571 2575 1463
f 2565 2571 432
f 7583 2727 1464
f 7582 7583 1463
f 2727 7582 448
f 7583 2572 1463
f 2794 7583 1464
f 2572 2794 876
f 7584 2568 879
f 2561 7584 878
f 2568 2561 432
f 7586 7584 879
f 7585 7586 877
f 7584 7585 878
f 7585 2588 878
f 2585 7585 877
f 2588 2585 464
f 7588 7587 882
f 2586 7588 12
f 7587 2586 877
f 7590 7589 1735
f 7587 7590 882
f 7589 7587 877
f 7589 2560 1735
f 7586 7589 877
f 2560 7586 879
f 7592 7590 1735
f 7591 7592 152
f 7590 7591 882
f 2567 2558 879
f 2556 2567 875
f 2558 2556 1736
f 7463 2797 874
f 2557 7463 349
f 2797 2557 875
f 7593 2554 1784
f 2555 7593 1736
f 2554 2555 349
f 7595 7593 1784
f 7594 7595 152
f 7593 7594 1736
f 7596 2551 1783
f 7595 7596 152
f 2551 7595 1784
f 7594 2559 1736
f 7592 7594 152
f 2559 7592 1735
f 2553 2548 1784
f 2546 2553 1737
f 2548 2546 1785
f 7599 7598 1791
f 7597 7599 480
f 7598 7597 868
f 7597 7460 868
f 2544 7597 480
f 7460 2544 869
f 7601 7598 868
f 7600 7601 368
f 7598 7600 1791
f 7601 7450 368
f 7456 7601 868
f 7450 7456 1793
f 7602 7600 368
f 2540 7602 1792
f 7600 2540 1791
f 7603 5311 797
f 7452 7603 368
f 5311 7452 790
f 7604 7603 797
f 7602 7604 1792
f 7603 7602 368
f 7605 5190 796
f 7604 7605 1792
f 5190 7604 797
f 7607 7606 1792
f 5239 7607 798
f 7606 5239 174
f 7607 5193 798
f 7605 7607 1792
f 5193 7605 796
f 7608 7606 174
f 2541 7608 1787
f 7606 2541 1792
f 7609 2539 1787
f 7599 7609 480
f 2539 7599 1791
f 7610 7609 1787
f 2545 7610 1785
f 7609 2545 480
f 7612 7611 1786
f 7610 7612 1785
f 7611 7610 1787
f 7613 7608 174
f 7611 7613 1786
f 7608 7611 1787
f 7614 5238 802
f 7613 7614 1786
f 5238 7613 174
f 7615 7612 1786
f 2549 7615 472
f 7612 2549 1785
f 7617 7616 804
f 7615 7617 472
f 7616 7615 1786
f 7619 7618 805
f 5235 7619 802
f 7618 5235 801
f 7620 2535 804
f 7619 7620 802
f 2535 7619 805
f 7620 7614 802
f 7616 7620 804
f 7614 7616 1786
f 7621 5977 301
f 5234 7621 801
f 5977 5234 759
f 7622 7621 301
f 7618 7622 805
f 7621 7618 801
f 7622 2537 805
f 5079 7622 301
f 2537 5079 803
f 7623 2533 1779
f 7617 7623 472
f 2533 7617 804
f 7624 7623 1779
f 2550 7624 1783
f 7623 2550 472
f 7626 7625 1780
f 2538 7626 484
f 7625 2538 803
f 7625 2529 1780
f 5960 7625 803
f 2529 5960 1782
f 7627 7626 1780
f 2531 7627 1781
f 7626 2531 484
f 7629 7627 1780
f 7628 7629 453
f 7627 7628 1781
f 7630 2528 1776
f 7629 7630 453
f 2528 7629 1780
f 7631 5961 445
f 2530 7631 1776
f 5961 2530 1782
f 7633 7632 1771
f 7631 7633 1776
f 7632 7631 445
f 7634 5956 1772
f 7632 7634 1771
f 5956 7632 445
f 7637 7636 1773
f 7635 7637 15
f 7636 7635 814
f 7638 7637 1773
f 5953 7638 1772
f 7637 5953 15
f 7639 7638 1773
f 7634 7639 1771
f 7638 7634 1772
f 7635 5669 814
f 5944 7635 15
f 5669 5944 812
f 7640 5664 810
f 7636 7640 1773
f 5664 7636 814
f 7642 7639 1773
f 7641 7642 10
f 7639 7641 1771
f 7642 5661 10
f 7640 7642 1773
f 5661 7640 810
f 7644 7643 1775
f 7641 7644 1771
f 7643 7641 10
f 7645 7644 1775
f 7633 7645 1776
f 7644 7633 1771
f 7646 7645 1775
f 7630 7646 453
f 7645 7630 1776
f 7648 7647 1777
f 7646 7648 453
f 7647 7646 1775
f 7649 5660 809
f 7643 7649 1775
f 5660 7643 10
f 7649 7647 1775
f 5657 7649 809
f 7647 5657 1777
f 7650 5503 897
f 5656 7650 1777
f 5503 5656 347
f 7652 7651 1778
f 7648 7652 453
f 7651 7648 1777
f 7652 7628 453
f 2526 7652 1778
f 7628 2526 1781
f 7653 7624 1779
f 7596 7653 152
f 7624 7596 1783
f 7654 2523 883
f 7653 7654 152
f 2523 7653 1779
f 7655 7654 883
f 7591 7655 882
f 7654 7591 152
f 7657 7656 884
f 7655 7657 882
f 7656 7655 883
f 7656 2522 884
f 2527 7656 883
f 2522 2527 1778
f 7658 7657 884
f 7588 7658 12
f 7657 7588 882
f 7651 2520 1778
f 7650 7651 1777
f 2520 7650 897
f 7660 7659 885
f 2518 7660 499
f 7659 2518 886
f 7662 7661 885
f 7658 7662 12
f 7661 7658 884
f 7663 7662 885
f 2582 7663 880
f 7662 2582 12
f 7661 7660 885
f 2521 7661 884
f 7660 2521 499
f 7665 7664 887
f 7663 7665 880
f 7664 7663 885
f 7667 7665 887
f 7666 7667 33
f 7665 7666 880
f 7668 7659 886
f 7664 7668 887
f 7659 7664 885
f 7670 7668 886
f 7669 7670 65
f 7668 7669 887
f 7670 5499 65
f 2517 7670 886
f 5499 2517 898
f 7669 2511 887
f 5493 7669 65
f 2511 5493 896
f 7671 2513 1734
f 7667 7671 33
f 2513 7667 887
f 7673 7672 888
f 7671 7673 33
f 7672 7671 1734
f 7675 7674 890
f 7673 7675 33
f 7674 7673 888
f 7676 2509 881
f 7675 7676 33
f 2509 7675 890
f 7677 7676 881
f 7666 7677 880
f 7676 7666 33
f 7677 2583 880
f 2579 7677 881
f 2583 2579 464
f 7679 7678 891
f 2578 7679 40
f 7678 2578 1473
f 7680 7679 891
f 2589 7680 1733
f 7679 2589 40
f 7678 2510 891
f 2580 7678 1473
f 2510 2580 881
f 7681 7680 891
f 7578 7681 343
f 7680 7578 1733
f 7682 2507 889
f 7681 7682 343
f 2507 7681 891
f 7674 2505 890
f 2502 7674 888
f 2505 2502 892
f 7683 2503 888
f 2500 7683 1730
f 2503 2500 467
f 7686 7685 1734
f 7684 7686 155
f 7685 7684 1730
f 7686 5494 155
f 2512 7686 1734
f 5494 2512 896
f 7685 7672 1734
f 7683 7685 1730
f 7672 7683 888
f 7687 2499 1729
f 2506 7687 889
f 2499 2506 892
f 7688 2493 893
f 7687 7688 889
f 2493 7687 1729
f 7689 7688 893
f 7682 7689 343
f 7688 7682 889
f 7689 7575 343
f 2496 7689 893
f 7575 2496 1731
f 7690 7684 155
f 2498 7690 1729
f 7684 2498 1730
f 7691 7690 155
f 2490 7691 1728
f 7690 2490 1729
f 7692 5495 895
f 7691 7692 1728
f 5495 7691 155
f 7693 7692 895
f 2482 7693 1725
f 7692 2482 1728
f 7695 7694 1725
f 6737 7695 496
f 7694 6737 904
f 7695 5496 496
f 7693 7695 1725
f 5496 7693 895
f 7694 2488 1725
f 4802 7694 904
f 2488 4802 1724
f 7696 5630 1584
f 2486 7696 182
f 5630 2486 1727
f 7697 2487 182
f 2483 7697 1251
f 2487 2483 1725
f 7698 2481 1251
f 2491 7698 351
f 2481 2491 1728
f 7699 7698 1251
f 2494 7699 1250
f 7698 2494 351
f 7701 7700 1249
f 7697 7701 1251
f 7700 7697 182
f 7702 7696 1584
f 7700 7702 1249
f 7696 7700 182
f 7701 7699 1251
f 2479 7701 1249
f 7699 2479 1250
f 7703 2480 1249
f 2471 7703 1253
f 2480 2471 319
f 7704 7702 1584
f 7703 7704 1253
f 7702 7703 1249
f 7705 5628 279
f 7704 7705 1253
f 5628 7704 1584
f 7705 2470 1253
f 5625 7705 279
f 2470 5625 1252
f 7706 2463 1475
f 7568 7706 1471
f 2463 7568 1248
f 7707 7706 1475
f 2603 7707 107
f 7706 2603 1471
f 7707 2604 107
f 2461 7707 1475
f 2604 2461 1581
f 7708 2462 370
f 2460 7708 1580
f 2462 2460 1475
f 7709 7708 370
f 2427 7709 1583
f 7708 2427 1580
f 7710 2468 1252
f 7709 7710 1583
f 2468 7709 370
f 7712 7710 1252
f 7711 7712 210
f 7710 7711 1583
f 7713 5624 1025
f 7712 7713 210
f 5624 7712 1252
f 7714 5627 1027
f 7713 7714 210
f 5627 7713 1025
f 7715 5684 1029
f 7714 7715 210
f 5684 7714 1027
f 7717 7716 1036
f 7711 7717 1583
f 7716 7711 210
f 7719 7718 1035
f 7715 7719 210
f 7718 7715 1029
f 7720 7719 1035
f 7716 7720 1036
f 7719 7716 210
f 7722 7721 1034
f 5437 7722 1029
f 7721 5437 411
f 7723 7722 1034
f 7718 7723 1035
f 7722 7718 1029
f 7724 7721 411
f 2459 7724 1574
f 7721 2459 1034
f 7724 5687 1574
f 5436 7724 411
f 5687 5436 1575
f 5689 5422 1046
f 5425 5689 1573
f 5422 5425 78
f 5421 2452 1046
f 5359 5421 1044
f 2452 5359 1045
f 7727 7726 1134
f 7725 7727 1045
f 7726 7725 1136
f 7725 5367 1136
f 5358 7725 1045
f 5367 5358 487
f 7729 7726 1136
f 7728 7729 342
f 7726 7728 1134
f 7730 7728 342
f 2450 7730 1133
f 7728 2450 1134
f 7731 7727 1134
f 2453 7731 169
f 7727 2453 1045
f 7731 2456 169
f 2449 7731 1134
f 2456 2449 1135
f 7723 2435 1035
f 2457 7723 1034
f 2435 2457 1135
f 7720 2430 1036
f 2433 7720 1035
f 2430 2433 1037
f 7717 2428 1583
f 2429 7717 1036
f 2428 2429 195
f 2605 2416 1258
f 2421 2605 1581
f 2416 2421 1582
f 7566 2414 1259
f 2607 7566 1257
f 2414 2607 1258
f 7733 7732 1477
f 7555 7733 1478
f 7732 7555 1476
f 7735 7732 1476
f 7734 7735 119
f 7732 7734 1477
f 7735 2413 119
f 7557 7735 1476
f 2413 7557 1259
f 7736 7733 1477
f 3218 7736 394
f 7733 3218 1478
f 7736 3187 394
f 2412 7736 1477
f 3187 2412 1578
f 7737 7734 119
f 2410 7737 1579
f 7734 2410 1477
f 7738 2417 1582
f 7737 7738 1579
f 2417 7737 119
f 7739 2418 297
f 7738 7739 1579
f 2418 7738 1582
f 3214 2408 1577
f 2411 3214 1578
f 2408 2411 1579
f 7740 7739 297
f 2409 7740 1038
f 7739 2409 1579
f 7741 2405 1576
f 2407 7741 1577
f 2405 2407 1038
f 7741 3216 1577
f 3207 7741 1576
f 3216 3207 64
f 7743 7742 1040
f 7740 7743 1038
f 7742 7740 297
f 7744 2420 1039
f 7742 7744 1040
f 2420 7742 297
f 7745 2425 195
f 7744 7745 1040
f 2425 7744 1039
f 7746 2431 1037
f 7745 7746 1040
f 2431 7745 195
f 7746 2448 1040
f 2443 7746 1037
f 2448 2443 1041
f 7743 2406 1038
f 2447 7743 1040
f 2406 2447 14
f 7747 2403 1131
f 3208 7747 1127
f 2403 3208 1576
f 7749 7747 1131
f 7748 7749 425
f 7747 7748 1127
f 7749 4276 425
f 2400 7749 1131
f 4276 2400 1130
f 2446 2402 14
f 2401 2446 1043
f 2402 2401 1131
f 7752 7751 1042
f 7750 7752 360
f 7751 7750 1043
f 7753 7752 1042
f 2396 7753 1132
f 7752 2396 360
f 7751 2441 1042
f 2445 7751 1043
f 2441 2445 1041
f 7754 2439 1133
f 7753 7754 1132
f 2439 7753 1042
f 7755 7730 342
f 7754 7755 1132
f 7730 7754 1133
f 7756 7750 360
f 2399 7756 1130
f 7750 2399 1043
f 7757 7756 360
f 4278 7757 1140
f 7756 4278 1130
f 7758 4281 1140
f 2390 7758 1141
f 4281 2390 1139
f 7758 2398 1141
f 7757 7758 1140
f 2398 7757 360
f 7759 2397 1132
f 2392 7759 1239
f 2397 2392 1141
f 7760 7755 342
f 7759 7760 1239
f 7755 7759 1132
f 7761 5373 1138
f 7729 7761 342
f 5373 7729 1136
f 7761 7760 342
f 2394 7761 1138
f 7760 2394 1239
f 5375 2395 1138
f 2387 5375 1240
f 2395 2387 108
f 7762 5380 1231
f 2388 7762 1506
f 5380 2388 1240
f 7765 7764 1506
f 7763 7765 485
f 7764 7763 1107
f 7766 7762 1231
f 7765 7766 485
f 7762 7765 1506
f 7768 7767 1107
f 2381 7768 300
f 7767 2381 1505
f 7767 7764 1107
f 2385 7767 1505
f 7764 2385 1506
f 7769 2386 1505
f 2389 7769 1139
f 2386 2389 108
f 7770 7769 1505
f 4282 7770 143
f 7769 4282 1139
f 7771 2380 1504
f 7770 7771 143
f 2380 7770 1505
f 7772 7771 1504
f 4287 7772 1153
f 7771 4287 143
f 7773 7772 1504
f 4212 7773 8
f 7772 4212 1153
f 7773 4216 8
f 2383 7773 1504
f 4216 2383 1503
f 7775 2378 1499
f 7774 7775 300
f 2378 7774 1108
f 7775 2382 300
f 4220 7775 1499
f 2382 4220 1503
f 7777 2377 1500
f 7776 7777 17
f 2377 7776 1499
f 7779 7778 1112
f 7777 7779 17
f 7778 7777 1500
f 7780 2371 1121
f 7778 7780 1112
f 2371 7778 1500
f 7782 7780 1121
f 7781 7782 180
f 7780 7781 1112
f 7785 7784 1120
f 7783 7785 180
f 7784 7783 1123
f 7787 7786 1123
f 2374 7787 1121
f 7786 2374 1122
f 7789 2325 1509
f 7788 7789 1103
f 2325 7788 1511
f 7792 7791 1496
f 7790 7792 1101
f 7791 7790 1495
f 7794 7792 1496
f 7793 7794 214
f 7792 7793 1101
f 7796 7791 1495
f 7795 7796 242
f 7791 7795 1496
f 7798 7790 1101
f 7797 7798 118
f 7790 7797 1495
f 7800 7799 1103
f 7798 7800 118
f 7799 7798 1101
f 7801 7789 1509
f 7800 7801 118
f 7789 7800 1103
f 7803 7802 1102
f 7799 7803 1103
f 7802 7799 1101
f 7804 7793 214
f 7802 7804 1102
f 7793 7802 1101
f 7806 7805 1122
f 7804 7806 1102
f 7805 7804 214
f 7807 7805 214
f 7786 7807 1123
f 7805 7786 1122
f 7787 7782 1121
f 7783 7787 1123
f 7782 7783 180
f 7808 2369 1104
f 2373 7808 1122
f 2369 2373 331
f 7808 7806 1122
f 2360 7808 1104
f 7806 2360 1102
f 2376 2368 331
f 2365 2376 1108
f 2368 2365 1105
f 7774 2366 1108
f 7768 7774 300
f 2366 7768 1107
f 7809 7763 485
f 2367 7809 1105
f 7763 2367 1107
f 7811 7810 1103
f 2358 7811 307
f 7810 2358 1507
f 7811 2359 307
f 7803 7811 1103
f 2359 7803 1102
f 7810 7788 1103
f 2333 7810 1507
f 7788 2333 1511
f 2364 2361 1104
f 2356 2364 1106
f 2361 2356 307
f 7812 7809 485
f 2363 7812 1106
f 7809 2363 1105
f 7815 7814 1228
f 7813 7815 485
f 7814 7813 1229
f 7816 7815 1228
f 7812 7816 1106
f 7815 7812 485
f 7813 2354 1229
f 7766 7813 485
f 2354 7766 1231
f 7269 5406 1236
f 2350 7269 1235
f 5406 2350 1234
f 7814 2337 1228
f 2351 7814 1229
f 2337 2351 1230
f 7816 2357 1106
f 2335 7816 1228
f 2357 2335 1507
f 7817 2329 1512
f 2340 7817 151
f 2329 2340 1514
f 3363 2330 1514
f 3362 3363 371
f 2330 3362 1515
f 7817 2332 151
f 2327 7817 1512
f 2332 2327 1511
f 7818 7306 1513
f 2328 7818 286
f 7306 2328 1512
f 7818 2321 286
f 2315 7818 1513
f 2321 2315 1510
f 7819 7307 131
f 2316 7819 1349
f 7307 2316 1513
f 7820 3162 1350
f 3167 7820 131
f 3162 3167 1381
f 7820 7819 131
f 2312 7820 1350
f 7819 2312 1349
f 2318 2308 16
f 2311 2318 1349
f 2308 2311 1342
f 7821 3159 419
f 2313 7821 1342
f 3159 2313 1350
f 7823 7822 1343
f 3331 7823 419
f 7822 3331 1332
f 7824 7823 1343
f 7821 7824 1342
f 7823 7821 419
f 7826 7825 1343
f 3170 7826 427
f 7825 3170 1347
f 7826 3222 427
f 7822 7826 1343
f 3222 7822 1332
f 7827 2305 1344
f 7825 7827 1343
f 2305 7825 1347
f 7830 7829 1344
f 7828 7830 326
f 7829 7828 1346
f 7831 2307 1345
f 7830 7831 326
f 2307 7830 1344
f 7832 7829 1346
f 2310 7832 16
f 7829 2310 1344
f 7827 7824 1343
f 2309 7827 1344
f 7824 2309 1342
f 7832 2319 16
f 2304 7832 1346
f 2319 2304 1508
f 7833 2323 1508
f 7801 7833 118
f 2323 7801 1509
f 7834 2303 1493
f 7833 7834 118
f 2303 7833 1508
f 7837 7836 1493
f 7835 7837 326
f 7836 7835 1494
f 7837 7828 326
f 2302 7837 1493
f 7828 2302 1346
f 7839 7838 1495
f 7836 7839 1493
f 7838 7836 1494
f 7839 7834 1493
f 7797 7839 1495
f 7834 7797 118
f 7840 7838 1494
f 7796 7840 242
f 7838 7796 1495
f 7841 7835 326
f 2301 7841 1484
f 7835 2301 1494
f 7842 7831 1345
f 7841 7842 1484
f 7831 7841 326
f 7843 7842 1345
f 2298 7843 1485
f 7842 2298 1484
f 7843 3173 1485
f 3219 7843 1345
f 3173 3219 101
f 7844 2296 1485
f 3195 7844 161
f 2296 3195 1486
f 7844 3196 161
f 3172 7844 1485
f 3196 3172 1480
f 7846 7845 1491
f 2289 7846 1492
f 7845 2289 164
f 7847 2300 1492
f 7840 7847 242
f 2300 7840 1494
f 7848 7846 1491
f 7847 7848 242
f 7846 7847 1492
f 2299 2290 1492
f 2297 2299 1484
f 2290 2297 66
f 7849 2286 1497
f 7848 7849 242
f 2286 7848 1491
f 7850 7849 1497
f 7795 7850 1496
f 7849 7795 242
f 7851 7845 164
f 2287 7851 1490
f 7845 2287 1491
f 7853 7852 1488
f 3191 7853 164
f 7852 3191 1487
f 7853 7851 164
f 2279 7853 1488
f 7851 2279 1490
f 7852 2285 1488
f 3193 7852 1487
f 2285 3193 1483
f 3201 3199 1481
f 2282 3201 1244
f 3199 2282 1483
f 7854 3211 1129
f 2283 7854 243
f 3211 2283 1244
f 7856 7855 1243
f 7854 7856 243
f 7855 7854 1129
f 7859 7858 1128
f 7857 7859 165
f 7858 7857 1243
f 7858 3210 1128
f 7855 7858 1243
f 3210 7855 1129
f 7861 7860 1117
f 7857 7861 1243
f 7860 7857 165
f 7863 7862 1245
f 7861 7863 1243
f 7862 7861 1117
f 7864 7863 1245
f 7856 7864 243
f 7863 7856 1243
f 7864 2284 243
f 2280 7864 1245
f 2284 2280 1488
f 7865 2273 1498
f 7850 7865 1496
f 2273 7850 1497
f 7866 7865 1498
f 7794 7866 214
f 7865 7794 1496
f 7867 7866 1498
f 7807 7867 1123
f 7866 7807 214
f 7867 7784 1123
f 2270 7867 1498
f 7784 2270 1120
f 7868 2272 67
f 2271 7868 1116
f 2272 2271 1498
f 7869 7862 1117
f 2278 7869 67
f 7862 2278 1245
f 7869 7868 67
f 2266 7869 1117
f 7868 2266 1116
f 7871 2269 1116
f 7870 7871 48
f 2269 7870 1120
f 7872 2268 1118
f 7871 7872 48
f 2268 7871 1116
f 7873 7860 165
f 2267 7873 1118
f 7860 2267 1117
f 7875 7874 1217
f 7873 7875 1118
f 7874 7873 165
f 7877 7876 1219
f 7859 7877 165
f 7876 7859 1128
f 7878 7877 1219
f 7874 7878 1217
f 7877 7874 165
f 7880 7876 1128
f 7879 7880 425
f 7876 7879 1219
f 7880 7748 425
f 3209 7880 1128
f 7748 3209 1127
f 7879 2264 1219
f 4277 7879 425
f 2264 4277 1242
f 7882 7881 1220
f 4289 7882 299
f 7881 4289 1214
f 7883 4196 1145
f 7881 7883 1220
f 4196 7881 1214
f 7885 7884 1217
f 7882 7885 299
f 7884 7882 1220
f 7885 2263 299
f 7878 7885 1217
f 2263 7878 1219
f 7886 4293 133
f 7883 7886 1220
f 4293 7883 1145
f 7888 7887 1218
f 7886 7888 1220
f 7887 7886 133
f 7889 7888 1218
f 7884 7889 1217
f 7888 7884 1220
f 7890 7889 1218
f 7875 7890 1118
f 7889 7875 1217
f 7891 7890 1218
f 7872 7891 48
f 7890 7872 1118
f 7893 7892 1501
f 7891 7893 48
f 7892 7891 1218
f 7894 2262 1119
f 7893 7894 48
f 2262 7893 1501
f 7895 7894 1119
f 7870 7895 1120
f 7894 7870 48
f 7896 7895 1119
f 7785 7896 180
f 7895 7785 1120
f 7897 7896 1119
f 7781 7897 1112
f 7896 7781 180
f 7898 2261 1113
f 7897 7898 1112
f 2261 7897 1119
f 7899 7887 133
f 7892 7899 1501
f 7887 7892 1218
f 7900 7899 133
f 2260 7900 1144
f 7899 2260 1501
f 7902 2255 1144
f 7901 7902 1142
f 2255 7901 1216
f 7902 4295 1142
f 7900 7902 1144
f 4295 7900 133
f 7904 7903 1216
f 4184 7904 1143
f 7903 4184 96
f 7904 4297 1143
f 7901 7904 1216
f 4297 7901 1142
f 7903 2257 1216
f 4182 7903 96
f 2257 4182 1502
f 7905 2251 1114
f 2252 7905 1113
f 2251 2252 415
f 7906 7905 1114
f 7898 7906 1112
f 7905 7898 1113
f 7908 2248 1109
f 7907 7908 17
f 2248 7907 1114
f 7907 7906 1114
f 7779 7907 17
f 7906 7779 1112
f 7909 7776 17
f 4221 7909 1111
f 7776 4221 1499
f 7909 2247 1111
f 7908 7909 17
f 2247 7908 1109
f 4223 2246 1110
f 4218 4223 1201
f 2246 4218 1111
f 7910 2258 1502
f 2250 7910 1115
f 2258 2250 415
f 7910 2240 1115
f 2237 7910 1502
f 2240 2237 1174
f 7912 7911 1167
f 2234 7912 378
f 7911 2234 1168
f 7914 7913 1167
f 4332 7914 1164
f 7913 4332 193
f 7914 4302 1164
f 7911 7914 1167
f 4302 7911 1168
f 7913 2229 1167
f 4337 7913 193
f 2229 4337 1169
f 7915 4165 1171
f 2230 7915 1172
f 4165 2230 1169
f 7916 2231 1172
f 7912 7916 378
f 2231 7912 1167
f 7918 7917 1174
f 2220 7918 1172
f 7917 2220 1173
f 7918 7916 1172
f 2235 7918 1174
f 7916 2235 378
f 7919 7917 1173
f 2241 7919 308
f 7917 2241 1174
f 7920 7919 1173
f 2244 7920 1110
f 7919 2244 308
f 7922 7921 1156
f 4224 7922 352
f 7921 4224 1110
f 7921 2228 1156
f 7920 7921 1110
f 2228 7920 1173
f 7923 7922 1156
f 4228 7923 1155
f 7922 4228 352
f 7924 2226 1154
f 7923 7924 1155
f 2226 7923 1156
f 7915 2221 1172
f 2222 7915 1171
f 2221 2222 79
f 8580 8739 8750
f 8581 8751 8669
f 8582 8668 8740
f 8583 8750 8752
f 8584 7926 8753
f 7925 8585 8751
f 8586 8754 8755
f 8587 8756 8757
f 8588 8758 8759
f 8589 8755 8760
f 7926 8590 8753
f 8591 8752 8756
f 8592 8737 8761
f 8593 8762 8758
f 8594 8757 8738
f 8595 8651 8763
f 8596 8764 8762
f 8597 8761 8648
f 8598 6319 8694
f 8599 8765 8698
f 8600 8697 8695
f 8601 8699 8766
f 8602 8767 8764
f 8603 8763 8700
f 7936 8604 8768
f 8605 8769 8767
f 8606 8766 8770
f 7938 7937 957
f 7935 7938 959
f 393 8771 8770
f 7937 6328 957
f 393 8765 8771
f 6328 7933 955
f 8607 8759 8769
f 8608 7936 8768
f 8609 8612 8754
f 7930 2224 1157
f 1158 8610 8760
f 2224 2212 1154
f 7924 2210 1155
f 2211 7924 1154
f 2210 2211 257
f 7940 7939 958
f 7938 7940 959
f 7939 7938 957
f 7940 2215 959
f 2206 7940 958
f 2215 2206 257
f 7941 6329 206
f 7939 7941 958
f 6329 7939 957
f 7943 7942 1652
f 7941 7943 958
f 7942 7941 206
f 7944 6494 1651
f 7942 7944 1652
f 6494 7942 206
f 7947 7946 1652
f 7945 7947 216
f 7946 7945 1196
f 7947 4886 216
f 7944 7947 1652
f 4886 7944 1651
f 7949 2207 958
f 7948 7949 139
f 2207 7948 1213
f 7950 7943 1652
f 7949 7950 139
f 7943 7949 958
f 7948 4271 1213
f 2205 7948 139
f 4271 2205 1200
f 7951 7946 1196
f 7950 7951 139
f 7946 7950 1652
f 7951 2202 139
f 2198 7951 1196
f 2202 2198 1195
f 7945 2199 1196
f 6502 7945 216
f 2199 6502 1197
f 4263 4257 1205
f 2192 4263 1198
f 4257 2192 1203
f 4256 4253 1180
f 2188 4256 1204
f 4253 2188 262
f 4252 4092 921
f 2187 4252 262
f 4092 2187 922
f 7952 2190 1203
f 2186 7952 1697
f 2190 2186 262
f 7953 2191 116
f 7952 7953 1697
f 2191 7952 1203
f 7954 7953 116
f 2184 7954 1698
f 7953 2184 1697
f 7954 6504 1698
f 2197 7954 116
f 6504 2197 1197
f 7955 6505 97
f 2185 7955 918
f 6505 2185 1698
f 7956 4875 915
f 7955 7956 918
f 4875 7955 97
f 7956 2180 918
f 4872 7956 915
f 2180 4872 919
f 4086 2175 923
f 2176 4086 920
f 2175 2176 52
f 4087 4083 924
f 2171 4087 923
f 4083 2171 925
f 4870 2174 919
f 2172 4870 475
f 2174 2172 923
f 6531 4866 57
f 2162 6531 618
f 4866 2162 914
f 7958 7957 617
f 6534 7958 616
f 7957 6534 132
f 7958 6532 616
f 2159 7958 617
f 6532 2159 618
f 7960 7959 623
f 2160 7960 373
f 7959 2160 617
f 7961 7960 623
f 2165 7961 619
f 7960 2165 373
f 7962 2151 623
f 2156 7962 615
f 2151 2156 479
f 7963 7959 617
f 7962 7963 615
f 7959 7962 623
f 7964 7957 132
f 7963 7964 615
f 7957 7963 617
f 7965 6537 1901
f 7964 7965 615
f 6537 7964 132
f 7966 7965 1901
f 2157 7966 614
f 7965 2157 615
f 7966 6679 614
f 6544 7966 1901
f 6679 6544 1903
f 6677 2155 614
f 6673 6677 245
f 2155 6673 613
f 7967 2146 622
f 7961 7967 619
f 2146 7961 623
f 7968 2168 619
f 2169 7968 620
f 2168 2169 475
f 7969 7967 622
f 7968 7969 620
f 7967 7968 619
f 7970 6666 625
f 2143 7970 45
f 6666 2143 624
f 7972 7971 1881
f 7970 7972 45
f 7971 7970 625
f 7971 2138 1881
f 6584 7971 625
f 2138 6584 1896
f 7973 6630 1895
f 2140 7973 1881
f 6630 2140 1897
f 7974 6622 71
f 7973 7974 1881
f 6622 7973 1895
f 7976 7975 633
f 7972 7976 45
f 7975 7972 1881
f 7976 2144 45
f 2130 7976 633
f 2144 2130 1882
f 7969 2136 620
f 2145 7969 622
f 2136 2145 1882
f 7977 2129 632
f 2137 7977 399
f 2129 2137 1882
f 7978 7974 71
f 7975 7978 633
f 7974 7975 1881
f 7978 2128 633
f 6621 7978 71
f 2128 6621 631
f 7979 2123 1880
f 7977 7979 399
f 2123 7977 632
f 7980 7979 1880
f 2131 7980 1696
f 7979 2131 399
f 7981 7980 1880
f 4085 7981 317
f 7980 4085 1696
f 7982 2120 928
f 7981 7982 317
f 2120 7981 1880
f 7982 4078 317
f 4374 7982 928
f 4078 4374 926
f 7983 2122 482
f 2121 7983 635
f 2122 2121 1880
f 7985 7984 636
f 7983 7985 635
f 7984 7983 482
f 7986 7985 636
f 4490 7986 634
f 7985 4490 635
f 7986 4042 634
f 2118 7986 636
f 4042 2118 1879
f 7988 2116 636
f 7987 7988 83
f 2116 7987 1878
f 7989 7988 636
f 2113 7989 1885
f 7988 2113 83
f 7990 7984 482
f 7989 7990 1885
f 7984 7989 636
f 7991 2126 631
f 7990 7991 1885
f 2126 7990 482
f 7992 6620 1883
f 7991 7992 1885
f 6620 7991 631
f 7993 7992 1883
f 2114 7993 1884
f 7992 2114 1885
f 7995 7994 1887
f 7987 7995 1878
f 7994 7987 83
f 7995 4020 1878
f 2112 7995 1887
f 4020 2112 1888
f 7997 7996 1886
f 2115 7997 83
f 7996 2115 1884
f 7997 7994 83
f 2107 7997 1886
f 7994 2107 1887
f 7999 7993 1883
f 7998 7999 205
f 7993 7998 1884
f 8000 2103 1886
f 6627 8000 205
f 2103 6627 1894
f 8000 7998 205
f 7996 8000 1886
f 7998 7996 1884
f 7999 6613 205
f 6616 7999 1883
f 6613 6616 629
f 4007 2105 1891
f 2108 4007 171
f 2105 2108 1886
f 8001 6625 270
f 2104 8001 1891
f 6625 2104 1894
f 8003 8002 1892
f 8001 8003 1891
f 8002 8001 270
f 8005 8004 1893
f 8002 8005 1892
f 8004 8002 270
f 8003 4008 1891
f 2099 8003 1892
f 4008 2099 1890
f 4010 2089 655
f 2097 4010 153
f 2089 2097 656
f 8006 2091 144
f 2086 8006 657
f 2091 2086 654
f 8007 8006 144
f 2077 8007 1864
f 8006 2077 657
f 8008 2088 654
f 4006 8008 212
f 2088 4006 655
f 8009 2087 658
f 8008 8009 212
f 2087 8008 654
f 8010 8009 658
f 4014 8010 661
f 8009 4014 212
f 8011 2082 660
f 8010 8011 661
f 2082 8010 658
f 8013 8012 660
f 4498 8013 659
f 8012 4498 314
f 8012 8011 660
f 3999 8012 314
f 8011 3999 661
f 8013 4502 659
f 2080 8013 660
f 4502 2080 652
f 8014 2076 653
f 2085 8014 247
f 2076 2085 657
f 8015 2079 247
f 4507 8015 651
f 2079 4507 652
f 8016 8014 653
f 8015 8016 651
f 8014 8015 247
f 8016 4509 651
f 2073 8016 653
f 4509 2073 239
f 8017 2075 1861
f 3991 8017 679
f 2075 3991 239
f 8017 3964 679
f 2072 8017 1861
f 3964 2072 676
f 4537 2070 674
f 3960 4537 675
f 2070 3960 676
f 2078 2074 653
f 2068 2078 1864
f 2074 2068 1861
f 8018 8007 144
f 2065 8018 671
f 8007 2065 1864
f 8018 2062 671
f 2094 8018 144
f 2062 2094 672
f 8019 2063 673
f 2066 8019 13
f 2063 2066 671
f 8019 2069 13
f 2061 8019 673
f 2069 2061 674
f 8020 2060 1863
f 4538 8020 362
f 2060 4538 674
f 8020 4540 362
f 2059 8020 1863
f 4540 2059 1984
f 8022 4542 1984
f 8021 8022 390
f 4542 8021 1979
f 8021 4548 1979
f 4545 8021 390
f 4548 4545 1980
f 8023 2058 1985
f 8022 8023 390
f 2058 8022 1984
f 8026 8025 670
f 8024 8026 539
f 8025 8024 1985
f 8024 8023 1985
f 4546 8024 539
f 8023 4546 390
f 8027 2102 669
f 2096 8027 668
f 2102 2096 153
f 8028 2047 670
f 8027 8028 668
f 2047 8027 669
f 8029 8028 670
f 2051 8029 56
f 8028 2051 668
f 8029 2056 56
f 8025 8029 670
f 2056 8025 1985
f 8030 8005 1893
f 2101 8030 669
f 8005 2101 1892
f 8030 2048 669
f 2042 8030 1893
f 2048 2042 461
f 8031 6612 537
f 8004 8031 1893
f 6612 8004 270
f 8031 2043 1893
f 6610 8031 537
f 2043 6610 536
f 8032 2046 461
f 8026 8032 539
f 2046 8026 670
f 8033 2045 540
f 8032 8033 539
f 2045 8032 461
f 8034 8033 540
f 4547 8034 541
f 8033 4547 539
f 8035 6609 538
f 2040 8035 413
f 6609 2040 535
f 8036 6775 1983
f 8035 8036 413
f 6775 8035 538
f 8034 2034 541
f 2036 8034 540
f 2034 2036 1982
f 4549 2032 1978
f 4544 4549 1980
f 2032 4544 541
f 8036 2035 413
f 2027 8036 1983
f 2035 2027 1982
f 8037 2023 1981
f 4692 8037 6
f 2023 4692 2008
f 8037 4693 6
f 2028 8037 1981
f 4693 2028 1983
f 8040 8039 2009
f 8038 8040 211
f 8039 8038 2010
f 8042 8039 2010
f 8041 8042 87
f 8039 8041 2009
f 8043 8042 2010
f 2031 8043 1978
f 8042 2031 87
f 8041 2025 2009
f 2030 8041 87
f 2025 2030 1981
f 8044 8043 2010
f 3940 8044 126
f 8043 3940 1978
f 8045 8044 2010
f 4550 8045 502
f 8044 4550 126
f 8046 2020 501
f 3937 8046 92
f 2020 3937 1976
f 8047 8046 501
f 3929 8047 1974
f 8046 3929 92
f 8049 2022 502
f 8048 8049 211
f 2022 8048 501
f 8049 8038 211
f 8045 8049 502
f 8038 8045 2010
f 8050 4690 503
f 8048 8050 501
f 4690 8048 211
f 8051 8040 2009
f 4688 8051 2007
f 8040 4688 211
f 8051 4687 2007
f 2024 8051 2009
f 4687 2024 2008
f 4680 2017 2006
f 4571 4680 2004
f 2017 4571 547
f 4560 2012 546
f 3932 4560 1968
f 2012 3932 1974
f 8052 2013 1974
f 2018 8052 503
f 2013 2018 31
f 8052 8050 503
f 8047 8052 1974
f 8050 8047 501
f 3429 8053 8055
f 8053 3430 8054
f 8055 8054 3426
f 3431 8056 8058
f 8056 3432 8057
f 8058 8057 3429
f 3474 8059 8061
f 8059 3475 8060
f 8061 8060 3473
f 3477 8062 8064
f 8062 3478 8063
f 8064 8063 3476
f 3479 8065 8067
f 8065 3480 8066
f 8067 8066 3476
f 3487 3488 8389
f 8068 8069 8389
f 3489 8070 8072
f 8070 3490 8071
f 8072 8071 3486
f 3492 3493 8074
f 8073 8074 3493
f 3647 3648 8390
f 8075 8076 8390
f 5734 8077 8391
f 8077 5735 8379
f 8079 8078 8392
f 5736 8393 8082
f 8080 8394 8081
f 8082 8380 5735
f 5738 8083 8085
f 8083 5739 8084
f 8085 8084 5737
f 5740 8086 8088
f 8086 5741 8087
f 8088 8087 5739
f 5738 8089 8091
f 8089 5743 8090
f 8091 8090 5742
f 5790 8092 8094
f 8092 5791 8093
f 8094 8093 5789
f 5793 8095 8097
f 8095 5794 8096
f 8097 8096 5789
f 5808 8098 8100
f 8098 5809 8099
f 8100 8099 5807
f 5810 5811 8395
f 8101 8102 8395
f 5773 8396 5746
f 8104 8396 8103
f 5744 8397 5806
f 8106 8397 8105
f 5816 8107 8109
f 8107 5817 8108
f 8109 8108 5807
f 5777 8110 8112
f 8110 5818 8111
f 8112 8111 5815
f 5819 8113 8115
f 8113 5820 8114
f 8115 8114 5818
f 5820 8116 8118
f 8116 5821 8117
f 8118 8117 5817
f 5821 8119 8121
f 8119 5823 8120
f 8121 8120 5822
f 5743 8122 8124
f 8122 5824 8123
f 8124 8123 5823
f 5819 8125 8127
f 8125 5825 8126
f 8127 8126 5742
f 5826 8128 8130
f 8128 5827 8129
f 8130 8129 5825
f 5740 8131 8133
f 8131 5827 8132
f 8133 8132 5790
f 5824 8134 8136
f 8134 5828 8135
f 8136 8135 5822
f 5808 8137 8139
f 8137 5828 8138
f 8139 8138 5736
f 5829 8140 8142
f 8140 5830 8141
f 8142 8141 5733
f 8143 8398 8144
f 5814 8398 5831
f 5741 8145 8147
f 8145 5846 8146
f 8147 8146 5829
f 5847 5848 8399
f 8148 8149 8399
f 5848 8400 8151
f 8150 8400 5849
f 3533 8152 8401
f 8153 7139 8401
f 8154 8381 3506
f 7167 8155 8402
f 8156 3502 8402
f 7172 8157 8159
f 8157 7173 8158
f 8159 8158 3491
f 7173 8160 8162
f 8160 7174 8161
f 8162 8161 7140
f 3490 8163 8165
f 8163 7172 8164
f 8165 8164 7169
f 3481 8403 7176
f 8167 8403 8166
f 7180 8168 8170
f 8168 7181 8169
f 8170 8169 7179
f 7181 8171 8173
f 8171 7182 8172
f 8173 8172 3489
f 7182 8174 8176
f 8174 7183 8175
f 8176 8175 7174
f 3477 8177 8179
f 8177 7184 8178
f 8179 8178 7183
f 7184 8180 8182
f 8180 7185 8181
f 8182 8181 3646
f 7185 8183 8185
f 8183 7186 8184
f 8185 8184 7043
f 3480 8186 8188
f 8186 7187 8187
f 8188 8187 7186
f 7187 8189 8191
f 8189 7189 8190
f 8191 8190 7188
f 7190 8192 8194
f 8192 7191 8193
f 8194 8193 3473
f 7180 8195 8197
f 8195 7190 8196
f 8197 8196 3478
f 3475 8198 8200
f 8198 7192 8199
f 8200 8199 3479
f 7193 8201 8203
f 8201 7194 8202
f 8203 8202 7189
f 3432 8204 8206
f 8204 7193 8205
f 8206 8205 7192
f 3474 8207 8209
f 8207 7195 8208
f 8209 8208 3430
f 3472 8210 8404
f 8211 3483 8404
f 3471 8405 8213
f 8212 8405 7225
f 3430 8053 8215
f 8053 3429 8214
f 8215 8214 1547
f 3426 8406 1546
f 8216 8406 8054
f 8055 8407 8217
f 452 8407 3426
f 8056 8408 8218
f 1058 8408 3431
f 3429 8057 8214
f 8057 3432 8219
f 8214 8219 1547
f 3431 8409 452
f 8217 8409 8058
f 3472 8410 8221
f 8220 8410 3471
f 3475 8059 8223
f 8059 3474 8222
f 8223 8222 1547
f 3473 8060 8225
f 8060 3475 8224
f 8225 8224 418
f 3474 8061 8227
f 8061 3473 8226
f 8227 8226 1548
f 3478 8062 8229
f 8062 3477 8228
f 8229 8228 1065
f 3476 8063 8231
f 8063 3478 8230
f 8231 8230 418
f 3477 8064 8233
f 8064 3476 8232
f 8233 8232 1067
f 3480 8065 8235
f 8065 3479 8234
f 8235 8234 1066
f 3476 8066 8232
f 8066 3480 8236
f 8232 8236 1067
f 3479 8067 8237
f 8067 3476 8231
f 8237 8231 418
f 3481 3483 8411
f 8238 8239 8411
f 3486 8068 8241
f 8068 3488 8240
f 8241 8240 263
f 3487 8069 8243
f 8069 3486 8242
f 8243 8242 989
f 3490 8070 8245
f 8070 3489 8244
f 8245 8244 1063
f 3486 8071 8242
f 8071 3490 8246
f 8242 8246 989
f 3489 8072 8247
f 8072 3486 8241
f 8247 8241 263
f 8073 8412 8248
f 990 8412 3493
f 3492 8074 8250
f 8074 3491 8249
f 8250 8249 1644
f 3506 8413 8251
f 8243 8413 3487
f 3533 8414 8252
f 8250 8414 3492
f 3646 8075 8254
f 8075 3648 8253
f 8254 8253 186
f 3647 8415 977
f 8255 8415 8076
f 5735 8077 8416
f 8077 5734 8382
f 8257 8256 8417
f 5733 8078 8383
f 8078 5735 8418
f 8259 8258 8419
f 5734 8391 8261
f 8079 8392 8260
f 8261 8384 1369
f 5737 8394 8263
f 8080 8393 8262
f 8263 8385 1364
f 5735 8081 8418
f 8081 5737 8386
f 8258 8264 8419
f 5736 8082 8387
f 8082 5735 8416
f 8265 8257 8417
f 5739 8083 8267
f 8083 5738 8266
f 8267 8266 1363
f 5737 8084 8264
f 8084 5739 8268
f 8264 8268 159
f 5738 8085 8269
f 8085 5737 8263
f 8269 8263 1364
f 5741 8086 8271
f 8086 5740 8270
f 8271 8270 1362
f 5739 8087 8268
f 8087 5741 8272
f 8268 8272 159
f 5740 8088 8273
f 8088 5739 8267
f 8273 8267 1363
f 5743 8089 8274
f 8089 5738 8269
f 8274 8269 1364
f 5742 8090 8276
f 8090 5743 8275
f 8276 8275 1359
f 5738 8091 8266
f 8091 5742 8277
f 8266 8277 1363
f 5744 5746 8420
f 8278 8279 8420
f 8280 8388 1353
f 5791 8421 1360
f 8281 8421 8092
f 8093 8422 8282
f 30 8422 5791
f 5790 8094 8284
f 8094 5789 8283
f 8284 8283 1362
f 5794 8095 8286
f 8095 5793 8285
f 8286 8285 1365
f 5789 8096 8283
f 8096 5794 8287
f 8283 8287 1362
f 5793 8423 30
f 8282 8423 8097
f 5805 5806 8424
f 8288 8289 8424
f 5809 8098 8291
f 8098 5808 8290
f 8291 8290 1371
f 5807 8099 8293
f 8099 5809 8292
f 8293 8292 261
f 5808 8100 8295
f 8100 5807 8294
f 8295 8294 1358
f 5809 8101 8292
f 8101 5811 8296
f 8292 8296 261
f 5810 8102 8297
f 8102 5809 8291
f 8297 8291 1371
f 5811 5805 8425
f 8289 8296 8425
f 5814 5810 8426
f 8297 8298 8426
f 5815 8103 8299
f 8103 5773 8280
f 8299 8280 1353
f 5746 8104 8278
f 8104 5815 8300
f 8278 8300 1355
f 5816 8105 8301
f 8105 5744 8279
f 8301 8279 1355
f 5806 8106 8288
f 8106 5816 8302
f 8288 8302 261
f 5817 8107 8303
f 8107 5816 8301
f 8303 8301 1355
f 5807 8108 8294
f 8108 5817 8304
f 8294 8304 1358
f 5816 8109 8302
f 8109 5807 8293
f 8302 8293 261
f 8110 5777 8427
f 121 8305 8427
f 5815 8111 8300
f 8111 5818 8306
f 8300 8306 1355
f 5777 8112 8428
f 8299 1353 8428
f 5820 8113 8308
f 8113 5819 8307
f 8308 8307 1359
f 5818 8114 8306
f 8114 5820 8309
f 8306 8309 1355
f 5819 8115 8310
f 8115 5818 8305
f 8310 8305 121
f 5821 8116 8311
f 8116 5820 8308
f 8311 8308 1359
f 5817 8117 8304
f 8117 5821 8312
f 8304 8312 1358
f 5820 8118 8309
f 8118 5817 8303
f 8309 8303 1355
f 5823 8119 8313
f 8119 5821 8311
f 8313 8311 1359
f 5822 8120 8315
f 8120 5823 8314
f 8315 8314 98
f 5821 8121 8312
f 8121 5822 8316
f 8312 8316 1358
f 5824 8122 8317
f 8122 5743 8274
f 8317 8274 1364
f 5823 8123 8314
f 8123 5824 8318
f 8314 8318 98
f 5743 8124 8275
f 8124 5823 8313
f 8275 8313 1359
f 5825 8125 8319
f 8125 5819 8310
f 8319 8310 121
f 5742 8126 8277
f 8126 5825 8320
f 8277 8320 1363
f 5819 8127 8307
f 8127 5742 8276
f 8307 8276 1359
f 8128 8429 8321
f 1360 8429 5826
f 5825 8129 8320
f 8129 5827 8322
f 8320 8322 1363
f 5826 8430 121
f 8319 8430 8130
f 5827 8131 8322
f 8131 5740 8273
f 8322 8273 1363
f 5790 8132 8281
f 8132 5827 8321
f 8281 8321 1360
f 5740 8133 8270
f 8133 5790 8284
f 8270 8284 1362
f 5828 8134 8323
f 8134 5824 8317
f 8323 8317 1364
f 5822 8135 8316
f 8135 5828 8324
f 8316 8324 1358
f 5824 8136 8318
f 8136 5822 8315
f 8318 8315 98
f 5828 8137 8324
f 8137 5808 8295
f 8324 8295 1358
f 5736 8138 8262
f 8138 5828 8323
f 8262 8323 1364
f 5808 8139 8290
f 8139 5736 8265
f 8290 8265 1371
f 5830 8140 8431
f 8325 1368 8431
f 5733 8141 8260
f 8141 5830 8326
f 8260 8326 1369
f 5829 8142 8327
f 8142 5733 8259
f 8327 8259 159
f 5831 8143 8328
f 8143 5734 8261
f 8328 8261 1369
f 5734 8144 8256
f 8144 5814 8298
f 8256 8298 1371
f 5832 8432 8329
f 8328 8432 5831
f 5830 5832 8433
f 8329 8326 8433
f 5846 8145 8330
f 8145 5741 8271
f 8330 8271 1362
f 5829 8146 8325
f 8146 5846 8331
f 8325 8331 1368
f 5741 8147 8272
f 8147 5829 8327
f 8272 8327 159
f 5794 8148 8287
f 8148 5848 8332
f 8287 8332 1362
f 5847 8149 8333
f 8149 5794 8286
f 8333 8286 1365
f 8150 5849 8434
f 1368 8331 8434
f 5848 8151 8332
f 8151 5846 8330
f 8332 8330 1362
f 5853 5847 8435
f 8333 8334 8435
f 7140 8152 8335
f 8152 3533 8252
f 8335 8252 1644
f 7139 8153 8337
f 8153 7140 8336
f 8337 8336 186
f 3648 8436 8253
f 8337 8436 7139
f 7167 8154 8338
f 8154 3506 8251
f 8338 8251 989
f 7169 8155 8339
f 8155 7167 8338
f 8339 8338 989
f 3502 8437 990
f 8340 8437 8156
f 7173 8157 8342
f 8157 7172 8341
f 8342 8341 1063
f 3491 8158 8249
f 8158 7173 8343
f 8249 8343 1644
f 7172 8159 8344
f 8159 3491 8248
f 8344 8248 990
f 7174 8160 8345
f 8160 7173 8342
f 8345 8342 1063
f 7140 8161 8336
f 8161 7174 8346
f 8336 8346 186
f 7173 8162 8343
f 8162 7140 8335
f 8343 8335 1644
f 7172 8163 8341
f 8163 3490 8245
f 8341 8245 1063
f 7169 8164 8340
f 8164 7172 8344
f 8340 8344 990
f 3490 8165 8246
f 8165 7169 8339
f 8246 8339 989
f 3488 7176 8438
f 8347 8240 8438
f 7179 8166 8348
f 8166 3481 8239
f 8348 8239 1064
f 7176 8167 8347
f 8167 7179 8349
f 8347 8349 263
f 7181 8168 8351
f 8168 7180 8350
f 8351 8350 1065
f 7179 8169 8349
f 8169 7181 8352
f 8349 8352 263
f 7180 8170 8353
f 8170 7179 8348
f 8353 8348 1064
f 7182 8171 8354
f 8171 7181 8351
f 8354 8351 1065
f 3489 8172 8244
f 8172 7182 8355
f 8244 8355 1063
f 7181 8173 8352
f 8173 3489 8247
f 8352 8247 263
f 7183 8174 8356
f 8174 7182 8354
f 8356 8354 1065
f 7174 8175 8346
f 8175 7183 8357
f 8346 8357 186
f 7182 8176 8355
f 8176 7174 8345
f 8355 8345 1063
f 7184 8177 8358
f 8177 3477 8233
f 8358 8233 1067
f 7183 8178 8357
f 8178 7184 8359
f 8357 8359 186
f 3477 8179 8228
f 8179 7183 8356
f 8228 8356 1065
f 7185 8180 8360
f 8180 7184 8358
f 8360 8358 1067
f 3646 8181 8255
f 8181 7185 8361
f 8255 8361 977
f 7184 8182 8359
f 8182 3646 8254
f 8359 8254 186
f 7186 8183 8362
f 8183 7185 8360
f 8362 8360 1067
f 7043 8439 1087
f 8363 8439 8184
f 8185 8440 8361
f 977 8440 7043
f 7187 8186 8364
f 8186 3480 8235
f 8364 8235 1066
f 7186 8187 8363
f 8187 7187 8365
f 8363 8365 1087
f 3480 8188 8236
f 8188 7186 8362
f 8236 8362 1067
f 7189 8189 8366
f 8189 7187 8364
f 8366 8364 1066
f 7188 8190 8441
f 8367 363 8441
f 8191 7188 8442
f 1087 8365 8442
f 7191 8192 8369
f 8192 7190 8368
f 8369 8368 1064
f 3473 8193 8226
f 8193 7191 8370
f 8226 8370 1548
f 7190 8194 8371
f 8194 3473 8225
f 8371 8225 418
f 7190 8195 8368
f 8195 7180 8353
f 8368 8353 1064
f 3478 8196 8230
f 8196 7190 8371
f 8230 8371 418
f 7180 8197 8350
f 8197 3478 8229
f 8350 8229 1065
f 7192 8198 8372
f 8198 3475 8223
f 8372 8223 1547
f 3479 8199 8234
f 8199 7192 8373
f 8234 8373 1066
f 3475 8200 8224
f 8200 3479 8237
f 8224 8237 418
f 7194 8374 1058
f 8374 7194 8201
f 8202 363 8367
f 363 8202 7194
f 7193 8203 8375
f 8203 7189 8366
f 8375 8366 1066
f 7193 8204 8374
f 8204 3432 8218
f 8374 8218 1058
f 7192 8205 8373
f 8205 7193 8375
f 8373 8375 1066
f 3432 8206 8219
f 8206 7192 8372
f 8219 8372 1547
f 7195 8207 8376
f 8207 3474 8227
f 8376 8227 1548
f 3430 8208 8216
f 8208 7195 8377
f 8216 8377 1546
f 3474 8209 8222
f 8209 3430 8215
f 8222 8215 1547
f 7191 8210 8370
f 8210 3472 8221
f 8370 8221 1548
f 3483 8211 8238
f 8211 7191 8369
f 8238 8369 1064
f 8212 8443 8377
f 1546 8443 7225
f 3471 8213 8220
f 8213 7195 8376
f 8220 8376 1548
f 5793 7237 8444
f 8378 8285 8444
f 7237 8445 8378
f 8334 8445 5853
f 8379 8078 8079
f 8080 8380 8082
f 7167 8381 8154
f 8382 8256 8257
f 8383 8258 8259
f 8079 8384 8261
f 8080 8385 8263
f 8386 8264 8258
f 8387 8257 8265
f 5773 8388 8280
f 3487 8389 8069
f 8068 8389 3488
f 3647 8390 8076
f 8075 8390 3648
f 8391 8077 8079
f 8379 5735 8078
f 8392 8078 5733
f 8393 8080 8082
f 8394 5737 8081
f 8380 8081 5735
f 5810 8395 8102
f 8101 8395 5811
f 8396 8104 5746
f 8396 5773 8103
f 8397 8106 5806
f 8397 5744 8105
f 8398 5814 8144
f 8398 8143 5831
f 5847 8399 8149
f 8148 8399 5848
f 8400 8150 8151
f 8400 5848 5849
f 3533 8401 7139
f 8153 8401 8152
f 8381 7168 3506
f 7167 8402 3502
f 8156 8402 8155
f 8403 8167 7176
f 8403 3481 8166
f 3472 8404 3483
f 8211 8404 8210
f 8405 8212 8213
f 8405 3471 7225
f 8406 8216 1546
f 8406 3426 8054
f 8407 452 8217
f 8407 8055 3426
f 8408 1058 8218
f 8408 8056 3431
f 8409 8217 452
f 8409 3431 8058
f 8410 8220 8221
f 8410 3472 3471
f 3481 8411 8239
f 8238 8411 3483
f 8412 990 8248
f 8412 8073 3493
f 8413 8243 8251
f 8413 3506 3487
f 8414 8250 8252
f 8414 3533 3492
f 8415 8255 977
f 8415 3647 8076
f 8416 8077 8257
f 8382 5734 8256
f 8417 8256 1371
f 5733 8383 8259
f 8078 8418 8258
f 8259 8419 159
f 8391 8079 8261
f 8392 5733 8260
f 8384 8260 1369
f 8394 8080 8263
f 8393 5736 8262
f 8385 8262 1364
f 8418 8081 8258
f 8386 5737 8264
f 8419 8264 159
f 5736 8387 8265
f 8082 8416 8257
f 8265 8417 1371
f 5744 8420 8279
f 8278 8420 5746
f 8388 5772 1353
f 8421 8281 1360
f 8421 5791 8092
f 8422 30 8282
f 8422 8093 5791
f 8423 8282 30
f 8423 5793 8097
f 5805 8424 8289
f 8288 8424 5806
f 5811 8425 8296
f 8289 8425 5805
f 5814 8426 8298
f 8297 8426 5810
f 8110 8427 8305
f 121 8427 5777
f 5777 8428 1353
f 8299 8428 8112
f 8429 1360 8321
f 8429 8128 5826
f 8430 8319 121
f 8430 5826 8130
f 5830 8431 1368
f 8325 8431 8140
f 8432 8328 8329
f 8432 5832 5831
f 5830 8433 8326
f 8329 8433 5832
f 8150 8434 8331
f 1368 8434 5849
f 5853 8435 8334
f 8333 8435 5847
f 8436 8337 8253
f 8436 3648 7139
f 8437 8340 990
f 8437 3502 8156
f 3488 8438 8240
f 8347 8438 7176
f 8439 8363 1087
f 8439 7043 8184
f 8440 977 8361
f 8440 8185 7043
f 7188 8441 363
f 8367 8441 8190
f 8191 8442 8365
f 1087 8442 7188
f 8443 1546 8377
f 8443 8212 7225
f 5793 8444 8285
f 8378 8444 7237
f 8445 8334 8378
f 8445 7237 5853
f 3542 8446 8448
f 8446 3543 8447
f 8448 8447 3541
f 3544 8449 8451
f 8449 3545 8450
f 8451 8450 3543
f 3546 3547 8453
f 8452 8453 3547
f 3563 8454 8456
f 8454 3564 8455
f 8456 8455 3562
f 3565 8457 8459
f 8457 3566 8458
f 8459 8458 3564
f 3566 8460 8462
f 8460 3570 8461
f 8462 8461 3567
f 3621 8463 8465
f 8463 3622 8464
f 8465 8464 3620
f 3624 8466 8468
f 8466 3625 8467
f 8468 8467 3623
f 3626 8469 8471
f 8469 3627 8470
f 8471 8470 3625
f 3628 8472 8474
f 8472 3629 8473
f 8474 8473 3623
f 3630 8475 8477
f 8475 3631 8476
f 8477 8476 3629
f 8478 3632 8479
f 3632 8478 3634
f 4146 8480 8481
f 8480 4146 4147
f 4153 8482 8484
f 8482 4154 8483
f 8484 8483 4152
f 4145 8485 8487
f 8485 4155 8486
f 8487 8486 4153
f 4156 8488 8490
f 8488 4157 8489
f 8490 8489 4155
f 4158 8491 8493
f 8491 4159 8492
f 8493 8492 4157
f 6311 8494 6310
f 8495 6310 8494
f 8496 6310 8497
f 6310 8496 6314
f 6316 8498 8500
f 8498 6317 8499
f 8500 8499 6315
f 6312 8501 8503
f 8501 6318 8502
f 8503 8502 6315
f 6223 8504 8506
f 8504 6319 8505
f 8506 8505 6318
f 6321 8507 8509
f 8507 6322 8508
f 8509 8508 6320
f 7054 8510 8512
f 8510 7055 8511
f 8512 8511 7053
f 7054 8513 8515
f 8513 7056 8514
f 8515 8514 3542
f 3544 8516 8518
f 8516 7057 8517
f 8518 8517 3563
f 7057 8519 8521
f 8519 7059 8520
f 8521 8520 7058
f 7060 8522 8524
f 8522 7061 8523
f 8524 8523 7058
f 7056 8525 8527
f 8525 7062 8526
f 8527 8526 7059
f 3633 8528 8530
f 8528 7072 8529
f 8530 8529 7071
f 7069 8531 8533
f 8531 7071 8532
f 8533 8532 7053
f 7072 8534 8536
f 8534 7073 8535
f 8536 8535 7062
f 7074 8537 3632
f 8538 3632 8537
f 7077 8539 8541
f 8539 7078 8540
f 8541 8540 6313
f 7078 8542 8544
f 8542 7079 8543
f 8544 8543 7075
f 7079 8545 8547
f 8545 7080 8546
f 8547 8546 7073
f 7060 8548 8550
f 8548 7080 8549
f 8550 8549 3630
f 3631 8551 8553
f 8551 7077 8552
f 8553 8552 6317
f 6316 8554 8556
f 8554 6321 8555
f 8556 8555 3624
f 4159 8557 8559
f 8557 7082 8558
f 8559 8558 7081
f 4158 8560 8562
f 8560 7083 8561
f 8562 8561 3627
f 7083 8563 8565
f 8563 7084 8564
f 8565 8564 3620
f 4156 8566 8568
f 8566 7085 8567
f 8568 8567 7084
f 8569 3619 8570
f 3619 8569 7088
f 3570 8571 8573
f 8571 3621 8572
f 8573 8572 3618
f 3622 8574 8576
f 8574 7114 8575
f 8576 8575 3628
f 7061 8577 8579
f 8577 7114 8578
f 8579 8578 3565
f 7081 8580 8582
f 8580 7925 8581
f 8582 8581 4154
f 7925 8583 8585
f 8583 7926 8584
f 8585 8584 2218
f 7928 8586 8588
f 8586 7929 8587
f 8588 8587 7927
f 7929 8589 8591
f 8589 7930 8590
f 8591 8590 7926
f 7082 8592 8594
f 8592 7931 8593
f 8594 8593 7927
f 3626 8595 8597
f 8595 7932 8596
f 8597 8596 7931
f 6319 8598 8600
f 8598 7933 8599
f 8600 8599 6322
f 6320 8601 8603
f 8601 7934 8602
f 8603 8602 7932
f 7935 8604 8606
f 8604 7936 8605
f 8606 8605 7934
f 7928 8607 8609
f 8607 7936 8608
f 8609 8608 2214
f 2213 2212 8611
f 8610 8611 2212
f 2214 8611 8612
f 8611 2214 2213
f 3543 8446 8614
f 8446 3542 8613
f 8614 8613 1635
f 3541 8447 183
f 8615 183 8447
f 8448 3541 8616
f 1629 8616 3541
f 3545 8449 8618
f 8449 3544 8617
f 8618 8617 1656
f 3543 8450 8615
f 8450 3545 8619
f 8615 8619 183
f 3544 8451 8620
f 8451 3543 8614
f 8620 8614 1635
f 8452 3547 8619
f 183 8619 3547
f 3546 8453 8621
f 8453 3545 8618
f 8621 8618 1656
f 3562 3561 8623
f 8622 8623 3561
f 3564 8454 8625
f 8454 3563 8624
f 8625 8624 1655
f 3562 8626 221
f 8626 3562 8455
f 3563 8456 8627
f 8456 3562 8623
f 8627 8623 1656
f 3566 8457 8629
f 8457 3565 8628
f 8629 8628 949
f 3564 8458 8626
f 8458 3566 8630
f 8626 8630 221
f 3565 8459 8631
f 8459 3564 8625
f 8631 8625 1655
f 3570 8460 8632
f 8460 3566 8629
f 8632 8629 949
f 3567 8633 947
f 8633 3567 8461
f 8462 221 8630
f 221 8462 3567
f 3619 3618 8635
f 8634 8635 3618
f 3622 8463 8637
f 8463 3621 8636
f 8637 8636 949
f 3620 8464 8639
f 8464 3622 8638
f 8639 8638 280
f 3621 8465 8641
f 8465 3620 8640
f 8641 8640 948
f 3625 8466 8643
f 8466 3624 8642
f 8643 8642 952
f 3623 8467 8645
f 8467 3625 8644
f 8645 8644 280
f 3624 8468 8647
f 8468 3623 8646
f 8647 8646 953
f 3627 8469 8649
f 8469 3626 8648
f 8649 8648 1160
f 3625 8470 8644
f 8470 3627 8650
f 8644 8650 280
f 3626 8471 8651
f 8471 3625 8643
f 8651 8643 952
f 3629 8472 8653
f 8472 3628 8652
f 8653 8652 1654
f 3623 8473 8646
f 8473 3629 8654
f 8646 8654 953
f 3628 8474 8655
f 8474 3623 8645
f 8655 8645 280
f 3631 8475 8657
f 8475 3630 8656
f 8657 8656 1638
f 3629 8476 8654
f 8476 3631 8658
f 8654 8658 953
f 3630 8477 8659
f 8477 3629 8653
f 8659 8653 1654
f 3634 8478 1636
f 8660 1636 8478
f 3633 8479 8662
f 8479 3632 8661
f 8662 8661 1637
f 4145 8480 8664
f 8480 4147 8663
f 8664 8663 320
f 4146 8481 8666
f 8481 4145 8665
f 8666 8665 1162
f 4151 8666 1162
f 4154 8482 8668
f 8482 4153 8667
f 8668 8667 1163
f 4152 8483 1161
f 8669 1161 8483
f 8484 4152 8670
f 1162 8670 4152
f 4155 8485 8671
f 8485 4145 8664
f 8671 8664 320
f 4153 8486 8667
f 8486 4155 8672
f 8667 8672 1163
f 4145 8487 8665
f 8487 4153 8670
f 8665 8670 1162
f 4157 8488 8674
f 8488 4156 8673
f 8674 8673 950
f 4155 8489 8672
f 8489 4157 8675
f 8672 8675 1163
f 4156 8490 8676
f 8490 4155 8671
f 8676 8671 320
f 4159 8491 8678
f 8491 4158 8677
f 8678 8677 1160
f 4157 8492 8675
f 8492 4159 8679
f 8675 8679 1163
f 4158 8493 8680
f 8493 4157 8674
f 8680 8674 950
f 8494 954 8681
f 954 8494 6311
f 6310 8495 8683
f 8495 6312 8682
f 8683 8682 156
f 6314 8496 975
f 8684 975 8496
f 6313 8497 8685
f 8497 6310 8683
f 8685 8683 156
f 6317 8498 8687
f 8498 6316 8686
f 8687 8686 953
f 6315 8499 8689
f 8499 6317 8688
f 8689 8688 156
f 6316 8500 8691
f 8500 6315 8690
f 8691 8690 951
f 6318 8501 8692
f 8501 6312 8681
f 8692 8681 954
f 6315 8502 8690
f 8502 6318 8693
f 8690 8693 951
f 6312 8503 8682
f 8503 6315 8689
f 8682 8689 156
f 8504 955 8694
f 955 8504 6223
f 6318 8505 8693
f 8505 6319 8695
f 8693 8695 951
f 6223 8692 954
f 8692 6223 8506
f 6322 8507 8697
f 8507 6321 8696
f 8697 8696 951
f 6320 8508 8699
f 8508 6322 8698
f 8699 8698 393
f 6321 8509 8701
f 8509 6320 8700
f 8701 8700 952
f 7055 8702 1629
f 8702 7055 8510
f 8511 157 8703
f 157 8511 7055
f 7054 8512 8705
f 8512 7053 8704
f 8705 8704 1634
f 7056 8513 8706
f 8513 7054 8705
f 8706 8705 1634
f 3542 8514 8613
f 8514 7056 8707
f 8613 8707 1635
f 7054 8515 8702
f 8515 3542 8616
f 8702 8616 1629
f 7057 8516 8708
f 8516 3544 8620
f 8708 8620 1635
f 3563 8517 8624
f 8517 7057 8709
f 8624 8709 1655
f 3544 8518 8617
f 8518 3563 8627
f 8617 8627 1656
f 7059 8519 8710
f 8519 7057 8708
f 8710 8708 1635
f 7058 8520 8712
f 8520 7059 8711
f 8712 8711 455
f 7057 8521 8709
f 8521 7058 8713
f 8709 8713 1655
f 7061 8522 8715
f 8522 7060 8714
f 8715 8714 1654
f 7058 8523 8713
f 8523 7061 8716
f 8713 8716 1655
f 7060 8524 8717
f 8524 7058 8712
f 8717 8712 455
f 7062 8525 8718
f 8525 7056 8706
f 8718 8706 1634
f 7059 8526 8711
f 8526 7062 8719
f 8711 8719 455
f 7056 8527 8707
f 8527 7059 8710
f 8707 8710 1635
f 7067 8720 157
f 7072 8528 8721
f 8528 3633 8662
f 8721 8662 1637
f 7071 8529 8723
f 8529 7072 8722
f 8723 8722 1634
f 3633 8530 8660
f 8530 7071 8724
f 8660 8724 1636
f 8531 7069 8724
f 1636 8724 7069
f 7053 8532 8704
f 8532 7071 8723
f 8704 8723 1634
f 7069 8533 8720
f 8533 7053 8703
f 8720 8703 157
f 7073 8534 8725
f 8534 7072 8721
f 8725 8721 1637
f 7062 8535 8719
f 8535 7073 8726
f 8719 8726 455
f 7072 8536 8722
f 8536 7062 8718
f 8722 8718 1634
f 8537 975 8727
f 975 8537 7074
f 3632 8538 8661
f 8538 7075 8728
f 8661 8728 1637
f 7078 8539 8730
f 8539 7077 8729
f 8730 8729 1638
f 6313 8540 8684
f 8540 7078 8731
f 8684 8731 975
f 7077 8541 8732
f 8541 6313 8685
f 8732 8685 156
f 7079 8542 8733
f 8542 7078 8730
f 8733 8730 1638
f 7075 8543 8728
f 8543 7079 8734
f 8728 8734 1637
f 7078 8544 8731
f 8544 7075 8727
f 8731 8727 975
f 7080 8545 8735
f 8545 7079 8733
f 8735 8733 1638
f 7073 8546 8726
f 8546 7080 8736
f 8726 8736 455
f 7079 8547 8734
f 8547 7073 8725
f 8734 8725 1637
f 7080 8548 8736
f 8548 7060 8717
f 8736 8717 455
f 3630 8549 8656
f 8549 7080 8735
f 8656 8735 1638
f 7060 8550 8714
f 8550 3630 8659
f 8714 8659 1654
f 7077 8551 8729
f 8551 3631 8657
f 8729 8657 1638
f 6317 8552 8688
f 8552 7077 8732
f 8688 8732 156
f 3631 8553 8658
f 8553 6317 8687
f 8658 8687 953
f 6321 8554 8696
f 8554 6316 8691
f 8696 8691 951
f 3624 8555 8642
f 8555 6321 8701
f 8642 8701 952
f 6316 8556 8686
f 8556 3624 8647
f 8686 8647 953
f 7082 8557 8737
f 8557 4159 8678
f 8737 8678 1160
f 7081 8558 8739
f 8558 7082 8738
f 8739 8738 84
f 4159 8559 8679
f 8559 7081 8740
f 8679 8740 1163
f 7083 8560 8741
f 8560 4158 8680
f 8741 8680 950
f 3627 8561 8650
f 8561 7083 8742
f 8650 8742 280
f 4158 8562 8677
f 8562 3627 8649
f 8677 8649 1160
f 7084 8563 8743
f 8563 7083 8741
f 8743 8741 950
f 3620 8564 8640
f 8564 7084 8744
f 8640 8744 948
f 7083 8565 8742
f 8565 3620 8639
f 8742 8639 280
f 7085 8566 8745
f 8566 4156 8676
f 8745 8676 320
f 7084 8567 8744
f 8567 7085 8746
f 8744 8746 948
f 4156 8568 8673
f 8568 7084 8743
f 8673 8743 950
f 7088 8569 8747
f 8569 7085 8745
f 8747 8745 320
f 7085 8570 8746
f 8570 3619 8635
f 8746 8635 948
f 4147 8747 8663
f 8747 4147 7088
f 3621 8571 8636
f 8571 3570 8632
f 8636 8632 949
f 3618 8572 8634
f 8572 3621 8641
f 8634 8641 948
f 8573 3618 8633
f 947 8633 3618
f 7114 8574 8748
f 8574 3622 8637
f 8748 8637 949
f 3628 8575 8652
f 8575 7114 8749
f 8652 8749 1654
f 3622 8576 8638
f 8576 3628 8655
f 8638 8655 280
f 7114 8577 8749
f 8577 7061 8715
f 8749 8715 1654
f 3565 8578 8628
f 8578 7114 8748
f 8628 8748 949
f 7061 8579 8716
f 8579 3565 8631
f 8716 8631 1655
f 3561 8621 8622
f 8621 3561 3546
f 7925 8580 8750
f 8580 7081 8739
f 8750 8739 84
f 4154 8581 8669
f 8581 7925 8751
f 8669 8751 1161
f 7081 8582 8740
f 8582 4154 8668
f 8740 8668 1163
f 7926 8583 8752
f 8583 7925 8750
f 8752 8750 84
f 2218 8584 1157
f 8753 1157 8584
f 8585 2218 8751
f 1161 8751 2218
f 7929 8586 8755
f 8586 7928 8754
f 8755 8754 1158
f 7927 8587 8757
f 8587 7929 8756
f 8757 8756 84
f 7928 8588 8759
f 8588 7927 8758
f 8759 8758 1159
f 7930 8589 8760
f 8589 7929 8755
f 8760 8755 1158
f 8590 1157 8753
f 1157 8590 7930
f 7929 8591 8756
f 8591 7926 8752
f 8756 8752 84
f 7931 8592 8761
f 8592 7082 8737
f 8761 8737 1160
f 7927 8593 8758
f 8593 7931 8762
f 8758 8762 1159
f 7082 8594 8738
f 8594 7927 8757
f 8738 8757 84
f 7932 8595 8763
f 8595 3626 8651
f 8763 8651 952
f 7931 8596 8762
f 8596 7932 8764
f 8762 8764 1159
f 3626 8597 8648
f 8597 7931 8761
f 8648 8761 1160
f 7933 8694 955
f 8694 7933 8598
f 6322 8599 8698
f 8599 7933 8765
f 8698 8765 393
f 6319 8600 8695
f 8600 6322 8697
f 8695 8697 951
f 7934 8601 8766
f 8601 6320 8699
f 8766 8699 393
f 7932 8602 8764
f 8602 7934 8767
f 8764 8767 1159
f 6320 8603 8700
f 8603 7932 8763
f 8700 8763 952
f 8604 7935 8768
f 959 8768 7935
f 7934 8605 8767
f 8605 7936 8769
f 8767 8769 1159
f 7935 8606 8770
f 8606 7934 8766
f 8770 8766 393
f 7937 7935 8771
f 8770 8771 7935
f 7933 8771 8765
f 8771 7933 7937
f 7936 8607 8769
f 8607 7928 8759
f 8769 8759 1159
f 2214 8768 959
f 8768 2214 8608
f 7928 8609 8754
f 8609 2214 8612
f 8754 8612 1158
f 2212 8760 8610
f 8760 2212 7930
