v -4.47832727 -6.75922251 -20.62913322
v -8.82139778 -9.18546200 -12.27046967
v 6.84363842 4.75506401 -18.41082382
v -6.81849432 6.94953537 -4.68946838
v -6.61719036 -3.30463028 22.21251488
v 0.73962086 -8.28212738 -19.14527512
v -11.63830090 1.27241695 -9.48142052
v 8.56292915 8.50466156 0.02484307
v 9.72503281 -1.45138741 13.75061417
v 4.51697206 -9.31745625 5.93628931
v -2.77344012 3.31250978 23.69461823
v 6.57453012 -11.27248001 11.16156483
v 5.70592642 -1.40280533 -23.67148209
v 11.46309471 3.61077714 7.69322157
v 2.95195889 -6.37819481 6.68283606
v 4.90221548 11.22189045 11.47278118
v 8.65602875 11.11353493 0.95803910
v -9.06531143 2.23422003 -7.08800411
v -9.70430565 7.80072403 0.51427662
v 0.09355047 1.32044685 7.31324768
v 0.24140438 -8.73848724 16.24320221
v 2.12144756 -5.13664341 23.62520790
v -6.75079060 -11.31935596 -11.41576767
v 11.18570518 -5.04158735 11.44442463
v -11.18801403 -11.37872887 2.21489763
v 8.78922749 0.10539484 16.27547264
v 5.96810865 -3.94849229 -6.47761726
v -4.92349482 7.02145481 -16.22839737
v 6.81402779 -2.56621385 22.60960388
v -12.36853695 8.94691849 8.70742130
v -2.78483295 -7.01101542 -22.52177429
v 0.43091434 3.39040160 -7.25116539
v 9.81231022 -11.21882915 11.00512886
v -7.14004898 -6.99129152 13.97480392
v 9.37617588 11.53310680 -10.82736301
v 9.67168331 6.67038965 -12.67920017
v -1.59442317 -4.49639511 23.63820648
v 8.20207787 -3.18121791 16.22031593
v -5.25187540 -1.65755975 -23.67288589
v 9.50014019 -7.67179108 12.41606426
v -3.98412585 -7.01528168 20.34271049
v 5.21880150 4.82221556 22.64036751
v -9.95926094 -11.29907990 -10.89215565
v -6.43465614 3.21905971 -22.69346809
v 11.21396160 -3.80937123 -11.53305626
v 3.26648736 -11.27694702 -7.96072340
v 5.65689278 -4.64991999 22.59158516
v 11.34108734 11.12698555 3.63411450
v -2.31984091 11.15569305 11.60532761
v -9.53968906 -4.98793650 13.03543472
v -11.29350948 6.10221100 -6.00544834
v 11.59343243 2.45198584 -8.48293018
v -5.56971598 -12.10389519 -9.63956261
v 3.79060078 6.08559847 -22.73015404
v -11.98148632 -9.74520874 4.16339731
v 6.13081789 -3.82608366 -22.80342865
v 9.14797115 -2.34267640 -7.00775337
v -9.28699207 5.83726835 4.79139996
v -5.94371700 -9.36628914 -4.82959318
v -7.76644564 -2.00711942 20.06567192
v -1.19086134 -9.82937431 -13.69324970
v -12.14354324 6.28469467 9.29080677
v -0.04562091 -3.21158171 -7.29477882
v 12.24256420 6.37367773 8.79048157
v 9.11800861 -12.16944027 8.11786175
v 10.65647221 10.80663490 11.03408718
v 11.32186508 11.15744972 7.17929602
v -9.52388000 -3.52741480 -13.41325092
v -11.06384850 -2.34322858 8.20774937
v -3.37765384 -6.92559576 6.49342632
v 9.63680267 -3.57439089 -13.26921082
v -4.78823853 -5.42979193 -22.82561302
v -9.48242474 4.88459921 -13.01044178
v -9.58480740 12.02093410 4.65524006
v 11.67207718 -6.97658682 -5.65272713
v -7.99610615 9.07283974 -12.50539970
v 11.79288006 -10.54861832 3.77484179
v 2.89032817 -0.92381090 7.20609617
v 6.79580927 11.24693489 -5.23255301
v 3.50789165 7.31139088 -19.21132278
v 4.61549091 6.40675163 20.60529327
v 0.51668566 -3.08781791 -24.10018730
v 8.69422150 -1.04717302 -15.97956467
v 3.85002351 11.74941730 -7.24825430
v 3.29092884 7.57196712 18.06382370
v 3.89850497 -3.76876903 6.80168152
v 2.13946509 -7.48980951 -21.85116196
v -0.28792867 -2.66879821 7.26627207
v -4.02643442 11.91839981 9.75354004
v 1.27196515 9.63374138 -13.71392727
v -7.76729870 -3.89077616 -16.18322754
v -1.39060962 -5.44941521 -23.76673889
v 2.83642626 -0.34760222 -24.08176804
v 1.78584039 7.34250736 -21.98451042
v -7.95726061 -9.59158325 0.17254642
v 11.33140087 11.18163967 -3.21885896
v 9.30847263 1.23773694 -7.23841763
v -11.87744713 11.83001900 12.07548904
v 7.11314821 -4.00681067 20.46918488
v -6.12243652 1.55065930 6.92604733
v 9.26014137 8.44082165 12.35513687
v -2.86638832 5.85975266 -6.74441671
v 1.49244118 -1.78754675 24.01160622
v -11.10028553 -3.77544403 11.50465012
v 3.87275863 3.77484179 -23.74847031
v -5.59370565 -6.67781734 -16.25916290
v 11.23629475 -1.36601758 11.60969353
v 6.78346300 6.24263716 5.14853811
v -7.16092730 3.51531959 -20.56449127
v -1.39271760 6.87786674 22.54024315
v 7.68549252 -0.15573342 21.76534081
v 6.46256065 -11.33436203 -5.82095718
v 7.42817831 6.64439201 -13.84391403
v -9.55278778 -12.09526253 3.97614598
v -8.78265285 -12.07945347 -9.16799641
v 9.52699089 4.55732346 -5.93523550
v -2.93188381 11.41641998 8.28137493
v 6.65759134 12.09119797 9.15208626
v 11.27107525 2.28355503 11.60382175
v 4.66477585 0.83216757 23.67735291
v -11.68191433 11.57310677 9.86917305
v 6.60524559 12.18916416 -8.30707073
v -7.62627029 2.93283749 19.05960274
v -7.93828964 -8.17357063 2.75833368
v 6.63831949 -5.38391972 17.43165398
v 1.65851331 -6.09137011 -23.46596146
v -3.20299959 -3.72776532 6.93282270
v 7.00905848 -9.78149509 3.27451754
v 8.19193935 -1.69771016 19.15491104
v -9.48121929 -1.96385729 13.95718861
v 1.33550322 11.15097523 11.61355782
v 11.50505161 -5.91430712 -6.53372765
v 11.75749779 10.29898357 1.00993359
v -6.49538374 -3.63742709 -22.56117249
v -4.69995737 -5.24956656 22.50691795
v 8.15444946 1.62343192 19.17744446
v -11.25601864 3.03286219 8.14315701
v -3.96856761 -11.63222790 -7.91264343
v 6.87972355 6.39405441 -5.15265369
v -10.35705090 -11.84863853 -0.67929488
v 4.52685928 11.26796341 -11.72843838
v -3.23682618 -4.95129919 -6.81427860
v 9.12654114 7.23043776 2.97880960
v 7.21011162 -1.25068545 -22.75304031
v 11.60768604 -8.58054543 -2.81589937
v -11.49396038 3.61725140 -8.06250477
v -3.35672545 -8.13050938 16.10899925
v -9.62581158 11.03157806 -11.22249317
v 5.65654135 -6.65362644 -16.34438133
v -11.36588001 11.57541561 -6.88238382
v 3.45629835 11.21140194 7.82948160
v 2.99105549 -11.14585590 11.69842625
v 7.54602003 -3.03978801 -20.74938393
v -11.35338306 5.53468466 6.66376448
v 11.25762463 -11.21521568 9.48106956
v -1.17866564 9.30536079 -7.34968424
v -5.88163471 11.73114872 -6.22672749
v -7.20674896 6.50878382 -13.96928310
v -11.97722054 9.63800716 11.90695763
v -3.40189457 -4.22372341 -23.79634857
v 11.34876633 9.07539940 11.12994671
v 11.24372292 8.43218994 -0.84165311
v 0.34413925 6.54456806 -7.19395113
v 11.18696022 10.98445129 10.16437912
v 12.15302944 9.13351727 5.43706894
v -5.97101927 0.60526752 -7.15149164
v 0.78714889 8.52774811 16.10744286
v -6.08248711 -2.75005269 -6.85091591
v 6.10994005 0.19854382 7.00765276
v -3.74156713 -8.14300632 -6.32464409
v 8.21944237 -1.98348081 -18.23230362
v -1.06227970 8.98802185 -14.88687134
v -11.10555553 -11.26334667 -7.51194239
v -3.24028921 -11.25697231 11.63744736
v -9.36638927 12.20949078 8.06516457
v -11.02871704 -11.23443794 10.99323463
v -4.98331928 8.67259026 -13.62072754
v -8.01884079 11.32743645 2.78257442
v -11.34766197 -11.22455120 -4.21559286
v 9.76156998 11.85993099 3.62643576
v -2.15723181 -0.40275887 24.00106621
v 12.16979218 -8.68880081 6.62722778
v -5.20264101 12.26018047 -9.28659058
v -1.49786150 8.99098301 7.20263338
v -11.26284409 7.60007238 3.88661051
v -10.65356159 12.33927727 -3.06297493
v 2.97047830 -6.32288742 -6.75314951
v -11.57958126 -10.63554382 -2.82428074
v 3.24214625 -1.92651737 -7.17452812
v -9.64483261 1.49314380 13.72110367
v 1.23457515 11.24743652 -11.86178780
v 7.08564520 11.29411125 -11.54585457
v 9.35048008 12.02038193 -8.06651974
v -6.95395184 11.44853973 -11.14093781
v 11.40818882 -0.26132903 8.56563950
v 0.36270884 0.04868238 -7.39289618
v 1.49198949 5.67872429 -23.56643677
v -6.54471874 -11.34695911 -5.57940245
v -7.49578190 8.98867416 -2.56440711
v -1.44240367 4.79310656 -23.76036453
v -11.16377354 -11.33591843 6.00946331
v -8.33919144 -12.17169952 7.19224453
v 11.13029766 -11.06485271 -10.48257160
v 11.19217968 -11.29431248 -4.01489115
v 8.02902985 -3.68671155 -15.78674221
v 3.57248378 5.31094646 -6.68991280
v -8.95745754 -1.06850302 -7.38757610
v -5.04374552 -11.46856499 6.90838099
v -9.18300247 7.30853033 -2.83351517
v 10.40678692 -2.67386723 7.28785276
v -0.17405206 -7.32795286 -22.70511055
v 8.10160160 0.15743983 -20.65553284
v -9.66435623 -6.59691429 -4.36861610
v 8.60955429 12.07609081 6.48118067
v -9.51248646 -6.34948730 4.48008394
v 6.38346434 3.41534495 -6.53804350
v -6.50933599 -6.27796936 -5.39566374
v -6.92915869 7.55841637 13.61826897
v 8.31896591 -11.36035919 -2.49825931
v 4.54773712 -11.25993347 -11.41220379
v -1.69816184 12.14279079 -10.32327461
v 7.08629751 -9.07610226 -3.73915815
v 12.11609077 -9.27118301 -6.02020359
v 8.59841251 -11.54168892 1.24697161
v 6.91390181 -12.10028172 -8.93447113
v -11.10575581 1.24190259 8.44925404
v 10.70716286 -11.10665894 -10.98224354
v 9.23590088 3.26844478 -13.81826782
v 5.49568844 5.77483463 -20.70205688
v 1.89675581 8.96593952 7.14185572
v 6.27259922 5.53041887 17.65689850
v -5.43571377 -6.55229712 17.28304863
v -0.95914328 -8.69959164 -16.21570015
v 3.17469335 -6.46818209 22.71740723
v -6.04715443 5.05619192 20.16604805
v -3.74377537 9.16257572 13.59919739
v 3.30543327 4.28465176 23.58862114
v 6.76619864 9.69351482 -12.65596294
v 5.16680670 1.64712071 -23.74164391
v -9.05637836 -3.63316107 6.50246048
v -8.81045723 -8.71489906 12.43548775
v 9.66224766 11.88663101 9.32523537
v 12.21425819 9.10646534 8.67645454
v 11.54726028 5.19998074 -11.35202885
v 12.06750870 -9.05191135 -9.27941418
v -8.99971581 5.35491133 -5.31646729
v 7.04725122 1.73881412 -22.69386864
v 10.48021221 -11.73822498 -1.02845287
v -11.32377243 8.07906723 -2.93569803
v 12.04070854 9.64864731 -3.47045135
v 8.62706947 -4.98648119 13.81134224
v -11.22951984 -9.25607586 -10.72056293
v -11.38821411 11.15925598 6.57076645
v -9.74606228 -0.30750200 -13.68632317
v -1.43482530 -10.43193150 -7.63093805
v 0.05701359 5.31967926 23.56347656
v 5.22246504 9.00443363 -5.52705622
v -11.91207695 9.44297695 1.35798752
v -6.37553501 -4.47481394 -21.89056015
v 9.62269974 2.12526202 13.79036331
v -9.53406811 11.64587975 11.90374565
v 11.48291874 5.23712015 -6.69859505
v -12.39794636 10.67745113 -3.07928610
v -7.79229259 -3.55356288 16.83060265
v -6.56228447 5.08640528 -17.70191765
v 9.31690407 -5.87285185 -5.07365751
v -11.17371082 -0.41746396 -11.65406036
v -5.26075840 -9.23494720 5.35701895
v -5.16896486 4.89895296 -22.87650299
v 7.11756468 -4.57373476 -18.06091118
v 8.18802547 1.97329259 -17.71732521
v -11.09928131 -11.29647064 9.38164711
v -5.94963932 3.56550765 22.59981728
v -11.12547970 11.22189045 -9.26987839
v -7.56584406 11.26279449 -3.79536867
v -4.87611771 8.88317966 5.61438322
v -3.39095354 7.07736397 20.30105400
v -11.12292004 0.42047524 -8.58375740
v 11.47825146 -5.60364294 6.68479347
v 0.60511696 11.95006847 -8.31991959
v -11.05260658 -9.69833279 11.09486485
v 11.39649487 8.44528866 -11.43654537
v 4.67265511 7.29151630 16.03627777
v 11.10866642 -11.29687214 -7.74185371
v 11.31930542 -8.73045731 0.32280934
v 4.07682323 11.88763523 9.69657612
v 0.36712536 -7.07023764 22.70616531
v 8.44207668 -9.18450832 -12.43925190
v -11.83734703 -5.78065634 9.03098297
v 6.71430397 -6.77317476 -5.13333130
v 8.02983284 3.42723966 16.28194809
v -5.46522474 11.83789825 7.80293226
v -4.18984652 5.37036896 22.50405693
v -9.17005444 2.96972561 6.76971149
v 5.24745893 6.78125477 -16.23712921
v 11.41125011 -7.06140423 -11.28899193
v 11.91147423 2.00064516 9.59855938
v 2.58874822 -8.38481236 -16.21359062
v 11.43805027 8.03640747 3.06453085
v 7.60147762 9.21447086 2.55211115
v -2.16802216 -11.37722301 8.24789906
v -11.24979496 -8.61206341 1.48536468
v -9.40267563 -11.18706036 11.09591866
v -3.44440389 6.17704105 -22.69366837
v -7.30722523 -11.34791279 4.28425026
v 8.26666927 -11.27880383 -11.23167801
v 6.05332756 11.61300659 6.58943605
v 8.65462303 11.34575462 -2.28696775
v 3.56962299 6.01593781 22.87981606
v -6.22712898 4.18126440 -6.28263664
v -8.52769756 11.36653233 -0.78248143
v -7.16328621 7.75339699 3.75647306
v 8.44890213 -12.14469814 -7.53979635
v 7.37844229 3.27451754 -20.73036194
v -5.26306725 -9.37186050 -13.16532135
v -2.53886151 2.44470859 -7.16619682
v 11.29104996 2.25188637 -11.68909073
v 7.40975952 4.58768702 -15.92761993
v 12.14921474 -6.64634943 9.21602631
v 2.88992667 12.37305355 -9.69612503
v -5.30517483 1.00802636 23.55810547
v 8.97969055 -12.02188778 4.24856663
v -2.06563854 -1.42895329 -24.11198235
v 11.27338409 -7.76830244 3.85559440
v 0.56913215 -11.73215294 -9.42189789
v 7.77718592 11.12984562 11.29907990
v -7.08770275 -1.09219170 -22.67695618
v 6.32359028 -0.34127855 -7.06757736
v 1.23864031 -9.17020416 -7.25768948
v -5.85026693 -11.40261841 11.27885437
v 7.58080006 11.24036026 4.17077494
v -7.94978237 3.76761484 15.70463467
v -9.24127102 8.93171120 12.61370468
v -10.56021214 9.07017994 -11.73827553
v -8.98681736 -0.34489208 7.30637217
v -3.31712699 -7.79741144 -17.67456436
v -2.90648866 3.35230875 6.99239588
v -10.98886776 -6.85076523 -11.45631886
v 0.97324610 7.01126671 22.61858749
v -2.41730595 -6.94260931 22.39595222
v -4.57117510 6.70587254 -19.17654228
v 6.66752863 3.55802965 6.40584850
v 11.30465126 -8.23364639 11.24989605
v -12.01546383 9.31233692 4.99842596
v -5.86923790 6.18938732 16.42548561
v -7.59289551 1.19030929 -21.74832726
v 6.36650085 -11.49406052 5.74080706
v -11.29621983 3.04545927 -11.48040962
v 2.24194908 -9.61617565 13.77801704
v -5.66351748 5.50095844 5.85618925
v 12.08427143 -9.45446968 9.39911175
v 7.51224327 9.28383064 -2.74699116
v -9.00864983 3.52937222 -13.88883209
v -0.71121442 9.71549702 13.57033920
v 6.97121668 3.90548110 20.54988670
v -11.59559059 -7.71470165 4.60741091
v -7.81899261 9.23785782 1.23211586
v -5.42141056 1.17796302 -23.68628693
v -6.71330023 11.33406067 5.33328009
v 9.43048000 4.69468784 5.71355486
v 6.00665283 3.99411321 -22.70350456
v 3.75105262 -3.66397643 -23.81722641
v -10.16076565 12.24010563 1.47186410
v -1.39718425 10.58274651 -12.62263870
v 11.34429932 -11.28040981 2.60606313
v 9.47941303 -8.20528984 0.12195689
v -5.57528687 -12.03990555 9.03615284
v -4.28440094 -9.16689205 13.70574665
v -11.28327084 6.55796814 -11.31639481
v 11.81676960 -3.05027723 9.33040524
v 0.22378838 11.09180355 8.51279163
v -3.18869591 -11.32969475 -11.59905434
v 11.27137661 -2.69620085 -8.20247936
v -4.29187870 9.21371746 -6.02492142
v -1.06524074 8.00724792 19.02326775
v -7.02195644 1.90734553 22.48433304
v -4.90492535 -2.38282681 23.51675224
v 9.65993977 11.89039516 -4.99335670
v -5.72038031 11.27182770 11.52291870
v -8.11530304 1.26529014 -19.13538742
v -8.35600471 -11.45230389 -2.25680470
v 12.11774731 8.91108418 -9.78109360
v 9.42932510 9.74942493 -12.16321754
v -9.10777092 -4.15586948 -6.39385366
v 4.32791376 8.67635441 -13.93410206
v -0.94403666 -8.00975704 20.55841827
v 11.75564003 -10.47062683 -1.30473793
v -2.90267444 8.04930496 16.04696655
v -12.04868793 -8.58124828 7.25748873
v 4.18467712 -6.01342821 -22.83549881
v 3.73820448 -7.93121290 16.19236183
v -2.38373017 1.63417220 -24.07163048
v 2.04596496 9.29552364 -7.17457819
v 11.29988289 5.75566244 11.46179008
v -0.52556896 7.08228254 -22.68443298
v 7.98757410 -8.01437473 2.96917343
v -10.28523159 -8.12995720 -1.11347139
v 1.06724823 2.57901192 -24.05737686
v 11.31463814 -0.33701256 -11.64788723
v 11.38063526 7.31706190 -4.25293303
v -0.38454062 -6.19445658 -7.11716318
v 8.22636890 5.57779646 13.91713810
v -12.08758450 6.39917326 -8.96468449
v -2.01018071 -9.40869808 7.09603405
v -11.25300789 -6.07249975 -6.48163223
v -12.22665501 9.17843533 -6.20328951
v -11.95759678 -9.09426975 -7.62476492
v 0.06484292 -8.25407219 19.24826050
v -9.27203655 5.78105783 13.02278805
v -3.05695224 -0.27086475 7.22205639
v 7.03360033 -2.84435582 6.56409121
v 0.28280950 5.48775911 7.09613466
v 3.91511726 -7.32850504 -19.23516083
v 8.18772411 -8.29216480 -2.70613813
v 10.51820469 11.53862762 -0.67081308
v 3.98492885 6.24775600 6.38050365
v -6.40715313 -4.86723423 20.09884644
v -11.94369507 11.83905315 -0.43026191
v 3.29941058 9.29843521 13.69841862
v -12.04251480 9.53170872 -9.19364262
v 9.28307724 -5.44610310 5.25624180
v -11.00969601 2.74528480 11.70956802
v -8.04589272 3.00606179 -16.26558685
v -7.81793880 -6.36444330 -13.84050083
v 11.77516365 6.68895912 5.79330349
v -10.88593197 -6.82436609 11.62364578
v 5.95711756 8.11053467 13.72948551
v 4.43305779 -9.14204884 -6.15189695
v -10.75383759 -11.19082451 -10.40959740
v 9.30917549 1.46428573 7.11731386
v -2.83035350 -1.34473789 -7.27922058
v 6.03591251 -8.19665718 13.68491840
v 9.09542465 7.56950808 -2.57564926
v 11.30490208 10.96126461 -9.51349068
v -8.48779774 0.24260889 16.94824409
v -0.43698710 -6.34416723 7.09939671
v 1.40892828 7.75329638 20.54707527
v 6.06527233 -6.04178429 5.56454659
v 3.39120460 1.58247852 -7.17874384
v 2.00210047 -7.78481436 21.02983475
v -2.23080730 7.60142756 -20.56002426
v 0.78162825 2.01831126 23.98876953
v -1.65961742 -7.98606825 -20.52208328
v 7.81367254 -6.31415510 -13.84702587
v 1.28621864 -9.25401878 7.24388790
v -8.51198864 12.08713245 -9.14225006
v 6.66918516 2.05198741 22.67901230
v 6.45357704 -6.01508427 16.06869888
v -2.41559958 7.94973230 -17.68133926
v -7.49929476 12.19799805 9.49868488
v 10.92598248 10.68583298 -11.31032181
v -11.65722179 11.45084858 2.99918604
v 3.20857024 -11.30580521 7.92835236
v -7.05834293 -0.68481553 22.48644066
v -2.85680246 11.85059643 -7.62561798
v 12.18801022 5.72108316 -9.27002811
v 1.88410854 8.40353203 -15.93615246
v -11.02826595 -3.68942189 -11.64126205
v -8.78536320 12.20683098 -6.30752993
v 4.76796246 -6.52198362 20.48825645
v 5.78426981 -5.69167280 -20.71375084
v -7.97668314 -2.03311682 -19.12534904
v -6.28941202 -5.73478460 5.61819744
v 7.55515432 -10.36086559 11.90941620
v -11.28036022 6.22983885 11.50284386
v -7.93567944 1.01645803 20.40574646
v 11.23353481 -11.19348431 11.05396175
v 5.01383352 -8.62410831 -13.90674973
v -4.05750084 11.16066170 -11.71995640
v 2.19396925 -9.91042805 -13.41299915
v 11.16327095 -9.49306393 -11.23413658
v 0.35508025 -11.32412434 11.66078472
v -8.07756138 -8.32252884 -2.52229929
v -2.91552258 6.47039032 6.65990019
v 11.73014545 -0.08562076 -9.55078030
v -11.23795128 -5.44720697 6.73854494
v -8.62802315 -0.38278404 -16.21118164
v -8.53010654 -11.46911716 0.79201716
v 12.05521297 -5.99074316 -9.48824596
v -1.41369617 -9.89180756 13.61716461
v 0.62564385 -11.32276917 -11.58113670
v 9.83835793 -0.35111541 -13.62439156
v -11.02896786 -0.11989918 11.77727127
v 0.51031178 -11.71488762 9.46259975
v 5.21614122 9.43344116 5.59250116
v -4.14638376 3.73870635 -23.70530701
v 3.35732770 2.68034148 7.03249598
v 0.17395169 8.11364651 -19.16048241
v 12.23468494 8.21161366 -6.76619864
v -6.11485815 -1.97725749 6.87766600
v -9.32041740 -12.05189991 -5.49739504
v -6.49628735 -5.05282974 -19.21197510
v 11.38685894 11.12703514 -6.33086729
v -11.08919334 -3.10608649 -8.18461227
v -11.11684704 10.73366165 -11.05451393
v 11.22500229 -11.38088608 6.08022833
v 4.71305656 -2.94653869 23.59675026
v -11.80638027 -6.06938791 -9.48543549
v 6.62316275 -12.11543846 8.80383205
v -11.23433781 -7.87575531 -3.94643474
v -0.83934444 -6.55661345 -23.34295082
v 0.39447784 -6.69302416 -23.30591202
v -1.59733415 -7.21834230 -22.65045547
v 1.61991870 -8.33602905 -17.67004776
v 0.81314629 -8.73276615 -16.18663979
v -0.07437865 -8.48955441 -17.65674782
v -1.74042022 -8.30541515 -17.66146660
v -0.89756256 -8.27510166 -19.12936401
v -1.96425879 -8.99660397 -14.90669537
v -0.13791668 -9.22897434 -14.84641933
v 0.65982193 -9.92257309 -13.61074066
v -0.30955970 -10.65587044 -12.62298965
v -1.27894139 -11.33647060 -11.60688305
v -2.21645355 -10.58008671 -12.61666584
v -4.15446377 -10.48242092 -12.48818493
v -3.29946089 -9.47088146 -13.67809296
v -8.21387196 -7.77507782 -12.97420597
v -6.37844563 -7.90918016 -13.79297256
v -7.08860636 -9.21567535 -12.76085663
v -5.78366756 -11.84040833 -10.75097656
v -7.08810425 -12.18294144 -8.60624218
v -7.38471556 -11.94404602 -10.23564625
v -5.02106047 -11.31780052 -11.56301880
v -4.24169064 -11.85531425 -10.59830475
v 6.48660088 -11.27785015 -11.31534100
v 7.49909401 -11.87147427 -10.26229572
v 5.64018011 -11.81927872 -10.22304916
v 4.78708410 -9.60317707 -13.09571075
v 6.50025225 -9.10455894 -12.97801971
v 5.52906370 -10.40633583 -12.27669239
v 7.40579462 -10.36211967 -12.06670570
v 5.27601576 -7.57352304 -15.01038361
v 3.74297237 -8.46335697 -14.92596722
v 4.20786381 -7.68047380 -16.28927422
v 4.75847673 -7.01859379 -17.77725029
v 5.30898905 -6.39320087 -19.29940224
v 6.07942533 -5.89337873 -17.87295723
v 3.25574708 -7.84012175 -17.71320915
v 4.99952984 -5.96630192 -21.91535187
v 4.51892948 -6.73111677 -20.68850517
v 3.63541937 -6.85176897 -22.03811264
v -7.07309818 -3.29223371 -21.75469971
v -7.51184177 -1.89028156 -21.73211479
v -6.85051441 -2.49916267 -22.63911438
v -4.74216557 -6.17744255 -21.92232895
v -3.73815441 -6.33086729 -22.71399498
v -3.58869433 -7.01447868 -21.76388550
v -4.76464987 -6.97633553 -17.69142723
v -6.04670286 -5.85799599 -17.69529152
v -5.31014347 -6.32248592 -19.21639061
v -7.10366249 -4.48575497 -17.67180443
v -6.80629873 -5.41588974 -16.23306465
v -6.56619930 -6.48604870 -14.95522690
v -7.72744942 -5.04755974 -14.88501453
v -10.30741501 -6.16027832 -12.18198776
v -11.01586914 -5.34472322 -11.54168892
v -10.07785511 -4.66562891 -12.59061813
v -10.34525681 -2.86789417 -12.61646557
v -9.64749241 -2.07321692 -13.61861992
v -9.04995441 0.56732541 -14.89178944
v -9.02827263 -1.25841439 -14.84150124
v -8.39133644 -2.15778375 -16.17394257
v -8.69793510 -3.25494409 -14.64852810
v -9.66761780 1.73324335 -13.61485577
v -8.06988239 3.97915721 -15.00109863
v -8.72172451 2.35356712 -14.94463730
v -11.09712315 -2.07622814 -11.69491291
v -10.47047615 -1.20968187 -12.65144634
v -11.56191444 -4.45634508 -10.40789127
v -11.62414742 -4.50106239 -8.82496166
v -11.55197716 -2.58217359 -9.57988930
v -9.40764427 -10.42284775 -11.62876511
v -10.65170479 -10.52929592 -11.01692295
v -10.26505661 -9.27394295 -11.63483810
v -9.01587677 -11.81385899 -10.36151791
v -10.03138065 -11.72467422 -9.81386566
v -10.62159157 -11.15107536 -10.91709900
v -6.60439205 -10.40457916 -4.40194130
v -5.19757175 -11.44552898 -6.91324949
v -5.22075891 -10.26796722 -5.79199886
v -7.01548243 -9.12066936 -3.57303572
v -7.78476429 -9.50139523 -1.69494987
v -7.52077532 -10.50570774 -2.77554822
v -10.22887039 -3.57539463 -7.16905785
v -11.16030979 -4.69659519 -7.46827841
v -10.33953571 -4.99049616 -6.36338949
v -3.56119132 -6.62421656 -6.50230980
v -2.61544824 -7.56504107 -6.75274801
v -2.07612777 -6.26497078 -6.92213249
v -2.42513537 -9.05276489 -6.91816759
v -1.26468790 -7.68785143 -7.04654884
v -0.49891913 -9.14957714 -7.30130291
v 0.41264591 -7.74561787 -7.14200640
v -0.44737601 -11.30098724 -8.46922874
v 0.41109008 -10.38485527 -7.75179052
v 3.59311104 -11.73852634 -10.31158066
v 2.51999068 -11.73230267 -9.22847271
v 10.23223305 -11.86550236 -4.93814993
v 10.09316254 -11.91373253 -6.78803015
v 11.15172768 -11.31980801 -5.89468336
v 11.78620529 -10.39424038 -4.99942970
v 11.75082207 -10.42284775 -3.11346412
v 11.25175285 -11.27072430 -2.13213778
v 11.81651878 -10.39524364 -6.82331228
v 11.78966808 -10.32377625 -8.54998112
v 12.16818619 -9.20639038 -7.65407467
v 11.60562897 -10.20558357 -10.15253448
v 11.13466454 -11.18349743 -9.41456985
v 11.81917858 -8.98014259 -10.47449112
v 10.76482868 -8.13793755 -11.76883984
v 11.55328274 -8.29271698 -11.08542919
v 11.81872654 -6.16860962 -10.64467812
v 11.97355652 -7.61010981 -10.16759109
v 12.20231342 -7.58406258 -8.31700802
v 11.95318031 -5.82632732 -7.94250536
v 10.51388836 -4.96585369 -6.27907324
v 11.35298157 -4.44585562 -7.50381184
v 10.38851833 -3.34222102 -7.14516830
v 11.71483803 -1.94794762 -9.41140842
v 11.69707108 -1.10579264 -10.58861828
v 11.27629471 -0.87462664 -8.52237797
v 11.70740986 -2.94131923 -10.48442841
v 11.82033253 -4.07120228 -9.08463383
v 11.77215195 -4.75079823 -10.50249577
v 11.24803925 -5.53368092 -11.47077370
v 9.49436855 -7.91364717 -12.43182373
v 9.96618652 -9.32433224 -11.95669365
v 7.01332426 -5.15978003 -16.37861061
v 7.84765005 -4.96023273 -14.77409840
v 6.65854502 -6.38717842 -14.98699665
v 9.77125645 -2.12265205 -13.46750355
v 10.61075115 -1.18413615 -12.56818485
v 10.49020004 -2.90433049 -12.49962807
v 8.95881271 2.19768333 -14.64160252
v 9.68653870 1.51618016 -13.71252155
v 9.06475925 0.49179241 -14.98037148
v 8.45683193 4.94733429 -13.92782784
v 8.25111103 3.68691230 -15.05846405
v 7.36102676 5.35134792 -14.92350864
v 5.83616400 7.83766270 -13.97244549
v 5.51184940 9.11098289 -13.20577335
v 7.02115345 8.31048393 -13.19954967
v 2.66413069 7.45668507 -20.63149261
v 1.01836514 7.85136366 -20.60479164
v 1.87221396 7.88428736 -19.17423248
v 2.73052955 6.72584724 -22.67971611
v 3.36671281 6.86366367 -21.84463692
v 4.68379688 6.04253721 -21.84579086
v 5.84911251 4.97388363 -21.85638046
v 4.95907831 5.12178802 -22.74711800
v 5.98431921 2.65795755 -23.25542259
v 6.77874517 2.97810698 -22.56307793
v 6.34848356 0.97404909 -23.35499573
v 7.76810169 -0.60346079 -21.84704590
v 7.98511505 -1.49971843 -20.69111633
v 7.51881790 -2.12606502 -21.87535286
v 7.23896933 0.21836808 -22.74169731
v 7.71374846 0.96928126 -21.83068466
v 6.78180695 3.77002382 -21.83449936
v 7.39354849 2.45871115 -21.81919098
v 7.89196587 1.78202605 -20.68534470
v 6.57558441 4.60148859 -20.74712563
v 7.14175558 4.09634638 -19.50452042
v 6.23410511 5.30778456 -19.44193649
v 7.52965879 3.65755248 -18.13539124
v 7.81286955 2.67160869 -19.39034271
v 8.21613026 1.04250562 -19.30848503
v 6.94567060 -3.54181886 -21.89728355
v 6.80348825 -4.44249296 -20.74692535
v 6.08489609 -4.83927965 -21.90230370
v 6.56931067 -1.72139895 -23.29170799
v 6.84745264 -2.57093167 -22.77321625
v 5.95556164 -2.68551087 -23.39113045
v 4.76575422 -2.47773242 -23.79133034
v 3.29429150 -2.10107136 -24.01682472
v 4.40766239 -0.93184096 -23.94324875
v 3.90086389 2.34468389 -23.92387581
v 4.84329462 2.93414235 -23.69461823
v 4.09499121 0.72802740 -23.97376442
v 2.58192277 1.51944232 -24.06204414
v 2.58292651 3.24982500 -23.95805550
v -1.18674588 -2.92370319 -24.10435295
v -0.26559502 -1.42850161 -24.14866829
v 1.59191382 -1.67638028 -24.12046242
v 0.84511608 0.41620925 -24.12904549
v 1.28019607 4.27677202 -23.89291000
v -0.26178071 3.74673653 -23.96899605
v 0.07096586 5.27410841 -23.70806885
v -4.65313196 -0.15211989 -23.87042618
v -3.98648477 1.36446178 -23.95991135
v -3.04169512 0.01967370 -24.06545639
v -5.78416920 -3.09564734 -23.24834633
v -6.35099268 -1.75397098 -23.23313904
v -7.12755203 0.41751415 -22.69271469
v -6.16017818 -0.28366271 -23.39820671
v -6.45006418 1.11944377 -23.26882172
v -6.52459335 4.04058743 -21.79670715
v -5.48560095 5.25187540 -21.95580292
v -5.89995337 4.31933165 -22.63725662
v -6.26732969 4.87345743 -20.60032654
v -5.10030746 6.05623865 -20.60278511
v -6.90863180 4.32013464 -19.17187500
v -5.85869884 5.62266445 -19.18266487
v -9.55333996 6.44343901 -12.63413143
v -9.50124454 9.03118420 -12.16141033
v -8.89708138 7.71033525 -12.65154648
v -7.00012493 10.45833015 -11.97641754
v -5.64113331 11.27468872 -11.42595577
v -5.13473654 10.32603455 -12.33987904
v -11.83729649 5.61684275 -10.38646126
v -12.13747120 8.29477501 -9.07519913
v -11.85390854 7.38857985 -10.27268505
v -11.78103542 3.91978478 -10.46575832
v -11.30786324 4.78211546 -11.40301991
v -11.24286938 1.31035900 -11.57290554
v -10.59408855 2.28877449 -12.43714333
v -10.53913307 0.53766429 -12.60406876
v -11.73526382 -6.08113194 -7.92599344
v -11.74018288 -10.33306122 -6.68439198
v -11.62976933 -10.33511829 -8.44503784
v -10.96096325 -11.24884224 -9.16086960
v -11.32924271 -10.37943459 -9.95489407
v -11.76838779 -9.12523651 -9.34485912
v -11.23102474 -11.25135136 -5.72610188
v -11.92341900 -9.17622757 -5.78211164
v -6.78025103 -11.97029495 -6.99631071
v -7.99073601 -11.91789818 -5.50040627
v -8.65035725 -12.12221336 -7.23395061
v -10.23012543 -11.85134888 -6.48569775
v -10.06977463 -11.85144901 -8.29502583
v -10.31930923 -11.85506344 -2.52355409
v -9.07238770 -11.89300537 -3.70638537
v -9.38295174 -11.88969231 -1.60983098
v -11.11930656 -11.41958141 -1.58709574
v -11.72793674 -10.38294792 -4.85107374
v -11.08066177 -11.50776196 -3.13173246
v -7.63450146 -11.35995770 -4.02267027
v -7.25944614 -10.42008686 3.09675145
v -8.07359600 -11.37862778 2.60907435
v -7.63771343 -9.40854740 2.00290346
v -6.70767927 -8.95464706 3.88896942
v -6.27320147 -10.40442848 4.69624376
v -9.27590084 -11.91724586 2.27125883
v -8.49201393 -11.92808628 4.03923225
v -11.64241600 -10.56241989 1.34488845
v -11.63167572 -9.58907413 0.45470348
v -11.58791256 -10.58370018 -0.63688600
v -11.72838879 -10.57155418 3.24119258
v -11.77907848 -9.44071770 2.60129523
v -11.20337105 -11.37576771 4.09474039
v -11.78063393 -10.49742699 5.01734686
v -7.66280746 -11.94961739 5.66191149
v -6.27897310 -11.39453793 5.76976538
v -6.44273663 -11.98670578 7.34351110
v -4.85483789 -11.88788605 7.99700928
v -7.44790220 -12.11885166 8.83615303
v -4.07396221 -10.86179161 6.83395243
v -2.81810760 -10.64121532 7.31460285
v -3.74663615 -11.46209049 7.68724918
v -5.09272909 -10.58625984 5.97101927
v -3.74036264 -9.60884762 6.45543432
v -7.20403862 -7.25573254 4.30211735
v -5.67179823 -7.61422539 5.20876360
v -9.28839779 -7.83956957 1.95126009
v -9.76593685 -7.18416405 3.29996276
v -8.63013172 -7.10311079 3.60204434
v -10.50088978 -6.17392969 -5.35034418
v -11.30374718 -7.12423992 -5.26788521
v -10.66209412 -7.01232052 -4.37167788
v -11.92653084 -7.96729803 5.77137136
v -11.84808636 -6.73904657 7.33267069
v -11.40874100 -6.76644945 5.65332937
v -11.80065918 -10.23328686 7.07083988
v -12.04000568 -9.31359196 5.58622789
v -11.14394855 -11.32778740 7.88338375
v -11.62249184 -10.62671089 8.70210075
v -10.03052807 -11.95177555 7.02180576
v -10.41652393 -11.79609203 8.68036938
v -10.60377502 -11.23137665 10.99679756
v -10.30209541 -10.48437786 11.43925476
v -11.04342270 -10.82470322 10.99920654
v -11.62665749 -8.73286629 10.18580914
v -11.94499969 -7.69151497 8.89070797
v -11.89410877 -9.41938782 8.76021862
v -10.99664688 -8.18019581 11.32462597
v -11.54746056 -6.76634884 10.48482990
v -10.23439121 -6.06025362 12.27674294
v -10.06159401 -7.65628290 12.13425922
v -8.78365612 -6.88383913 13.00426865
v -5.79129601 -8.20438671 13.89209461
v -5.86948919 -7.17036247 14.93364620
v -5.99114466 -6.47545910 15.97690487
v -8.98842335 -10.15117931 11.85988140
v -7.51921940 -11.07509136 11.38635731
v -7.39344835 -9.77356529 12.37255192
v -5.89699221 -10.61908245 12.09722042
v -5.79782057 -9.43424416 12.97636414
v -4.74758625 -11.17948246 11.69089794
v -6.57503223 -11.83202648 10.26616001
v -4.56746101 -11.73496342 10.55800343
v -3.52621031 -11.84934139 9.05401897
v -2.41825962 -11.73646832 10.50791645
v -0.40582034 -11.30836487 8.47906494
v -0.48546872 -11.71724701 10.57637215
v -1.40285552 -11.75599194 9.39504719
v -1.21655762 -10.50977325 7.69287014
v 5.94055510 -9.52302647 4.72259235
v 6.60348892 -10.72517967 4.37664652
v 5.32981730 -10.56738853 5.74979067
v 5.51611519 -7.84729862 5.27129793
v 6.84414053 -8.56262875 3.84269595
v 3.74201894 -5.19636726 6.60534573
v 5.01277971 -4.84610510 6.31500816
v 4.48289442 -6.35475683 6.14296341
v -2.10995460 -6.59520769 6.87621069
v -1.21194029 -7.96293163 7.06461620
v -2.77474523 -8.09266758 6.68233442
v -4.54979515 -6.41312551 6.09538555
v -4.66372204 -4.65398550 6.46090460
v -3.25117993 -5.50166082 6.68072844
v -1.54825020 -4.61253023 7.07109070
v 0.45962191 -4.62723494 7.16002369
v -1.98026872 -2.83893561 7.18240786
v -6.17397976 -3.74176788 6.42436790
v -4.64219141 -2.86498308 6.84946012
v -7.62541723 -2.82734227 6.65447998
v -7.76027250 -4.48931837 5.95154667
v -8.98646641 -2.02132249 7.06953478
v -7.58707380 -1.12918031 7.02772808
v -11.12512875 -4.00134039 7.58391190
v -11.65732193 -5.12063360 7.93412399
v -11.60608006 -3.75215673 8.99560070
v -11.58374691 -4.69097376 10.36899567
v -11.51950550 -2.75632620 10.44643593
v -11.05657196 -1.94107187 11.64648151
v -11.50746059 -1.64390862 9.37728024
v -11.47192764 -0.83231813 10.59920788
v -11.05160332 -0.55874324 8.47936630
v -9.53983974 2.87602448 13.52527046
v -10.10616112 3.97428894 12.66805840
v -10.31574631 2.14463449 12.71704197
v -8.87108421 2.57213616 14.65324593
v -8.66205120 4.35345936 14.05856800
v -9.00849915 0.89495277 15.04426098
v -8.37346935 2.13279009 16.22960091
v -8.16950607 -1.04877913 18.59425926
v -8.33964348 -1.80988038 16.86427879
v -7.80152702 -2.72636390 18.48113632
v -7.98782492 -0.45269594 20.20911026
v -8.19078541 0.58092636 18.94161224
v -7.55108881 -1.35000753 21.43053627
v -7.65437603 0.14524414 21.53567886
v -6.87430334 -2.15632820 22.38240242
v -7.22336102 -2.78177142 21.34933090
v -5.83204889 -4.20550537 22.40112114
v -4.79370880 -3.95039940 23.16699028
v -5.96384239 -2.98638797 22.93256378
v -6.60665083 -4.04505396 21.36473846
v -5.65307808 -5.20570230 21.46054840
v -2.52516007 -7.67746210 20.44122887
v -1.80405855 -7.54300880 21.65854073
v -3.17524552 -7.07048845 21.58566666
v -4.05192995 -7.46903133 17.47737694
v -3.28099179 -7.61502838 18.99837494
v -2.46031713 -8.11786175 17.58558083
v -1.66784835 -8.11003304 19.11250114
v -1.58609200 -8.62822437 16.16445732
v -2.65474558 -9.01156044 14.63512802
v -0.61475307 -9.22229958 14.85148811
v 2.03733253 -8.49738407 16.26177216
v 1.09670866 -8.36845112 17.75767517
v -0.72105128 -8.42887688 17.68023682
v 1.21515238 -9.12167263 14.92506409
v 2.98829508 -8.71389484 14.93444920
v 4.03837919 -9.07986641 13.80717659
v 4.69137526 -7.98320770 14.89214039
v 5.85975266 -10.48698807 12.07498646
v 6.83370113 -9.31469631 12.66765690
v 5.06728363 -9.69190884 12.87638950
v 8.27715874 -11.25064850 11.04688549
v 9.19263840 -10.32829285 11.70244122
v 4.84474993 -11.26791286 11.32091141
v 3.67913318 -11.70304298 10.33486748
v 5.60555029 -11.80276680 10.12207031
v 7.35048723 -11.86715794 10.03925991
v 7.99008369 -12.18128490 8.90716934
v 9.09376812 -11.84683228 9.81165791
v 10.86239433 -11.19679642 11.03729916
v 11.25115013 -9.70199680 11.14374828
v 10.51589584 -10.48307323 11.42630672
v 10.21150589 -9.04162312 11.83789825
v 11.23890495 -10.79589462 11.05837822
v 11.85822487 -8.93140984 10.35559559
v 10.28197002 -11.92562771 7.08795404
v 11.25140190 -11.28567982 7.86887932
v 10.34380150 -11.80045795 8.81407070
v 6.32012749 -11.98018169 7.27756405
v 7.78908062 -12.24331760 7.57964563
v 9.53391743 -11.82203960 0.14178117
v 9.43318939 -11.90690708 2.11251426
v 8.42340660 -11.72848892 2.84641361
v 11.35493946 -11.23037243 -0.31232005
v 10.33421516 -11.78444862 -2.99326372
v 11.76146221 -10.74585724 5.20645523
v 11.23915577 -11.39810085 4.34748697
v 11.79443550 -10.43629742 2.05921459
v 11.51252937 -11.12051105 1.15984511
v 10.65044975 -11.69044590 1.11628199
v 11.83237839 -9.49346542 -2.17936468
v 11.91433525 -9.14581299 -4.10944557
v 7.64980888 -3.14212132 -6.58667564
v 7.76488972 -1.34318197 -7.01693773
v 6.19771862 -2.12425828 -6.88509369
v 10.38304806 -1.60420990 -7.65944481
v 10.46224499 0.19764042 -7.81352186
v 9.21191120 -0.57154119 -7.31615877
v 7.85231733 0.44215646 -7.09919596
v 10.69797802 2.21680498 -7.60509109
v 11.38455009 0.92481464 -8.56895256
v 11.95523834 3.74513054 -9.10932636
v 12.01290417 5.34647989 -7.91731071
v 11.50038433 3.81047535 -7.72925615
v 11.81902790 1.75296724 -9.48548603
v 11.83925343 2.80791950 -10.47820473
v 11.69355774 0.84687269 -10.75845432
v 10.94660950 4.07170391 -12.06424618
v 11.61350822 3.76088953 -11.24020958
v 10.29843140 2.74950051 -12.81199837
v 10.74028683 5.84519815 -12.13998032
v 9.74591160 4.78146315 -12.95744324
v 10.63524342 7.55184174 -12.08793545
v 11.47649479 6.86953545 -11.43242931
v 9.53933716 8.28865242 -12.47122097
v 10.53792858 9.10480976 -11.94630432
v 8.75625420 6.08640146 -13.25972557
v 8.45407200 7.48960876 -13.00672722
v 8.22390938 9.02084541 -12.63754463
v 5.85528564 11.16131401 -11.81079674
v 6.58858299 10.67664814 -12.16622829
v 5.27164936 10.39027500 -12.45691776
v 3.98277068 9.76327610 -13.08210945
v 2.92545962 11.28783798 -11.77004433
v 2.00210047 11.89732170 -10.87935734
v 3.74061346 11.88989353 -10.80623341
v -0.22614722 11.20026016 -11.94996834
v -1.49746001 11.51087379 -11.48372173
v 0.07196962 11.88382053 -10.88568115
v 1.06368494 12.36050606 -9.62029076
v -0.64175421 12.34058189 -9.28925037
v 2.03778410 12.37661648 -8.75780964
v 0.45656043 9.31509781 -7.45457745
v 1.30860245 10.75107670 -7.56534243
v -0.37761468 10.75107670 -7.64980888
v -0.46795312 7.70852852 -7.25427675
v 1.14328313 7.73818970 -7.19500494
v 1.67803645 6.06201029 -7.04830503
v 2.84706616 7.38697386 -6.76107931
v 4.84404755 7.17618418 -5.94226170
v 3.73971009 8.92885017 -6.44705296
v 4.86045885 2.39296484 -6.94351292
v 4.85689545 0.63603276 -7.12067652
v 6.38256121 1.45188928 -6.96840572
v 0.46785274 1.73695719 -7.34672308
v 1.89193785 0.79005980 -7.32644749
v 1.92651737 2.51607609 -7.23380041
v -0.77630830 2.55943847 -7.29096413
v -1.04451311 1.09645772 -7.35545588
v 0.35056332 5.11983061 -7.17518044
v -1.34935510 4.22638321 -7.12669897
v -0.98102522 6.17598724 -7.11254597
v -2.00872540 7.59179115 -6.96057653
v -4.45147657 4.94065952 -6.45312548
v -4.44434977 3.24315000 -6.83084059
v -3.14824438 4.13112640 -6.88986158
v -2.80229831 9.15866089 -6.80524492
v -3.61137938 7.64283276 -6.37001419
v -9.40197277 12.10409546 -1.74739635
v -8.40764809 11.51388454 -2.31994128
v -8.93838596 12.00868893 -3.43105388
v -9.11188602 11.68643093 -10.34134197
v -7.66837835 11.85360718 -10.31168079
v -8.23153782 11.23037243 -11.23499012
v -11.14148998 10.86831665 -10.58124065
v -11.81175041 9.00985432 -10.19268513
v -11.65837574 10.25818062 -9.88919830
v -11.50173950 11.23478889 -7.90847778
v -11.85937881 10.44417763 -8.55755901
v -11.98981762 10.67388821 -6.82451677
v -12.35714436 10.66610909 -4.84866476
v -11.70510101 11.66183949 -5.57824802
v -11.91925335 7.55093813 -5.99019146
v -12.17917728 7.83806419 -7.58300829
v -11.89621735 6.21749258 -7.32599545
v -10.37757778 6.15460730 -4.93890285
v -9.48528481 6.44810677 -4.17338467
v -10.40799141 7.10275936 -3.55928421
v -4.37333393 -0.31939656 -7.22536850
v -2.71236134 0.43849275 -7.29894447
v -4.34723616 1.45133722 -7.12935877
v 0.19869438 -1.69289207 -7.36730051
v -1.21404827 -0.63954598 -7.37743855
v -1.34503901 -2.39447045 -7.30602074
v 1.62323117 -2.95421743 -7.23555660
v 1.79055798 -0.97239292 -7.33071327
v 2.31356740 -4.74372149 -7.01698780
v 3.20008850 -3.44942260 -7.02958536
v 0.59091377 -4.63948107 -7.18481684
v 1.33043420 -6.25322676 -7.05533171
v 5.01719618 -11.31418705 -7.08489227
v 5.32570171 -10.37572098 -5.93177223
v 3.82929587 -10.37541962 -6.90351295
v 7.86847782 -11.93079662 -5.79365492
v 9.17713070 -12.10133553 -5.82311535
v 7.58481503 -11.34123802 -4.28580618
v 8.01432419 -10.59077644 -1.27899158
v 8.03510189 -9.69863415 -0.13445371
v 7.52453947 -10.45336151 -3.04184580
v 8.61949158 -11.41933060 -0.62057489
v 8.06104946 -10.73185539 0.55011088
v 10.44156742 -8.12237930 1.11241746
v 8.33919144 -8.73251534 1.17997050
v 9.27334118 -7.87565470 1.99773419
v 10.33060169 -7.57487822 2.87125659
v 11.25933075 -8.45221519 2.10006762
v 10.82691097 -4.37197876 6.74707699
v 10.58500481 -5.44399500 5.77899981
v 9.72177124 -4.10809040 6.28253651
v 8.18937969 -4.17333460 6.01106930
v 8.71585274 -2.59060526 6.72062778
v 8.89462185 -6.87299871 3.86247015
v 10.36864471 -6.60293674 4.47290707
v 7.15681171 -7.14983559 4.43145180
v 7.69191647 -5.67089510 5.19631720
v 7.46973419 -1.11015904 6.93427801
v 9.33718014 -0.64245683 7.24875641
v 10.73336029 -0.99005908 7.84428740
v 10.56869411 0.60080081 7.75525379
v 11.93305492 3.36987472 8.97928905
v 11.81737137 0.50624657 9.54892349
v 11.49561596 1.72937882 8.48970509
v 10.54721355 2.42518544 7.34672308
v 9.37150860 3.17303729 6.58627415
v 10.59534359 4.10628366 6.56173229
v 3.11632466 0.87071198 7.18762732
v 4.74030876 1.43653166 7.02195644
v 4.47275639 -0.32421461 7.09533167
v -11.88482475 6.99636078 6.62657547
v -11.82505035 8.04077339 5.14422178
v -11.27764988 6.65869570 5.36434650
v -11.85220242 9.08177376 3.40736508
v -11.28156471 8.24950504 2.21369314
v -10.72517967 11.85385799 3.89875603
v -11.43107414 11.20788860 4.82211542
v -10.56237030 11.77993107 5.61714363
v -10.52648544 11.84372044 7.35234451
v -9.41075611 12.08166218 6.40062904
v -9.87489414 12.07624149 2.98648834
v -10.97235584 12.07754612 2.31241298
v -8.68935299 11.87102318 3.65323615
v -9.08734417 11.89255333 2.01359367
v -8.11229134 11.92156219 5.43877554
v -7.64258146 11.49521446 4.18417549
v -11.95348167 11.80101013 -3.84008622
v -12.35699368 10.75509167 -1.32200265
v -11.92372036 11.83383369 -2.14433336
v -11.01692295 12.32256413 0.50850505
v -10.85110188 12.34499836 -1.15743613
v -11.91829967 10.35173130 4.04932022
v -11.89601612 10.21627331 5.76564980
v -10.49346161 7.96087408 -0.28928375
v -10.42595863 7.73036051 -1.94599032
v -9.48724270 7.81628227 -0.95121354
v -8.63595295 8.23133755 0.41922054
v -7.98677111 8.07736015 2.42393088
v -9.31263828 7.49071264 2.14468479
v -7.05909586 9.08945179 3.18648767
v -7.64609480 10.36292267 2.01555085
v -7.96022177 10.35940933 0.15136707
v -8.40333176 11.29551697 1.04772508
v -8.25648117 6.52087927 -4.27546740
v -7.31836700 5.52665472 -5.37548828
v -6.61448002 8.46697044 -4.09855461
v -7.94652033 9.23931313 -0.72054940
v -7.75450087 7.71229267 -3.33654976
v -8.38124847 8.19480038 -1.65956724
v -7.76534176 10.42194366 -1.94558883
v -9.57692814 12.09195042 0.15191914
v -7.61994696 5.20510006 5.43661737
v -8.03219128 3.67461634 6.28780603
v -9.20478439 4.48595572 5.95827150
v -3.72615933 7.51932001 6.28559780
v -4.10211802 6.01036692 6.30471945
v -5.17011881 7.13011169 5.57132196
v -6.09423113 9.45065498 4.51155186
v -5.46477270 11.25110054 6.51535845
v -5.68524885 10.36171818 5.37142324
v -6.76805544 11.87147427 6.74647474
v -8.13472557 12.17611599 7.24263334
v -8.21597958 12.28803539 8.51595402
v -6.95038843 12.16070843 8.18862724
v 7.66456413 12.14469814 7.87645769
v 7.17653561 11.93787289 6.55781794
v 5.99952602 11.95990562 7.84378529
v 6.77879572 11.42013359 5.52329206
v 6.49372768 10.48081493 4.75034618
v 5.56996679 10.89004803 6.03852224
v 6.64303684 9.19339180 4.12224340
v 7.37618351 10.31213284 3.29700160
v 8.72895145 11.17481422 -0.79156548
v 7.96087408 10.49908257 -2.04325461
v 8.18195248 10.34570885 -0.03593462
v 9.45783234 11.63097382 2.15060687
v 10.53190613 11.54846478 1.08230472
v 9.58174610 11.55127525 0.18569568
v 9.54420567 11.59398460 -1.55206454
v 11.30931854 11.15709782 5.39190006
v 11.93029499 10.25275993 6.25573587
v 11.87930393 10.25908375 4.52374744
v 10.56151676 11.62580395 2.80636358
v 10.48999882 11.71137428 4.43958235
v 8.73828697 11.72412205 3.78242016
v 8.02983284 11.83182621 5.21729565
v 9.33361721 11.95819950 4.95345736
v 8.61898994 6.94562054 13.06444359
v 9.53783226 5.27742100 12.99960041
v 10.23343754 6.76293612 12.23503685
v 12.13340569 6.45297480 7.28218126
v 12.21179962 7.85236740 6.36353970
v 12.32642841 7.79480171 7.94245481
v 10.74113941 5.77468395 5.33001804
v 11.56141281 5.21930313 6.78105402
v 8.11063480 3.99511695 6.08509684
v 7.95439959 2.46915030 6.69548368
v 6.37960005 1.93605304 6.84479284
v 7.77362251 0.73073757 7.00203180
v 5.02944183 3.18141866 6.73478079
v 3.65664911 4.49689674 6.74080324
v 5.47169876 5.01799917 6.15791941
v 8.19700909 6.46813154 4.31421232
v 9.38009071 6.02251244 4.53122568
v 8.16609287 5.33794785 5.25428438
v 11.75779819 10.32528210 -0.78192937
v 11.82319355 10.40593433 -2.50925040
v 11.30821419 11.09245586 0.17013739
v 11.74028301 9.34912491 0.07237113
v 11.81114864 9.26380539 -1.98734522
v 11.25968266 8.02983284 -2.65901160
v 11.88813686 8.54722023 -3.78156710
v 10.32999992 7.78682184 -1.69811165
v 10.24151802 7.03299809 -3.55838084
v 9.36623859 7.96212864 -0.81133956
v 10.40588379 7.97176504 0.10318657
v 9.39148331 7.88890457 0.99241793
v 5.81026697 10.32232094 -5.30065823
v 6.49623728 9.13577557 -4.32465172
v 7.03214455 10.32859421 -3.88395047
v 5.27947855 11.46023369 -6.50005150
v 4.34884214 10.54460335 -6.38180828
v 2.90518379 10.70851803 -7.12484217
v 2.32310319 11.85300541 -7.84232998
v 5.16058302 12.14008045 -7.80127621
v 5.09006929 12.24718189 -9.30219936
v 3.45890832 12.34449673 -8.39424801
v 10.51273441 11.70053387 -7.21563196
v 11.38169003 11.01491547 -7.98380995
v 10.47705078 11.63679504 -8.79555130
v 9.44468307 11.98650551 -6.43345165
v 10.54460335 11.71202755 -5.62637806
v 8.06220341 12.10515022 -7.33297157
v 7.98541594 12.13039398 -8.91750813
v 6.67410326 11.90745926 -6.76183224
v 8.26180172 11.81887722 -5.40941525
v 7.94892931 11.24020958 -3.69444060
v 9.30430698 11.69666958 -3.45976138
v 12.11393261 9.33381748 -5.09383297
v 12.00632954 9.91328812 -6.98833036
v 11.87383366 10.51348686 -5.44023085
v 11.97390842 7.72860384 -5.33809805
v 12.27568913 6.99435329 -8.09010792
v 12.02198792 6.64022636 -6.70632410
v 12.00366974 6.27104330 -10.48467922
v 11.96276665 4.56123781 -10.37953472
v 11.26394844 9.89707756 -11.24688435
v 11.82725906 9.10355473 -10.74751377
v 11.96055794 7.87670851 -10.63589573
v 10.42746449 10.34721375 -11.68678284
v 10.39624786 11.08593178 -11.15970802
v 9.41236210 10.86600780 -11.64904118
v 10.43619728 11.46239185 -10.17185688
v 11.13576794 10.83152866 -10.69647217
v 11.73491287 10.05185795 -10.21617317
v 12.25029373 7.41773939 -9.47996521
v 12.26002979 8.61602879 -8.36006927
v 11.92888927 10.00603580 -8.86109638
v 8.34310627 5.32836199 -5.37001801
v 7.06311083 4.82934237 -5.88951397
v 8.12704659 3.89383769 -6.21699095
v 9.74827003 5.84760714 -4.91285515
v 8.66119766 6.63400316 -4.17639637
v 7.56137753 7.89653301 -3.64555740
v 8.04378510 9.38786983 -0.94117594
v 8.33492565 8.40388393 -1.75999355
v 10.68121529 5.38000536 -5.73026752
v 11.48186493 6.41417980 -5.55004215
v 10.78856754 6.35746717 -4.78196478
v 11.88276672 10.46646118 -4.07270765
v 11.36231709 11.21074963 -4.78853941
v 10.51198101 11.66555309 -4.07632113
v 9.31755638 11.89280415 -9.58546066
v 8.39555264 11.31408596 -11.40417385
v 6.64740324 12.13064575 -9.58636379
v 7.83595610 11.82991886 -10.44357491
v 6.16961336 7.93467569 -4.90703344
v 11.28387356 8.43038273 1.02368510
v 10.42927170 7.68619490 1.94157374
v 11.30866623 11.12392426 -1.55638075
v 11.97245312 9.18556213 3.73052573
v 11.81044579 10.27383900 2.77800727
v 11.93772221 7.96920538 4.78954315
v 11.80166245 9.28317738 1.92596531
v 0.21134175 3.24289894 7.21377516
v 1.92947841 3.97358632 7.06973553
v 1.70819950 2.06122208 7.22792816
v -1.39557827 2.38137150 7.22371244
v -1.39065993 4.26904345 7.08950949
v -2.87873459 5.09513807 6.79259729
v -1.64571536 6.08173418 6.96363831
v 4.17664719 10.46179295 6.75465536
v 3.50919652 9.12187386 6.59495687
v 2.64059258 10.24994946 7.37553120
v 4.43973255 7.80373526 6.00845957
v 2.87165809 7.59339714 6.69287348
v 2.32049322 5.88133335 6.87274742
v 1.16511488 7.42536783 7.07068920
v 0.21897033 8.92925167 7.35134077
v -0.62358618 7.46250677 7.11349964
v -2.26076961 7.60669708 6.83114147
v 1.52456152 0.20220754 7.30280876
v 7.04474211 4.79722214 5.81950188
v 5.27927780 6.63917255 5.74743176
v 10.49391365 6.90973616 3.69283462
v 11.38309479 7.03927135 4.50051022
v 12.24908924 9.10370541 7.09733915
v 12.21681786 7.84293222 9.42922497
v 11.94103527 10.24272251 7.92594337
v 11.83006954 -5.76434517 10.37692547
v 11.97727108 -4.90151262 9.21336651
v 11.73571587 -4.00384951 10.42987347
v 12.24035645 -7.64258146 7.97291899
v 12.19523716 -8.23434830 9.29291439
v 12.20176220 -9.14922619 8.17492580
v 11.53094864 -4.07366133 7.91645765
v 12.01410866 -5.99064302 7.92082405
v 9.02611446 -6.28850889 12.98203468
v 7.55384922 -6.58943605 13.84406471
v 7.93698454 -7.85156441 12.99387932
v 10.55423927 -0.50815374 12.67157173
v 11.27669621 0.43482903 11.62776184
v 10.53215694 1.32917953 12.68160915
v 9.18300247 -0.64812809 14.94293118
v 8.65562725 -1.56591642 16.25640106
v 8.91550064 -2.34107041 14.92797470
v 8.50591564 -0.81425047 17.70277023
v 8.18917942 -2.44631481 17.66849136
v 7.69788885 -3.27843213 19.10231400
v 7.55269480 -3.98879337 17.59316063
v 5.71154737 -6.42135668 17.13203239
v 7.45051193 -4.69007063 16.15507317
v 8.06782436 -0.92320865 20.55731392
v 8.34832573 -0.04436621 19.17613983
v 8.04835224 0.73139000 20.56534386
v 6.04936314 -0.26489237 23.32392883
v 4.69473791 -1.22092402 23.71358871
v 5.97433186 -1.92832410 23.28709030
v 3.96023631 7.06807947 19.23636627
v 2.39813423 7.72559261 19.21619034
v 3.05594850 7.24604607 20.61904526
v 2.02503633 7.25352430 21.79344559
v 3.68063879 6.52178288 21.96177673
v 4.10397482 5.15571499 23.15158272
v 2.43110776 6.53613663 22.76061821
v 2.79336476 5.57463455 23.32588577
v 1.31226623 6.07024097 23.27986336
v 1.69148684 4.77850199 23.66927338
v 3.02126861 -0.51236951 23.94204521
v 2.65113211 1.41495085 23.92769051
v 1.16802585 0.13013753 24.03564453
v 3.40987444 -5.42030621 23.31479454
v 4.66061020 -4.43421221 23.27559853
v 3.37163115 -4.04942036 23.69481850
v 2.37088203 -6.14722967 23.25185966
v 4.46116304 -5.64921379 22.67514801
v 1.84822404 -6.92750263 22.73738098
v 1.23086119 -7.61241865 21.89527702
v 2.63391757 -7.27570724 21.89316940
v 1.12963200 -6.16088057 23.32262421
v 0.49806592 -4.85202742 23.70806885
v -0.50514245 -6.09267521 23.27740479
v -1.88044477 -2.36119580 23.93135452
v -3.59080243 -1.50413501 23.85421562
v -3.43045163 -3.34713960 23.65898514
v -3.83732581 0.34840524 23.85868263
v -5.08068371 -0.67618322 23.63017654
v -4.49759960 3.87466574 23.15760612
v -5.57809734 2.49454546 23.25602531
v -4.13915682 2.12972856 23.67549706
v -2.90247369 4.93985653 23.25000191
v -5.31114721 4.63862801 22.36744499
v -1.32917953 4.38457584 23.67650032
v -1.46875238 5.82487202 23.22686577
v -4.81027079 6.20775652 20.17588615
v -4.21549273 6.90692568 18.78412056
v -5.70376825 5.81393099 18.36710930
v -2.71582437 7.60745001 18.93649292
v -1.93434668 8.03073597 17.50648499
v -3.56104088 7.47580671 17.44911957
v 3.42367625 7.75128889 16.70011330
v 2.29795885 8.30687046 16.03381729
v 1.82920277 8.08709717 17.52896881
v 4.73303127 6.85101604 17.55898094
v 5.91159678 6.31952524 16.16706657
v 7.00258398 5.92539835 14.94850159
v 5.57709360 7.32945871 14.79633236
v 7.36805296 4.09127712 17.69559288
v 8.04217911 4.42171526 14.99055958
v 7.12699986 4.95942974 16.25163460
v 6.68946075 4.73639393 19.15686798
v 7.59977102 3.23953629 19.16806030
v 9.13813400 1.07046032 14.95914173
v 8.76142311 2.78317666 14.97966862
v 8.58536339 1.78834975 16.28460693
v 4.76575422 8.41638088 14.05610847
v 3.68294764 8.17768669 15.14784908
v 1.84486151 8.84026814 14.88772392
v 1.15507734 9.64342785 13.68516922
v -0.00235884 9.02531147 14.78403568
v -2.10739493 8.89321709 14.55552959
v -1.05434990 8.48097229 16.07236290
v -7.13036251 8.94435883 12.92160892
v -8.40403461 7.42346096 13.06740475
v -7.73136425 6.23942471 13.90363789
v 4.18307114 10.32523155 12.47774601
v 5.28148603 9.18661594 13.18077946
v 6.30948734 10.34068966 12.12888908
v 8.40930367 9.95037746 12.01536369
v 6.35586119 11.38570499 11.18736172
v 7.27585793 8.59163666 12.92994022
v 7.09784079 7.05869436 13.86208153
v 3.18232203 11.15800190 11.61039639
v 2.23803449 10.39835548 12.62956429
v -10.21120453 7.26366186 12.37541199
v -10.45396423 5.52399492 12.22876263
v -10.62289715 12.05807304 9.07856083
v -11.47293091 11.27805138 8.29873943
v -10.52568245 12.20211315 10.84502888
v -8.42822456 12.02560139 10.70731354
v -9.09703064 12.27548790 9.49331474
v -11.17551708 11.79649353 12.04964161
v -11.85556507 11.81094742 11.47960663
v -12.18906403 10.39725113 9.30531120
v -11.98585320 10.18380165 7.55706120
v -12.38188648 8.93120956 10.53476715
v -12.28492355 10.71017361 11.01576900
v -11.82801151 11.05135155 12.11403275
v -12.45982838 7.76273155 9.53843403
v -11.76673222 5.26853752 10.43574619
v -12.03804874 7.01683760 10.55293465
v -11.59368420 7.96002102 11.67513847
v -10.97812748 9.11474705 12.39197445
v -8.35244083 10.33707619 12.33847427
v -10.46691227 10.54831791 12.44979095
v -6.44850826 10.41205692 12.26755810
v -7.52589464 11.33441257 11.61621857
v -5.48143530 8.38114834 13.70569611
v -4.95631790 10.62144184 12.17767143
v -5.17112255 9.65331459 12.86590004
v -4.06367397 11.21391106 11.55047226
v -3.40445423 10.31343746 12.54444599
v -2.25866175 9.71148205 13.34459305
v -1.45515144 10.45501804 12.56758213
v 0.34780300 10.46600914 12.62645245
v -0.51452762 11.15127659 11.61827564
v -4.54497719 7.27254534 16.11175919
v -4.12013531 8.11480045 14.75402355
v 9.08649063 3.92420125 13.86419010
v 8.10702133 2.51441979 17.71240616
v 8.48418427 0.85826534 17.71481514
v 7.68233061 2.36390591 20.55811691
v 5.94070578 5.27962923 20.55917168
v 5.44364357 6.04665279 19.16294098
v 6.17443132 4.44103765 21.74521446
v 5.12289190 5.63686752 21.77442360
v -0.15081500 6.52514553 23.06139565
v -0.24205683 7.25332355 22.43023109
v -1.85685635 7.65091276 20.39490509
v -2.45088172 7.08338690 21.59690857
v -0.98684704 7.52960825 21.62807655
v 0.47653526 7.58933210 21.68639374
v -0.15171839 8.25999451 17.55411339
v 0.68140274 8.05261803 19.09674263
v -0.24541943 7.88980770 20.46637344
v -4.80891562 6.77713919 17.39607048
v -5.97804594 7.00363779 14.76180267
v -7.18501759 5.38728237 15.24988079
v -6.92007494 4.82045889 16.92932320
v -6.98045111 3.73052573 20.33643723
v -6.90130472 4.32610703 18.71551514
v -7.68634558 3.33248448 17.40329933
v -7.98712254 1.77660573 19.38607597
v -7.50958347 1.55055892 21.62702179
v -7.61161566 2.36139655 20.47134209
v -6.28921127 0.07553297 23.19203568
v -6.12891102 -1.50428557 23.15002823
v -6.41834545 1.51783633 23.07810783
v -7.11686230 0.77826566 22.51735687
v -6.50040245 2.54388022 22.77331543
v -8.11384678 1.86262798 17.98603249
v -6.93764067 2.91873455 21.79334450
v -6.16579914 4.33273172 21.55078697
v -5.16906500 5.43581438 21.48082352
v -3.88625932 6.35576057 21.53557968
v -2.79125690 6.20554781 22.56212425
v -1.03638268 2.66955113 23.92447853
v 0.38338628 3.77960968 23.85240936
v -2.47075629 1.50102329 23.93000031
v -0.68511665 0.80165327 24.03253365
v 3.91541839 2.71993971 23.69010162
v 2.15662956 3.20309997 23.85612297
v -0.34930864 -1.13801336 24.04101562
v -3.43762851 -5.00720882 23.20899773
v -3.46267223 -6.23435593 22.50355530
v -2.15838599 -6.11340284 23.04899979
v -0.28953469 -7.69824028 21.78180122
v 0.68441403 -8.02064800 20.74050140
v 2.01585197 -7.96508980 19.50999069
v 2.91145730 -7.93738604 17.70482826
v -1.17876601 -7.05161762 22.58952713
v 5.84178543 -3.43281054 23.08699226
v 6.51340151 -3.74472904 22.44910240
v 6.43370295 -4.51536608 21.65919304
v 7.16288471 -3.24209595 21.68388557
v 3.22859550 -2.38026738 23.88608551
v 1.79959190 -3.60239577 23.88794136
v -0.00476786 -3.08179545 23.94089127
v 4.78352070 3.88119030 23.27645111
v 5.49699354 2.40621448 23.30520821
v 6.12901115 1.15005851 23.24131966
v 6.02482080 3.50327444 22.66957855
v 4.43792582 5.73759508 22.59720612
v 6.98597193 3.01017714 21.75043488
v 7.50250673 1.45841372 21.76157570
v 6.98903322 0.56115228 22.69020462
v 6.99731445 -1.02644539 22.68623924
v 7.56288290 -1.76350665 21.74049759
v 7.75670910 -2.52415633 20.52373886
v 6.86205769 -4.75200272 18.99626541
v 6.10783195 -5.35466051 20.42100334
v 5.55927706 -6.20399237 18.74251556
v 5.33849955 -5.65473461 21.69969368
v 4.01689863 -6.61553383 21.78762436
v 3.27893400 -7.36574459 20.70943451
v 3.89298439 -7.29593277 19.13162422
v 6.22657681 -6.88383913 14.87286854
v 5.23601580 -7.08940935 16.07933807
v 4.53363466 -7.20248270 17.47928238
v 9.81326389 0.31723848 13.76366329
v 8.33321857 -3.98292136 14.91522694
v 9.35670376 -3.23135567 13.75317383
v 7.43575668 -5.51531219 14.89871502
v 10.40844345 -2.33785844 12.65511036
v 11.16377354 -3.20289922 11.55980682
v 10.06997585 -4.45192862 12.62730598
v 8.55479908 -9.12046814 12.32728195
v 10.35986137 -6.28047895 12.15338039
v 11.70259190 -2.20270205 10.50927162
v 10.32849407 3.43988705 12.67232513
v 11.28894234 4.11361074 11.54615593
v 10.60708809 5.06191349 12.21676826
v 11.31378555 7.44052458 11.33943081
v 10.54726315 8.34521389 11.84653091
v 11.88482475 8.02566719 10.53145409
v 11.94951725 6.44976282 10.32272243
v 11.97762203 9.12804699 10.03820610
v 9.38455772 10.92522907 11.23318291
v 10.18605995 9.77180862 11.65697098
v 11.13185406 10.23268509 11.17441273
v 11.58269215 10.16593456 10.57878113
v 11.84096050 10.21667480 9.42229939
v 11.26199150 10.66480350 10.87990952
v 11.35448742 11.10500336 8.77341843
v 10.66821671 11.56909180 9.43404293
v 10.14405251 11.44919205 10.35418987
v 7.23776484 11.81134892 10.33742714
v 8.78942776 11.67313099 10.38304806
v 8.23048401 12.06595325 9.22204876
v 9.18616486 12.07312965 7.95289421
v 10.49130344 11.72427273 8.22907925
v 10.18134308 11.81325626 6.37939930
v 7.96995831 10.29291058 1.69570267
v 8.25633049 11.14279461 2.65409303
v 11.32818890 11.09898090 1.91000545
v 10.48603439 11.58625603 -2.39938879
v 8.06451225 9.33858585 0.84421271
v 8.34912872 8.29783630 1.81705725
v 7.48980951 7.76268148 3.69303536
v 5.92595053 7.83435011 5.04364538
v 4.90688276 11.41145134 7.21352434
v 5.49333000 11.83543968 10.30334949
v 5.30186272 12.03167439 9.11404419
v 4.00410080 11.65897846 10.76126480
v 4.40485191 11.79935455 8.45668125
v 2.88520885 11.65536499 9.00267696
v 2.43206120 11.63789940 10.40588379
v 1.88762164 11.10098839 8.29241657
v 1.18664551 11.56673241 9.37306499
v 1.02855325 10.17858219 7.73457623
v -0.66273284 10.22340012 7.78491497
v -1.48842609 11.20066166 8.47560215
v -2.57569933 10.43328667 7.47284555
v 0.38945904 11.56547832 10.53958511
v -1.43934226 11.59217834 10.57903290
v -0.59091377 11.58359623 9.48709202
v -3.19185781 11.67343235 10.61893177
v -2.52571225 11.72045898 9.40909958
v -4.84299326 11.76397133 10.60824203
v -4.10482788 11.28046036 7.51906872
v -4.07586956 11.81114864 8.66772175
v -5.61036825 12.03855038 9.32458305
v -6.60389042 11.86384583 10.60352421
v -3.18036461 8.99625301 6.64785528
v -4.28816509 10.28211975 6.49874640
v -4.36731148 4.33519125 6.56534576
v -6.28514624 3.56380129 6.41960001
v -4.50778770 2.49569964 6.89794207
v -11.49295616 4.50311995 7.69221735
v -10.40733910 5.47731972 5.64560032
v -10.53807926 3.99180460 6.89723921
v -10.42560768 6.56002617 4.35044813
v -7.73728657 2.27672935 6.79254723
v -8.21487522 6.81252193 3.85037470
v -6.62757921 6.75616074 4.82618046
v -6.14547300 8.17517662 4.56379747
v -6.92589664 10.55449104 3.89288402
v -11.31373501 8.51806164 0.49450257
v -11.32527828 8.46461105 -1.20807588
v -12.10685635 10.57843018 2.24977851
v -11.93059635 11.77415943 1.27392256
v -12.31368065 10.78490353 0.41736358
v -11.96934128 9.48699093 -0.41068858
v -12.11814880 8.74491119 6.68258524
v -10.47484207 7.83053589 1.31442428
v -9.57331467 6.74416590 3.61353755
v -10.44056416 7.34361172 2.92154503
v -12.24110889 7.41402531 8.14401054
v -11.91910267 5.81277657 7.88438749
v -11.79232788 4.32615709 9.03871155
v -10.20257187 0.41811639 7.75987101
v -10.17250919 -1.29264271 7.66722393
v -9.05090809 1.33891606 7.20704985
v -10.30269718 2.13911390 7.52594471
v -11.50003338 0.27096513 9.50365353
v -7.61287022 0.58403802 7.07425261
v -6.09227371 -0.22805436 7.05001163
v -4.54392290 0.66930747 7.09743929
v -4.59069824 -1.10684657 7.07886982
v -2.96827006 1.53178859 7.16524315
v -1.49399698 0.52727532 7.30376244
v -0.06439123 -0.56300920 7.33944607
v -1.67191350 -1.29414833 7.28619671
v 1.35813808 -1.63467407 7.28564453
v 2.65735531 -2.68305159 7.12107801
v 1.31241679 -3.22799301 7.21086407
v 4.18618298 -2.07115936 6.99701309
v 5.78527355 -1.55286753 6.90757799
v 5.41302919 -3.24731541 6.63129282
v 12.01807404 4.94567823 8.17106152
v 12.08648014 4.85278034 9.57803249
v 11.80673218 4.86668205 10.71203041
v 11.84161282 3.23858285 10.39163017
v 11.77782345 -1.24039698 9.48036671
v 11.72331905 -0.42870608 10.56768990
v 11.76326942 1.31728494 10.56528091
v 11.39488888 -2.01605272 8.39424801
v 11.97641754 -7.13081455 6.59621143
v 11.36397362 -6.76298618 5.38567638
v 8.54325581 -8.69407082 -0.90835297
v 7.85547924 -9.48694134 -1.94513714
v 9.39519787 -11.80417252 -1.83090913
v 6.58471870 -10.38073921 -4.63616848
v 5.82396841 -9.15464592 -5.13217688
v 2.88651395 -9.16729355 -6.86797953
v 2.16757035 -10.37572098 -7.51204252
v 4.59401083 -2.87973833 -6.91304874
v 4.14512920 -4.79370880 -6.65713978
v 4.77348280 -1.12842751 -7.10170555
v 2.07452178 -7.77578068 -6.93824291
v 3.64450359 -7.76609421 -6.46070385
v -7.52358580 -0.21876958 -7.22938347
v -7.55098867 -1.84983003 -7.05924606
v -5.99144602 -1.08084917 -7.13909531
v -7.56268215 1.43035865 -7.08484221
v -6.03435659 2.31447077 -6.88403988
v -7.67731190 3.04902267 -6.63099194
v -10.27705097 1.36195230 -7.75545454
v -10.19107914 -0.34007403 -7.87982035
v -8.98420811 0.57169175 -7.40689850
v -10.50831795 3.24766684 -7.27239466
v -11.26605606 2.16194940 -8.38074684
v -11.35087395 4.78126240 -7.17949677
v -10.35479259 4.88419771 -6.16093111
v -11.88954258 4.80008268 -8.37281704
v -11.55564117 -0.53113985 -9.57331467
v -11.80622959 3.22764182 -9.25497246
v -11.07137680 -1.34709668 -8.55364513
v -10.17903423 -2.00099635 -7.68679714
v -4.39195347 6.39475679 -6.15927458
v -5.72665405 5.93227434 -5.73066902
v -7.88935614 4.36128902 -6.00509691
v -9.11329174 3.83305979 -6.40409184
v -11.30771255 7.26145363 -4.59416103
v -12.04095936 8.91846180 -4.25012255
v -12.00417137 9.33582497 -2.18659163
v -12.17947865 9.35866070 -7.93608093
v -10.13486862 10.11971188 -11.66178894
v -11.15825272 9.99459267 -11.05325890
v -10.68773937 10.82630920 -11.13140202
v -10.35875702 11.37566662 -10.40161800
v -9.93361473 11.83147430 -9.20312786
v -6.06050444 12.21034431 -7.71058655
v -6.91761589 12.17857456 -9.14099503
v -7.83786345 12.23202515 -7.75294495
v -9.40066814 12.12773418 -7.78948212
v -7.26401329 12.07423401 -6.34617472
v -4.36640787 11.83418465 -6.95897055
v -3.93770194 12.34590149 -8.34551525
v -4.88203955 10.61085129 -5.91706705
v -3.46618557 10.78309727 -6.77191973
v -1.98463511 10.75218105 -7.36599541
v -8.16308117 11.98670578 -4.97774839
v -6.96649885 11.64838886 -5.26201344
v -10.70806599 11.77064705 -7.90506506
v -10.43293476 12.07363224 -6.22135735
v -9.64222336 12.23789692 -4.77052212
v -11.08276939 12.26284027 -4.59541607
v -6.82918453 9.93085384 -3.71807909
v -6.21975136 10.83388710 -4.98698282
v -5.66281462 9.49060535 -5.00580359
v -5.28304195 7.71108818 -5.43526220
v 3.33685088 -0.16888268 -7.24323559
v 3.41298628 3.32149339 -6.99595928
v 4.75687075 3.91130304 -6.67942333
v 5.57829809 5.15335608 -6.15751791
v 1.88922763 4.27702332 -7.09994888
v -1.26885355 11.85405922 -8.09121227
v -2.30779576 12.34364319 -8.86375618
v -3.44425321 12.30801010 -9.78445625
v -2.10699344 9.53371620 -13.75708866
v 0.45349896 10.49070168 -12.77019119
v 1.66769779 6.70135546 -23.01050568
v 0.40070117 6.47791862 -23.25286293
v 0.69525462 7.19896984 -22.65346718
v -1.02072394 6.11591244 -23.33808136
v -2.94352746 4.26718616 -23.75634956
v -4.07953310 4.97122383 -23.28854561
v -2.51753139 5.62040567 -23.35454369
v -4.76881552 2.57324028 -23.74425316
v -3.38799262 2.84786916 -23.93632317
v -4.56881618 5.64359283 -22.63575172
v -5.30642986 3.78297234 -23.28789330
v -5.99917507 2.30413198 -23.33667755
v -4.26793909 6.30933666 -21.79796219
v -2.88561034 7.01277208 -21.76985741
v -1.37229109 7.47008562 -21.76584244
v -1.99527490 6.71846962 -22.70119667
v 0.15874471 7.62371111 -21.79766083
v -0.62910682 7.90305758 -20.56745338
v 0.98845309 8.22436142 -17.62979698
v 2.74503374 7.80539179 -17.64806557
v -1.50092292 7.98611879 -19.16038132
v -0.74960828 8.26621819 -17.66548157
v -3.37976170 7.90054798 -16.21564865
v -3.98186731 7.28454018 -17.68605804
v -0.02323705 8.57547665 -16.16305161
v 1.94348097 8.95258904 -14.55492783
v 0.59477824 9.04177380 -14.78348351
v -1.72822452 8.41070938 -16.22182274
v -0.37866861 9.71123123 -13.73425293
v -2.73700380 8.65422153 -14.89103699
v -3.72590852 9.08623981 -13.76401424
v -4.52876616 7.97372198 -14.73510265
v 2.33499765 10.37050152 -12.76687908
v 5.76961470 11.78073406 -10.80533028
v 3.78226972 10.66816616 -12.38183689
v 2.81865954 9.29095745 -13.79337406
v 8.00970745 10.45717621 -12.09711933
v 11.34731102 0.84235573 -11.69245338
v 10.61973476 4.02166653 -6.71505690
v 9.40699196 3.01399136 -6.74732780
v 7.94130087 2.22874951 -6.82190704
v 4.32304573 -6.45990086 -6.31827021
v 5.63927650 -5.77327871 -5.99897432
v 5.27174950 -7.59670973 -5.68956518
v 7.50085068 -7.60679770 -4.10763836
v 6.45367765 -8.04378510 -4.74201536
v 7.95068598 -6.49463081 -4.71677065
v 8.76985455 -7.17402649 -3.70593357
v 10.18781662 -7.11119080 -3.74297237
v 10.88292122 -7.98712254 -2.43953943
v 9.54124451 -7.90009642 -1.99216330
v 11.40497684 -7.69568062 -4.19913149
v 10.59434032 -8.22160053 -0.69048679
v 11.44623089 -8.72669315 -1.37670755
v 11.77812481 -9.57125664 -0.47593302
v 11.78600407 -10.45401382 0.39814156
v 11.75222778 -9.49441910 1.26523995
v 10.39127922 -11.83940411 3.26106691
v 7.71585608 -9.82616234 1.65725863
v 7.67184114 -10.92944527 2.57901192
v 7.53824091 -8.98400688 2.58132052
v 7.57753801 -11.60703373 4.25664663
v 7.65693521 -12.04888916 5.90537357
v 9.04363060 -12.19172382 6.36519623
v 10.26841927 -11.92883968 5.22286654
v 12.01957893 -9.66385365 5.13297987
v 11.90801144 -10.26375103 6.82567120
v 11.81069660 -9.24016666 3.31326246
v 11.88994408 -8.20062256 5.13774776
v 11.85390854 -10.36648655 8.71208858
v 11.66459942 -10.32437897 10.20357609
v 11.24231720 -11.18133926 10.63484192
v 11.89626694 -7.41834164 10.36934662
v 11.30148888 -6.70537043 11.32025909
v 10.62435246 -7.56669712 11.88010693
v 10.53220749 -11.54113674 10.23564625
v 4.42091227 -10.61883163 12.19704437
v 3.37755346 -10.17245960 12.83387947
v 0.39703745 -9.87730408 13.71518135
v -4.73554087 -6.80243397 18.85599136
v -4.87697077 -7.32845497 16.06719208
v -4.46763706 -6.25076723 21.54145050
v -5.29513741 -6.05819607 20.22542191
v -7.24474096 -3.50206995 20.03044128
v -6.01247454 -5.69734430 18.65182495
v -7.07415199 -4.30166531 18.49438667
v -6.76936007 -5.30065823 16.76651382
v -7.91359711 -4.45082426 15.27708340
v -8.59580231 -2.74041653 15.31176281
v -9.00473499 -3.78141642 14.01781559
v -8.94721889 -0.92757499 15.26624203
v -10.20909691 -3.16711497 12.72773266
v -10.51112843 -4.68359613 12.22233868
v -9.65898609 -0.16647367 13.88024998
v -11.12246799 4.50658321 11.52562904
v -11.57094860 3.37509418 10.50420189
v -11.57737255 2.22292781 9.39539814
v -10.91840363 1.32145059 11.97315502
v -10.37878227 0.59718728 12.78539848
v -10.35996151 -1.10935605 12.78052998
v -11.07714844 -5.44780922 11.47789955
v -11.42018414 1.27226627 10.79413795
v -10.20051479 -2.94764280 7.24479151
v -10.29406452 -4.47240496 6.51365232
v -9.23063087 -5.10909033 5.62477207
v -8.11093616 -5.99144602 4.90698338
v -3.16816902 -2.01439667 7.13392591
v -4.21659660 -7.98817635 6.04258776
v 1.30007052 -6.29874706 7.03194380
v 2.33273911 -4.59160185 6.98065186
v 0.44285908 -7.86697245 7.14210653
v -0.37405133 -9.30194855 7.34210587
v 2.92887259 -9.25743103 6.78190708
v 2.10267735 -7.85171509 6.88910866
v 3.72962236 -7.86496496 6.30311346
v 6.56665087 -4.46186543 6.05438185
v 3.82432723 -10.46721363 6.80690098
v 2.17273974 -10.42977333 7.48032379
v 4.92078495 -11.38831425 7.01076460
v 4.66321993 -11.84457397 8.69246483
v 1.56616735 -11.64738464 10.69541836
v 1.39347041 -11.27970791 8.38822460
v 2.47492194 -11.71809959 9.25838470
v 0.47106478 -10.44467926 7.76383591
v 1.57068431 -11.30650806 11.68713379
v 1.47522664 -10.65004826 12.57897472
v -0.48677361 -10.66756439 12.64201069
v -1.41821313 -11.31734848 11.63117409
v -2.25309086 -10.60176754 12.60758209
v -9.18219948 -12.05440998 8.71595287
v -10.11805534 -11.65124989 10.03097916
v -8.41728401 -11.79679489 10.13537025
v -2.92631292 -9.82264900 13.41430473
v -4.14678526 -10.35052681 12.60918808
v -4.47320795 -8.15931702 14.85184002
v -7.27901983 -8.35113621 13.11372852
v -6.98240852 -5.96735573 15.09545231
v -8.22877789 -5.47817326 14.02740097
v -10.12287331 -9.20297718 11.81742191
v -11.47639465 -10.35855675 10.04789257
v -11.03082466 -11.23589325 10.54354954
v -11.90826225 -8.71690655 4.32781363
v -10.73933315 -7.08288479 4.14663458
v -10.46907043 -5.83234978 5.51079512
v -10.53561974 -7.79545450 2.44164729
v -11.41185284 -8.19048405 3.24706459
v -11.15273190 -8.71790981 -0.38544399
v -11.59870243 -9.54074287 -1.54980612
v -11.69767380 -9.18240070 -3.75356197
v -11.72738457 -8.18501377 -5.06487465
v -11.82540226 -7.62356043 -6.66331291
v -10.37376308 -8.16187668 0.70333493
v -11.13807678 -8.47103500 -2.26413226
v -9.32669067 -8.18360806 -0.02629852
v -8.38295555 -8.61984253 0.98810178
v -9.09452152 -12.13752079 5.45553827
v -10.31097794 -11.92592812 4.93584108
v -10.38892078 -11.89044571 3.12345147
v -7.85833979 -10.56422710 1.31537783
v -10.37045097 -11.85054588 1.21685874
v -11.15192890 -11.38183975 0.30178058
v -9.44217396 -11.89496231 0.17836823
v -8.71926498 -11.62103653 -0.73736238
v -10.45828056 -11.78725910 -4.48063612
v -11.93415928 -7.62612009 -8.59540081
v -11.58911705 -7.62717390 -10.31830597
v -11.52427387 -6.08173418 -10.69928265
v -10.92121410 -8.19284344 -11.36251736
v -11.59850216 0.38659832 -10.59398842
v -11.53556633 -1.35372150 -10.68056297
v -11.68492603 2.16199946 -10.50686169
v -10.57707500 3.95531797 -12.27915192
v -10.48342419 5.68685484 -12.15423393
v -12.00713253 4.76966858 -9.52267551
v -11.26956940 8.30531406 -11.20101261
v -10.28899574 7.56835365 -12.05144882
v -8.80252743 10.23961067 -11.88728333
v -6.16007757 11.89812469 -10.38736439
v -4.55526543 11.85958004 -10.65782738
v -2.98919845 11.75503826 -11.01205444
v -2.67150831 11.11378574 -11.93576527
v -8.47123623 6.39099264 -13.20737934
v -8.21557808 5.09935379 -13.96732616
v -9.89893436 3.25233436 -13.03096867
v -7.45894384 7.74345970 -13.16848373
v -6.14888573 9.08117104 -12.93907356
v -6.03917456 7.76363516 -13.84732628
v -4.65800047 9.47820854 -13.07714081
v -3.39431620 10.21105385 -12.74615097
v -6.01016617 6.74346304 -14.95462513
v -6.22783136 5.86441994 -16.26809502
v -7.15876913 5.43962860 -15.01138783
v -5.38412046 6.30768061 -17.69644737
v -3.10011411 7.50852919 -19.16610336
v -3.74076414 6.97854376 -20.57332420
v -6.92885780 1.84586525 -22.69472122
v -1.27869034 0.20873198 -24.13306046
v -3.73780298 -1.53068447 -23.97642326
v -1.86152387 3.25710225 -23.98565865
v -0.65841663 2.00501132 -24.09230804
v 2.75241137 5.95415640 -23.27404213
v 2.67898631 4.74497604 -23.71604729
v 5.45157337 0.08291061 -23.75258446
v 2.20225024 -3.37348819 -24.01421547
v 5.07134914 -3.84741378 -23.43665123
v 6.53402853 -0.53344846 -23.35835838
v 5.00143719 3.99722481 -23.35439301
v 3.90362430 5.04349470 -23.36182022
v 4.17579412 6.75405312 -20.64941025
v 4.99656868 6.42110538 -19.28479767
v 4.37443829 7.03485489 -17.71581841
v 5.93553638 5.84509754 -17.75747490
v 3.71797872 7.70039845 -16.19527245
v 6.17142010 6.64910984 -14.95713425
v 4.74030876 7.67289495 -14.97038364
v 3.22673845 8.44097233 -14.84150124
v 6.54296207 5.65513611 -16.09981537
v 7.05804157 4.68299389 -17.13158035
v 7.84027243 3.46954799 -16.61273766
v 8.58897686 0.48431441 -16.67020226
v 8.50436020 2.05620313 -15.89951515
v 10.68196774 0.75839120 -12.54444599
v 10.18846893 -4.79401016 -12.50549984
v 11.26640797 -2.04481053 -11.57867718
v 8.83163643 -3.28611088 -14.39126396
v 8.58099747 -2.38001633 -15.48611641
v 9.13085747 -1.45454919 -14.62353420
v 8.23751068 -2.45765710 -16.86713982
v 8.46124840 -0.89143962 -17.47898293
v 8.42340660 0.37204379 -18.05649567
v 8.28689575 -0.75974625 -19.13804817
v 7.96373463 -2.44094467 -19.43967819
v 7.81798887 -3.23210859 -18.19089890
v 7.36985970 -3.87842989 -19.46306419
v 6.47917318 -5.21458578 -19.38557434
v 7.67108822 -3.85137844 -17.04575920
v 8.89226341 -4.87270498 -13.59197044
v 10.43935966 -6.64007568 -12.11463547
v 9.13848591 -6.37854624 -12.93586159
v 7.98481369 -7.74697256 -13.09350300
v 7.48850441 -5.13498735 -5.74421978
v 9.14310265 -4.09388685 -6.30657673
v 12.04472351 -7.08012438 -6.78547049
v 10.85893154 -6.37086725 -5.22442245
v 12.23448467 -8.25392151 -6.85889578
v 12.01747131 -8.04729748 -5.61207485
v 9.00307846 -11.88392067 -4.02814054
v 11.13170338 -10.61024952 -10.98389912
v 10.41401386 -11.51092339 -10.29346275
v 10.41311073 -10.47674942 -11.46128750
v 9.09853649 -11.79262924 -10.25145531
v 9.76106834 -11.22690964 -11.11654663
v 9.09999180 -10.40207005 -11.81059647
v 8.40393353 -12.11132336 -9.23469639
v 9.90355206 -11.85983086 -8.81698132
v 6.57242250 -11.92221451 -7.30908203
v 4.78066015 -11.84121132 -8.73668003
v -1.37650681 -11.79423523 -9.41406822
v -2.35045552 -11.42299461 -8.27299309
v -3.57559538 -11.93897724 -9.22290230
v 1.41756070 -11.26319599 -8.38416004
v -3.48796701 -10.63433933 -7.09769011
v -4.82914162 -5.52986670 -6.28464413
v -4.92449856 -7.24228191 -5.82984066
v -4.95415974 -8.78586483 -5.63822269
v -6.09543562 -8.07259274 -4.87074757
v -1.33911681 -4.39581823 -7.14612150
v -2.97093010 -3.13740373 -7.10662365
v -4.46527863 -2.05379415 -7.09979820
v -4.62492657 -3.78829217 -6.76770401
v -8.99429512 -2.65911198 -7.04408932
v -7.65216732 -3.44214535 -6.58235979
v -9.32598782 -5.49257708 -5.47676754
v -7.86456347 -4.97468662 -5.80243778
v -6.24835825 -4.42256832 -6.29694033
v -8.27831364 -6.32670212 -4.71817589
v -8.79700661 -7.33523035 -3.38447928
v -7.44203043 -7.54737473 -4.04620838
v -10.19539547 -7.57126427 -3.01690221
v -9.18039322 -7.98059797 -1.78940368
v -8.41397190 -8.66772175 -0.80782640
v -8.04820156 -10.74691105 -0.74544269
v -3.95637178 -9.42867279 -6.33337688
v -5.34964132 -12.01215172 -8.20333195
v -9.89336395 -7.68524122 -12.17385769
v -11.47995758 -2.82668972 -10.83489132
v -8.50892735 1.35577917 -16.23978996
v -7.27344894 4.51742363 -16.27923775
v -7.47655964 3.67662382 -17.69443893
v -7.67214251 2.85243607 -19.15280342
v -7.74777555 2.01836133 -20.54020119
v -8.08960629 2.11908889 -17.67903137
v -7.19630957 2.68024111 -21.76383400
v -8.01497650 0.43181774 -20.52519417
v -8.36860180 0.45927057 -17.66176605
v -8.83118439 -4.84434843 -13.69410229
v -9.20523548 -6.24735451 -12.92346573
v -5.78487206 -5.55129719 -20.87048721
v -5.58477259 -5.31626654 -22.16328049
v -6.89683771 -4.17253160 -20.62040138
v -7.86903000 -2.92169571 -17.64681053
v -7.39997292 -3.60610962 -19.15435791
v -8.29592896 -1.24431157 -17.64701080
v -8.21783638 -0.38579533 -19.12374306
v -7.69071198 -0.36014923 -21.73808861
v -7.95741129 -1.17826414 -20.52042580
v -7.58436346 -2.73434377 -20.53949738
v -5.72996616 -4.47200346 -22.77597618
v -4.69659519 -4.33980846 -23.40257454
v -3.67536902 -5.37122250 -23.39308739
v -4.33895493 -2.99456859 -23.77050209
v -2.81730461 -2.90749240 -24.01386452
v -0.46694934 -4.37995863 -23.99935913
v -2.61569929 -5.16660595 -23.73456764
v -2.00255227 -4.22046137 -23.97050095
v -2.41800857 -6.25950003 -23.26280022
v 1.14368463 -4.63240433 -23.92156792
v 0.08526944 -5.71691751 -23.72518158
v 2.73113179 -4.86156321 -23.74575996
v 2.61544824 -6.82888317 -22.81838608
v 3.20325041 -6.00469542 -23.29251099
v 3.47777891 -6.55219650 -22.86952591
v 1.49214005 -7.97547865 -20.57753944
v 3.05384064 -7.50767612 -20.64228249
v 2.36767006 -7.96584272 -19.18186188
v 4.09840393 -4.99265432 -23.42415428
v 5.19290447 -5.01378345 -22.81974030
v 6.51204634 -7.61201715 -13.93405151
v 1.58895278 -11.72015762 -10.45963478
v 2.55351639 -11.27955723 -11.51754856
v -0.35106522 -11.74590397 -10.52658558
v -2.31050587 -11.79709625 -10.52889442
v -8.45768547 -11.31975746 -11.19569302
v -7.79259348 -10.39609718 -12.00095940
v -6.01031685 -10.41993618 -12.27363110
v 1.52410984 -10.62937069 -12.57305241
v 3.50452924 -10.39203167 -12.59312820
v 3.51371360 -9.36548615 -13.73390198
v 1.90112221 -9.15344143 -14.66278172
v -4.72896624 -8.55334377 -14.08250809
v -3.66046333 -8.42541409 -14.97886562
v -5.15872622 -7.61181641 -14.99884033
v -4.19260693 -7.64895535 -16.26237488
v -3.95702434 -7.30024910 -19.16349220
v -2.64214826 -8.32905293 -16.24244881
v -3.12711525 -7.53583193 -20.54140472
v -2.47868586 -7.94857788 -19.13332939
v -2.31642818 -7.55139017 -21.71510124
v -0.88350993 -7.79766273 -21.73979378
v -0.09942247 -8.13146305 -20.53804207
v 0.62900645 -7.78200388 -21.78064728
v 1.22995782 -7.17126608 -22.75735664
v -3.21198320 -6.72087860 -22.62400627
v -3.15501976 -6.31972599 -23.00970268
v -2.64470792 -6.73643684 -22.85984039
v -3.15547132 -7.04052591 -22.20719528
v -3.70573282 -6.70115471 -22.27264023
v -2.58448243 -7.27901983 -22.18742180
v -2.97113085 -7.32428932 -21.72468758
v -2.26363039 -7.11415195 -22.59544945
v -1.94619107 -7.43525505 -22.21010590
v -0.40135360 -6.15972614 -23.56959915
v 0.27979821 -6.28343964 -23.51890945
v -0.15703832 -6.64323759 -23.33637619
v 0.69650936 -8.09156322 -20.55465508
v 0.27628505 -7.98667049 -21.18662262
v 1.05685937 -7.90908003 -21.20965767
v 2.28004169 -7.78155231 -20.60740280
v 2.72109413 -7.75425005 -19.92338943
v 1.92977953 -7.99068594 -19.89663887
v 2.60124516 -7.52890587 -21.28308296
v 1.83376992 -7.75761271 -21.24092484
v 2.39612675 -7.17779016 -22.38757133
v 3.05374026 -6.93733978 -22.46250153
v 2.87732935 -7.23299742 -21.91474915
v 3.35888338 -7.21447802 -21.33552933
v 3.49037600 -7.43861771 -19.95184708
v 3.80495453 -7.15530634 -20.67209435
v 4.22743750 -7.04710054 -19.97819519
v 4.63576698 -6.89558315 -19.26532364
v 5.03827524 -6.70833158 -18.54276657
v 4.33493996 -7.18556929 -18.50663185
v 4.92103577 -6.58486891 -20.00248528
v 6.14221096 -5.47536230 -20.05844498
v 5.92620134 -5.82923841 -19.33970261
v 5.56153536 -6.05829620 -20.02863312
v 5.18095970 -6.24138212 -20.69934654
v 5.96324015 -5.28625393 -21.34140205
v 6.46507025 -4.66648197 -21.34812737
v 6.32635069 -5.08931637 -20.73116493
v 6.52564716 -3.20234704 -22.78962708
v 6.92669964 -3.05835772 -22.37361908
v 6.56685162 -3.71637273 -22.38370705
v 6.06346560 -3.26919746 -23.13738060
v 6.43400383 -2.67712951 -23.11323929
v 5.63345480 -3.86799073 -23.15414238
v 5.53353024 -3.25981236 -23.42059135
v 5.68093252 -4.43416166 -22.81311607
v 5.16429710 -4.45775032 -23.16282463
v 4.67516470 -5.02216482 -23.16277504
v 4.58698416 -4.43014669 -23.43906021
v 4.93252897 -3.18623662 -23.64417839
v 5.39972925 -2.61093140 -23.61557198
v 6.71811819 -2.10478520 -23.08654022
v 6.31505823 -2.15120912 -23.34716606
v 6.13237381 -0.94238049 -23.54882240
v 6.57126808 -1.20135069 -23.33296204
v 6.21392965 -1.58845091 -23.48382759
v 5.58130932 -0.68135256 -23.72794342
v 6.03726768 -0.22273444 -23.57898521
v 5.24991798 -1.91893899 -23.74661255
v 4.58658266 -1.72471130 -23.88728905
v 5.09609175 -1.18192792 -23.82591057
v 4.94412231 -0.40556940 -23.86756516
v 5.78035498 1.32416070 -23.57351494
v 5.92153406 0.54052496 -23.58555984
v 5.31450987 0.86820257 -23.75504494
v 6.83932257 0.60280830 -23.08106995
v 6.90757799 -0.15297309 -23.08934975
v 6.45919847 0.20225772 -23.36573601
v 6.90878248 2.43738127 -22.63881302
v 7.08168030 2.75155830 -22.25662994
v 7.27354908 2.08747029 -22.28157425
v 7.58556795 1.73394597 -21.82441139
v 7.41789007 1.35547805 -22.30430984
v 7.51189184 0.58965904 -22.31986809
v 7.16464090 0.98403651 -22.72528648
v 7.54682302 -0.18278477 -22.33065796
v 7.77628231 0.18383873 -21.83745956
v 7.91108751 -1.04285693 -21.29613304
v 7.77753735 -1.82860053 -21.31771278
v 7.68373585 -1.37685812 -21.86034584
v 7.51379919 -0.94212955 -22.33984184
v 7.40353584 -1.67542672 -22.34983063
v 7.20815420 -2.37936378 -22.36152267
v 7.07766533 -1.92646718 -22.75966454
v 7.27184248 -2.84771848 -21.88855171
v 7.27088928 -3.31185722 -21.34968376
v 7.56363583 -2.58568692 -21.33773804
v 7.77532911 -2.74197245 -20.10747910
v 7.70371056 -3.17143130 -19.47054291
v 7.47671032 -3.47456694 -20.12208366
v 7.10356236 -4.17619562 -20.11294937
v 7.21136618 -3.75797868 -20.75490379
v 7.93869114 -3.28094149 -16.96284866
v 7.73748732 -3.56701326 -17.56460190
v 8.01417351 -2.88405466 -17.57353592
v 8.34109879 -1.49941730 -17.89709854
v 8.39595413 -1.61871421 -17.16831779
v 8.22451210 -2.17138481 -17.65659714
v 8.26968098 -1.48917890 -18.60891533
v 8.38571548 -0.82408732 -18.24108696
v 8.38486290 -0.09068976 -18.52013206
v 8.46345711 -0.20381355 -17.79722404
v 8.88774681 -1.19668317 -15.27392101
v 8.82295322 -1.98011816 -15.09098625
v 8.65040684 -1.78819919 -15.70583916
v 8.76503658 0.49083886 -15.86393166
v 8.57331848 1.26283097 -16.28636360
v 8.78134823 1.32064760 -15.48802280
v 9.98907280 2.10077024 -13.23924828
v 10.49632263 1.79673111 -12.70248795
v 10.15424156 1.15211618 -13.16175842
v 10.23248386 0.18193157 -13.10926151
v 10.64503002 -0.27854350 -12.58439541
v 10.23218346 -0.75728703 -13.07533455
v 10.19559574 -1.64360750 -13.02539730
v 9.82551003 -1.25871551 -13.55217075
v 10.56181812 -2.05208778 -12.53320312
v 10.13135529 -2.48741865 -12.96753025
v 10.95820332 -1.61555243 -12.07870102
v 10.91283321 -2.48159695 -12.04959202
v 11.33591843 0.39869365 -11.67724705
v 11.49320698 0.85219258 -11.38234234
v 11.54083538 0.14022534 -11.21757507
v 11.69978142 -0.18248364 -10.65456581
v 11.54108715 -0.71136498 -11.14189148
v 11.53129959 -1.59070933 -11.09054852
v 11.29195309 -1.17670834 -11.61295605
v 10.30530739 -5.79485941 -12.28863716
v 9.81281185 -6.47801876 -12.52090740
v 9.66079235 -5.64720631 -12.76306438
v 11.51940536 -3.37820578 -11.02655888
v 11.73380852 -3.86457801 -10.46876907
v 11.52969360 -4.26302052 -11.02219296
v 11.23850346 -2.92355251 -11.55132484
v 11.52201557 -2.48194814 -11.05084991
v 11.80863857 -3.44731474 -9.85813141
v 11.87463665 -4.42482662 -9.87067890
v 11.96402073 -6.09478283 -10.16161919
v 11.80693245 -5.54888773 -10.57205677
v 11.94083405 -5.31807327 -9.98897171
v 11.97225189 -5.11782312 -9.28021717
v 12.06168747 -6.79666233 -9.76448059
v 11.90138626 -6.75766659 -10.43358803
v 12.13772202 -6.74431658 -8.96127224
v 12.13701916 -7.58085012 -9.29938889
v 12.05355644 -5.88750648 -8.72077084
v 12.11799812 -6.63048983 -8.13422394
v 10.87895584 -3.01720333 -7.64604473
v 10.91313457 -3.86949635 -7.29854298
v 11.30259323 -3.59496784 -7.90386057
v 10.86791515 -2.13665462 -7.90084934
v 10.37481785 -2.48260069 -7.44860506
v 11.26209164 -1.78398335 -8.40257835
v 10.87890625 -1.24270558 -8.06596756
v 11.55293083 -2.34543681 -8.80112171
v 11.54600525 -1.40983164 -8.94134712
v 11.56261730 -0.49164185 -9.02029324
v 11.71293068 -1.01098752 -9.50124454
v 11.76256657 -0.59563142 -10.07283592
v 11.77656937 0.35216933 -10.11514473
v 11.81350708 1.31813812 -10.08568382
v 11.76607990 0.83763808 -9.54972649
v 11.48648167 1.76978016 -8.52875137
v 11.66259193 1.30257988 -9.01537418
v 11.73285484 2.14804721 -8.92905140
v 11.77686977 2.97213459 -8.72659302
v 11.78615475 3.78668618 -8.33894062
v 11.54209042 3.06588578 -8.16468716
v 11.28567982 2.33886218 -8.08639431
v 11.08879185 1.48862684 -8.11399746
v 11.14992142 3.07873392 -7.65171576
v 11.10179138 3.87235713 -7.19309759
v 10.63017368 3.20937347 -7.16303492
v 10.05522060 3.48465466 -6.73066521
v 10.04031467 2.61956382 -7.10918331
v 11.09396172 4.60811329 -6.70306206
v 11.48372173 4.54989529 -7.23194313
v 11.48678303 5.86055565 -6.13709164
v 11.12542915 5.86291456 -5.64610195
v 11.10650826 5.27350616 -6.18431854
v 10.14415359 4.94853878 -5.82150936
v 10.22731495 5.56876230 -5.31586504
v 9.61903572 5.23034477 -5.44876289
v 9.06450844 5.58241367 -5.11305523
v 8.94591427 4.91702080 -5.62391901
v 8.24097347 4.62939310 -5.82462072
v 8.84975433 4.20485258 -6.07014084
v 7.63806486 5.06989336 -5.64986610
v 7.53116417 4.38372278 -6.02351618
v 9.22666645 6.20459461 -4.52274370
v 8.47213936 6.00524759 -4.82743502
v 7.68855381 5.79480934 -5.19882631
v 7.84027243 6.52514553 -4.60971975
v 8.09598064 7.17011166 -3.88600826
v 7.25708723 7.18858099 -4.44224215
v 5.01814985 8.20985699 -5.70356750
v 5.66462135 7.61904335 -5.36906433
v 5.70532417 8.39118576 -5.17940378
v 6.31791878 8.49517536 -4.62035942
v 5.88178492 9.07956505 -4.96766043
v 5.47074509 9.70621300 -5.39842415
v 5.03235292 10.39333725 -5.93187284
v 4.79320669 9.67037868 -5.90577507
v 4.06357336 9.73537159 -6.36604929
v 4.50251770 8.94746971 -6.02256250
v 5.98306465 11.71694565 -6.59144354
v 5.92303944 12.00477409 -7.31033707
v 5.23616648 11.88301754 -7.12178040
v 7.41944551 11.22630787 -4.49263096
v 8.06310749 11.54419804 -4.47958183
v 7.44273281 11.57145023 -5.28585243
v 6.72956133 11.62018299 -5.98150873
v 6.09327745 11.31413651 -5.89483404
v 5.56248903 10.90520477 -5.85523558
v 6.25879765 10.83213043 -5.23631716
v 6.46215916 10.30681229 -4.63009596
v 6.88956070 10.81029892 -4.53413630
v 7.44117689 10.83122730 -3.75988579
v 8.77622890 12.05541325 -6.85934734
v 8.13136292 11.99669361 -6.45543432
v 8.88051891 11.97350693 -5.98547363
v 10.05235958 11.80738449 -4.55431175
v 10.54053879 11.69672012 -4.85744762
v 10.07469273 11.84899044 -5.28113508
v 9.48658943 11.82359505 -4.38041067
v 9.97557163 11.74615479 -3.76259589
v 9.96051502 11.68462467 -2.87712860
v 10.48553181 11.62485027 -3.25439191
v 9.05497265 11.49250507 -1.96541309
v 9.46084309 11.63433647 -2.43105745
v 8.89376926 11.52377224 -2.77429342
v 8.69407082 11.25436211 -1.61695766
v 9.11730671 11.44091129 -1.15056038
v 8.31188869 11.04803944 -2.18533707
v 8.35901546 10.88111401 -1.33751070
v 8.13552856 10.39825535 -0.96637034
v 8.40513802 10.79945850 -0.43292186
v 9.13457108 11.40226650 -0.29671159
v 9.58079243 11.56357098 -0.69209284
v 10.04277325 11.61335754 -1.10930586
v 10.05943584 11.59925461 -0.23819235
v 10.52703762 11.53481293 0.20120378
v 10.95484066 11.36457539 0.62469029
v 10.94741249 11.36447525 -0.24536924
v 11.30555439 11.10304546 -0.69801497
v 10.94093800 11.37692165 -1.10910511
v 10.93652153 11.39980698 -1.96420860
v 10.50279713 11.55669498 -1.53590405
v 10.96472740 11.37737370 1.49525166
v 11.31629467 11.09175301 1.04135120
v 10.54334927 11.58098602 1.95934033
v 10.97622013 11.40050983 2.35692978
v 11.73360825 8.01547909 3.99110198
v 11.67619324 7.44263268 4.58899164
v 11.39764977 7.47113943 3.92465305
v 11.65812492 10.74149132 5.83064365
v 11.90781021 10.25577164 5.39220095
v 11.65135002 10.73787785 4.95079708
v 10.90666008 11.48482609 4.92560291
v 10.36578369 11.75348282 5.32163668
v 10.84231853 11.51032162 5.85252571
v 10.84392452 11.51403522 6.80238390
v 10.35137939 11.77310562 7.40393782
v 10.91574383 11.48944283 7.68955755
v 10.97913170 11.44914246 8.47384548
v 11.35037231 11.13727379 8.01131344
v 11.67654419 10.71669865 8.35369587
v 11.68060970 10.73240757 7.55144024
v 11.63945484 10.69110203 9.09984112
v 11.90986824 10.23308659 8.70365715
v 12.12668037 9.11841011 9.39494610
v 12.12668037 8.51655579 9.73180866
v 12.24567604 8.48393345 9.05075741
v 12.05787277 9.69627571 9.05171108
v 11.95207596 9.69306374 9.73456860
v 10.60146618 11.65476227 8.92237568
v 10.99800205 11.39544106 9.15324116
v 10.90229321 10.98741245 10.66646004
v 10.69260788 11.27559185 10.28332424
v 10.40186882 11.13867950 10.74410057
v 11.06204224 10.73762703 10.93787670
v 11.24532890 10.77622128 10.66043758
v 10.91052437 10.49030018 11.17887974
v 11.21933174 10.50018692 11.01596928
v 10.42038822 10.42811680 11.34635735
v 10.80628395 10.04899693 11.36874104
v 10.08553410 10.85893154 11.14299488
v 9.73652649 10.41406441 11.50851440
v 9.78555965 11.24854088 10.81230640
v 9.50541019 11.57411003 10.38249588
v 9.07615185 11.34465122 10.85260773
v 6.75400257 11.60286808 10.81757641
v 6.42497015 11.83915329 10.31494331
v 5.98707962 11.61551571 10.83599567
v 6.80710173 9.51936245 12.56296539
v 7.85623217 9.32879829 12.42660427
v 7.43605804 10.10264778 12.10585213
v 4.57584238 10.79915714 11.96969223
v 5.17654324 10.31479263 12.33320427
v 5.50085783 10.85220623 11.81963062
v 3.65183091 10.78661060 12.06444740
v 2.72064233 10.79494095 12.11322975
v 3.20962429 10.35414028 12.57897472
v 3.62753987 11.45812607 11.13978291
v 3.36164379 11.65867710 10.62841797
v 2.78297591 11.44131279 11.08728695
v 4.39837790 11.49591732 11.09566784
v 4.05383682 11.17667103 11.57290554
v 5.18562698 11.56166363 10.95308399
v 4.63365936 11.73742199 10.58043766
v 4.01699877 11.80035782 10.29050159
v 4.72274303 11.90068340 9.99128056
v 5.38151073 11.99609089 9.61893559
v 4.75857735 11.97240257 9.39058018
v 4.89569092 11.95915318 8.80383205
v 4.20404959 11.88693237 9.07876205
v 3.66397643 11.72487545 8.73868847
v 3.46171880 11.80597878 9.36749363
v 2.36265135 11.42389774 8.63419628
v 1.53761041 11.38931847 8.81256485
v 2.05600238 11.59920406 9.22219944
v 3.91366196 11.55152607 8.12744808
v 4.64886618 11.63539028 7.82852840
v 4.19847870 11.30194092 7.53392458
v 4.52093697 10.99428844 6.95871973
v 3.79336119 10.86771393 7.28428936
v 3.41850686 10.33431530 7.09282207
v 3.03491974 10.77617073 7.57532978
v 2.25213718 10.71614647 7.81457615
v 2.68561125 11.14404964 8.08689594
v 1.84410858 10.19935989 7.59159040
v 1.44707119 10.68467808 7.99093676
v 1.45168853 9.60162067 7.41824102
v 2.26358008 9.64277458 7.23299742
v 1.06594336 8.93191147 7.28940868
v 0.62192994 9.59002781 7.52253199
v 2.36887455 8.28925419 6.90040112
v 2.03728223 7.49527979 6.92183161
v 1.53394663 8.22681999 7.09126616
v 0.67673528 8.19901657 7.19756460
v 3.05931115 9.71549702 6.96971083
v 2.70924973 9.02972794 6.91089058
v 3.18016386 8.37592888 6.62637472
v 3.97624636 8.47630501 6.26567316
v 3.67085218 7.70315838 6.38737917
v 5.81438255 11.33200359 6.32313871
v 5.20158672 11.15363503 6.62496948
v 5.55275249 11.52522755 6.88148022
v 6.53869629 11.78203964 6.58130550
v 6.97528172 11.72522640 5.99786997
v 6.38205910 11.52713490 6.11716700
v 6.60499430 11.00633335 5.11360741
v 6.01282597 10.65481663 5.41789722
v 6.18401718 11.15805149 5.74562502
v 6.96102810 10.37155533 4.04224348
v 7.00097799 9.78872204 3.68595886
v 6.49372768 9.86305046 4.42051077
v 7.03375053 10.89034843 4.43431234
v 7.18712521 11.32056046 4.86858940
v 8.15058517 11.52206516 3.95361161
v 8.48799896 11.47373486 3.20144367
v 7.94210386 11.18194103 3.43421578
v 7.78426218 11.58209038 4.67039680
v 8.39901543 11.77536392 4.50678396
v 7.78933144 10.76507950 2.95481968
v 7.43661022 10.81175423 3.71426487
v 8.07294369 10.74329758 2.15527439
v 7.71746206 10.28979874 2.51411867
v 7.91525316 8.70581532 2.19291544
v 8.03083611 8.08212852 2.72450686
v 7.51881790 8.57045746 3.06161976
v 7.89562941 9.27926350 1.70835006
v 8.15710926 8.81969166 1.31668270
v 6.32354021 7.08373785 5.00876427
v 6.67545843 7.78807688 4.44570494
v 7.12137890 7.03465414 4.49187803
v 5.90070581 6.45719099 5.49192476
v 5.57689285 7.16920805 5.44645405
v 7.61066198 6.39295006 4.64821386
v 8.17111206 5.96093178 4.77012062
v 7.52895594 5.72258854 5.15541410
v 7.55214262 5.05227757 5.56680489
v 6.90421534 5.38778448 5.55501080
v 6.40895987 4.88304329 5.93925047
v 6.13086843 5.65669203 5.70015478
v 8.77949047 4.31155252 5.90386772
v 8.15630627 4.68088627 5.69473457
v 8.79615307 5.00309324 5.43686819
v 10.64854336 4.91230297 6.03064299
v 11.20628262 5.44524956 6.09337759
v 11.11995888 4.64836407 6.62948608
v 11.49827671 4.42999601 7.25688648
v 11.83348179 5.05599117 7.46963358
v 11.78474998 4.26733685 7.91179037
v 11.96949196 4.16199207 8.58757210
v 11.75699520 3.45409012 8.32659435
v 12.03965473 4.10352325 9.27208614
v 11.98755932 4.08650923 9.95389080
v 11.97099686 3.31240940 9.64433098
v 11.59724712 3.66367531 11.04618263
v 11.83032036 4.19712400 10.57868099
v 11.60045910 4.50593090 11.08803940
v 10.90901852 1.82348132 12.14670563
v 10.93496609 0.88260651 12.15217590
v 11.27704716 1.34830117 11.62209034
v 11.55729771 0.88682234 11.09963322
v 11.56899166 1.79266596 11.07910633
v 11.88241577 1.70378292 10.04046535
v 11.84848881 0.88586873 10.06074047
v 11.86374569 1.33078551 9.57075500
v 11.74163818 0.44602093 10.57752705
v 11.82113552 0.03282297 10.05200768
v 11.80362034 -0.83884257 10.02641201
v 11.78931713 -0.36105263 9.52418041
v 11.66610527 0.13445371 9.03901291
v 11.64653206 -0.75046146 9.00649166
v 11.64306831 -1.63628006 8.93522453
v 11.40030956 -1.13199079 8.51530075
v 11.07443810 -0.65751326 8.15555382
v 10.63403893 -0.27994877 7.82401133
v 11.05386162 0.19447859 8.14882851
v 9.97005081 1.00807655 7.40574455
v 10.02229691 0.05214535 7.50426340
v 9.30019188 0.50539339 7.24007368
v 8.50702000 0.09525687 7.10311079
v 8.57397079 1.06222951 7.04534435
v 7.86897993 1.62403417 6.89227057
v 8.63003063 1.95798528 6.88494349
v 8.68589020 2.79406738 6.63505697
v 9.33647728 2.34588838 6.89678764
v 9.98194599 2.78769350 6.93161821
v 9.96583557 1.92124760 7.21618414
v 10.54711342 1.52265441 7.60268211
v 11.04959583 2.98904800 7.50732470
v 10.56272125 3.28490639 6.99641085
v 11.07167816 3.83602095 7.10095263
v 11.45692158 2.74071765 8.09241676
v 11.04979610 2.08265233 7.84584332
v 7.06863165 1.33610547 6.91826820
v 7.18205643 2.18890023 6.76544571
v 5.28494930 -0.05641134 7.04514360
v 4.60776234 0.55673569 7.08348703
v 5.42552567 0.82027304 7.01874447
v 5.95556164 -0.68105143 6.98657417
v 5.13503742 -0.93214214 7.01698780
v 6.94311094 0.45364952 6.99063921
v 7.64599419 -0.19237068 7.01558256
v 6.79314947 -0.43984783 6.98190641
v 6.61623669 -1.32511437 6.89984894
v 11.79794884 -1.72290456 9.98530865
v 11.70906639 -1.31111181 10.54360008
v 11.80848885 -2.61971426 9.93266106
v 11.70976830 -3.10257316 10.46932125
v 11.84075928 -3.52651143 9.87845802
v 11.89496231 -4.43230486 9.83579826
v 11.88341904 -3.98101425 9.25577545
v 11.85355759 -4.49398613 8.59103489
v 11.72587872 -3.51466703 8.68343067
v 12.00808620 -5.42412043 8.56995583
v 11.81360722 -5.10537624 7.92137623
v 12.13385773 -6.29824543 8.57557678
v 12.07348156 -5.79134607 9.20337868
v 11.96136093 -5.32264042 9.81271172
v 12.02374458 -6.18758059 9.80894756
v 11.87348175 -6.60639954 10.36874485
v 12.06735802 -7.02190638 9.82034016
v 12.08226395 -7.81894255 9.84091759
v 12.19217587 -7.46466494 9.24689198
v 12.25420856 -7.93086147 8.65587807
v 12.21847439 -7.13392591 8.60333061
v 12.06625462 -9.80287457 8.39058399
v 11.88738441 -10.32272243 7.86531591
v 12.09611607 -9.67017746 7.56458950
v 12.09852505 -9.19429493 5.89086914
v 12.01074600 -8.94716930 5.10121059
v 12.06856251 -8.43856335 5.86773252
v 12.11448479 -9.45722961 6.70677567
v 12.01365757 -9.91961193 5.93202353
v 11.92407131 -9.83253574 9.74059105
v 11.79102325 -10.36919689 9.46425629
v 12.01114750 -9.87745380 9.10927677
v 12.01139832 -9.23479652 9.85266113
v 11.79232788 -9.62325191 10.30385208
v 12.15614128 -8.92483521 9.34872341
v 12.06384468 -8.56418419 9.85993862
v 11.89149952 -8.19615555 10.36999989
v 11.33416176 -10.98259449 10.84538078
v 11.43975735 -10.87669754 10.42751503
v 11.43815136 -10.57622242 10.75760174
v 11.23433781 -11.18776321 10.94635868
v 11.23348427 -11.09150219 11.05215454
v 11.04703617 -11.00256920 11.14941978
v 11.13832760 -11.19268131 11.04808998
v 10.88573170 -10.08779240 11.36919308
v 10.96226788 -10.62881947 11.25496483
v 11.24537849 -10.32131672 11.08663464
v 10.83032417 -9.39901161 11.48818874
v 10.35850620 -9.87333870 11.62013245
v 9.91519547 -10.37682533 11.57481289
v 9.67002678 -9.75303841 11.83960533
v 9.78987598 -11.88432217 9.29115772
v 10.41311073 -11.68562794 9.58335209
v 9.92558479 -11.69265461 10.03424168
v 6.41422987 -12.09491158 8.06506443
v 7.06672430 -12.15272808 7.41126490
v 7.19194317 -12.20206261 8.17944336
v 7.89015913 -12.23985481 8.32559013
v 7.38983488 -12.17260265 8.86139774
v 5.74401903 -12.00843716 8.74812317
v 5.57644129 -11.91880131 7.95063591
v 6.08700371 -11.98334312 9.46014118
v 5.13935375 -11.90063381 9.47906208
v 2.66864753 -11.66951752 10.49868107
v 2.04280305 -11.74449921 9.94947433
v 3.07441783 -11.76914120 9.78375340
v 3.50021291 -11.75634289 9.03033066
v 4.11330986 -11.82043362 9.59444427
v 1.79191315 -10.90184212 7.90913010
v 0.91713589 -10.90691090 8.04744816
v 1.32355845 -10.43102837 7.66877985
v 1.48325682 -11.70720863 9.40177250
v 1.01445043 -11.74806213 10.02922249
v 0.48190537 -11.69456196 10.61687469
v 0.01962352 -11.76808739 10.02530766
v -0.94754982 -11.78725910 9.99047756
v -0.44637227 -11.73260403 9.45607567
v -0.88832796 -11.58781147 8.91218758
v 0.03658707 -11.56557846 8.94752026
v -2.63095641 -10.18716431 13.05044079
v -3.43055201 -10.03097916 13.06921196
v -3.13604856 -10.51087761 12.60201168
v -0.51919508 -9.90671349 13.67799187
v -0.10700086 -9.54174614 14.26750088
v -1.02719820 -9.53728008 14.20712471
v -0.93841559 -10.28347492 13.13385391
v -0.03342522 -10.28161812 13.16055393
v 0.80983388 -11.03433800 12.12005615
v 0.43518034 -10.66420174 12.63759422
v -0.05912149 -11.02590656 12.14525032
v 1.11482656 -11.31644535 11.67689514
v 1.54774833 -11.09792614 11.99328041
v 1.32295620 -9.78415489 13.74514389
v 0.91010958 -10.23675060 13.17189598
v 1.87040710 -10.10751629 13.21069145
v 2.79808259 -9.89507008 13.27578545
v 3.68796635 -9.64021587 13.31693935
v 3.14327574 -9.37923813 13.80406475
v 4.22061157 -9.92804337 12.88753128
v 3.94603324 -10.42691231 12.46424484
v 4.69724751 -10.23047638 12.51287746
v 6.45548439 -8.77361870 13.09862137
v 7.37116480 -8.60513783 12.87448215
v 7.06301022 -7.99796295 13.30549717
v 7.70366049 -7.21196842 13.39197063
v 6.88639879 -7.36248207 13.80190659
v 4.96490002 -8.70656776 13.77510643
v 4.57569218 -9.35153389 13.31648827
v 5.50291586 -9.03640366 13.25631237
v 5.27892637 -8.05467510 14.29916954
v 4.38357210 -8.51530075 14.32953358
v 6.12579918 -7.45216846 14.30017281
v 5.49423313 -7.47896862 14.87296867
v 7.47284555 -6.01779461 14.34649658
v 6.87224579 -6.22296333 14.88541603
v 6.85337496 -6.75084066 14.33088779
v 8.74877548 -7.74466419 12.70329094
v 8.23118687 -8.48865128 12.64572525
v 9.04443359 -8.40649319 12.40964031
v 8.39364529 -10.32884502 11.81235313
v 8.88147259 -9.74239826 12.01732063
v 8.05226612 -9.77752972 12.16221333
v 7.43339777 -11.26244259 11.10239315
v 7.91249275 -10.83634663 11.50364685
v 7.06421471 -10.86139011 11.57335758
v 6.70220852 -10.41602230 11.99679375
v 6.21111870 -10.89411259 11.64316940
v 7.70847845 -9.19795895 12.50625229
v 7.19771481 -9.84688950 12.28728199
v 10.15378952 -7.61573124 12.13119793
v 10.50445271 -7.00153017 12.00146103
v 9.93090439 -6.95907116 12.33716869
v 9.73110580 -6.22983885 12.56607628
v 9.24764442 -6.98943472 12.67894936
v 11.15338421 -4.13494062 11.51172638
v 10.71152878 -3.76440263 12.07694435
v 10.70736313 -4.73975658 11.98384571
v 10.21436596 -5.45664215 12.34695530
v 10.78761387 -5.63586378 11.85285473
v 10.91177940 -0.93756241 12.14203835
v 10.50234509 -1.41434860 12.66394329
v 10.86058712 -1.84932816 12.12979221
v 10.78836632 -2.78528452 12.11137295
v 11.19935608 -2.27622747 11.58956814
v 11.52638149 -0.89309585 11.08884239
v 11.54389763 -0.00421579 11.10103798
v 11.26339626 -0.46589538 11.62274265
v 10.93687344 -0.03222071 12.14981747
v 9.57923698 -2.33715582 13.74825573
v 9.89612389 -2.80716658 13.19518375
v 10.05120468 -1.88536322 13.19673920
v 9.31078148 -1.90388262 14.32466507
v 9.11063099 -2.76415539 14.32250690
v 9.43469524 -1.04019690 14.32993507
v 9.08794689 -1.49881506 14.93535233
v 9.80227280 -0.56913215 13.75613499
v 9.48513412 -0.17214490 14.33686066
v 8.39479923 6.23380375 13.46815586
v 7.83746147 7.00825500 13.45154381
v 7.69317102 6.34481955 13.90454102
v 7.01979828 6.46958733 14.37389946
v 7.59962082 5.74356747 14.41204262
v 7.56097603 5.19280386 14.97901630
v 8.10978222 4.97528887 14.42363548
v 7.49412537 3.66668653 18.43541527
v 7.86365986 2.87988901 18.44269180
v 7.78255606 3.31672549 17.70608330
v 8.14245415 2.06844902 18.44750977
v 7.92232943 2.44214916 19.17358017
v 7.66767550 2.80591178 19.88002777
v 7.94240475 2.00069523 19.88484573
v 7.36544323 2.70347810 21.18391228
v 7.28509235 2.24470949 21.75595474
v 7.63058662 1.91381979 21.18933296
v 7.90928078 1.55477464 20.56273460
v 7.81025982 1.10554171 21.19379807
v 8.12774944 1.17771208 19.88810730
v 8.22385883 0.34544414 19.88830757
v 8.29613018 0.79181641 19.17864990
v 8.42777348 0.40441507 18.44826317
v 8.33025742 1.24054754 18.44956779
v 8.15495110 -1.31226623 19.87400436
v 7.95289421 -1.73520064 20.54391479
v 7.99364662 -2.12059450 19.85709190
v 7.84634495 -1.34915435 21.18105125
v 7.70085001 -2.14157295 21.16283226
v 7.38471556 -0.59251976 22.26471138
v 7.33001041 -1.39266741 22.25000572
v 7.65964556 -0.96727371 21.75766182
v 6.56800604 -0.65666008 23.04493332
v 7.02180576 -0.22464158 22.69457054
v 6.58155680 0.14183135 23.04046631
v 6.54933596 0.88471442 23.02249908
v 6.08876038 0.52782744 23.29471970
v 5.40444660 -0.70770127 23.54791832
v 5.38738298 -1.58498788 23.53035164
v 6.01648998 -1.10268104 23.32207298
v 5.43897629 0.19462915 23.52673912
v 5.57955265 1.02950692 23.44894791
v 5.84504747 1.70062113 23.28503418
v 5.12585306 1.73374522 23.51469421
v 4.74758625 2.54147124 23.52698898
v 4.25383615 1.84466076 23.69988823
v 3.80600858 0.13199450 23.84523201
v 3.89910746 -0.85500312 23.84744072
v 4.67396021 -0.26950967 23.71544647
v 3.13599849 -1.46528947 23.92703819
v 3.96269560 -1.78744638 23.82390213
v 6.66848230 -3.23532057 22.53652954
v 6.82486820 -3.53348756 22.13582802
v 7.04991150 -2.88982630 22.17954254
v 7.39796543 -2.52721786 21.71419907
v 7.21738863 -2.16696811 22.22114754
v 5.52409506 -5.17192554 22.19264030
v 5.92559910 -5.09985590 21.67319489
v 6.06271315 -4.63626909 22.15695763
v 5.08163738 -5.15882683 22.64006805
v 4.91922903 -5.68750715 22.22827530
v 5.19415903 -4.57348394 22.96578789
v 4.58613110 -5.07536411 23.01306534
v 5.75646544 -4.07657242 22.88759422
v 5.27195024 -3.92354894 23.20573616
v 2.74106884 -6.31626272 23.04132080
v 2.13941503 -6.51997614 23.04659081
v 2.52430677 -6.74782944 22.73000336
v 3.33730268 -5.97879839 23.04508400
v 2.83231068 -5.84058094 23.29401779
v 4.01012325 -2.66849709 23.76663780
v 3.30744076 -3.24580979 23.81120491
v 4.04209280 -3.49363828 23.66751671
v 2.50408101 -2.98719096 23.90686226
v 2.61891127 -3.83130336 23.81451607
v 1.96139801 -4.41714811 23.77562141
v 1.12601840 -4.22372341 23.82500648
v 1.35231626 -4.99907827 23.68704033
v 0.80822790 -5.57398176 23.53727913
v 1.58835053 -5.65588903 23.51082993
v 1.83296692 -6.16876030 23.29868507
v 2.26548719 -5.73202419 23.44096756
v 1.47196448 -6.60855770 23.05863571
v 0.48341101 -7.68428802 21.84413528
v 0.18062669 -7.90175247 21.28117561
v 0.94654608 -7.84985828 21.36529160
v -0.61068785 -7.88845253 21.20539284
v -1.06092453 -7.65312099 21.71791267
v -1.39592957 -7.80428743 21.14009857
v -2.15622783 -7.64283276 21.08554268
v -1.74774766 -7.88498974 20.49498177
v -2.11417031 -7.91314507 19.79465675
v -1.29645693 -8.07841396 19.85463142
v -0.81475234 -8.22802448 19.17428398
v -0.45480385 -8.15756130 19.92645073
v 0.40245774 -8.14842701 20.02195930
v -0.12552024 -8.05392265 20.63721466
v 3.02919841 -7.66903067 19.29302788
v 3.57178116 -7.34627151 19.95666504
v 2.75637627 -7.67154026 20.14155769
v 2.56691647 -7.63615751 20.86787796
v 2.97986364 -7.34481621 21.35389900
v 2.30603909 -7.57974625 21.43530464
v 1.94247711 -7.47957087 21.91565323
v 1.65003157 -7.74110079 21.43896675
v 3.75672388 -7.60072470 17.60901833
v 4.22141504 -7.24157953 18.28771210
v 3.39165616 -7.63560534 18.43114853
v 6.04228640 -6.24032831 16.64731598
v 5.49348021 -6.72052717 16.65514565
v 5.87731838 -6.58301210 16.05263901
v 6.73392773 -5.08525085 18.20520210
v 6.29724169 -5.45719433 18.90351868
v 6.17960072 -5.75395632 18.06000900
v 5.64083242 -6.33347750 17.77228165
v 6.13578653 -5.97899914 17.29142952
v 6.55440474 -5.67952728 16.71873474
v 6.97814226 -5.38161135 16.11075592
v 7.04589605 -5.03626728 16.79491997
v 7.49206781 -4.33383608 16.85574722
v 7.12423992 -4.71029615 17.52791595
v 7.21919537 -4.37880421 18.29207802
v 6.48589849 -5.08665609 19.70993996
v 5.86261320 -5.76394367 19.66246223
v 5.47069502 -5.97011614 20.43084145
v 5.72991610 -5.54417038 21.09377480
v 5.08906507 -6.10276318 21.12599564
v 5.13965464 -6.39034033 19.69568634
v 6.78356361 -4.29790115 21.09417534
v 6.30005217 -4.93910360 21.08554268
v 6.65739059 -4.69719744 20.44092751
v 7.00022507 -4.38778830 19.75912476
v 8.18591690 -2.81208491 16.93218422
v 7.90953159 -3.23170710 17.63782692
v 7.87515306 -3.58889508 16.90036392
v 8.54621696 -2.76576138 15.56084633
v 8.76614094 -1.94588995 15.57344341
v 8.46782303 -2.38327861 16.24119568
v 8.24865246 -3.56615996 15.54513741
v 8.66435909 -3.17133093 14.92125034
v 7.86125088 -3.95295906 16.19206047
v 7.87545395 -4.33960772 15.52551365
v 8.82847404 -3.61659908 14.32591915
v 9.04152298 -4.12334728 13.77445316
v 8.45984364 -4.44997120 14.33560562
v 7.92283154 -4.76690817 14.90850258
v 8.00659561 -5.25192547 14.34574413
v 8.12805080 -5.80554962 13.84205723
v 7.43048716 -5.07757235 15.50162411
v 8.95033073 0.58047467 15.59954071
v 8.84724426 1.43015790 15.60611534
v 8.73060799 0.94860381 16.28114510
v 8.35183907 2.61725521 16.28540993
v 8.65803623 2.27366781 15.61173630
v 8.38150024 3.10287428 15.61499882
v 9.17567539 2.46172237 14.37374878
v 8.99279022 1.93118489 14.96892834
v 9.36031723 1.58192647 14.35713673
v 9.46149540 0.70197988 14.34554291
v 9.75569820 1.21439958 13.77395153
v 9.20046806 0.20913348 14.95071030
v 8.96960354 -0.26860628 15.59221363
v 8.76343060 -0.73460203 16.26749420
v 8.90762043 -1.11211634 15.58373165
v 7.95229197 -2.87050390 18.38808823
v 7.62596941 -3.63948464 18.34919167
v 7.41879320 -3.66146708 19.80012703
v 7.74872923 -2.90528417 19.83259964
v 7.47801495 -3.28259778 20.49799156
v 7.98677111 -2.50011635 19.13348007
v 8.19705868 -2.07597733 18.41463661
v 7.32428932 -4.02904415 19.05844879
v 5.21127319 -6.78150558 17.31050110
v 4.85734701 -7.15982294 16.74437904
v 4.52033472 -7.54024839 16.13444519
v 4.12495327 -7.57066202 16.84129333
v 4.18773842 -7.94687176 15.51808548
v 4.96901560 -7.50792694 15.48210144
v 3.36189485 -8.30822563 15.55196285
v 3.84992313 -8.39153767 14.91773701
v 3.49986172 -8.87319183 14.34634590
v 3.32023859 -7.92910480 16.92109108
v 2.46352911 -8.21758556 16.97404099
v 2.90563536 -8.25271702 16.23748016
v 2.50423169 -8.59108543 15.57334328
v 1.62323117 -8.79464722 15.57750893
v 2.10950279 -8.95665455 14.93710899
v 2.01570153 -8.19665718 17.75717354
v 1.57339442 -8.42571545 16.99431610
v 1.14594305 -8.66034412 16.26287651
v 0.66780180 -8.54712009 16.98427963
v 0.18062669 -8.44619179 17.72460175
v -0.24004930 -8.57848740 16.95406532
v -1.14222920 -8.51801109 16.91386414
v -0.67051196 -8.72920227 16.20792007
v -1.11487675 -8.91600227 15.48380756
v -0.18649869 -8.95886326 15.53228951
v 0.30755219 -9.20965195 14.89786243
v 0.72521693 -8.91755772 15.56370640
v -5.34146070 -7.25738859 15.46578979
v -5.50713158 -6.87761593 16.02538681
v -5.93287659 -6.76780462 15.48571491
v -6.43114328 -6.23566103 15.59492397
v -6.45613670 -6.60378981 14.99457455
v -7.05854368 -6.43164492 14.49796391
v -7.58561802 -5.71556234 14.55874157
v -7.72634554 -6.26893568 14.00260830
v -6.32248592 -6.01603794 16.28792000
v -6.89457941 -5.59762049 15.80731964
v -5.74953985 -6.48163223 16.54824448
v -5.13719559 -6.95053911 16.67100525
v -4.45338392 -7.39540577 16.74452972
v -4.77007008 -7.03967285 17.39888191
v -3.66322374 -7.54581928 18.23712158
v -4.03014803 -7.24609613 18.93378258
v -4.40138912 -7.14331102 18.16419983
v -3.27983737 -7.83189106 17.53589439
v -2.87928677 -7.87304497 18.29674530
v -2.05560088 -8.11871529 18.35069847
v -2.49173474 -7.90446281 19.05588913
v -0.31693736 -8.34521389 18.46096039
v 0.59211826 -8.31660652 18.52113533
v -2.03015566 -8.36448574 16.87170792
v -1.60385859 -8.31851387 17.63305855
v -1.19959402 -8.27751064 18.40434837
v -5.03787374 -6.44163227 19.54768181
v -5.66221237 -5.89227438 19.46592522
v -5.39606524 -6.28675222 18.76078415
v -6.57819414 -5.03195143 18.55365753
v -6.94065189 -4.75155067 17.67275810
v -6.36479473 -5.49242640 17.77820206
v -6.53151941 -4.45614433 20.76695061
v -6.93864441 -3.81027460 20.73372459
v -6.86456680 -4.20319653 20.05322647
v -5.35340548 -4.12334728 22.81833458
v -5.41001749 -3.45358825 23.07810783
v -5.89383030 -3.63080215 22.71821022
v -3.47195721 -5.67957735 22.88488388
v -2.86041617 -6.17463207 22.82636452
v -2.76355314 -5.56294060 23.15896034
v -2.32104540 -6.61769199 22.71309090
v -2.88420510 -6.64750385 22.45974159
v -1.87818635 -7.00604677 22.49813461
v -1.63853848 -6.61703968 22.86430740
v -2.15622783 -7.23942137 22.09231567
v -1.48004472 -7.35415125 22.15700722
v -2.76837134 -7.02461672 22.06471252
v -2.50578761 -7.35349846 21.61301994
v -3.37102890 -6.68926001 22.07108498
v -0.45204350 -4.68866539 23.69366455
v 0.21907072 -4.00952101 23.84126663
v -0.76019794 -3.75050068 23.83373833
v 2.25238824 -1.14895439 23.99439049
v 2.10092068 -0.19021259 24.00307274
v 1.33700883 -0.83231813 24.03348732
v 0.41008630 -0.50559413 24.05045128
v 0.57535547 -1.47372103 24.03524399
v 2.86332703 0.45836720 23.94018745
v 1.91969180 0.76908123 23.99599648
v 3.32897139 2.07060719 23.82696342
v 3.04330111 2.94578600 23.79730225
v 2.40651560 2.33273911 23.90204430
v 0.23638558 0.45977247 24.04487991
v -0.51382494 -0.16316126 24.04859352
v 0.05274761 1.41163850 24.01973534
v 0.98147696 1.08466351 24.02088928
v 1.48862684 2.61760640 23.93607330
v 1.26699662 3.48339987 23.87363815
v 0.57841694 2.92024016 23.93496895
v -0.31874412 3.23476839 23.89878273
v -0.13560803 2.34006667 23.97286034
v -0.86182868 1.74880159 23.99253464
v -1.75753427 2.08932734 23.93441582
v -1.58945465 1.15196562 23.99629784
v -1.19673336 3.55291033 23.82184410
v -0.48511741 4.08329725 23.78952408
v -3.47898340 2.72892356 23.68829346
v -3.32314968 1.83392048 23.82535744
v -2.63045454 2.42152190 23.83670044
v -3.61434054 3.60375094 23.48247337
v -4.30563021 2.98478198 23.48006439
v -2.87125659 4.16063690 23.49928665
v -3.65303540 4.43983316 23.22199631
v -5.08660603 3.10729098 23.23725510
v -4.90206480 2.35708046 23.48237228
v -3.16636229 0.91573066 23.90766525
v -3.98287106 1.25199032 23.79474258
v -1.42348278 0.19382614 24.02746391
v -2.31020474 0.55768931 23.98279762
v -3.01765513 -0.02233367 23.94636154
v -2.88204718 -0.97440040 23.94641113
v -2.76199746 -1.93509948 23.90626144
v -2.01469779 -1.37590456 23.98555756
v -1.11106241 -1.76144898 24.00362587
v -1.26458752 -0.77876753 24.03052711
v -5.72625256 -0.29053846 23.44086647
v -6.21177149 -0.71246916 23.18947601
v -5.63541222 -1.11583030 23.42586136
v -5.55054426 -1.93334293 23.36688995
v -6.04444456 -2.27125883 23.06857300
v -5.47470999 -2.71938777 23.25567245
v -6.45016432 -2.55652761 22.70837212
v -6.54672623 -1.84676862 22.80076981
v -6.97984886 -1.43557811 22.44368172
v -6.63350105 -1.09098721 22.85733032
v -6.70471811 -0.32215691 22.88423157
v -6.75636148 0.42790306 22.88297653
v -7.10551977 0.06383916 22.51093292
v -7.40905666 0.45671099 22.07505035
v -7.39886856 -0.27538168 22.04222679
v -7.63053656 -0.59949589 21.48323250
v -7.34180498 -1.02353454 22.00032043
v -7.82581806 -3.99707437 16.02814674
v -7.37658501 -4.83064699 15.97002888
v -7.36248207 -4.39893007 16.81107903
v -8.45116043 -4.10628366 14.63161469
v -8.65090942 -4.64550352 14.03573227
v -8.05071068 -4.93508863 14.60827732
v -8.29492569 -3.61052632 15.30679417
v -8.77969170 -3.24169445 14.63036060
v -8.18476295 -3.14327574 16.05017853
v -8.11419868 -2.69750571 16.84525871
v -8.45196342 -2.26388121 16.05760765
v -7.79309559 -3.12621188 17.65448952
v -8.06807613 -2.27918863 17.67501640
v -8.24855137 -1.39843905 17.72134018
v -8.02993298 -1.89765930 18.51762390
v -9.02887535 -2.35045552 14.61429977
v -8.81246471 -1.84476113 15.30021954
v -9.19775772 -1.44486296 14.58579350
v -9.80754185 -2.51346636 13.35693932
v -9.57843399 -3.47090316 13.41109276
v -9.28493404 -2.88305092 13.98604679
v -9.93512058 -1.55582869 13.34399128
v -10.30319881 -2.06172395 12.76276398
v -9.60051632 -1.05184054 13.92672443
v -10.00332546 -0.64878052 13.32848263
v -10.02736568 0.21114101 13.29987526
v -10.38350010 -0.22715098 12.78871059
v -9.31454563 1.19477606 14.33139038
v -8.95790958 1.75166225 14.86112499
v -9.26706791 2.00265265 14.18484116
v -9.21176052 2.76109385 14.00712490
v -9.59579945 2.24852371 13.61856937
v -9.66982651 0.68381178 13.81124115
v -9.32839680 0.34388831 14.45053673
v -8.33121109 -0.47763941 17.81810188
v -8.22044659 -0.20627277 18.73363304
v -8.30506325 0.41455305 18.05202866
v -8.19485092 1.18483877 18.40284348
v -8.31143761 1.15773726 17.49800301
v -8.21884060 1.96360636 17.11070251
v -8.47680664 1.26473808 16.53971291
v -7.42677307 5.77423239 14.51673412
v -6.65483141 6.17327690 15.03276730
v -6.92780399 6.57086658 14.32165337
v -7.44278288 4.31401157 16.29855919
v -7.01934671 5.07671928 16.06232452
v -7.61688519 4.58201551 15.46729565
v -7.78205395 3.53805470 16.54322624
v -7.34521770 4.08018589 17.16370010
v -5.28023148 6.52057838 16.97991180
v -4.70091105 6.97949743 16.80666351
v -5.25006866 6.77081585 16.22222328
v -5.17418432 7.13944674 15.46975517
v -5.90738106 6.51335096 15.60952854
v -5.67491007 7.73713589 14.18042469
v -5.01328135 7.63746262 14.78182793
v -4.79782438 8.20875263 14.19568157
v -4.61408567 8.79274082 13.67854404
v -3.90814114 8.62787247 14.14820385
v -3.19020152 8.51730824 14.68898010
v -3.00616217 9.00237560 14.03758907
v -2.19301581 9.35439491 13.81189346
v -2.91647601 9.48031616 13.47538280
v -6.10848427 10.89742565 11.91423512
v -5.61092043 10.52106571 12.22499847
v -5.29955387 10.92653465 11.89129829
v -6.16093111 11.59443665 11.09471416
v -7.06612206 11.64507675 11.13476467
v -6.59420395 11.28823948 11.55353355
v -5.29082108 11.55830097 11.08467674
v -5.70617723 11.81004429 10.58851814
v -4.88906622 11.25220490 11.52281857
v -4.44751167 11.52196503 11.09536648
v -3.60821748 11.48291874 11.10871696
v -4.01669788 11.71965599 10.62831688
v -2.81193447 10.79714966 12.06971741
v -2.36114573 10.40708828 12.54705524
v -1.88757145 10.81466484 12.09124756
v -0.98268145 10.82896900 12.10806084
v -1.42007005 11.15182877 11.61406040
v -0.37134117 9.35042953 14.15262032
v 0.57430154 9.32172203 14.22142792
v 0.20697540 9.70084286 13.64185715
v 2.85961294 8.26837635 15.65138531
v 2.73735499 8.59228992 14.97871494
v 2.10649157 8.52423477 15.50789738
v 3.52731442 7.91359711 15.96109581
v 2.81509638 8.07168961 16.33559799
v 3.60430288 7.35209322 18.58176422
v 4.35054874 6.95179367 18.47571564
v 3.90021157 7.30481625 17.86688614
v 2.69399261 7.81708527 17.85524178
v 2.09715652 7.90456295 18.44981956
v 2.88470697 7.65618277 18.57383347
v 3.19175744 7.43861771 19.25463486
v 0.78499085 8.23198986 17.55853081
v 0.28035030 8.16057205 18.32314491
v 1.20466304 8.08222866 18.35446167
v -1.49349511 8.02481365 18.26452446
v -2.33580065 7.82461357 18.22728539
v -1.90634179 7.84840250 18.98391914
v -0.61962128 8.13924217 18.29609299
v -1.05635750 8.19073486 17.53368759
v -2.53474593 8.41437340 15.33244038
v -3.47602224 8.07279301 15.37213898
v -4.34818983 7.65342236 15.41319275
v -3.75817943 7.69813967 16.06598854
v -4.01775169 7.38687372 16.76013947
v -3.24089146 7.74521589 16.75366402
v -4.26397419 7.11751461 17.42116547
v -5.81468391 5.96810865 17.29905891
v -5.19275379 6.40143204 17.77930641
v -7.64137697 3.13795590 18.25388527
v -7.94305754 2.58849740 17.66804123
v -7.88714790 2.44440746 18.49403381
v -8.04242992 1.80967963 18.77950478
v -7.85497713 2.29103303 19.23430824
v -7.81056070 1.69454837 20.46657372
v -7.83680916 2.04902625 19.87435532
v -7.98411131 1.43532717 19.84509659
v -8.08915424 -0.74388683 19.43370438
v -8.11816311 0.04240888 19.56288910
v -7.91294432 -1.22935557 20.12474442
v -7.98391056 -1.55196416 19.34376717
v -8.07931805 0.77625811 19.71405602
v -7.99450016 0.30147943 20.30958557
v -8.10170174 1.26473808 19.18015480
v -7.62200451 2.68345308 19.79807091
v -6.78281069 2.23933935 22.63444519
v -6.69397783 2.74131989 22.42265320
v -7.03068924 2.31286478 22.21908951
v -7.30356169 2.21038079 21.68333244
v -7.25241995 1.76917791 22.13050842
v -7.08790350 1.41906631 22.50691795
v -6.78547049 1.12501466 22.85135841
v -6.79204512 1.73123574 22.78084373
v -5.91686630 1.28064775 23.33958817
v -6.35837078 0.82975852 23.15705299
v -5.82040501 0.51723772 23.41361427
v -5.18783522 0.17917123 23.61763000
v -6.46923590 2.10694337 22.94500923
v -6.12710428 2.55090642 23.00799561
v -6.01704168 1.97018099 23.20869827
v -5.34196281 3.71958470 22.89487267
v -5.00801182 4.37448835 22.73090744
v -5.60018015 4.15797710 22.48608971
v -5.71982813 4.53117514 22.02988052
v -6.10456991 3.95863032 22.11971855
v -6.55355167 4.40741158 20.24057770
v -6.59179497 4.05870533 20.97508049
v -6.13854694 4.70096111 20.89929581
v -5.70537424 4.91310596 21.49347115
v -5.61433315 5.29292917 20.85929489
v -5.26537561 5.02060890 22.00052071
v -3.59416485 5.17955446 22.91584969
v -2.87296295 5.62422037 22.94044304
v -3.50011253 5.79832220 22.54255104
v -3.36535764 6.31631279 22.09251595
v -4.05669785 5.90221167 22.06155014
v -5.01890230 5.83295202 20.86185455
v -4.55657053 5.91546106 21.50130081
v -4.36389875 6.31806946 20.89613342
v -4.11687326 6.67932272 20.23917198
v -3.66503048 6.74441671 20.94220734
v -1.23929274 7.24860573 22.11309242
v -1.71658087 7.34812832 21.61482620
v -1.93770933 7.00469208 22.11951637
v 1.14694679 6.58717775 22.98410606
v 1.88315487 6.34788132 23.05115700
v 1.70373273 6.79530764 22.69371796
v 0.86870444 5.04811192 23.64006424
v 1.49058425 5.46487331 23.50580978
v 0.70418811 5.72283983 23.44819450
v 0.20697540 4.58407354 23.73180771
v 1.05761218 4.29739952 23.77843094
v 2.76751804 3.76370001 23.74234581
v 3.60119128 3.53178120 23.65416718
v 4.39958239 3.32962394 23.50952530
v 4.06819057 4.07235622 23.46606064
v 4.43406153 4.55702209 23.22907448
v 3.75612164 4.75190210 23.39138222
v 3.47356319 5.35094643 23.27444458
v 3.03316331 4.96946716 23.48402977
v 3.23798060 5.85292721 23.09993935
v 3.80856824 5.65538692 23.03178406
v 4.33212948 5.49207497 22.87534904
v 4.01127768 5.90155935 22.74260139
v 3.60661149 6.26070452 22.55534935
v 2.99557233 6.60730314 22.40769577
v 3.08811903 6.25874710 22.82731819
v 4.18256950 6.07209826 22.35088348
v 4.80219078 5.35807323 22.61948967
v 4.68490124 4.98377085 22.94415665
v 5.06085968 4.37604427 22.98661613
v 5.43852472 3.69825482 23.01231194
v 5.63340473 4.19245625 22.65748215
v 6.59455538 4.19305849 21.17798996
v 6.61277342 3.74658585 21.74616814
v 7.01829290 3.46658707 21.17944527
v 6.49402857 4.61875343 20.55079079
v 6.09960127 4.87069702 21.18270683
v 6.85648680 4.32786369 19.87209702
v 6.32574844 5.02622986 19.87340164
v 5.53563833 5.48660469 21.19826508
v 5.67782116 5.07692003 21.75173950
v 2.55155897 7.27545643 21.24443817
v 2.82563567 6.95078993 21.85964394
v 3.37117958 6.92574596 21.28453827
v 1.73690701 7.53267002 21.19821548
v 2.23693037 7.54456425 20.58848190
v 2.25565052 6.91932201 22.32162476
v 1.49695814 7.16694975 22.25286674
v 2.72641397 7.50973415 19.93091774
v 1.90122259 7.76037312 19.89182091
v 4.30101299 6.75244665 19.92855835
v 3.52696323 7.17347431 19.94396591
v 3.85564446 6.86396456 20.62526894
v 4.17062473 6.50632477 21.27615738
v 5.03707075 6.24891043 19.90225983
v 4.71772432 6.60268593 19.19154739
v 5.12620449 6.42371511 18.40439987
v 6.07405519 5.92253780 16.89790535
v 5.37995529 6.54898453 16.82578468
v 5.58336735 6.19084311 17.62201881
v 6.43932390 6.11877298 15.53580189
v 6.36148214 6.62210846 14.89304447
v 5.76002884 6.75997496 15.48566437
v 5.07215214 7.97256804 14.37721157
v 4.29609442 8.30687046 14.47472668
v 4.65303183 7.78882933 14.97781181
v 2.72591209 9.90932369 13.13214779
v 1.71738386 10.00397778 13.15558529
v 2.15181136 9.52242374 13.70559597
v 1.28125000 10.44066429 12.63970280
v 0.75733721 10.06470585 13.14178371
v -0.16797930 10.09095383 13.10419273
v 0.40265849 11.15077400 11.61802483
v -0.07528203 10.83263302 12.12301636
v 0.84601945 10.82615852 12.13179970
v 6.47912312 7.67565536 13.79483032
v 7.19560719 7.72709846 13.40622425
v 6.46567249 8.28132439 13.39161968
v 10.01321316 8.38370800 12.08813572
v 10.38259697 8.96844864 11.80141163
v 9.67675209 9.12172318 12.02519989
v 9.71619987 7.64885521 12.35960293
v 10.39951038 7.70581865 12.01190090
v 8.90681744 7.69824028 12.69495964
v 9.41090679 6.86260939 12.68135834
v 9.11544991 6.12032890 13.05079269
v 9.82626247 5.98898649 12.63638973
v 10.14952374 5.15039492 12.56943893
v 10.45110321 5.76434517 12.24261475
v 10.85958385 7.11716318 11.76793671
v 10.91835403 7.92980766 11.65325737
v 11.64246655 6.09382963 10.96854210
v 11.65847683 6.95887041 10.91699886
v 11.29812622 6.60198307 11.40246773
v 11.61421108 5.27797318 11.06229305
v 11.87052059 5.52198696 10.54630947
v 11.37471294 10.17798042 10.95674801
v 11.39253044 10.50806713 10.77300930
v 11.48221588 10.57612133 10.36297321
v 11.74304295 9.11660385 10.60051346
v 11.78590393 9.68638802 10.32999992
v 11.53662014 9.69321442 10.82530499
v 11.20041084 9.79800701 11.18655872
v 10.91805267 8.67605305 11.55468750
v 11.33370972 8.23705864 11.25802612
v 11.68181419 8.47178841 10.81466484
v 11.94389534 8.54190063 10.31770325
v 11.66053391 7.76102543 10.90666008
v 12.06625462 7.92358446 10.06535816
v 11.92010689 7.38842964 10.44743919
v 12.12477303 7.18692446 9.83298779
v 12.22680569 6.39440536 8.03761196
v 12.27197456 7.11661100 7.59826565
v 12.29972839 7.09784079 8.36724663
v 12.16818619 5.64760780 8.46747208
v 12.07468605 5.71114588 7.73367310
v 12.18369389 7.16730118 6.82426596
v 12.29250145 7.81256866 7.15620947
v 12.30394459 7.80308294 8.70767212
v 12.25450897 7.11565781 9.11795902
v 12.16356850 6.39049101 9.53732967
v 11.97114754 4.85102367 10.22279835
v 12.06474876 5.61046886 9.91032696
v 12.16813564 5.62060642 9.19810867
v 10.86585712 6.23335218 11.84813690
v 10.93064976 5.39255238 11.88372040
v 8.82139778 9.21587563 12.23834896
v 8.36383343 8.51274109 12.62364197
v 8.03404808 7.74973297 13.03101826
v 5.36695623 8.26406002 13.89390087
v 5.80128336 7.74642086 14.13661003
v 5.02974319 7.28704977 15.49550152
v 4.27797651 7.66501570 15.64862442
v 6.38517094 7.14657354 14.29731274
v 5.24404573 6.88494349 16.09991646
v 4.69955587 7.08423996 16.65027809
v 5.85212421 5.80479670 18.40444946
v 5.31375694 5.87792063 20.57789230
v 5.71676683 5.67004204 19.88243675
v 4.89774847 6.03134537 21.22988319
v 5.71430779 4.64816332 22.23735809
v 5.24098444 5.23571491 22.23896408
v 6.15094328 3.98713708 22.24197578
v 6.10632610 5.41930246 19.15536308
v 6.48785543 5.13548946 18.41498947
v 7.30486631 3.58462930 19.87515831
v 7.18812895 4.00706196 19.16198730
v 6.54005098 3.27702689 22.24784851
v 6.86863232 2.53705454 22.25331879
v 6.37663889 2.78237367 22.67625237
v 6.13458204 2.26026773 23.02470779
v 6.40454340 1.56993151 23.01677895
v 5.80203629 2.98136926 23.02465820
v 5.14020681 3.15336347 23.30124474
v 6.87711382 1.31678307 22.68277740
v 4.73799992 5.71987867 22.26079559
v 4.48816395 6.11064243 21.83198929
v 2.59542322 6.09418058 23.09281349
v 2.06639147 5.82005405 23.32312584
v 2.50869846 4.52128839 23.65351295
v 1.91532540 4.02106428 23.78199577
v 2.27356744 5.20976734 23.51880836
v 0.56235677 6.30903578 23.19635201
v -0.06243390 5.97157145 23.34019089
v -0.78865457 6.20128202 23.16764450
v -0.72687310 5.58216238 23.43027687
v -2.08225083 6.57041502 22.56217575
v -2.15878749 6.03681612 22.94009018
v -1.46237850 6.40399122 22.91273880
v -2.17640352 5.40218830 23.25195885
v 0.29385087 7.16925859 22.52880096
v -0.21018744 6.96393919 22.74039268
v 0.43347394 6.79505634 22.88588715
v -0.80295813 6.71510696 22.85130882
v -0.75362331 7.11299753 22.49452209
v -2.93499541 7.10717583 20.98571968
v -2.18378115 7.39992237 21.02150345
v -2.63607550 7.40258265 20.35279846
v -2.65278816 6.68895912 22.11289215
v -3.17875862 6.74868298 21.56995773
v -4.70221615 5.46537495 22.02601624
v -4.82482529 4.96284246 22.44368172
v -6.27540970 2.99130630 22.70084572
v -5.75345421 3.09238505 22.97958946
v -7.36509228 1.14694679 22.10014534
v -7.74486494 1.28606808 21.04278374
v -7.58054924 1.97108436 21.08423805
v -7.61783886 0.86549240 21.58330727
v -6.98356295 3.36726499 21.06531715
v -6.56810617 3.68334913 21.64785004
v -6.45141935 3.33148074 22.24162483
v -7.33362436 3.04134393 20.42271042
v -7.32112741 2.65976429 21.10521698
v -7.32524300 3.35642433 19.68313980
v -6.94536972 4.04500389 19.55591202
v -7.30913258 3.62126637 18.88509941
v -6.47636271 4.73182678 19.43500900
v -5.90477133 5.40921450 19.34366798
v -6.38768053 5.04138660 18.54904175
v -5.46080780 5.66281462 20.14160728
v -5.24128580 6.03701687 19.36258888
v -4.53820181 6.56750393 19.46818352
v -4.92299318 6.44103003 18.63305473
v -4.55938101 6.82160616 18.02131462
v -3.07075405 7.36238194 19.62918663
v -3.48636103 7.29201841 18.87450981
v -3.81915784 7.00383854 19.55972672
v -2.28987861 7.64564323 19.68258667
v -3.13624930 7.54802752 18.18231773
v -3.88174224 7.20785284 18.12214088
v -2.77514672 7.78807688 17.47767639
v -2.39733124 8.03610611 16.76360130
v -1.48044622 7.84905529 19.72584915
v -1.41966856 7.61382389 21.05061340
v -0.64722472 7.73894262 21.07856750
v -1.05856574 7.81562996 20.43114090
v -0.57706189 7.40162897 22.10310555
v 0.07016286 7.43174171 22.12649345
v -0.26112828 7.61266947 21.64875412
v 0.13475484 7.76754999 21.11174202
v 0.75809008 7.34235668 22.18681908
v 1.23969436 7.46627092 21.73688316
v 0.57891881 7.86918068 20.50481796
v 0.92973310 7.69768810 21.15249443
v 1.55778599 7.93317032 19.15009308
v 1.05500233 7.92232943 19.84464455
v 0.20030040 7.99143839 19.80198479
v -0.64817828 7.96614361 19.76399231
v -0.19974832 8.07705975 19.05879974
v -0.59879327 8.36167526 16.80490685
v -1.50970590 8.24448681 16.78327560
v -0.12085275 8.54857540 16.09936333
v 0.32065126 8.38611698 16.81348801
v 1.23803806 8.32267952 16.78267288
v 4.03883076 7.36885595 17.08731461
v 3.34473038 7.63962030 17.43903160
v 4.10793972 7.51846647 16.33876038
v 3.44585943 8.70054531 14.41696072
v 4.18041134 8.79274082 13.93886948
v 2.49835968 9.03153515 14.31834126
v 1.52496302 9.22460842 14.26885605
v 2.69966388 7.94064808 17.07798004
v 2.08445907 8.20373344 16.63426781
v 1.63070917 8.43434811 16.08159637
v 1.27974439 8.67996788 15.46855068
v 0.93339682 8.97622776 14.83688354
v 0.38594589 8.75369453 15.44089699
v -1.32019591 9.33677864 14.03583241
v -0.98142678 8.99856186 14.70308304
v -0.55287123 8.74395752 15.39868832
v -1.53776097 8.64202595 15.34282970
v -1.99196255 8.31490040 16.04882431
v -1.57038319 9.71208477 13.46343803
v -2.73404264 9.94977474 12.99849701
v -1.90197539 10.05853271 12.99418068
v -1.05826461 10.08929825 13.04903603
v -0.56250733 10.47137928 12.59930134
v -0.05661209 11.40246773 11.09541702
v -0.53124022 11.57059765 10.56598377
v -0.96898013 11.40849018 11.10500336
v -1.86799812 11.42324543 11.11007214
v -2.33248830 11.62821293 10.59479141
v -2.75015306 11.44808865 11.11283207
v -1.01615691 11.64858913 10.02811909
v -1.50554025 11.63262939 9.47273827
v -1.93811083 11.69556522 10.03042698
v -2.83306360 11.76352024 10.07388973
v -0.17631052 11.39629459 8.97823524
v 0.30122849 11.56191444 9.45667744
v 0.68817812 11.37953186 8.92674255
v 1.06534111 11.08312130 8.43580341
v 0.62167901 10.68081379 8.09783745
v 0.19377595 10.18631172 7.80017185
v -0.22233294 10.70565701 8.13246727
v -1.08376014 10.76432705 8.09587955
v -0.63146567 11.12954521 8.52428436
v -3.45122933 11.34450054 7.94566727
v -4.09468985 11.60633087 8.07590485
v -3.43637371 11.62068462 8.45096016
v -4.86668205 10.81245708 6.48082924
v -5.01719618 10.29552078 5.95907450
v -5.54221296 10.83609581 5.92419386
v -2.61976457 6.97051382 6.72358894
v -1.91025651 6.87741518 6.90371370
v -2.36797118 6.30351496 6.81623602
v -2.23512340 5.54135990 6.88750267
v -2.89072967 5.86702967 6.71335030
v -3.52079010 5.52319193 6.57458067
v -3.43717670 6.26451874 6.50762987
v -5.89292669 6.91319895 5.20218897
v -6.32559776 7.46095133 4.67280579
v -5.67350483 7.68343449 5.09819937
v -5.39817333 6.32815742 5.67711830
v -4.64660788 6.55626202 5.97292662
v -4.84670734 5.74607658 6.08188486
v -6.56469345 5.31410837 5.63666677
v -7.04880714 6.02722979 5.06151199
v -6.19480801 6.13578653 5.37624121
v -5.95144606 4.60911703 6.10482073
v -6.92890787 4.43381071 5.98015356
v -5.04806185 4.89117384 6.25192165
v -5.23706961 3.96826649 6.46767998
v -4.24249363 5.20033216 6.41433001
v -7.33332300 3.63943458 6.30471945
v -7.82968235 4.29408693 5.96705437
v -8.55971718 4.05057478 6.12860966
v -8.49939156 4.78858948 5.65879965
v -9.85903549 4.22643375 6.35109329
v -10.44382572 4.81278038 6.25739241
v -9.84237289 4.95692015 5.80012941
v -11.42329502 4.96640587 7.23620939
v -11.70595455 5.07551432 7.78265619
v -11.68648148 5.66477203 7.24037504
v -11.65089798 6.24494553 6.62913513
v -11.61707115 6.80479288 5.96243715
v -11.30575466 6.11310148 6.03571177
v -10.88387489 6.04429388 5.49774647
v -10.91825294 5.45699358 6.13508415
v -10.87388706 6.57332563 4.82748556
v -10.40643597 6.05754375 5.01127386
v -11.85109806 7.54406261 5.90813398
v -11.59222794 7.32689905 5.24670601
v -12.04622936 7.80559254 6.64835691
v -11.99930286 8.32538986 5.85132074
v -12.08708191 7.20715046 7.36022377
v -12.19819832 8.03339577 7.48644686
v -12.04673100 9.07620239 5.69041824
v -12.03819942 9.58400440 6.21543503
v -12.00181293 9.71870995 5.35400772
v -11.89300537 10.28563309 4.90728426
v -11.98304272 9.78666401 4.55902958
v -11.97240257 9.79730415 3.71275926
v -11.95824909 9.20965195 4.34402418
v -11.95890236 11.06113911 2.65454483
v -11.98364449 10.44076443 3.16094184
v -11.81380844 10.91719913 3.53735209
v -11.84738445 11.66324425 2.10659194
v -12.13315487 11.27233028 1.69640529
v -11.35468864 11.84497547 2.64927506
v -11.51513958 12.03649235 1.71261597
v -11.21516609 11.68221569 3.48510647
v -10.84517956 11.94956684 3.07316303
v -11.51107407 11.29416180 3.93699932
v -11.10706043 11.58113670 4.35310841
v -11.03694820 11.52848911 5.22276640
v -10.62846756 11.79830074 4.75235367
v -9.10726929 11.99302959 4.15521669
v -9.28879929 12.00116062 3.32189488
v -9.72548485 12.03463554 3.80635977
v -10.30440331 12.01797295 3.44816804
v -10.18244648 11.96773529 4.28259420
v -8.33136177 11.65370846 3.19000077
v -8.11073589 11.69079781 3.95471573
v -7.80739927 11.40412331 3.56289768
v -6.17382908 10.89396191 5.31832409
v -6.29869699 10.44819260 4.71867752
v -6.76449203 10.98610783 4.66136312
v -7.30376244 11.15780067 4.03878069
v -7.24735117 11.41245461 4.70843935
v -6.42893505 9.92698956 4.23180389
v -5.88610125 9.86877155 4.87807465
v -5.61543751 9.22194862 5.00028276
v -5.25749636 9.72648907 5.47260237
v -7.55921936 7.90928078 3.19793057
v -7.50556850 8.53432274 2.71221089
v -7.08639812 8.30426025 3.48470473
v -6.58793068 8.61728287 3.96620870
v -6.70195770 7.93567944 4.11220551
v -7.55711126 7.32609606 3.75331116
v -8.10646915 7.49733734 3.07637501
v -11.26911736 7.97241735 3.06954956
v -10.88583183 7.75545454 2.57263803
v -10.87950802 7.43545580 3.36846948
v -10.89973354 7.98918009 1.74774766
v -10.44643593 7.63028574 2.12922668
v -11.94550133 9.49030399 0.46589538
v -11.66505146 8.97351742 0.04928464
v -11.64552784 8.93522453 0.92084980
v -12.16432190 10.06942368 0.87929410
v -12.19990444 10.07153130 0.00316185
v -12.22730732 11.36111259 -0.01746543
v -12.20427132 11.34143829 0.84295797
v -11.95302963 11.82384586 0.42368728
v -11.47318268 12.17435932 -0.81229311
v -11.42896652 12.17857456 -1.67050827
v -11.92863846 11.84000683 -1.28576696
v -11.51965618 12.16226387 0.03257203
v -10.93732452 12.33867455 -0.30860615
v -12.24607754 9.99248505 -1.75843763
v -11.98786068 9.43630123 -1.28948081
v -12.22439671 10.04653740 -0.87352252
v -11.67885303 8.94631577 -0.81736213
v -11.32276917 8.52950478 -0.35543156
v -12.40070724 10.65581989 -3.96666050
v -12.30735779 9.80603695 -4.57313251
v -12.28617764 9.82345200 -3.61278462
v -12.27172375 11.30073643 -3.46121693
v -12.24959087 11.28623199 -4.30999660
v -11.45877838 12.05355644 -4.96645594
v -10.71273327 12.17957878 -5.27782249
v -11.19935608 11.93496227 -5.72740698
v -11.50269318 11.59629345 -6.27164555
v -11.03684807 11.82073402 -6.59761667
v -10.55238247 11.93009377 -7.15927076
v -11.06761265 11.68984413 -7.31731319
v -11.18354702 11.50439930 -7.93798828
v -11.44286919 11.40231705 -7.39731264
v -11.72808743 11.01727390 -7.49357319
v -11.67915440 11.26409912 -6.81799221
v -11.91814899 11.20984554 -6.02712965
v -12.11925316 8.35921669 -6.06170893
v -11.95679379 8.20579147 -5.20891428
v -12.18018055 9.05667973 -5.29433441
v -12.29641628 9.88428020 -5.48429585
v -12.19975471 8.49607944 -6.90948534
v -12.09034443 7.68765068 -6.77874517
v -12.21676826 9.27700424 -7.09287214
v -12.21817303 8.63755894 -7.73492765
v -11.56979465 10.84487820 -8.91118431
v -11.68236637 10.90229321 -8.19826317
v -11.35132599 11.23438740 -8.47831249
v -10.89702415 11.55042171 -8.57683182
v -10.32994938 11.81641865 -8.55806160
v -10.55022430 11.59543991 -9.24102020
v -10.16447926 11.61641884 -9.83961201
v -10.71950912 11.36146355 -9.89883423
v -10.82746315 11.14796352 -10.46711349
v -11.14113808 11.02455139 -10.03961182
v -11.26921844 10.51795387 -10.75313473
v -11.49215317 10.11208344 -10.47168064
v -11.39232922 10.61657333 -10.25245953
v -11.53641891 9.45201015 -10.63569450
v -11.24186611 9.11931419 -11.13039780
v -11.57948017 8.67464828 -10.72166729
v -11.12522888 10.76528072 -10.92979622
v -10.91418839 10.94635868 -10.87002277
v -11.00307083 10.75484085 -11.07649612
v -10.52603436 11.11473942 -10.84538078
v -10.10440445 11.98389530 -7.83751202
v -9.67564774 12.00512505 -8.51710796
v -10.39208221 12.28773403 -4.67983198
v -10.00287437 12.21481037 -5.45950317
v -7.74049854 12.02775955 -5.68263912
v -7.49623346 11.80828762 -5.11481190
v -7.07651091 11.87654305 -5.73192358
v -8.17763615 12.19328022 -8.46315575
v -7.36308432 12.22414589 -8.45482445
v -7.73251867 12.14525032 -9.13070679
v -5.59280252 12.28206253 -8.53622913
v -4.79265499 12.30941486 -8.07299423
v -4.50317049 12.37521172 -8.86551285
v -3.68816710 12.39358044 -9.08925152
v -4.23702335 12.32336712 -9.56463242
v -4.02568150 12.07749653 -10.29843140
v -4.75882816 12.13982964 -9.97331333
v -4.84996939 11.21049786 -11.57385921
v -5.09890223 11.58700848 -11.06324673
v -4.31270695 11.53832626 -11.21526623
v -4.58577967 10.77160358 -12.04848766
v -5.40665531 10.82565689 -11.89415932
v -3.76395106 10.73230648 -12.19950294
v -4.31240559 10.28959846 -12.51006699
v -3.29765415 11.12743664 -11.84949207
v -2.94704056 10.75699902 -12.28497314
v -3.77373767 11.81762314 -10.83162880
v -3.54006219 11.48718452 -11.37120056
v -2.81072998 11.42189026 -11.53466225
v -2.36440778 11.96653080 -10.66826725
v -3.21619892 12.08532524 -10.36874485
v -2.48044252 12.21556377 -10.09281063
v -2.86789417 12.37797165 -9.32980251
v -2.05705643 12.35659218 -9.54310131
v -1.48571599 12.34028053 -9.08864880
v -1.23186493 12.32753277 -9.76162052
v -0.85249370 12.04638004 -10.56899452
v -0.79282016 11.70761013 -11.19499016
v -1.57264161 11.85385799 -10.92146587
v -0.35462856 12.28848648 -9.95740414
v -2.39507270 10.39524364 -12.72391796
v -2.16656661 10.88904381 -12.22600269
v -2.13785911 11.29842758 -11.74635601
v -1.45108628 11.11117649 -12.01430988
v -1.78232718 10.02676392 -13.21355247
v -2.68817067 9.85426712 -13.24747944
v -0.86634564 10.10691357 -13.20883465
v -1.24089885 9.66034126 -13.74368858
v -0.40792823 10.52994823 -12.73119545
v 0.01897107 10.10345078 -13.23046589
v 0.46052527 9.69933701 -13.72341251
v 0.87327158 10.05968666 -13.23995113
v 0.89936936 9.32819653 -14.21103954
v 0.10082773 9.35856056 -14.25550556
v 1.63723361 9.24859810 -14.17078876
v 1.35291851 9.00026798 -14.67698479
v 2.05630350 9.50189686 -13.73224545
v 2.32772040 9.09276485 -14.19643497
v 0.87041086 8.53537655 -16.08691597
v 0.30263376 8.78556347 -15.44295406
v 1.15106225 8.74425888 -15.32481194
v 1.91080856 8.70395756 -15.08069706
v 1.40993202 8.28935432 -16.82638741
v 0.49726292 8.39540195 -16.87301254
v 2.33605170 8.07053471 -16.83522034
v 1.87417126 8.06245422 -17.62558174
v 2.87326407 8.06727219 -16.10794640
v 3.21765447 7.75184107 -16.89710236
v 2.63923740 8.40077209 -15.34895229
v 3.44324946 8.06019592 -15.48491192
v 4.90683270 8.86922741 -13.54639912
v 5.66587639 8.47444820 -13.56973648
v 5.08289242 8.28689575 -13.96943378
v 4.14558077 9.21597576 -13.49335098
v 4.74763632 9.45873547 -13.15668964
v 3.21323776 10.04859543 -12.96647644
v 3.18879628 10.54540634 -12.53154755
v 3.85524297 10.27700138 -12.69711781
v 3.37870765 9.51971436 -13.41410351
v 2.58267546 9.78500748 -13.31578541
v 1.73525083 9.96834469 -13.25279903
v 3.38452959 10.95474052 -12.13014317
v 2.60400558 10.89290810 -12.22535038
v 2.46061826 11.60984421 -11.34545422
v 2.86131954 11.89727116 -10.85898113
v 3.31155610 11.61395931 -11.31177807
v 1.09876633 11.89757252 -10.86846638
v 0.62724990 12.17676830 -10.26334953
v 1.58970559 12.15609074 -10.34942245
v 0.80371094 12.30755806 -8.98320389
v 0.22178087 12.34585190 -9.47022820
v -0.06966098 12.22354317 -8.81010532
v 0.05927205 11.38716030 -7.89367247
v 0.46720028 10.75524235 -7.65552998
v 0.95181584 11.38821411 -7.83811426
v 1.79407120 11.37029648 -7.67706060
v 1.53359532 11.88241577 -8.07043457
v -0.41354930 11.87794876 -8.23655701
v -0.80606979 11.37130070 -7.82601881
v -1.62082219 11.36422443 -7.67319632
v -1.19773710 10.74761391 -7.55103874
v -3.88821650 9.94018936 -6.35972548
v -4.15963316 10.80272007 -6.40353966
v -4.60525274 9.93491936 -5.91586256
v -4.99862671 9.31765747 -5.54612780
v -5.46427107 8.68604088 -5.16670609
v -4.73087358 8.50862598 -5.71957731
v -4.39707279 7.69412470 -5.97066832
v -3.96726274 8.42932892 -6.18140745
v -6.11104393 8.95088291 -4.54623175
v -6.27395439 9.70340252 -4.39978313
v -6.66838217 9.21371746 -3.86844254
v -8.26320648 11.70294285 -3.59356260
v -8.62536335 11.76733398 -2.81855917
v -8.08313179 11.38103676 -2.92907333
v -10.01707745 12.33134747 -2.34398127
v -9.27891159 12.09435940 -2.59667802
v -9.66054153 12.24020576 -3.28309965
v -8.84483528 11.79835033 -2.05841160
v -7.53071260 9.18646526 2.18523669
v -7.87565470 8.65512466 1.81545126
v -7.84212923 9.80834484 0.67718697
v -7.85663366 10.35153008 1.09379768
v -7.65829039 9.79675198 1.62443566
v -7.34551859 9.79338932 2.56119514
v -8.34932899 8.20052147 1.51131189
v -8.13045979 8.71509933 0.84240592
v -8.57467365 7.71123886 2.24611473
v -8.94014263 7.86320829 1.33053458
v -9.60116959 7.84724855 -0.13179374
v -9.07138443 7.99008369 -0.35894471
v -9.24749374 7.89562941 0.49149129
v -10.06756687 7.84217930 0.14388905
v -10.01587296 7.83088684 -0.63302153
v -9.53913689 7.72488976 1.17741096
v -9.96714020 7.61623287 1.69705772
v -10.04919720 7.77542925 0.89219242
v -10.49948406 7.93879128 0.51076347
v -10.92643356 8.19193935 0.08923430
v -10.92146587 8.16709709 -0.74122685
v -10.91734982 8.13352108 0.91683477
v -7.53814030 9.66706562 -2.24711847
v -7.79650831 9.78440571 -1.28230393
v -7.78576803 9.15524864 -1.67457354
v -8.11781216 8.69050789 -1.16767454
v -7.90160179 8.55690670 -2.08460975
v -9.86405373 7.13909531 -3.16736603
v -9.91158199 6.73076582 -3.88224411
v -9.35228634 6.82125473 -3.64094019
v -8.68945312 6.93191910 -3.62608457
v -7.98938084 7.10506773 -3.79300976
v -8.40629292 7.45733786 -3.05012679
v -8.57241535 5.95877361 -4.76424837
v -8.94491100 6.44052839 -4.18813992
v -9.28749371 6.02517223 -4.67305660
v -8.36448574 4.77694607 -5.73538685
v -7.62069988 4.87661934 -5.72354221
v -8.11660767 5.41639137 -5.29353142
v -7.80699778 6.04891109 -4.85970592
v -9.88784313 6.28108120 -4.50492716
v -9.78551006 5.72921371 -5.11621714
v -10.34801674 5.55691814 -5.56861162
v -9.73557281 5.06321859 -5.72429514
v -11.30982018 5.45277786 -6.62065315
v -10.90058708 4.79325724 -6.64880848
v -10.86655998 5.47159863 -6.06722975
v -10.86319733 6.09874773 -5.43947792
v -11.64251709 6.14722967 -6.63545847
v -11.65616798 5.47686815 -7.22863102
v -11.29561710 6.71008825 -5.33217621
v -11.65772343 7.40765142 -5.25031948
v -11.64286804 6.79294872 -5.97799540
v -11.90264130 6.89437866 -6.68905926
v -11.70183849 8.41823769 -3.51772857
v -11.68582916 7.98049736 -4.43054819
v -11.31915569 7.72749996 -3.78884435
v -12.07046986 7.01332426 -7.45021105
v -11.89425945 5.51430845 -7.89171505
v -11.68055916 4.79917908 -7.75229263
v -9.79409218 3.54337454 -6.76333761
v -9.76212215 4.33243084 -6.27872229
v -10.40357494 4.13985920 -6.71350098
v -10.98003483 4.08209276 -7.19229460
v -11.38098717 2.97710323 -8.21693325
v -10.94144058 2.63396764 -7.85678387
v -11.14796352 3.44184422 -7.70596886
v -11.70013237 4.13609505 -8.19685841
v -11.86510086 4.07727480 -8.79750824
v -11.67022038 3.43426585 -8.54807377
v -11.58736038 2.61334038 -8.78235149
v -11.99292946 4.78387213 -9.00473499
v -11.94218922 4.12445164 -9.41291428
v -12.13084602 7.44213057 -9.01246357
v -12.02866364 7.82335901 -9.67745495
v -12.02088451 6.92680025 -9.68337727
v -11.85004425 6.49970007 -10.31835556
v -11.99814892 6.00359154 -9.77215958
v -11.96909046 5.15671873 -9.90711498
v -12.04361916 5.43636656 -9.30265045
v -11.60467529 5.20545149 -10.91890621
v -11.59273052 4.33765030 -10.95544243
v -11.81556511 4.76429844 -10.44357491
v -11.92768478 4.37549210 -9.95384026
v -11.73471165 3.05193353 -10.47735119
v -11.78525162 2.64500904 -9.92693996
v -11.86163807 3.55110359 -9.92121792
v -11.27328300 2.17921400 -11.52502632
v -11.50259209 1.72159970 -11.05064964
v -11.53877831 2.59908700 -11.01265717
v -10.11524487 9.03750706 -11.95408440
v -9.86987591 8.36679459 -12.15744591
v -10.45336151 8.46496296 -11.86730862
v -10.86384964 7.93638229 -11.62685776
v -10.89692307 8.73833656 -11.53250408
v -10.37722683 9.57833385 -11.72853851
v -9.81587315 9.61938763 -11.92176247
v -6.38045311 11.36061096 -11.27744865
v -6.23375368 10.91378689 -11.72562790
v -6.96966076 11.09105110 -11.50630665
v -6.00037956 10.36101532 -12.17907715
v -5.66005421 9.79559708 -12.61611366
v -6.57437992 9.76473236 -12.45932674
v -4.85955572 9.84503269 -12.75132084
v -5.26326799 9.34902477 -13.00687790
v -5.45764637 8.80187511 -13.33259869
v -4.82723427 9.07645321 -13.34263611
v -4.21263170 9.31429482 -13.35141850
v -4.42487717 8.84603977 -13.71161842
v -4.04410076 8.57848740 -14.21836662
v -4.79079771 8.36112309 -14.03342342
v -4.71782446 7.44067526 -15.50619125
v -3.90658545 7.90913010 -15.49610329
v -4.17529202 7.50521708 -16.21354103
v -5.14758444 6.65262270 -16.95672607
v -5.79817200 6.08775663 -16.96731567
v -5.60836077 6.46933603 -16.25078011
v -4.43948174 7.15395117 -16.94688797
v -4.70793772 6.83104134 -17.69072533
v -3.58362556 8.36950493 -14.84747314
v -3.06483197 8.25944233 -15.52536297
v -2.22970319 8.51279163 -15.53981686
v -2.56024146 8.20092297 -16.22352791
v -1.39176404 8.68082142 -15.53374481
v -1.90117240 8.85918903 -14.90062237
v -1.57605445 9.24182320 -14.30458927
v -0.73139000 9.33356667 -14.28667259
v -1.23412347 8.33311844 -16.93213272
v -0.88386124 8.53442287 -16.20375443
v -0.37982294 8.40809917 -16.91005135
v -1.95361888 7.97653294 -18.42377090
v -2.31301522 7.78993368 -19.16263962
v -2.76009011 7.73397398 -18.42713356
v -3.85519290 7.14556980 -19.17092133
v -3.42954826 7.25999832 -19.88569832
v -4.15953302 6.86426592 -19.89357758
v -4.44184065 6.55425453 -20.58687592
v -4.84811258 6.39455605 -19.90251160
v -5.48941517 5.85674143 -19.90863419
v -5.24123526 6.19566107 -19.18125916
v -5.62442112 5.96876097 -18.44168854
v -4.97759771 6.51666355 -18.43852615
v -6.78321218 5.21272850 -16.27737999
v -7.19977283 4.96359539 -15.62122250
v -6.67967415 5.64549971 -15.61314201
v -6.91224575 4.80188942 -16.97675133
v -6.38732910 5.46878767 -16.97444153
v -7.05472946 4.40239286 -17.69960785
v -7.36950874 4.09152842 -16.97454262
v -6.74030161 4.70628119 -18.43892860
v -7.19796610 4.00525522 -18.43295670
v -7.58200455 3.26523256 -18.42532730
v -7.88775015 2.49148393 -18.41694641
v -7.82300758 2.91381621 -17.68726158
v -7.75495243 3.34146833 -16.96862030
v -8.06380939 2.55587506 -16.96018791
v -8.29146290 1.73971760 -16.95040131
v -8.31871510 2.19587636 -16.25324059
v -8.60323048 1.83622909 -15.57113457
v -8.36333179 2.67552328 -15.59125996
v -8.43008232 3.18819404 -14.97791195
v -8.04544067 3.47777891 -15.60842419
v -7.65613222 4.24073696 -15.61901379
v -7.69578075 3.78101492 -16.27482033
v -7.64499044 4.72946835 -15.01264191
v -8.12539005 4.51732349 -14.45254421
v -7.66948223 5.25533819 -14.46463966
v -6.63962412 7.15796614 -13.92592144
v -5.99019146 7.23726320 -14.36687279
v -6.59831953 6.61347628 -14.42905617
v -6.61402845 6.11024094 -14.99402237
v -7.15912056 5.95335340 -14.45871735
v -7.30501699 7.10617208 -13.54283619
v -6.73267269 7.74998379 -13.48361397
v -7.83540392 6.43295002 -13.56557083
v -7.98365927 7.07269669 -13.20998859
v -8.94972897 5.69011688 -13.15101814
v -8.33301830 5.72936392 -13.55141830
v -8.80388260 4.97639322 -13.50198269
v -8.64423370 4.33127642 -13.93565750
v -9.19745636 4.16239357 -13.45420361
v -9.49898624 3.36094117 -13.40451813
v -9.73622513 3.93162918 -13.03302574
v -10.20061493 3.57017493 -12.68567467
v -10.10335064 4.39968252 -12.63091946
v -10.60382557 3.12084174 -12.34645367
v -10.22239685 2.80169606 -12.78554916
v -8.52152443 3.73950934 -14.42524147
v -8.85838604 2.92054129 -14.37891769
v -9.13908768 2.04205012 -14.30975914
v -9.33090687 2.69745564 -13.80060196
v -8.93271446 1.47482514 -14.91231632
v -8.75770950 0.96687222 -15.55261517
v -8.27239132 1.29856479 -17.67034912
v -8.43394661 0.89946973 -16.93996239
v -8.30084801 0.03111657 -18.39390945
v -8.26436138 -0.81013501 -18.38889122
v -8.37663174 -0.39111525 -17.65368652
v -8.11128712 1.68988085 -18.40861511
v -7.93537855 2.07065725 -19.14361763
v -7.73236799 2.43647790 -19.86246109
v -7.95158911 1.65043306 -19.85317612
v -7.92217922 1.23246717 -20.53166771
v -8.08764935 0.84521645 -19.84559822
v -7.21357441 3.09941149 -21.19400024
v -7.49713659 2.36360478 -21.18195534
v -7.49332237 2.78167105 -20.55094147
v -6.85638618 3.80083919 -21.21126366
v -6.89282274 3.38262248 -21.77557755
v -7.43219328 3.19617391 -19.87335205
v -7.32860518 3.60415244 -19.16248894
v -7.05382586 3.92329788 -19.88569832
v -6.75209570 4.21368599 -20.58155441
v -6.42306280 4.46286917 -21.23801422
v -6.60037708 4.61283112 -19.89819527
v -4.02422619 6.65985012 -21.21598244
v -4.68956852 6.21342754 -21.24042320
v -3.85418916 6.30592394 -22.27660561
v -3.60109091 6.69056511 -21.77869034
v -3.17414141 6.62682629 -22.27354431
v -3.72490478 5.64846087 -23.02460861
v -4.36856604 5.42020607 -22.93878555
v -4.08676052 5.88805866 -22.67083168
v -3.00540924 5.93784523 -23.05532265
v -3.27100420 5.32449722 -23.33783150
v -5.54181147 4.61895418 -22.76940155
v -5.77930117 4.71044683 -22.36804771
v -5.32535028 5.07340670 -22.54556274
v -5.90371704 5.09016943 -21.27415085
v -6.07726765 4.64946842 -21.84483719
v -6.24258661 2.78518414 -23.05050468
v -6.50376511 2.10408258 -23.04975128
v -6.70798016 2.54021645 -22.69863701
v -6.77136755 0.79492807 -23.04147148
v -6.34632540 0.55377460 -23.33261108
v -6.73990011 0.07227075 -23.06169701
v -5.68389368 -0.99447560 -23.57552147
v -5.40369415 -0.22343707 -23.68914795
v -4.97087240 -0.91281974 -23.78500557
v -4.31762505 0.60777694 -23.92949867
v -3.52681255 0.70729977 -24.02209473
v -3.86593294 -0.06991191 -23.98962212
v -4.73122454 1.26022124 -23.84738922
v -5.06612921 0.52667308 -23.78851891
v -5.09639263 1.87693155 -23.73255920
v -4.40530396 1.98629129 -23.87117958
v -6.02075577 1.12963200 -23.48101807
v -6.26155806 1.65208924 -23.31348991
v -5.72610188 1.77203870 -23.54475594
v -5.41232634 2.45539880 -23.56714058
v -2.69971395 0.82102585 -24.07850647
v -3.20209622 1.48882759 -24.03127861
v -2.10423326 2.45017910 -24.04242134
v -1.27934289 2.65815830 -24.05014992
v -1.53419757 1.80310500 -24.08994865
v -0.93259382 1.09570491 -24.12076378
v -1.83688152 0.94865400 -24.10897064
v -3.27150607 -2.22272706 -24.00307274
v -3.59296036 -2.94292521 -23.91654968
v -4.05820322 -2.27457118 -23.89180565
v -4.20289564 -0.83909351 -23.93321228
v -4.52048540 -1.59472442 -23.84989929
v -4.80776167 -2.33022976 -23.73040199
v -5.05599117 -3.04987574 -23.56041527
v -5.50928974 -2.36822224 -23.51158142
v -6.12012815 -2.31201148 -23.25948715
v -5.89232445 -1.71321833 -23.45286179
v -5.20961714 -3.75838017 -23.35348892
v -5.26316738 -4.40731144 -23.11610031
v -5.75892496 -3.88028693 -23.03419304
v -4.55732346 -3.68781567 -23.60799408
v -4.06538010 -4.27742481 -23.62942314
v -3.86362433 -3.62974834 -23.79419136
v -3.14001346 -3.58829284 -23.92322350
v -2.97052860 -4.75631857 -23.77521896
v -3.09484434 -5.28038216 -23.59790611
v -3.58106589 -4.81518936 -23.62430382
v -2.71712923 -4.19872999 -23.90726471
v -2.34950209 -4.76234150 -23.86018753
v -1.86102200 -5.87601328 -23.56749153
v -2.53961420 -5.63892508 -23.56874657
v -2.07768369 -5.30683136 -23.75489426
v -3.11356449 -5.81654072 -23.34636307
v -1.67131126 -4.84224081 -23.89577103
v -1.25013340 -4.28490257 -23.99845695
v -0.93470168 -4.94868946 -23.90465546
v -0.16918382 -5.07074690 -23.88708878
v -0.65585703 -5.58191156 -23.76171875
v 2.53123283 -6.03295135 -23.39348984
v 2.86382890 -6.43992615 -23.11760521
v 2.18920135 -6.55164480 -23.14611244
v 2.22046852 -5.45443392 -23.64603615
v 2.97519612 -5.49267721 -23.53697777
v 0.84682250 -3.87662315 -24.03298569
v 0.33400127 -4.49870348 -23.97411537
v 0.01676280 -3.75536895 -24.06209373
v 1.03778791 -2.38970256 -24.11850548
v 1.90779722 -2.55105710 -24.08297348
v 1.36917937 -3.22156906 -24.06816673
v 0.14900823 -2.26955247 -24.13557053
v 0.66990972 -1.51362050 -24.14224434
v -0.33982310 -2.98648834 -24.11228180
v -0.73826581 -2.20024276 -24.13536835
v -1.60832536 -2.17605209 -24.11649895
v -2.01434636 -2.89870954 -24.07348633
v -2.45374250 -2.18669200 -24.07474136
v -1.18172717 -1.40927958 -24.13958549
v 2.74222326 -2.73108149 -24.02495575
v 2.47025442 -1.88521266 -24.08041382
v 3.65378833 -0.65425104 -24.02671242
v 3.85328579 -1.49811244 -23.99057579
v 3.05680180 -1.24742329 -24.06209373
v 2.19396925 -0.98202902 -24.10811615
v 3.48109126 0.21756507 -24.03890800
v 4.24023533 -0.10865706 -23.96959877
v 2.66884828 0.58639681 -24.08106613
v 3.35311174 1.09675884 -24.03153038
v 1.92295396 3.75732613 -23.93792915
v 2.00034404 4.52620649 -23.82119179
v 2.62674069 4.02814054 -23.85878372
v 3.87486649 5.59937716 -23.07695389
v 3.32440424 5.51832342 -23.33296204
v 3.29890871 6.03696632 -23.04322815
v 4.38181591 5.63149738 -22.74425697
v 4.45167732 5.11064625 -23.09040451
v 3.21474338 6.46436787 -22.70756912
v 3.00480700 6.82005024 -22.33291626
v 3.62663651 6.50251055 -22.32222557
v 4.04123974 6.49167013 -21.83916664
v 4.24776363 6.09116936 -22.32784653
v 5.28966665 5.53172350 -21.85377121
v 5.42517471 5.07686949 -22.33361816
v 4.85227823 5.61011744 -22.33412170
v 5.00755978 4.57995796 -23.08573723
v 4.46934366 4.53639460 -23.36804390
v 4.44886684 3.92896914 -23.58059120
v 4.94040823 3.41559601 -23.55986214
v 4.41639519 3.31622362 -23.73025131
v 3.89574480 4.43009663 -23.58465576
v 4.44118834 2.68044186 -23.81602287
v 3.86583257 3.08310032 -23.85828018
v 4.66176462 1.19859028 -23.87815475
v 3.97991014 1.55447352 -23.95915794
v 4.53845263 1.97314203 -23.85712624
v 5.00339413 2.37113309 -23.71991348
v 7.27977228 3.69173050 -20.12373924
v 7.50511646 3.41730237 -19.45679092
v 7.61407471 2.97906065 -20.08905983
v 7.88002110 2.21750760 -20.05006409
v 7.67204189 2.54849744 -20.70742607
v 8.05427361 1.87025654 -19.33739471
v 8.07168961 1.41710901 -20.01809502
v 8.18345833 0.58755118 -19.98988914
v 8.29407215 0.19663666 -19.26161003
v 8.21126175 -0.27578318 -19.96017647
v 8.14792442 -1.14734828 -19.98752975
v 8.08498859 -0.67804015 -20.66110420
v 8.06345844 -2.55828428 -18.21097374
v 7.89713526 -2.86503339 -18.82311821
v 8.11424828 -2.17419529 -18.78096008
v 7.80453825 -2.28802156 -20.72705078
v 7.99901676 -1.97243941 -20.06155777
v 8.15389729 -1.66970527 -19.34381866
v 8.33577824 0.67563117 -18.61227798
v 8.03610611 0.98222977 -20.66747665
v 8.36187649 1.02945673 -17.92068672
v 8.21106148 1.49384642 -18.58939171
v 7.99063540 2.35115814 -18.62336922
v 8.32774830 2.01264000 -16.72706604
v 8.43198872 1.20340836 -17.12088966
v 8.48328114 0.44351155 -17.43431473
v 7.69542980 3.15205860 -18.73724556
v 7.86707258 2.91251111 -17.94914246
v 7.35585737 3.85569477 -18.84364510
v 6.06888628 5.20775986 -20.73031235
v 6.23194695 4.81293058 -21.32413673
v 5.69478464 5.39616585 -21.31455040
v 6.41272402 4.97624254 -20.11877060
v 6.72298670 4.71847677 -19.50366783
v 6.88002491 4.35496521 -20.13724136
v 6.98481750 4.46718550 -18.90723228
v 6.57312489 5.02146196 -18.85714531
v 5.65734434 5.88002872 -19.35385513
v 5.42698145 6.17754316 -18.55847549
v 6.06672812 5.58833551 -18.69167519
v 6.49774265 5.20986795 -18.15672112
v 6.57849503 5.24394560 -17.38794136
v 6.92178106 4.73423624 -17.82984734
v 7.31620884 4.17122698 -17.60776520
v 7.46662235 4.09940767 -16.89353943
v 7.68483973 3.52169347 -17.38011169
v 7.17257071 4.28354740 -18.29077339
v 8.72915268 2.12179899 -15.17796135
v 8.39821243 2.83200955 -15.50378227
v 8.69105911 2.82939982 -14.82197762
v 8.19033337 2.78071737 -16.27547264
v 8.01176453 3.51682520 -15.86001682
v 7.38421392 4.89704609 -15.46217632
v 7.82682180 4.60404825 -14.95964336
v 7.75158978 4.23125172 -15.56691837
v 7.04664898 5.08128595 -15.99989128
v 6.91334963 5.52524948 -15.47632980
v 6.00780725 7.22024965 -14.43372345
v 5.47345543 7.19540644 -14.97715950
v 5.27255249 7.72509050 -14.44371128
v 6.72499418 6.62537098 -14.40100098
v 6.59716511 7.31239462 -13.93736362
v 7.94059801 7.09482956 -13.34720325
v 8.60553932 6.72514439 -13.15488243
v 8.21889114 6.30451870 -13.50042725
v 8.60734558 5.56805992 -13.53048992
v 7.98978233 5.74843550 -13.92130375
v 9.17793369 5.55455923 -13.16080475
v 9.05442047 4.81232834 -13.46740341
v 9.76116848 3.02222228 -13.31332588
v 9.50395489 2.40425706 -13.75342464
v 9.45808315 3.94502926 -13.38479424
v 10.05838203 3.70738912 -12.89867306
v 9.17311573 6.31671429 -12.98278809
v 9.08859921 7.09267139 -12.85741806
v 8.99379349 7.88222933 -12.72702980
v 9.60623837 7.49181700 -12.58073139
v 10.11579704 7.91836500 -12.31082058
v 10.16954803 7.09708786 -12.38364315
v 10.68317223 6.71400309 -12.12316704
v 10.22440434 6.23927450 -12.44572544
v 11.09170341 7.19937134 -11.79629326
v 11.13551712 6.35912323 -11.79398441
v 11.10143948 3.19988775 -11.92853832
v 11.35152626 3.86618400 -11.62490082
v 11.47845173 3.14232206 -11.42289352
v 11.73807430 3.32590985 -10.92226887
v 11.63799953 2.49494696 -11.06334686
v 11.76527691 1.88340580 -10.60257053
v 11.56040955 1.60129905 -11.20668411
v 11.32372284 1.31703401 -11.69325638
v 11.87965488 2.67828369 -9.34897423
v 11.87318039 2.27045584 -9.98069096
v 11.94188786 3.22257280 -9.85732841
v 11.91016960 3.69313574 -10.39388847
v 12.02068329 4.18287039 -9.80106831
v 11.99107265 4.61609364 -8.49512577
v 11.78710842 4.55471325 -7.82732391
v 12.14605331 5.49779654 -8.59479904
v 12.09355640 4.80605507 -9.18837261
v 12.24858761 6.35957527 -8.69050789
v 12.17651749 6.16660213 -7.99931812
v 12.24105930 6.58722782 -9.36583710
v 12.29651642 7.20077658 -8.80072021
v 12.13972950 5.98858500 -9.90656281
v 12.15558910 6.83550787 -9.99589825
v 11.66319370 8.82842445 -11.07644558
v 11.90309334 8.57341862 -10.70364952
v 11.71518898 8.13979435 -11.07950783
v 11.43980694 7.67916870 -11.44904232
v 11.04934406 8.00860310 -11.77571583
v 10.58826733 8.35279274 -12.03097153
v 11.00181675 8.77637959 -11.72432327
v 10.94073772 9.49477100 -11.63910389
v 11.34254265 9.16674137 -11.37491417
v 11.61034584 9.44679070 -10.97762585
v 11.55885315 10.00523281 -10.75308418
v 11.81250381 9.54952526 -10.52437782
v 11.27925587 10.43288517 -10.95157814
v 11.45225430 10.49130344 -10.46259594
v 10.48171806 9.78214741 -11.83358288
v 10.84969616 10.11529541 -11.55463791
v 10.06309986 8.70059490 -12.21711922
v 8.32910347 8.26717186 -12.83252525
v 8.90777111 8.65708256 -12.57731915
v 7.61934471 8.65050793 -12.89907455
v 7.75811434 7.89101219 -13.12647629
v 6.88333702 9.02696800 -12.92607498
v 6.26933718 8.72433376 -13.22333908
v 6.13804531 9.39027882 -12.91157055
v 6.04344082 10.01501942 -12.60070610
v 6.05985212 10.54164219 -12.29621601
v 6.66622400 10.27097893 -12.39061928
v 7.16905785 10.57928371 -12.15016842
v 7.37502909 10.03253555 -12.40602684
v 8.12609291 9.74008942 -12.40738201
v 7.50019836 9.36919975 -12.66238785
v 8.83379459 9.39589977 -12.39614010
v 8.77863789 10.08247185 -12.16477299
v 8.79846191 10.67248249 -11.87308025
v 9.40674114 10.36457920 -11.93747139
v 9.94776726 10.60221958 -11.70660686
v 9.97215939 10.06897163 -11.92813683
v 6.83184433 10.96854210 -11.91318035
v 6.21784401 10.93059921 -12.00632954
v 6.39189625 11.24608135 -11.67293072
v 5.58672953 10.87258244 -12.08577728
v 7.13247061 12.02033234 -9.96498203
v 6.82486820 11.82269192 -10.61642265
v 6.25909853 12.02228928 -10.10309982
v 3.84063840 12.35036850 -9.54355335
v 4.18091297 12.12346840 -10.21717644
v 3.24726534 12.14409542 -10.32201958
v 4.16947031 11.59704590 -11.28929329
v 4.68500137 11.85551453 -10.76492882
v 5.03787374 11.54600525 -11.31413651
v 5.21895170 12.07950401 -10.07665062
v 5.09684467 12.26193714 -8.53261566
v 4.11386204 12.37410736 -8.77663040
v 4.26372337 12.26344299 -8.06084824
v 3.22623658 12.42499828 -9.04834843
v 2.38704276 12.43262672 -9.17145920
v 2.67381692 12.37541199 -8.62395859
v 2.13344264 12.20211315 -8.31173897
v 2.87582374 12.17576408 -8.07605553
v 5.87174749 12.22399521 -8.78902626
v 5.87917519 12.17134762 -8.04940605
v 6.61051512 12.19272804 -9.01848602
v 5.95044231 12.16918945 -9.48914909
v 6.62963676 12.09671783 -7.54436350
v 7.37548113 12.03865051 -7.01021242
v 7.33407593 12.14856243 -7.82471418
v 10.45732689 11.56904125 -9.52157116
v 9.92021465 11.70369625 -9.88719082
v 9.92678928 11.80693245 -9.19027996
v 10.93687344 11.33330822 -9.15449619
v 10.96397495 11.37496471 -8.39620495
v 11.35303211 10.99102592 -8.78260231
v 11.72643089 10.54535675 -7.53834105
v 11.97611618 9.95414162 -8.02270603
v 11.70063400 10.53592110 -8.40338230
v 11.67187691 10.86756325 -5.14316797
v 11.66344547 10.87177944 -4.41047287
v 11.88984299 10.48076439 -4.81890297
v 10.97180367 11.48281860 -4.42482662
v 10.98666000 11.48919201 -5.20264101
v 10.95223045 11.45988274 -3.62894511
v 10.93888092 11.42941856 -2.80681515
v 11.34766197 11.20397377 -4.01539278
v 11.62761116 10.82921982 -2.84475732
v 11.85907841 10.44949722 -3.30252242
v 11.64848900 10.85702419 -3.64073944
v 12.07739544 9.51695347 -4.13639641
v 12.03282928 9.99414158 -4.53087425
v 12.01024437 10.02711487 -3.75145411
v 11.96336842 9.48488331 -2.87070465
v 11.84688187 8.88684273 -2.95286250
v 12.01179981 9.16478443 -3.59702563
v 11.96658039 9.99971199 -3.01765513
v 11.89837551 9.90365219 -2.22473454
v 11.55072308 8.87178707 -0.39718801
v 11.56291866 8.87550068 0.54509211
v 11.25616932 8.47680664 0.08868223
v 11.24372292 8.28428555 -1.76506245
v 11.58816338 8.58400822 -2.31562519
v 11.56236649 8.79058266 -1.36330736
v 10.83228111 8.06385994 -1.26865280
v 10.81612110 7.85598087 -2.16782141
v 10.85396290 8.15881538 -0.35864359
v 10.37521935 7.93813896 -0.80095065
v 10.87699890 8.14626884 0.55989754
v 10.90495396 8.02651978 1.49118650
v 10.42144203 7.89015913 1.01766253
v 9.89647579 7.72273207 1.47121167
v 9.91374016 7.87811422 0.55186749
v 8.93502331 8.19083595 -0.38910773
v 9.41100693 7.98220396 0.08351287
v 8.94345474 8.15751076 0.50725031
v 8.25879002 8.91795921 -0.45575741
v 8.13261700 8.88734531 -1.35196495
v 8.50275421 8.49482441 -0.86674714
v 8.26742268 8.89316654 0.43412638
v 8.11394787 9.37778187 -0.03864478
v 8.06441212 9.88342667 -0.50589526
v 8.07063484 9.85090446 0.39397597
v 7.96473837 9.81512070 1.26212835
v 8.12569141 10.31258392 0.84566814
v 7.84539127 9.35715485 -1.85369456
v 7.93482637 9.90701485 -1.44978130
v 7.65357304 9.88056564 -2.40089464
v 7.48729992 8.65301704 -3.13529587
v 8.04378510 8.21874046 -2.66448212
v 7.88117552 8.79610348 -2.24852371
v 7.05267143 9.19921303 -3.58191895
v 6.93764067 8.54300499 -3.94984746
v 11.06123924 6.77909660 -4.52886677
v 11.12934399 6.36529636 -5.10146189
v 11.44909191 6.89588404 -4.92986870
v 11.72372055 7.50627089 -4.75024605
v 11.93210125 8.17387199 -4.57779980
v 11.67132473 7.91399860 -4.00214338
v 11.62299347 8.27193928 -3.19517016
v 11.30540371 7.69628286 -3.49564576
v 12.17937756 8.77617836 -5.99897432
v 12.09716988 8.47966766 -5.23230171
v 12.14098454 7.97146368 -6.01377964
v 12.26951599 8.43028259 -7.56318426
v 12.17104721 9.23359203 -7.73101282
v 12.19262791 9.03580093 -6.85036373
v 12.17240143 7.40915728 -6.72484350
v 12.18514919 6.80509424 -7.38130283
v 12.27001762 7.61417532 -7.45487833
v 12.30580139 7.81703520 -8.20483780
v 12.28557587 8.01241684 -8.93713188
v 12.21039391 8.77351856 -9.11078167
v 12.21124744 8.20032120 -9.61657715
v 12.02369499 6.01739311 -7.32609606
v 11.78971863 5.26286650 -7.27786541
v 11.79147434 5.91425657 -6.69954872
v 12.00547600 7.21292210 -6.04705429
v 11.76437283 7.03866911 -5.44364357
v 11.78560257 6.50737858 -6.09021616
v 10.73566914 5.93372965 -5.22146130
v 10.82430172 7.53553057 -3.04937387
v 10.91825294 7.15666103 -3.85654783
v 10.56768990 6.63596058 -4.29890490
v 10.27850628 7.50341034 -2.59753132
v 9.94038963 6.42737913 -4.31325912
v 10.35002422 6.11962605 -4.80003262
v 9.43690395 6.77919722 -3.82723808
v 8.88523674 7.16875648 -3.41659975
v 9.62234879 7.26662302 -3.01233530
v 8.65708256 7.95545387 -2.16802216
v 8.38681984 7.65372324 -3.05459356
v 9.25994110 7.82867861 -1.69846296
v 8.83976650 8.12644386 -1.27949345
v 6.77061510 7.88790083 -4.41780043
v 9.89486980 7.91033459 -0.35196859
v 10.58229446 6.39827013 4.48058558
v 11.01762581 6.94642353 4.11963367
v 11.13255596 6.52609873 4.83606768
v 11.37014675 6.20218563 5.56023026
v 11.56181431 6.86431599 5.08635521
v 10.04021358 5.85468340 4.84781170
v 9.95544624 6.45091724 4.10934496
v 9.28383064 6.61222172 3.83958435
v 8.73748302 6.24454403 4.35516596
v 8.58777237 6.81563377 3.79060078
v 9.87263584 6.98311090 3.30653739
v 10.97953320 7.40549326 3.34016347
v 10.44718838 7.35239458 2.84837103
v 10.94540501 7.78802633 2.43933845
v 9.30229950 7.66295815 1.93304181
v 9.85682678 7.42486620 2.40837264
v 11.33561707 8.29321957 1.98604035
v 9.83810711 7.82536650 -1.24581718
v 9.74631310 7.61648369 -2.13324189
v 11.75167561 9.32955170 -0.89244336
v 11.80833817 9.83268642 0.54684865
v 11.80833817 9.84116840 -0.37470376
v 11.74926662 10.31082821 0.11618527
v 11.83624268 9.84603691 -1.31848955
v 11.78464890 10.35569572 -1.66709554
v 12.05280399 8.87379456 -4.39837790
v 10.99203014 11.47383499 -5.98311472
v 11.37491417 11.18746185 -5.55024290
v 10.98997211 11.44256783 -6.78240919
v 10.53050041 11.71232796 -6.41212177
v 11.68984413 10.79263306 -5.86181021
v 12.02434731 10.04568481 -5.32981730
v 12.10720730 9.57712936 -6.05172157
v 11.93481159 10.26841927 -6.05428123
v 11.98314285 9.02591419 -10.34435368
v 11.96090984 9.52864742 -9.98114300
v 11.85190105 10.04493141 -9.58852196
v 12.06640434 9.45743084 -9.32940102
v 12.13385773 9.35835934 -8.57738400
v 11.57099915 10.53020000 -9.87077904
v 11.23348427 10.90921974 -10.15750313
v 11.65054703 10.54053879 -9.18260098
v 11.71930408 10.64231968 -6.65538311
v 11.39212894 11.05817795 -7.15043783
v 10.98113918 11.40813828 -7.59525442
v 10.49521828 11.67714596 -8.01838970
v 10.84763908 11.17059898 -10.44096565
v 10.89832878 11.26871586 -9.84367752
v 10.41436577 11.30590534 -10.72367477
v 10.78967190 11.03388691 -10.92312145
v 10.74470329 10.85060024 -11.26565456
v 11.01918125 10.74630928 -11.10093784
v 9.92417908 11.54640675 -10.49973583
v 9.93291187 11.32342148 -11.00798988
v 9.93883419 11.01622009 -11.40668297
v 9.41155910 11.24823952 -11.28633213
v 9.33266354 11.74464893 -10.25592232
v 9.94169521 11.86620426 -8.43374538
v 9.32814598 11.98193836 -8.84779644
v 9.96317577 11.89185047 -7.64052391
v 8.65903950 12.03393269 -9.26014137
v 8.68669319 12.09596539 -8.49587822
v 8.02064800 12.15062046 -8.14752293
v 7.30732584 12.18043232 -8.59198856
v 8.72102165 12.09998035 -7.69578075
v 7.27254534 12.13797283 -9.29973984
v 5.81217432 11.43840218 -11.44582939
v 6.54667616 11.55157566 -11.21084976
v 5.27661800 11.21556759 -11.76251602
v 7.38441467 11.58700848 -11.07263184
v 8.17176437 11.55860233 -11.04743767
v 7.80890465 11.31077385 -11.45812607
v 8.64302921 11.90148735 -9.98912239
v 7.92880392 12.03488636 -9.65863419
v 8.71228886 11.69847679 -10.63770199
v 8.86340523 11.11870480 -11.53652000
v 8.83570099 11.44216633 -11.14555454
v 8.24358273 10.99719906 -11.72161293
v 7.52970886 10.95740032 -11.83338165
v 10.01331329 9.42636395 -12.09295464
v 9.47825909 9.04819775 -12.33661747
v 10.39604664 10.77737522 -11.47493935
v 11.04824066 10.43880749 -11.29817677
v 10.76161671 10.56774044 -11.45983219
v 12.08316708 8.38360786 -10.21396446
v 12.13822365 7.64167833 -10.09893417
v 11.75493813 7.37538052 -11.04522896
v 11.99343109 7.09693766 -10.55976009
v 11.78188896 6.56258583 -10.99484062
v 11.80502510 4.89739704 -10.89044952
v 11.79443550 4.10066223 -10.86691093
v 11.58490086 4.40741158 -11.29697227
v 11.79855156 5.72775793 -10.93968391
v 11.99343109 5.42156076 -10.41963577
v 11.51097393 6.03450727 -11.39830208
v 12.09360695 5.10858822 -9.83655071
v 11.26018429 4.66076088 -11.72000694
v 10.82410049 4.95626783 -12.12748337
v 11.18916798 5.50427103 -11.77069664
v 9.72041607 5.80831003 -12.79051781
v 10.29080296 5.32665539 -12.50088215
v 10.61963463 3.42357588 -12.42158508
v 10.42525673 4.36997128 -12.50098324
v 8.87996769 4.12349796 -13.88712597
v 6.42497015 8.03078556 -13.55643654
v 7.19119072 7.54341030 -13.49299908
v 7.88594341 5.14482403 -14.40988445
v 7.36258268 5.91972733 -14.39051151
v 6.80951071 6.03164673 -14.93048477
v 4.97920370 7.21608400 -15.57775974
v 5.69026756 6.70190763 -15.56440926
v 4.81378412 6.89317417 -16.96425438
v 4.03797770 7.36052513 -16.94337463
v 4.50487661 7.27379990 -16.23622704
v 5.55420780 6.34527159 -16.94724083
v 5.14131117 6.51505756 -17.73970795
v 3.57971072 7.46150303 -17.68384933
v 2.70413065 7.63936949 -19.18948936
v 2.30122113 7.85231733 -18.41619301
v 3.13569736 7.55937004 -18.43882751
v 3.08520818 7.40719986 -19.93493271
v 2.27798414 7.68845367 -19.92128181
v 3.85679889 7.04710054 -19.95380402
v 3.44234610 7.14351177 -20.63620949
v 4.27456379 6.90356302 -19.24123383
v 4.58477592 6.61247253 -19.98246002
v 4.86211491 6.29423046 -20.67249680
v 5.26065826 6.11285067 -20.02371597
v 3.76686192 6.84022570 -21.27490234
v 3.03246069 7.18150425 -21.28082466
v -1.79964209 7.56795216 -21.19264412
v -2.13735723 7.27480364 -21.76564217
v -2.57068062 7.33668566 -21.19460106
v -3.31577206 7.03314829 -21.20192909
v -3.00134397 7.32825422 -20.56444168
v -1.43763590 7.79450083 -20.56057739
v -1.01334631 7.72142696 -21.19721222
v -1.69931614 7.13784075 -22.26832390
v -2.44761968 6.90792942 -22.27113533
v -2.73369122 6.46351433 -22.70204926
v -2.26618981 6.21121931 -23.06254959
v -1.64596629 4.04274559 -23.89416504
v -2.41324091 3.79767728 -23.89105415
v -2.20370579 4.53529072 -23.76493073
v -1.23703432 5.49066973 -23.57702637
v -0.49018639 5.72043085 -23.55168152
v -0.67949563 5.04033279 -23.74224663
v 0.15121651 7.17447805 -22.67078209
v 0.56135303 6.91405249 -22.95339012
v -0.08336230 6.80504370 -23.01015282
v 0.79763824 5.48916435 -23.65210915
v 0.23548220 5.92484665 -23.50676346
v 0.92968291 6.10070515 -23.43328857
v 1.38794971 5.01840067 -23.75429153
v 0.66172904 4.78813791 -23.81863213
v 2.07783437 5.22286654 -23.65868378
v -0.44431454 2.89705324 -24.04382515
v -1.06227970 3.49338746 -23.98385048
v -0.86694789 4.29238081 -23.88387680
v 0.22147973 2.26172304 -24.08141708
v 0.37977275 3.16922307 -24.02470398
v 0.52336067 4.01177931 -23.93998718
v 1.17274344 3.46352553 -23.99092865
v 1.05174017 6.60755396 -23.15765572
v 1.14408612 6.99942207 -22.82099533
v 1.58694518 6.24389172 -23.32177162
v -0.29314822 6.31460667 -23.30736732
v -0.78679758 6.65096664 -23.04026604
v -0.09324934 4.54296923 -23.85983658
v -2.74403000 4.96193886 -23.58405304
v -1.99246442 5.23807335 -23.58751678
v -4.12997246 4.27120113 -23.55604935
v -3.47752786 4.65187740 -23.56703949
v -3.62196898 3.99044943 -23.73612404
v -5.94768190 3.47160578 -23.02440643
v -5.68705559 3.00355220 -23.33201027
v -6.14722967 3.84364963 -22.67218781
v -5.70366764 4.10417557 -22.94004059
v -4.75887823 4.92906570 -23.07564926
v -4.71084833 4.38768768 -23.33396721
v -5.22171211 4.47486448 -23.07604980
v -4.65077353 3.77504253 -23.55514526
v -1.76656818 5.88369226 -23.35323906
v -1.52139962 6.45146942 -23.05667877
v -1.25194013 6.92775345 -22.69477272
v -0.94905549 7.30652285 -22.26721954
v -0.21917109 7.79018450 -21.21196747
v -0.60411322 7.59013510 -21.77377129
v 0.60707432 8.00283146 -19.89498329
v 0.19011222 7.92278147 -20.58245850
v -0.23031282 8.02892876 -19.88474464
v -1.05836499 7.96549129 -19.87917328
v -0.67006028 8.09452438 -19.15942764
v 0.57972181 8.17291832 -18.40635681
v 1.44405997 8.05783749 -18.40545273
v 1.02458847 8.04318237 -19.16489792
v 1.44702101 7.88820171 -19.90813255
v 0.58323497 7.76599407 -21.24213028
v -0.21656130 7.40363646 -22.27274132
v 0.47638470 7.41377449 -22.29838753
v 0.92762518 7.55199242 -21.85618019
v 1.40656948 7.64313364 -21.28770065
v 1.73193836 7.05272198 -22.60157204
v 1.13138855 7.29804087 -22.39394569
v 1.84937835 7.69332170 -20.62406540
v 2.23938942 7.44428873 -21.30084991
v 2.64400530 7.14521837 -21.88177681
v 2.36827230 7.00810480 -22.41110992
v 2.25158525 6.74386454 -22.83484650
v 3.93664789 7.18240786 -18.46853828
v 4.70086098 6.72218370 -18.50427246
v 4.22703600 7.66837835 -15.55387020
v 6.34251118 6.13317680 -15.52320480
v 5.93528557 6.23295069 -16.19025421
v 6.22642612 5.75741911 -16.83080292
v 8.33833790 4.32650852 -14.42152786
v 8.74280357 3.48003745 -14.36571884
v 9.27324104 1.87823653 -14.22494125
v 9.06736946 2.67216086 -14.25982189
v 7.62280750 4.09157848 -16.20977783
v 7.23560715 4.62517738 -16.45855904
v 6.78562117 5.18015671 -16.64340210
v 5.87290192 5.56304121 -20.07435608
v 8.02636909 2.78277516 -17.10503197
v 7.01262140 3.95797777 -20.74632263
v 7.10090208 3.54513121 -21.31344795
v 6.70301151 4.19511652 -21.32328415
v 6.35084248 4.38286972 -21.84950638
v 6.42055368 3.92314744 -22.29502487
v 6.80534506 3.34598517 -22.26169968
v 6.44926119 3.43311167 -22.64438248
v 6.01809597 3.40796733 -23.00372887
v 5.49041891 3.40144300 -23.32081795
v 5.52921438 4.01072550 -23.06044197
v 6.48499489 2.85670209 -22.87775803
v 5.33062029 2.82694054 -23.53958702
v 5.59892559 2.10890055 -23.54806900
v 5.50477266 4.57042217 -22.73532486
v 5.95290136 4.50773764 -22.32132339
v 5.09990597 5.93643999 -21.29859161
v 4.45539141 6.42190838 -21.28303337
v 2.75321436 6.41262388 -22.97818375
v 2.20164800 6.34828281 -23.16980171
v 2.14674234 5.83541155 -23.44312477
v 2.72510910 5.39169931 -23.52227211
v 3.31346321 4.92033339 -23.56688881
v 3.28350115 4.25760031 -23.74450493
v 3.24726534 2.77364087 -23.95439148
v 3.25454259 3.54091549 -23.87092781
v 1.85494924 2.92159534 -24.01787949
v 2.56234932 2.41293955 -24.02294731
v 1.80706990 2.01514935 -24.06987381
v 0.96185344 1.60099781 -24.10073853
v 0.02208273 1.28436160 -24.11775398
v 1.80210125 1.02519071 -24.10109138
v 3.27682614 1.95607805 -24.00493050
v 0.24285983 -0.58820361 -24.14691162
v 1.24897909 -0.72461462 -24.13451576
v 1.93535042 -0.00361354 -24.11413956
v 1.67196369 -4.01263285 -23.98104095
v 2.47597575 -4.14668465 -23.90465546
v 1.95126009 -4.76013279 -23.84473038
v 3.00069165 -3.52595949 -23.93336296
v 3.53002453 -2.90759277 -23.93807983
v 4.06126499 -2.30327892 -23.92287254
v 4.26266956 -3.06402898 -23.81411552
v 3.23918509 -4.26578093 -23.79745293
v 3.94533062 -4.36269426 -23.64698982
v 3.45173120 -4.93724632 -23.61260986
v 3.62738943 -5.52103376 -23.38219833
v 4.03130245 -6.42426729 -22.47811127
v 3.53674984 -6.66652489 -22.61778450
v 3.74487948 -6.36981344 -22.85447121
v 4.59175205 -6.01418114 -22.42566299
v 4.37624502 -6.43922329 -21.94752312
v 3.38432884 -6.37031507 -23.04448128
v 3.17143130 -6.66547108 -22.84854889
v 0.90654624 -6.46030235 -23.38440514
v 0.83081251 -5.87536097 -23.63725281
v 0.61058748 -5.20856285 -23.83650017
v 1.41023314 -5.35641670 -23.74761581
v -0.80586904 -3.66116595 -24.06846809
v -1.61053360 -3.60023761 -24.05110359
v -2.38930106 -3.57589650 -24.00548172
v -4.19190407 -4.87807465 -23.41326332
v -4.76635647 -4.92625523 -23.14591217
v -4.25584364 -5.42100906 -23.13431931
v -3.71928358 -5.88484669 -23.08970070
v -4.27632046 -5.89367962 -22.78215027
v -5.24620390 -5.39335537 -22.48322868
v -5.67295265 -4.95631790 -22.46681786
v -5.26949120 -4.95325661 -22.82812119
v -4.25689793 -6.29081726 -22.34882545
v -4.77960587 -5.84309006 -22.42516136
v -5.23390818 -5.71224976 -22.04222679
v -4.64941835 -6.47209644 -21.31369781
v -4.18141508 -6.62542105 -21.83073425
v -4.03411293 -6.92042637 -21.23369789
v -3.38939786 -7.29031181 -21.18401146
v -3.81664848 -7.19003630 -20.57427788
v -3.54397702 -7.43741322 -19.87219810
v -4.23988390 -7.03771544 -19.90522194
v -4.65007067 -6.85282278 -19.18918991
v -4.90848875 -6.55023956 -19.95224762
v -5.55551291 -5.96725512 -20.00670242
v -5.11962986 -6.23295069 -20.71611023
v -6.09021616 -4.50377274 -22.37728310
v -5.95636463 -4.96304321 -22.02436066
v -6.16835880 -4.96058416 -21.43088722
v -6.41814470 -4.84911633 -20.70868111
v -6.63495684 -4.36680937 -21.29703522
v -7.02727652 -3.72339916 -21.22200394
v -6.75746584 -3.91316009 -21.80102348
v -7.15510559 -3.91055012 -19.89849663
v -7.51540518 -3.16877127 -19.86642647
v -7.28122807 -3.47020054 -20.56850624
v -7.58807755 -2.30714321 -21.16383743
v -7.80970764 -1.96787226 -20.52534485
v -7.76062393 -1.54634309 -21.15721130
v -6.77849436 -3.49695063 -22.22998047
v -7.01643610 -2.88686514 -22.22481155
v -6.66391516 -3.13614893 -22.60900116
v -7.32378721 -2.61419368 -21.73668289
v -7.20960951 -2.20772076 -22.22982979
v -6.70572186 -1.44511390 -23.01446915
v -6.60464334 -2.10900092 -22.98862267
v -7.00158024 -1.81414640 -22.65803528
v -7.34697437 -1.48496318 -22.23806190
v -7.63465214 -1.13450027 -21.73387146
v -7.42421341 -0.73269492 -22.24694443
v -7.86039782 -0.76386166 -21.15706062
v -7.99148893 -1.60180092 -19.83927536
v -7.79399872 -2.39738131 -19.84785652
v -8.33156300 -1.69113553 -16.90708923
v -8.12649441 -2.09143519 -17.64385033
v -8.11680794 -2.55150890 -16.90156937
v -6.67666292 -5.92710495 -15.57028103
v -7.18115282 -5.79686689 -14.93038368
v -7.23997355 -5.21870089 -15.54312992
v -8.26436138 -4.92123652 -14.26463985
v -8.73095894 -4.12655926 -14.13495445
v -8.21868992 -4.22819042 -14.80355930
v -7.73954487 -4.44249296 -15.50132275
v -8.17382145 -3.58633566 -15.44772243
v -9.16081905 -3.41248441 -13.89073944
v -9.23329067 -4.11210537 -13.55543327
v -9.57612514 -2.88094306 -13.52521992
v -9.21527386 -2.58262539 -14.10408878
v -9.31334114 -1.68285453 -14.20346069
v -8.90671730 -2.19442105 -14.77811337
v -10.11318779 -0.76335979 -13.15252399
v -10.51057625 -0.34710035 -12.64100742
v -10.13853264 0.13485521 -13.13811970
v -11.20909309 0.44220665 -11.61747265
v -10.91629601 0.92029774 -12.08557701
v -10.88397503 0.04973633 -12.13114738
v -11.39524078 -0.87894279 -11.17034817
v -11.56417274 -0.48973471 -10.63514233
v -11.42951870 -0.02343781 -11.13280678
v -11.46545315 0.84561795 -11.09255600
v -11.13632011 -1.25931787 -11.68101120
v -11.36246777 -1.70669389 -11.20678425
v -11.32131290 -4.05338526 -11.09662151
v -11.50901699 -3.48154306 -10.64282131
v -11.31624413 -3.23662543 -11.19554234
v -11.33200359 -2.48420668 -11.23328400
v -11.05913067 -2.87612486 -11.68382168
v -11.01351070 -4.52706003 -11.58650684
v -11.32773781 -4.92349482 -11.05777645
v -10.69260788 -3.29228401 -12.13887596
v -10.24197006 -3.70141673 -12.59628963
v -10.62876892 -4.14618301 -12.10274124
v -10.61637211 -5.00143719 -12.02434731
v -7.35440207 -7.82697248 -13.34835720
v -6.74095392 -8.58210182 -13.20381546
v -7.64940739 -8.51640511 -12.90715408
v -6.54286194 -9.85336399 -12.54620266
v -6.91224575 -10.40166759 -12.14635468
v -7.44157839 -9.82671452 -12.37340450
v -4.69734764 -9.95153141 -12.85551071
v -5.09287977 -10.44809246 -12.38650417
v -5.62753248 -9.89888477 -12.70339108
v -4.94778585 -8.89537525 -13.65224552
v -4.15983391 -8.95705605 -13.92511845
v -4.34402418 -9.44573689 -13.37565994
v -3.72917080 -10.00272369 -13.01254940
v -6.47355223 -7.11781549 -14.37982178
v -5.88344145 -7.09764004 -14.97575378
v -5.70130920 -7.69146490 -14.41776371
v -7.15681171 -6.42522097 -14.36913109
v -7.18732595 -7.11530638 -13.84421539
v -5.37493610 -7.12669897 -15.60159874
v -6.05172157 -6.56579781 -15.58819866
v -4.91275501 -7.20022440 -16.26387978
v -4.66091108 -7.60860443 -15.60827351
v -5.17047024 -6.81799221 -16.96309853
v -4.47832727 -7.30421400 -16.96099091
v -5.81834745 -6.25899839 -16.96043968
v -5.42944050 -6.45242310 -17.69654655
v -5.93096924 -5.71656609 -19.22808456
v -5.68454599 -6.09041691 -18.45463753
v -6.27420521 -5.46070766 -18.45142555
v -5.04444838 -6.65347624 -18.44550323
v -2.81896067 -7.75364780 -19.85237312
v -3.23261046 -7.66506577 -19.14462280
v -2.06588960 -7.98902941 -19.84333992
v -2.40772009 -7.80012178 -20.52554512
v -2.71406770 -7.57899332 -21.15871811
v -2.00491095 -7.78913069 -21.15229416
v -1.28827631 -8.14546585 -19.84248734
v -1.69866371 -8.15168858 -19.12861252
v -0.88762534 -8.09618092 -20.52705193
v -0.49214372 -8.22400951 -19.84790611
v -1.26418602 -7.92589283 -21.15766335
v -0.50037456 -7.99183989 -21.16960907
v -0.51954639 -7.59681034 -22.25914001
v -1.24687123 -7.54225588 -22.23650551
v -0.88657141 -7.29768944 -22.68362999
v -0.08220798 -8.31876469 -19.13488579
v 0.31503022 -8.22481251 -19.85864639
v 1.55924141 -8.16458702 -19.16088295
v 1.99954093 -8.15505123 -18.42728424
v 1.17354643 -8.31515121 -18.41147614
v 0.77425063 -8.45582867 -17.66000938
v 0.33967254 -8.39183903 -18.40163803
v -0.91537929 -8.43876457 -17.65780258
v -1.31357110 -8.29768562 -18.39601707
v -0.49229428 -8.38566589 -18.39682007
v -2.11667967 -8.12880325 -18.39882851
v -2.54282618 -8.09116173 -17.66713715
v -2.18122149 -8.31188869 -16.93926048
v -2.98046589 -8.05266762 -16.94759178
v -3.43572140 -8.02566719 -16.25439453
v -3.74718809 -7.71615744 -16.95532036
v -3.91561913 -8.02014637 -15.60194969
v -3.13208389 -8.36609173 -15.58373165
v -4.93503809 -8.11545277 -14.47402477
v -4.42146444 -8.04413605 -15.00536537
v -4.22106361 -8.49442291 -14.45856667
v -1.59803677 -9.39981461 -14.28024864
v -1.05846536 -9.15293980 -14.88170147
v -0.66017324 -9.51298904 -14.25420094
v 0.27061382 -9.56076813 -14.20411301
v -0.25083974 -9.89833260 -13.66649914
v -1.44205236 -8.83279037 -15.54217625
v -2.30513573 -8.63986778 -15.56230164
v -1.81454790 -8.55500031 -16.22940063
v -0.55342329 -8.94255161 -15.51964188
v -0.08180647 -8.76021862 -16.20059204
v 0.35974774 -8.96880054 -15.48932838
v 0.81565571 -9.23078156 -14.78483868
v 1.20114994 -9.56297588 -14.10614586
v 0.17003702 -10.28668690 -13.11929893
v -0.75673497 -10.25552082 -13.14549732
v 2.06077027 -9.58129501 -13.89836788
v 2.78779387 -9.25155926 -14.15814114
v 2.79020309 -9.67896080 -13.57214546
v 2.25605202 -8.71775913 -15.47070789
v 1.30805039 -8.90435886 -15.45414639
v 1.71236503 -8.60860062 -16.18759346
v 1.22734809 -8.52393341 -16.91973686
v 2.08701873 -8.35640621 -16.93288612
v 3.58969808 -8.90631580 -14.30348587
v 2.89911103 -8.81959152 -14.83186531
v 5.49257708 -9.41798306 -13.05325222
v 6.00876093 -9.85155678 -12.62073135
v 5.10567760 -9.95399094 -12.72612667
v 4.57554150 -10.42360020 -12.39734459
v 4.27190399 -9.95926094 -12.89656448
v 3.54754019 -11.26128864 -11.47007084
v 3.01765513 -10.90535545 -12.03709507
v 4.03446436 -10.87167931 -11.97395802
v 5.03315592 -10.87057495 -11.88171291
v 4.07511663 -11.55589199 -10.88041115
v 3.06990075 -11.54710960 -10.93732452
v 5.53182411 -11.26896763 -11.35825157
v 6.05548573 -11.60096073 -10.81130314
v 5.07792377 -11.57697105 -10.83554363
v 4.62492657 -11.77375793 -10.24588490
v 2.92852116 -11.56557846 -8.58476162
v 3.56139207 -11.76412201 -9.03539944
v 3.93152881 -11.59744740 -8.28609276
v 2.34257603 -11.26460075 -8.22079754
v 1.95838678 -11.55167675 -8.77667999
v 3.55436587 -10.87514210 -7.39435148
v 3.01348948 -10.37536907 -7.25472879
v 2.68877292 -10.86856747 -7.70782614
v 4.17072487 -11.29581738 -7.58366108
v 4.38231754 -10.88322258 -6.97713852
v 7.13839293 -11.68326950 -5.79862356
v 7.70993376 -11.67980671 -5.01117373
v 7.06376314 -11.33777523 -5.08665609
v 6.49011421 -11.67820072 -6.52916050
v 7.26712513 -11.93446064 -6.57372713
v 8.59449768 -12.06936550 -5.80459595
v 9.09813499 -12.02891445 -5.08755970
v 8.41582870 -11.91333103 -4.97679472
v 8.21693325 -11.67022038 -4.14839125
v 9.68197155 -11.95634270 -4.48450041
v 9.67258644 -12.02354431 -5.41182470
v 9.58119392 -12.06198788 -6.26978874
v 10.18184471 -11.89947891 -5.86386776
v 10.67454052 -11.66118622 -6.34888506
v 10.71855545 -11.64783669 -5.41413307
v 9.95042801 -11.83308029 -1.43271744
v 9.85456848 -11.85175037 -2.43226194
v 10.40794182 -11.75779819 -2.00907660
v 10.02018929 -11.82685757 -0.43663579
v 9.49050426 -11.80512619 -0.84255648
v 10.55298519 -11.71890259 -0.02343781
v 10.05898380 -11.83157539 0.58950847
v 10.96036148 -11.53004551 -0.64973414
v 11.05009747 -11.49029636 0.29314822
v 11.63217831 -10.86666012 0.02153066
v 11.66996956 -10.83980942 0.81053656
v 11.43328285 -11.18490219 0.51492912
v 10.92211819 -11.60286808 2.89183378
v 10.50395107 -11.77426052 2.25173569
v 11.03313351 -11.52286816 1.96104670
v 11.21004677 -11.39870358 1.13560438
v 11.42941856 -11.20276928 1.79231465
v 11.57250404 -11.01998425 4.02608299
v 11.28091240 -11.34771252 3.47647405
v 11.60020828 -10.94982147 3.18874598
v 11.63609219 -10.88693619 2.35140920
v 11.79177570 -10.47032547 2.92109346
v 11.78675747 -10.65305996 4.56806326
v 11.55348301 -11.07137680 4.82372141
v 11.92577744 -10.11128044 4.41478920
v 11.92141151 -10.29271030 5.18361950
v 11.88582802 -9.96944904 3.55336213
v 11.94921589 -9.44819641 4.29960775
v 11.84487438 -8.70857525 4.31064892
v 11.57772350 -9.08182335 0.79969591
v 11.76020718 -9.55158329 0.38328591
v 11.60693359 -9.13346672 -0.07131718
v 11.64858913 -9.13401890 -0.92120111
v 11.37436199 -8.75645447 -0.53982234
v 11.07323360 -8.42591667 -1.03507769
v 10.98871708 -8.44458580 -0.16828044
v 10.51122856 -8.22395992 0.21329910
v 10.92543030 -8.38631821 0.71282047
v 10.87755108 -8.23605537 1.59848845
v 11.28076172 -8.63419628 1.20380986
v 10.37923431 -7.90787554 2.00089598
v 10.84553051 -7.98230457 2.47868586
v 11.82816219 -10.02289867 -0.88933176
v 11.82479954 -10.01978779 -0.03462974
v 11.76954269 -10.46957207 -0.44055045
v 11.83654404 -9.99865818 -1.75582790
v 11.80316830 -9.55349064 -1.32661998
v 11.74861431 -10.45351219 -2.19492292
v 11.85114861 -9.94309998 -2.64786983
v 11.52176476 -8.24719715 -3.39863229
v 11.10826492 -7.83510303 -3.27356386
v 11.33120060 -8.26506329 -2.65454483
v 9.87715340 -7.49537992 -2.93675208
v 10.29501820 -7.84227991 -2.21178603
v 10.54636002 -7.58235598 -3.07928610
v 10.83077526 -7.31164169 -3.91205573
v 11.10836601 -6.99967289 -4.71621847
v 10.51484203 -6.72745323 -4.50763702
v 10.20201969 -6.08539772 -5.10221434
v 10.65516758 -5.70206165 -5.75596380
v 9.97341347 -5.34437180 -5.70105791
v 8.45151234 -5.43797255 -5.42537546
v 7.79771280 -5.96655273 -5.16429710
v 8.48729610 -6.18477011 -4.82778645
v 9.19946384 -4.96444845 -5.78527355
v 8.38405991 -4.55160189 -5.98502207
v 7.57834101 -4.08108902 -6.23405504
v 8.39580345 -3.63296032 -6.43059111
v 5.09990597 -4.34467649 -6.53814411
v 4.97503805 -5.28248978 -6.34185886
v 5.81031752 -4.87586641 -6.23044109
v 6.47811937 -5.42748308 -5.85347891
v 6.69397783 -4.49915552 -6.17121935
v 6.82250929 -3.55200696 -6.48840761
v 6.09844685 -3.02734137 -6.70381451
v 5.39395761 -2.50955153 -6.88107872
v 5.26602840 -3.41112924 -6.72087860
v 4.42402363 -3.77167988 -6.78662491
v 5.48489809 -1.62092257 -7.00413990
v 4.70045948 -2.00591493 -7.02346230
v 7.04880714 -0.84090030 -7.04122877
v 7.81101274 -0.45159182 -7.10230780
v 7.09317350 0.05149291 -7.07344961
v 8.50797367 -0.95593125 -7.14506769
v 8.54963017 -0.06338747 -7.19540644
v 9.17552471 -1.46097326 -7.20950937
v 8.46727085 -1.84456038 -7.00168037
v 7.71153975 -2.23683000 -6.84504366
v 8.42837524 -2.73404264 -6.76509428
v 9.80227280 -1.96807301 -7.30657291
v 9.82711601 -1.08451295 -7.46792746
v 10.41125393 -0.71171629 -7.78004646
v 9.86716557 -0.18720132 -7.53573132
v 11.60181427 0.41555682 -9.04428291
v 11.31559181 0.03061469 -8.57402134
v 10.97782612 0.57008570 -8.15971947
v 10.91338539 -0.34077665 -8.14933014
v 9.25642776 0.32802892 -7.32699919
v 9.92397881 0.72983420 -7.50847912
v 8.59344387 0.83377361 -7.15104008
v 7.89276886 1.33786201 -7.00564528
v 7.16122818 1.85133576 -6.88880777
v 7.12855577 0.94765019 -7.02346230
v 4.87014532 1.51848876 -7.05447817
v 5.61639071 1.04225469 -7.04805422
v 5.61960268 1.93846214 -6.94065189
v 4.81855202 3.22703958 -6.80619812
v 4.14367342 3.66844320 -6.83385181
v 4.12947035 2.84169602 -6.96524429
v 5.43260241 3.70076418 -6.60424185
v 5.58507347 2.84264946 -6.77864504
v 2.66086841 2.05208778 -7.20785284
v 1.91838694 1.65394628 -7.28935814
v 2.64420605 1.18308222 -7.26290941
v 2.61369181 0.30981064 -7.29186773
v 3.37082815 0.70905638 -7.22797823
v 2.47989058 -2.37620211 -7.20915794
v 2.55095673 -3.24852014 -7.12895727
v 3.20862055 -2.76465726 -7.10306025
v 1.45931709 -4.68801260 -7.12449074
v 0.96130133 -5.45433378 -7.12007427
v 1.81424677 -5.49669218 -7.03033781
v 0.47994804 -6.22125673 -7.11851835
v 0.08843129 -5.40906429 -7.15284681
v -0.82539219 -6.96424055 -7.08183098
v -0.43367469 -7.72147703 -7.13101530
v 0.01851938 -6.98235798 -7.12147951
v 0.86499053 -7.00604677 -7.09181833
v -0.90117610 -8.43008232 -7.14827967
v -0.03794215 -8.46154976 -7.20945883
v -3.33173180 -9.30721760 -6.62110472
v -3.75060105 -9.94440460 -6.60514498
v -2.88365316 -9.89762974 -6.98471689
v -3.25509477 -11.52788734 -8.09226608
v -2.84972596 -11.08773804 -7.71761274
v -3.74196863 -11.28126335 -7.53763866
v -4.41248083 -11.08171558 -6.96815491
v -4.52023411 -11.54279327 -7.47716188
v -4.40926838 -10.47072697 -6.48419189
v -5.16138601 -10.94851685 -6.34236050
v -5.97071838 -11.74766064 -6.92966080
v -6.08218575 -11.99799824 -7.63650894
v -5.27511215 -11.79569054 -7.52865505
v -3.29494405 -11.82896519 -10.54525566
v -2.88661432 -11.90866375 -9.93481922
v -3.91371202 -11.96798611 -9.98064041
v -5.88961458 -11.31534100 -11.50941849
v -5.43822336 -11.63328171 -11.12753773
v -6.23169613 -11.64266682 -11.05918121
v -6.43982553 -11.89461136 -10.53707504
v -7.07088995 -11.66294289 -10.91293335
v -7.95766211 -11.66018295 -10.80768871
v -7.61753798 -11.32317066 -11.30409908
v -8.37206459 -11.88121128 -10.30445385
v -8.76463509 -11.63257980 -10.75418854
v -6.94015026 -12.12718201 -7.78752470
v -7.64910603 -12.10058308 -7.09999895
v -7.83876657 -12.17250252 -7.99013376
v -7.42325974 -11.94123554 -6.27912378
v -8.25146294 -12.06745911 -6.30622530
v -7.24684906 -11.68708324 -5.52620316
v -6.63656282 -11.70931721 -6.25934935
v -7.12925863 -11.34465122 -4.83064699
v -7.79299498 -11.67975616 -4.73378420
v -6.53136873 -10.90359879 -4.95591640
v -7.07927132 -10.92593193 -4.19722414
v -5.88394308 -10.89265728 -5.66672945
v -6.00740576 -10.36457920 -5.09975529
v -4.46061087 -9.81015205 -6.14160872
v -4.42813921 -9.15007877 -6.01046705
v -5.02954245 -9.49426842 -5.66120863
v -5.50396967 -9.11243820 -5.22462320
v -5.49854946 -8.41241550 -5.26276588
v -5.99360418 -8.80217552 -4.79656935
v -6.56414127 -8.55319309 -4.29413748
v -6.40399122 -9.26229954 -4.33684731
v -6.75199509 -9.83845806 -3.94156647
v -6.21598721 -9.84593582 -4.62748623
v -7.10833025 -10.43855667 -3.62969804
v -7.53558064 -10.96573162 -3.37539530
v -8.57371998 -11.53616810 -1.40661967
v -8.99745750 -11.77616787 -1.13239229
v -8.86460972 -11.73782349 -1.98302913
v -9.26500988 -11.87789822 -2.56510973
v -8.64257812 -11.70459938 -2.92179608
v -8.27866459 -11.68602943 -3.86713767
v -8.04769897 -11.39443684 -3.15446758
v -11.03524208 -11.50319481 -4.35285711
v -10.84121513 -11.65024567 -3.66362524
v -11.21757507 -11.37401104 -3.67260885
v -11.54600525 -10.88116455 -4.47807646
v -11.54540253 -10.84773922 -5.32374430
v -11.29606915 -11.23960686 -4.88339472
v -11.53832626 -8.04825115 -4.52379751
v -11.72748470 -8.61356926 -4.55556679
v -11.50269318 -8.44689465 -3.80375004
v -11.28593063 -7.51731253 -4.63039684
v -11.56813812 -7.68594408 -5.17599106
v -10.93034840 -7.38702440 -4.15682268
v -10.97682285 -7.03876972 -4.75360870
v -10.81245708 -7.70391130 -3.44510651
v -10.47283459 -7.24564457 -3.83832955
v -11.13531685 -11.39458752 -0.65244424
v -11.41938114 -11.01898098 -0.16100317
v -11.40226650 -11.03865433 -1.13705981
v -10.36814213 -11.84617996 0.25912076
v -10.79760170 -11.66224098 0.75768852
v -10.78505421 -11.66620541 -0.19232050
v -10.77014828 -11.67724705 -1.12657046
v -9.90716553 -11.92397118 -0.23819235
v -9.90049076 -11.92507553 0.70579416
v -9.88508320 -11.92362022 -1.15899193
v -9.44212341 -11.89867592 -0.71738756
v -10.33627319 -11.85335636 -1.60390878
v -9.83680153 -11.92101002 -2.09088326
v -9.03208733 -11.77952957 -0.32762739
v -8.29015732 -8.54511261 -1.67984319
v -8.05864048 -9.04784584 -1.22990763
v -7.86546659 -8.90034389 -2.11567593
v -7.92514038 -10.13687611 -0.25354987
v -7.83851576 -10.10661316 -1.25138807
v -7.93532848 -9.58500862 -0.76406240
v -7.39214325 -9.89963722 2.54418135
v -7.28117752 -9.22631454 2.90909839
v -6.96238327 -9.78450584 3.43160582
v -6.40333891 -9.75479507 4.26899290
v -6.80654955 -10.38339996 3.92932057
v -6.82547045 -11.36216640 5.05564022
v -6.94592190 -11.71278000 5.72223759
v -7.44996023 -11.69491291 4.94753504
v -8.10506439 -11.93646812 4.85047150
v -7.88529110 -11.68798733 4.14457703
v -8.39153767 -12.09350586 5.57664204
v -8.75806046 -12.07880116 4.75491333
v -9.93747902 -12.02896404 3.58272195
v -9.89346409 -11.97968006 2.68786955
v -9.44021606 -12.03443527 3.28340077
v -8.86074543 -11.92196369 3.21524549
v -9.08207417 -12.06264019 3.98191762
v -10.82179165 -11.68422318 3.60048866
v -10.37747765 -11.91212654 4.02984715
v -10.79880619 -11.68758583 4.53283167
v -11.51674557 -11.00151539 3.65408945
v -11.52663231 -10.97697353 4.57785034
v -11.76136208 -10.56056309 4.12871742
v -11.89089680 -10.12237167 3.74568248
v -11.93074608 -10.08508205 4.53654528
v -11.95488739 -9.94049072 5.36364412
v -12.01727104 -9.56658936 4.80163860
v -12.01737118 -8.98546219 4.94798660
v -11.98188782 -9.28438282 4.21679735
v -11.85370827 -9.04664135 3.55120397
v -11.91845036 -9.62485790 3.52490544
v -11.76678181 -8.16001987 4.47235489
v -11.93405914 -8.37623024 5.05468655
v -11.77099800 -7.80288219 5.11651802
v -11.72276688 -7.33061266 5.75039291
v -11.50816345 -7.30888128 5.07220221
v -11.28713512 -7.41894388 4.39657116
v -11.12161541 -7.66717386 3.63838053
v -11.50846481 -7.92659569 4.01172924
v -11.19157696 -8.70631695 0.55362403
v -11.44693375 -9.12844849 0.01746543
v -11.49104881 -9.08834839 0.98840290
v -10.85085106 -8.33607960 1.07251799
v -10.79750061 -8.40503788 0.16140467
v -10.92397499 -8.18039608 1.96149838
v -10.44056416 -8.02059746 1.59442317
v -10.76026154 -8.37858868 -0.75793952
v -10.32784176 -8.20147514 -0.20486750
v -9.85010147 -8.10857773 0.34549433
v -9.81085491 -8.11078548 -0.56245714
v -7.71972084 -8.78696918 2.37640285
v -7.97457552 -8.97743225 1.48375869
v -8.21382141 -8.44764805 1.88867557
v -8.76453495 -8.20865250 1.42232847
v -8.84343052 -8.35183907 0.49149129
v -9.32779503 -8.09924221 0.90574324
v -7.34541845 -8.49236488 3.25323772
v -7.58877993 -7.78100014 3.56871963
v -6.90175629 -8.02837658 4.05920696
v -6.43992615 -7.41743803 4.74768639
v -6.17914915 -8.26270485 4.63275576
v -5.77874899 -9.83469391 4.99887753
v -5.95445728 -9.09035587 4.71872807
v -5.44800997 -8.44538879 5.20881414
v -5.13850069 -9.95956135 5.62336683
v -5.69182348 -10.47735119 5.37834883
v -4.55381012 -9.39770699 5.91184759
v -4.49062347 -10.13000011 6.17096853
v -4.72896624 -8.61522579 5.72017956
v -3.98969674 -8.76097107 6.17884779
v -4.93037081 -7.81557989 5.64625263
v -5.07892752 -11.08874226 6.39661360
v -4.52229214 -10.72543144 6.46803141
v -4.50271845 -11.15704823 6.84634876
v -5.67526150 -11.43473816 6.39656353
v -5.67014217 -11.01230526 5.84193563
v -2.48756933 -11.04512882 7.75128889
v -2.03537512 -10.56472874 7.53698587
v -1.66940415 -10.99273205 7.94386053
v -0.81992167 -10.95253181 8.06024647
v -1.29414833 -11.33812618 8.40388393
v -1.61023247 -9.99218369 7.37362385
v -2.41730595 -10.06440449 7.17467880
v -2.40561223 -8.76684380 6.86185694
v -2.00942802 -8.03434944 6.90893316
v -1.60420990 -8.70536327 7.06667423
v -0.79081267 -8.64885139 7.18883181
v -1.19638205 -9.34792042 7.26120281
v -3.88726306 -6.69824362 6.32052898
v -3.92741346 -5.92344093 6.41899776
v -3.31762886 -6.30391645 6.57011366
v -2.63813329 -5.99741840 6.78667498
v -2.48852277 -5.09674406 6.89407730
v -1.83582759 -5.71224976 6.96539450
v -0.39051300 -7.90406132 7.14376307
v 0.03402748 -8.60674381 7.22777748
v 0.93073684 -3.83812881 7.18988562
v 1.72892714 -3.80706263 7.13061380
v 1.35206532 -4.63656998 7.10461617
v -2.51948881 -3.26101685 7.08654833
v -1.77700722 -3.54839349 7.13723850
v -2.45554924 -4.14266968 6.99811745
v -3.20114255 -2.86357784 7.04408932
v -2.51637721 -2.45815897 7.16273403
v -3.91943359 -3.30287361 6.88027573
v -3.89920783 -2.42990327 7.00956011
v -4.61805058 -1.98533773 6.98848104
v -3.86568213 -1.55974329 7.10436535
v -5.37548828 -2.42011666 6.84780407
v -5.39927769 -3.30663776 6.65327549
v -6.13965130 -2.85338974 6.68599796
v -6.90908384 -3.27220869 6.51284933
v -6.87415266 -2.40832233 6.76404047
v -7.59791422 -1.98127246 6.88163090
v -6.85452938 -1.54513860 6.93794203
v -6.09874773 -1.10378516 6.99962282
v -5.33498669 -0.66132754 7.05999899
v -5.35320473 -1.54077220 6.98461676
v -6.84785414 -0.68009788 7.03455353
v -7.59133959 -0.27312320 7.09216976
v -6.85528231 0.18805452 7.05262136
v -9.70631313 -4.04113960 6.48394108
v -10.23795509 -3.72972274 6.91470480
v -9.65471935 -3.27451754 6.84880781
v -9.01095772 -2.83923674 6.82637405
v -8.32072258 -2.41128349 6.84072781
v -8.35771084 -3.23316240 6.56278658
v -9.12819767 -4.39371014 6.10065508
v -9.78154469 -4.76766109 6.04630136
v -8.42134953 -4.03336048 6.20323944
v -8.52147388 -4.79917908 5.76324081
v -7.67535448 -3.66508055 6.34547234
v -7.90260553 -5.27787256 5.46974134
v -8.66456032 -5.51024342 5.24730825
v -10.80788994 -4.93870211 6.59616137
v -10.37100315 -5.17373228 6.04594994
v -10.88678551 -5.62507343 6.10602522
v -11.17280674 -4.73825121 7.17989826
v -10.74776459 -4.21649647 7.02597141
v -11.58028316 -6.01413107 6.96444130
v -11.74093533 -5.79671621 7.71465158
v -11.50324535 -5.27732038 7.38230658
v -11.45024681 -4.58753633 7.77813959
v -11.32733631 -5.99887371 11.02655888
v -11.37516499 -5.10216427 10.96081257
v -11.58936787 -5.66994143 10.39534473
v -11.73461151 -5.23701954 9.72563553
v -11.67403507 -4.23707342 9.72573566
v -11.74781132 -4.82547760 9.05090809
v -11.64336967 -4.58131313 8.39545250
v -11.78474998 -5.39124727 8.40232754
v -11.41386032 -3.84284663 8.20679569
v -11.08974552 -3.20304966 7.93828964
v -11.37596798 -2.96129394 8.55816174
v -11.34530354 -2.01780939 8.77587700
v -11.33225441 -1.08636987 8.90581417
v -11.05034828 -1.45454919 8.38441086
v -11.53807545 -2.63070560 9.23228741
v -11.61185169 -3.21534586 9.78505802
v -11.57145023 -2.21083260 9.89512062
v -11.49260521 -1.79316783 10.52312279
v -11.54811287 -1.23843956 9.98806858
v -11.33165169 -2.33640289 11.05792618
v -11.31202888 -1.39402246 11.12703514
v -10.70224380 -2.50086904 12.16678047
v -10.71986008 -1.54097295 12.22128487
v -11.11223030 -4.62864017 11.46354580
v -10.78726292 -5.00931644 11.88698292
v -10.79373646 -4.26417494 11.93169975
v -10.38621044 -5.30532551 12.26143551
v -10.70364952 -5.75049305 11.90730858
v -10.11253452 -6.85432863 12.23865032
v -9.48448181 -7.31124020 12.51563740
v -9.62631321 -6.42020226 12.62790871
v -9.86259842 -5.56605244 12.64396858
v -9.20202351 -5.86160946 13.05515862
v -8.45718384 -6.10401773 13.51282310
v -8.89437103 -5.23556423 13.51734066
v -7.88920546 -6.92695045 13.51227188
v -8.00338364 -7.69723654 13.10153294
v -7.21819162 -7.64062452 13.51583481
v -9.50551033 -8.95881271 12.12652969
v -9.58400440 -9.68382835 11.90063381
v -8.87961578 -9.47047997 12.16442204
v -9.46651459 -8.16704655 12.33134747
v -10.07358932 -8.44684505 11.98570251
v -8.77602768 -7.88172770 12.69952679
v -8.32478714 -10.60613441 11.69310665
v -7.46085072 -10.43153000 11.95157433
v -8.20177650 -9.96668816 12.10023117
v -6.64057779 -10.23072720 12.24989223
v -5.83917570 -10.05381489 12.53686714
v -6.59084129 -9.59208488 12.66554928
v -5.28916502 -11.30148888 11.48050976
v -5.23742104 -10.94209290 11.90560246
v -5.90989017 -11.08593178 11.66314411
v -10.08959866 -11.21963215 11.02485275
v -10.36698818 -11.42961884 10.65742588
v -9.71554756 -11.49295616 10.62264633
v -8.80819798 -11.97094727 9.45261288
v -9.28102016 -11.75428581 10.07619858
v -9.61426830 -11.89235306 9.39313984
v -8.91168594 -11.51278019 10.67699909
v -8.00353432 -11.51373386 10.76156616
v -8.56483650 -11.13416195 11.21270657
v -9.90565968 -11.94113541 8.68709469
v -10.27649879 -11.76984406 9.27268887
v -9.56784439 -12.05094719 7.93387270
v -10.25250912 -11.87267876 8.02812576
v -10.19082832 -11.93616676 5.89804602
v -9.74139404 -12.07955360 5.25348139
v -9.51078033 -12.09867573 6.18150806
v -9.36272621 -12.11910248 4.63687134
v -9.89441776 -12.06028175 4.40259361
v -6.35214710 -11.73606682 6.45513296
v -7.13503027 -11.96658039 6.47576046
v -5.66100788 -11.74600410 7.05272198
v -4.96299314 -11.73712158 7.47957087
v -5.51380634 -11.93420982 7.76263142
v -7.45748806 -12.11985493 7.26642227
v -6.96534443 -12.12386990 8.11981964
v -7.89191580 -12.16627884 8.03344631
v -8.34626770 -12.11212635 8.76719475
v -8.76107216 -12.14861298 7.96915531
v -7.01006222 -12.00969219 9.58390427
v -7.50411272 -11.81877708 10.19941044
v -7.92995834 -12.00567722 9.51293850
v -5.08033276 -11.93671894 9.76608658
v -5.63561296 -11.81350708 10.36477947
v -6.06602526 -11.98760986 9.67012787
v -5.15260315 -11.99553967 8.43826294
v -4.34367275 -11.88632965 8.45336914
v -4.61574221 -11.96472359 9.09738159
v -4.02824116 -11.87734604 9.81150723
v -4.31812716 -11.72342014 7.86451292
v -3.61132932 -11.69927979 8.27500057
v -2.95346475 -11.83438587 9.85120583
v -3.43592215 -11.74098587 10.50063896
v -3.80304742 -11.52030849 11.13090038
v -2.85409236 -11.54781151 11.09155273
v -4.09092617 -11.21526623 11.66485023
v -4.64083624 -11.45109940 11.26540375
v -6.16765594 -11.60969353 10.85677338
v -5.35767174 -11.58294392 10.98339748
v -6.51636267 -12.09074593 8.92945290
v -6.02657747 -12.06148624 8.27505112
v -8.75233936 -12.15649223 6.32504559
v -7.95886660 -12.10856247 6.41704035
v -9.17291451 -12.13019371 7.11088991
v -11.51795006 -10.87258244 6.51144409
v -11.79107285 -10.38370037 5.96329021
v -11.52552795 -10.92778873 5.52354288
v -11.14605713 -11.32322025 6.98025036
v -11.49325752 -10.88773918 7.48142767
v -11.70740986 -10.45898247 8.05884075
v -11.77521420 -10.12794304 8.71971703
v -11.89706993 -9.78716564 7.98019648
v -11.36537838 -9.24272633 10.69672298
v -11.59012032 -9.55855942 10.10611057
v -11.33240509 -9.98696423 10.63554382
v -11.25049782 -10.60302258 10.66485405
v -11.05446339 -10.33562088 11.02786446
v -11.40884113 -10.96472740 9.03263950
v -11.45145130 -10.95905590 8.32037067
v -11.13516617 -11.32588005 8.67484856
v -11.03137684 -11.12929440 10.99223042
v -11.13958263 -11.02339745 10.76703644
v -11.02630806 -11.23202896 10.87740040
v -10.92016029 -11.23273182 10.99147797
v -10.82972145 -11.03253174 11.10791397
v -11.25105000 -10.92814064 10.32181931
v -11.05506611 -11.25742435 10.02214622
v -11.34831429 -10.91258240 9.70761776
v -11.59438610 -10.49878216 9.29321575
v -11.72462463 -9.85768032 9.42500877
v -11.99573994 -9.39454460 7.17698717
v -12.00201321 -8.99469662 8.02370930
v -11.99930286 -7.72393656 7.30883121
v -11.89375782 -7.44870520 6.51003885
v -12.02384567 -8.22501373 6.49789333
v -12.03072071 -8.64307976 5.71235037
v -12.05139828 -8.98531151 6.41939926
v -11.65737247 -6.73186970 6.40379047
v -11.97205162 -9.72056675 6.26747990
v -11.18881702 -11.35905457 5.04023218
v -10.74756432 -11.68487549 5.48690557
v -10.68713760 -11.68030834 6.48293734
v -10.69617176 -11.66279221 7.46105146
v -10.76146603 -11.62916660 8.30641842
v -10.75955868 -11.59247971 9.02179909
v -10.69822884 -11.53566647 9.69853401
v -10.70886898 -11.44176483 10.31574631
v -10.80713749 -11.33476353 10.76427650
v -6.52840757 -11.28492737 11.31935596
v -7.05347443 -11.55373383 10.81878090
v -6.66065311 -10.81145287 11.79569054
v -9.15760708 -10.73376179 11.50530243
v -9.70295048 -10.32166862 11.64552784
v -9.86992645 -10.84297180 11.35483932
v -10.43564510 -10.93998432 11.22615719
v -10.19905949 -9.89386559 11.63559055
v -10.75694942 -10.64809132 11.22630787
v -10.69692421 -10.10631180 11.34982014
v -10.64447784 -9.44473267 11.48141289
v -10.59835529 -8.70681858 11.61932945
v -11.03278255 -8.96287823 11.19674683
v -10.56297207 -7.94059801 11.75779819
v -8.11836433 -9.26134586 12.44356728
v -7.33236933 -9.07464695 12.74474621
v -8.05758667 -8.50160027 12.76326561
v -6.54778004 -8.92358112 13.06916142
v -6.51535845 -8.25904083 13.48722744
v -5.78421974 -8.80599022 13.42283630
v -10.94545555 -7.42295885 11.47729778
v -10.55258369 -7.19826698 11.87724590
v -10.60377502 -6.48263597 11.92572784
v -10.99323463 -6.21598721 11.54324436
v -10.10515690 -4.78768635 12.58825970
v -9.85752964 -4.13810253 12.94052982
v -10.38510609 -4.07516670 12.41365528
v -9.26034260 -4.37097502 13.48481846
v -10.73155403 -3.43883300 12.05737114
v -11.07223034 -2.87451887 11.57666969
v -10.72954655 -0.63166642 12.26238918
v -10.71855545 0.21565792 12.30168629
v -10.68969727 0.98333389 12.33240128
v -10.98555565 0.69405013 11.86896515
v -11.53481293 0.73791444 10.09617329
v -11.56552792 1.77083409 10.05617332
v -11.52482605 1.24280596 9.48267555
v -10.70144081 0.81691039 8.07209110
v -10.67183018 -0.05977393 8.09763622
v -11.06911850 0.34032497 8.50004387
v -10.75142860 1.69489968 7.97035980
v -10.24232101 1.27768660 7.68418741
v -11.16618252 2.14322925 8.32870197
v -11.40091133 1.70604134 8.89186192
v -11.47097397 2.64290118 8.75615311
v -10.82886887 2.57324028 7.79384851
v -9.10756969 2.16536212 7.03139210
v -9.70475674 1.72676909 7.33663559
v -9.76809406 2.56827164 7.12077665
v -8.48057079 2.60089374 6.76996231
v -8.40428543 1.79713261 6.98546982
v -6.88178158 1.06057322 6.99043846
v -7.65763807 1.43793702 6.97362566
v -6.93874502 1.94021869 6.84514427
v -5.32780981 2.03753328 6.89161825
v -4.52756166 1.57459891 7.02331161
v -5.32138586 1.11969471 7.01548243
v -1.01309538 -1.89525020 7.28880644
v -0.87261909 -0.94529140 7.32383728
v -0.16286013 -1.54072201 7.31756401
v 0.65128994 -1.11427438 7.32358646
v 0.59046209 -2.07632852 7.29377508
v 1.31337035 -2.51045489 7.25071335
v 0.65635896 -3.00671411 7.24925804
v 1.43602979 -0.71969622 7.30486631
v 0.73354810 -0.17139210 7.33221912
v 4.05208063 2.05499864 7.02451611
v 3.92420125 1.16516507 7.10898256
v 3.23251009 1.77409637 7.12800407
v 2.31713080 0.55006069 7.25352430
v 1.61535168 1.12787545 7.27711248
v 2.42021704 1.46544003 7.21307278
v 2.52932572 2.38739395 7.14421463
v 3.49780393 3.58894539 6.90210772
v 4.34768772 3.83561945 6.71771669
v 4.19085026 2.94417977 6.89447880
v 2.65213585 3.31697655 7.04850626
v 2.79893565 4.24992180 6.93021297
v 2.09565091 4.94251633 6.97227049
v 2.97569799 5.17172480 6.79666233
v 4.52028465 4.73900366 6.49503231
v 5.21393299 4.05835390 6.49809408
v 4.71396017 6.44865894 6.05714226
v 5.34964132 5.97332811 5.90431929
v 4.63822651 5.63526154 6.26291275
v 3.82146645 5.39205027 6.56123066
v 3.40761614 6.90446663 6.52022696
v 4.17885542 7.04504299 6.20032835
v 4.88921642 7.15932131 5.83656549
v 3.17895937 6.06145811 6.65759134
v 2.58503437 6.76524496 6.77774143
v 0.15723906 2.26895022 7.27043724
v 0.97460115 2.65675306 7.23008633
v 0.89625770 1.70297992 7.28378725
v 1.05836499 3.64028764 7.16248322
v 1.80862570 3.00852084 7.15726328
v -0.60255736 2.81308866 7.23139095
v -1.37555325 3.32149339 7.15932131
v -0.58438933 3.79014921 7.17026234
v -1.43643129 1.45058441 7.27415133
v -2.22388148 1.03884184 7.24860573
v -2.18152261 1.95507431 7.19906998
v 0.02007521 0.38122821 7.33728790
v -0.77660942 -0.00762858 7.33337307
v -0.70253193 0.92521614 7.31886911
v -2.15296578 2.87532187 7.12880707
v -2.93489504 2.44330335 7.08880711
v -2.14342999 3.79280901 7.04715109
v -3.69398880 2.92681479 6.93748999
v -4.46046019 3.42462969 6.73608541
v -3.64711332 3.83060074 6.80775404
v -2.88550997 4.24420023 6.88920927
v -2.16551280 4.69142580 6.96419001
v -0.19954757 6.58035231 7.09493017
v 0.26669914 7.41066265 7.13518095
v 0.76918161 6.54411650 7.07254601
v -0.79146510 5.81839752 7.06351233
v -1.10559189 6.73197031 7.03344965
v -0.61545569 4.80911636 7.10973549
v -1.47236598 5.20324326 7.02306080
v 0.25455365 4.27556753 7.15119076
v -0.64441419 1.86232686 7.28328562
v 1.39035869 5.69684219 7.02050114
v 1.16837716 4.67150116 7.08900785
v 1.71000624 6.63841963 6.96388912
v 0.81650889 0.76396203 7.31866837
v 2.11888814 -1.26177704 7.25342369
v 2.21650386 -0.35984811 7.26607132
v 3.00325108 -0.02920943 7.21262074
v 3.79993582 0.27533150 7.14998627
v 3.67466640 -0.61214328 7.15114069
v 2.77655196 -1.80912757 7.17327356
v 2.02644181 -2.14488554 7.22075129
v 3.54628563 -1.49384642 7.11826754
v 3.41459227 -2.36741924 7.05889511
v 4.03827858 -2.92897296 6.90597200
v 4.80941772 -2.65504670 6.83671236
v 4.64158869 -3.49032593 6.71094131
v 5.21799850 -4.06121445 6.46798134
v 4.47737360 -4.29288244 6.58266068
v 7.62315893 -3.50949764 6.31566048
v 7.37723732 -4.29820251 5.99696684
v 6.80258465 -3.66352487 6.31726646
v 5.99706697 -3.85042500 6.37332678
v 6.21207237 -3.03155732 6.57749128
v 7.87103748 -2.69233632 6.60604858
v 8.44498730 -3.40239644 6.38246059
v 7.94205332 -4.92520142 5.61227560
v 7.12925863 -5.07225227 5.66552496
v 8.50707054 -5.53629065 5.16028214
v 8.73888874 -4.82206488 5.65368032
v 9.98320007 -5.41473532 5.47019291
v 10.46465397 -6.03164673 5.16319323
v 9.83088017 -6.03837156 4.84946775
v 9.71424294 -6.65598536 4.13368607
v 9.09060669 -6.12730503 4.64214087
v 8.26466179 -6.25719166 4.62487650
v 6.52268600 -9.66430569 4.02011061
v 6.35480738 -9.00353050 4.27120113
v 6.86863232 -9.19635296 3.56841850
v 8.99238873 -8.40202713 -0.39267108
v 8.52227688 -8.76528740 0.07508128
v 8.91846180 -8.39535141 0.60556865
v 9.53125763 -8.14822578 -0.86995918
v 8.96965313 -8.27389717 -1.38694596
v 8.79153633 -8.03540325 -2.33730626
v 9.15836048 -7.55379915 -2.96199656
v 8.47685719 -7.72428751 -3.16621161
v 7.98621893 -10.15148067 -0.70504129
v 8.00985718 -9.60945034 -1.04913044
v 7.87445021 -10.06320000 -1.60350728
v 8.08975697 -10.65973473 -0.37093967
v 7.98019648 -10.22826862 0.20451619
v 8.26737213 -11.04954529 -0.95653349
v 8.31349468 -11.10811424 -0.03292334
v 8.64252758 -11.47077370 0.31763998
v 9.04940224 -11.68146229 -0.25811699
v 9.05256367 -11.72467422 0.69681048
v 9.51830864 -11.85651875 1.12988293
v 8.99479771 -11.78429794 1.63457370
v 8.87414551 -11.84868908 2.53168464
v 8.51198864 -11.63549042 2.12922668
v 10.02144337 -11.86495018 1.63964260
v 9.90646267 -11.92226505 2.67376685
v 9.26761913 -11.96090984 3.10648799
v 9.76458168 -11.98048306 3.71004915
v 10.30776596 -11.89210129 4.24921894
v 9.67730427 -12.04105949 4.75953054
v 9.67103100 -12.09054470 5.76685476
v 9.00955296 -12.12828636 5.39190006
v 8.35610485 -12.17280293 6.08830881
v 8.29944229 -12.05009365 5.15285444
v 10.78475285 -11.70720863 5.66562510
v 10.80021095 -11.69887829 4.74904156
v 11.22068596 -11.41265583 5.20891428
v 10.79072571 -11.68778610 6.57623672
v 10.26595974 -11.94153690 6.17031622
v 10.80678558 -11.65019512 7.47515440
v 10.82801533 -11.59990692 8.34230328
v 10.30706406 -11.87970543 7.97301960
v 9.71850872 -12.08482361 7.60855436
v 9.74811935 -12.01435947 8.46712017
v 10.85853004 -11.53476334 9.14847279
v 11.25692177 -11.25160217 8.71525002
v 11.23980808 -11.32803822 6.97543240
v 9.08327866 -12.20773411 7.26727581
v 9.69035339 -12.10770988 6.71099138
v 8.47038269 -12.24923992 7.81131363
v 8.41126156 -12.24060726 6.97824287
v 6.98481750 -11.82128620 5.79837275
v 7.00298548 -12.02444744 6.60409117
v 6.31500816 -11.77717113 6.49197102
v 7.71128893 -12.17947865 6.75917196
v 8.63133621 -11.88346958 3.40560842
v 8.83871269 -11.64613056 -2.19236326
v 8.98099613 -11.65536499 -1.21941829
v 8.51620483 -11.38329601 -1.56009459
v 7.51274538 -10.92618275 -3.63366294
v 7.10461617 -10.40242100 -3.87105227
v 7.04609680 -10.90666008 -4.44480181
v 7.87465096 -10.95850372 -2.76922441
v 8.00985718 -11.34776211 -3.41740274
v 6.76599789 -9.78711605 -4.15692329
v 7.26772738 -9.84488201 -3.34744072
v 6.44283676 -9.14726830 -4.51591825
v 6.18125725 -9.78842068 -4.86904097
v 6.71375179 -8.48915291 -4.35667133
v 6.14863491 -8.53341866 -4.87892818
v 7.28042507 -8.27073479 -3.86889410
v 6.92730188 -7.84654570 -4.43220472
v 7.12775278 -7.20679903 -4.64490128
v 7.73462629 -6.99977350 -4.41539145
v 7.38747597 -6.57046509 -4.90618038
v 5.98617601 -7.87113810 -5.16173744
v 5.52374363 -8.46129894 -5.39967918
v 6.49056578 -10.89837933 -5.18984270
v 5.98768187 -10.37667465 -5.32334280
v 5.85814667 -10.89461517 -5.86371756
v 5.54602718 -9.78842068 -5.48760843
v 4.85604239 -9.78827000 -6.02803278
v 5.15616655 -9.14029217 -5.67636538
v 4.11622095 -9.79303837 -6.48991346
v 4.60369682 -10.37536907 -6.46050310
v 4.03270769 -8.45833778 -6.30035305
v 3.25986242 -8.48147392 -6.63410330
v 3.67316079 -9.15620232 -6.55003881
v 3.33654976 -9.79956245 -6.86843157
v 2.52505970 -9.80412960 -7.16042519
v 2.87246108 -7.77944422 -6.73086596
v 2.46804619 -8.49010658 -6.89412785
v 1.25234163 -7.76373529 -7.07696247
v 1.69871390 -7.02863169 -6.99349976
v 0.81570590 -8.47901535 -7.18541908
v 0.38087690 -9.16337872 -7.32469082
v 0.90228021 -10.87228107 -8.04413605
v 1.80235219 -10.86671066 -7.92177773
v 1.29921734 -10.37812996 -7.67701054
v 1.53459907 -11.72382164 -9.35349083
v 1.00621963 -11.55398464 -8.88854980
v 0.11347511 -11.79543972 -9.97175789
v 0.61666024 -11.72934151 -10.50455379
v 1.08300734 -11.78138733 -9.93306255
v 2.06383181 -11.78058434 -9.85762978
v -0.39573255 -11.75538921 -9.44026661
v -0.86062419 -11.82098484 -9.97778034
v 0.05681284 -11.57175159 -8.93246365
v -0.90132666 -11.60643196 -8.91524982
v -1.85494924 -11.85827541 -9.95926094
v -1.32496381 -11.76863956 -10.53075123
v -2.23627782 -11.33441257 -11.60582924
v -1.78172493 -11.60336971 -11.07950783
v -2.74719191 -11.61692047 -11.08437538
v 1.58107316 -11.30404854 -11.55348301
v 2.07959080 -11.55132484 -10.99142742
v 1.10719788 -11.56271744 -11.03358555
v 3.07562232 -11.79729652 -9.74566078
v 2.57810855 -11.72156239 -10.39223289
v -0.81615758 -11.58976936 -11.07489014
v 0.14509358 -11.57616806 -11.06118870
v -0.32506782 -11.33330822 -11.59920406
v 0.48958415 -11.27438736 -8.46441078
v -0.01194475 -10.88859272 -8.08072281
v 0.82649630 -9.80694008 -7.47957087
v 1.68732131 -9.80623722 -7.36443949
v -0.94318348 -10.92141533 -8.03505230
v -0.49856779 -10.39991188 -7.73703527
v -0.05711397 -9.80754185 -7.50426340
v -0.96842808 -9.81030273 -7.43420076
v -1.89208841 -10.98169136 -7.91028452
v -1.39683294 -11.34826469 -8.40368271
v 1.65264130 -8.48840046 -7.07912064
v 2.07452178 -9.17171001 -7.10451603
v 4.72751093 -6.93658686 -6.07781935
v 5.46070766 -6.63967419 -5.81538630
v 4.89599180 -6.14381695 -6.16730452
v 6.21995211 -6.28670216 -5.59280252
v 6.02647734 -7.10566998 -5.37970400
v 6.53307486 -7.47284555 -4.91019535
v 4.79927969 -8.42762280 -5.88760710
v 8.27334499 -11.18148994 0.89906818
v 7.86115026 -10.29828072 1.11909246
v 7.93291950 -9.76914883 0.77821547
v 8.22677040 -9.17512321 -0.49525538
v 8.16062260 -9.06159782 -1.42182660
v 8.12443638 -11.00026035 -1.87121022
v 7.82802629 -10.52126598 -2.17203712
v 7.63861656 -9.95901012 -2.48480892
v 7.56408739 -9.31941319 -2.82367849
v 7.96353388 -8.88624096 -2.30950212
v 7.64719915 -8.63580227 -3.14688921
v 7.86064863 -7.97763681 -3.46869493
v 8.42902756 -8.53316784 -1.84099698
v 7.63184118 -7.61056185 3.72967267
v 7.95796299 -6.95595932 4.12505388
v 8.37025738 -7.46521711 3.34016347
v 9.11665440 -7.48734999 2.89961290
v 8.62717056 -7.89678383 2.48581266
v 9.70656395 -7.21909523 3.31110454
v 9.79328918 -7.65703583 2.43150926
v 10.32006264 -7.13011169 3.70437789
v 11.25647068 -8.16478825 2.99547195
v 10.83654690 -7.62160301 3.33509445
v 10.85973454 -7.16790342 4.14402485
v 11.31057358 -7.29056263 4.65358400
v 11.66886520 -7.46632147 5.23932838
v 11.62595463 -7.97392273 4.45729828
v 10.91589451 -6.64910984 4.88916636
v 10.99468994 -6.09157085 5.56725693
v 11.42424870 -6.20088053 6.05935049
v 11.08031082 -5.51124716 6.18095589
v 10.71423912 -4.86592960 6.32067919
v 11.14921856 -4.90954256 6.72770405
v 11.14475155 -4.21283245 7.20157957
v 11.51097393 -4.93599176 7.28097677
v 10.15895844 -4.79591703 6.02050495
v 10.36503124 -4.20630836 6.51596117
v 11.75935459 -6.35686493 6.63279867
v 11.71609211 -6.92609739 5.95902443
v 11.93616676 -7.67610741 5.89137125
v 8.21843910 -8.37422276 2.15492296
v 7.88248014 -8.87941551 2.02393222
v 7.70652103 -8.54486179 2.71376657
v 8.79414558 -8.22079754 1.58021998
v 9.39153385 -8.11344528 1.07562971
v 7.92895460 -9.30044270 1.37424839
v 8.15369606 -9.23800850 0.46183017
v 7.61322165 -9.36157131 2.16149759
v 7.93035984 -10.81431389 1.50042105
v 7.62847900 -10.35429096 2.04435873
v 8.06200314 -11.45190239 2.71858478
v 8.16388416 -11.28327084 1.83944118
v 7.27264595 -9.33155918 2.86799455
v 7.40529251 -9.84016418 2.48812127
v 7.26321030 -10.34400177 2.95040321
v 8.07118702 -11.67137527 3.48600984
v 7.58732462 -11.30600643 3.47446656
v 7.14963484 -10.81607056 3.56766558
v 7.05332422 -11.21426201 4.28189135
v 8.19078541 -11.87915325 4.26071215
v 7.61216784 -11.85601616 5.05925369
v 7.00057650 -11.54926777 5.02196407
v 6.46286201 -11.13998413 5.03481197
v 5.81398106 -11.07383633 5.72459602
v 5.99847221 -10.64126587 5.09940386
v 5.67621517 -11.43995762 6.40630007
v 5.10502529 -11.01581860 6.34657621
v 5.26437187 -9.39725494 5.36891365
v 5.60379362 -10.06094170 5.21107244
v 4.90482521 -9.97983742 5.81905031
v 4.94628048 -8.64358139 5.58321667
v 5.71199894 -8.78551388 4.95676947
v 5.79646540 -6.87244654 5.38266516
v 4.95576572 -7.04910851 5.78105783
v 5.26562691 -6.22737980 5.84233713
v 4.77619314 -5.60379362 6.19796944
v 5.53373098 -5.43601513 5.98160887
v 4.30939436 -5.03636789 6.47340155
v 4.06628370 -5.71807194 6.41769266
v 6.23305082 -10.16116714 4.53032207
v 6.28640079 -8.25442410 4.54005861
v 6.78612328 -10.26274776 3.78121567
v 7.26200581 -8.80839920 3.16099215
v 7.39043713 -8.23279285 3.41855693
v 6.94386387 -7.87339640 4.12234354
v 6.61422920 -6.62506962 5.04856348
v 6.38170815 -7.43741322 4.79636860
v 7.42617083 -6.41347694 4.79094839
v 6.87375116 -5.84334087 5.34166145
v 6.32223511 -5.24936581 5.79596376
v 5.77357960 -4.64956903 6.16710377
v 8.98099613 -4.10347319 6.10662746
v 9.48919964 -4.77604246 5.79360485
v 9.24874878 -3.36450458 6.52825689
v 3.79265857 -4.56043482 6.69533300
v 4.97554016 -1.80019414 6.94351292
v 5.60294056 -2.40972757 6.78386450
v 3.28134298 -3.23617387 6.98130417
v 4.33217955 -1.20165181 7.06361246
v -1.28968155 -2.79050422 7.22903252
v -1.81424677 -2.14950275 7.24027443
v -2.43512273 -1.63648081 7.22461557
v -2.35025477 -0.76622051 7.26255798
v -3.11311269 -1.15251768 7.19525576
v -1.56993151 -0.38976017 7.30827904
v -3.00827003 0.62554348 7.21161699
v -2.27959013 0.13003716 7.27083874
v -3.82633471 -0.68235636 7.15811682
v -4.56485128 -0.22328651 7.11600876
v -3.78904510 0.20597164 7.16674900
v -3.75697494 1.10509002 7.12961006
v -3.72786570 2.01374412 7.05011225
v -8.34983158 0.96350962 7.12288475
v -9.62561035 0.03447917 7.50727463
v -9.65682793 0.88220501 7.46401262
v -9.01035595 0.49952137 7.29869318
v -11.33576775 -0.15944734 8.96649170
v -11.35724831 0.77088797 8.96217537
v -11.49591732 -0.68757588 9.46561146
v -12.06851292 6.00700426 8.58521271
v -11.88366985 5.15902758 8.44574070
v -11.98133564 5.37970400 9.17035484
v -11.84818745 4.80209017 9.79875946
v -11.98640537 5.74677944 9.85908508
v -10.66033745 2.46814656 12.23548794
v -10.24201965 2.96621251 12.67970276
v -10.64427662 3.32972431 12.15990543
v -10.68422699 4.22347260 12.05250263
v -11.05431271 3.62513089 11.60703373
v -10.97009754 1.93791008 11.83694553
v -10.66992283 1.70313048 12.30886269
v -9.91002655 2.56114483 13.14399147
v -9.98089123 1.80686915 13.19498253
v -10.35514355 1.37570381 12.76135826
v -10.01762962 1.02729857 13.25425434
v -11.20056057 5.36730766 11.48593044
v -10.78194237 5.05292988 11.93817425
v -10.83549309 5.84805870 11.90660572
v -10.33988667 6.23626328 12.29295349
v -10.85757637 6.71335030 11.95001888
v -10.99368572 7.62591934 12.00763416
v -11.40081120 7.11058855 11.56603050
v -11.54319477 9.36393070 12.21952820
v -10.77165413 9.77773094 12.48798370
v -11.43639469 10.07243443 12.36427021
v -11.28608131 10.78656006 12.37039375
v -11.91865158 10.31644917 12.05175018
v -12.13541317 10.87313461 11.65335751
v -12.21561337 10.13853264 11.50545311
v -12.37004185 9.92442989 10.80191708
v -12.21285343 9.32393074 11.35458755
v -12.11338043 11.36171436 11.23152733
v -12.01802349 11.48176479 11.78329372
v -9.35148335 12.14334297 10.76402569
v -8.80322933 12.20291615 10.12784195
v -9.67328930 12.26178646 10.10018826
v -8.00524044 11.73225307 11.20638275
v -7.51505375 11.93290424 10.64969730
v -7.93572998 12.13420868 10.10686398
v -7.05211973 12.06540108 10.06023884
v -7.90722322 12.26856232 8.95976639
v -8.59600353 12.29094601 8.94561291
v -8.30902863 12.24954128 9.53055477
v -7.16218185 12.20913982 8.86410809
v -7.65603209 12.24793434 8.36799908
v -6.63069057 12.12798500 9.42119503
v -6.34145737 12.11649227 8.71991730
v -5.52218771 11.99177551 8.50802422
v -4.77810049 11.95167446 8.93683052
v -4.77679539 11.82530117 8.26807499
v -4.04716206 11.90946674 9.26475906
v -4.67521477 11.96778488 9.58279991
v -6.20017767 12.02565193 7.99660778
v -6.12645149 11.85310555 7.29051256
v -6.83370113 12.04838753 7.47726250
v -7.46039915 12.06148624 6.95485497
v -7.53211784 12.17972946 7.69904327
v -7.80524111 11.70198917 4.68685865
v -7.32639694 11.67147541 5.38532543
v -7.41066265 11.89315605 6.15706635
v -6.72755384 11.63147545 6.02241182
v -9.99850750 12.16020584 8.63786030
v -9.87860870 12.25792217 9.39323997
v -9.28623962 12.26524925 8.81497383
v -9.98048973 12.06876373 7.73563004
v -10.55479145 11.92763519 8.22049713
v -11.18741131 11.86459827 9.49296379
v -11.08808994 11.70961761 8.67575264
v -11.56372166 11.40788746 9.12307835
v -10.99800205 11.53902912 6.96273470
v -10.52884483 11.79543972 6.48519564
v -11.00141525 11.51513958 6.09317684
v -11.39283085 11.16457653 5.69679213
v -11.41481400 11.19564247 7.44167900
v -11.02615738 11.60236645 7.82692242
v -11.77335644 10.76768970 7.93116283
v -12.07257748 10.26244640 8.44589138
v -11.86098480 10.87433910 8.78596497
v -12.46529865 8.98671722 9.60131931
v -12.41465950 9.76523399 9.96638775
v -12.31458473 9.69155788 8.99133492
v -12.19985485 9.58435631 8.10099888
v -12.43819714 8.28544044 9.08147240
v -12.44833565 8.21181393 9.92016411
v -11.71674442 10.71448994 7.05452871
v -8.73798561 12.27503586 8.32283020
v -9.98525810 12.00392056 6.87304878
v -10.01667595 11.96306801 6.00735569
v -8.17427349 12.25230122 7.96192789
v -8.76493645 12.22133541 7.61046124
v -8.77000523 12.14710712 6.80996227
v -9.38631439 12.14304161 7.25051260
v -8.11173916 12.06625462 6.42095518
v -8.79986763 12.06595325 5.93613863
v -8.54857540 11.45325756 11.73305607
v -8.94666672 11.87960529 11.30886650
v -10.41250896 11.74660683 11.99669361
v -10.82334805 11.31162739 12.28607750
v -9.95810604 11.19268131 12.25666714
v -9.32503510 10.39805412 12.39162350
v -8.91103363 10.99248123 12.13606548
v -7.95103741 10.90309620 12.02670574
v -8.78250217 9.66405487 12.53681660
v -9.74716568 9.70234776 12.51071930
v -10.61155415 12.21616554 9.96021461
v -9.99820614 12.03252792 11.49104881
v -10.87368679 12.04833698 11.61155033
v -11.26209164 12.04356956 10.41225815
v -11.80893993 11.75363255 10.81185436
v -11.37215424 12.05240250 11.18690968
v -11.52859020 11.96909046 11.76352024
v -11.69260406 11.82008171 12.07082081
v -11.87298012 11.82570267 11.91975498
v -11.86163807 11.63845158 12.08045769
v -12.12151146 11.21973324 10.51203156
v -11.98233986 11.03810215 9.60543537
v -12.31257725 10.54224491 10.25145531
v -11.49119949 11.45516491 12.22093391
v -11.85917854 8.87806034 11.80321884
v -11.24071121 8.41422272 12.08517551
v -10.15173149 8.98586369 12.49576283
v -10.58580780 8.32398415 12.33395672
v -9.71268654 8.16398525 12.56657887
v -9.27590084 7.34516764 12.75854778
v -8.79133511 8.15570354 12.79664040
v -8.86450958 6.62421656 13.06599998
v -9.65868473 6.47390318 12.68361664
v -9.95564747 5.63034296 12.58861065
v -6.99610996 8.11640644 13.30825710
v -7.85763741 8.17191505 13.02881050
v -7.58471489 7.49874258 13.35980034
v -8.06099892 6.78376436 13.42845726
v -7.28634691 6.98260927 13.76552010
v -10.28789139 4.88214016 12.39809704
v -9.66852188 4.92033339 12.90539742
v -12.10725784 8.44102287 11.25160217
v -12.29792213 7.40278339 10.03133106
v -12.20748329 7.77477694 10.60402584
v -11.88266659 7.53824091 11.14299488
v -11.69807529 6.62883377 11.05170345
v -11.88974285 6.16534758 10.48277187
v -12.13405800 6.62200832 9.94811916
v -12.31814766 7.14983559 9.43504715
v -11.57566643 5.74642801 11.00101376
v -11.47960663 4.85584164 10.99489021
v -11.39664555 3.94829154 11.03895569
v -11.32613182 3.02633762 11.12929440
v -11.72633076 3.80073881 9.83118057
v -11.66083527 4.33514071 10.43900776
v -11.66113663 3.21880865 9.25125790
v -11.63308144 2.78975129 9.94410419
v -11.66580391 4.40696001 8.23193932
v -11.56813812 3.57323647 8.55103493
v -11.49471283 2.38563728 10.61943436
v -11.25897980 2.10744524 11.27022171
v -11.16146469 1.29861510 11.51142597
v -11.04824066 -1.01289463 11.70856380
v -11.25205421 0.47236964 11.30841541
v -11.45084858 0.15327421 10.67880630
v -11.29059792 -0.45570722 11.20302010
v -11.53591728 -0.26695007 10.05642509
v -11.35599327 -3.27386498 10.99569321
v -11.55353355 -3.72475410 10.38756561
v -11.37727261 -4.19566822 10.95669746
v -11.19785118 -6.80117941 11.20337105
v -11.76944256 -6.23837090 9.72503281
v -11.30746174 -7.57568121 10.95293331
v -11.35614395 -8.42953014 10.80021095
v -11.61129951 -7.83033514 10.29933453
v -11.80106068 -7.24619675 9.67268753
v -11.82474899 -8.20087337 9.57878494
v -11.90088463 -6.73979950 8.96639061
v -11.80387115 -9.07258892 9.49878597
v -11.94991875 -8.59369469 8.82019329
v -12.01927853 -8.13703442 8.08383465
v -11.87985611 -6.27340221 8.27063465
v -11.96577740 -7.21638489 8.14892864
v -11.31835270 -6.13453197 6.23094320
v -10.98475266 -6.27174616 5.55094576
v -10.00131798 -6.07305145 4.96459913
v -9.88131905 -5.44700623 5.53935242
v -9.36237431 -5.76585054 5.08093500
v -7.93638229 -7.14848042 3.91235709
v -8.36097336 -6.60193300 4.28033543
v -7.61081266 -6.57327557 4.59205341
v -9.04694271 -6.68469286 4.03893137
v -9.26711750 -7.11962223 3.39416575
v -9.65692806 -6.83731461 3.85198069
v -10.18580914 -7.10461617 3.62362528
v -10.12553310 -6.64022636 4.32003450
v -10.12207031 -7.45292091 2.91341472
v -10.63634682 -7.49718714 3.25584745
v -9.56317711 -7.46290874 2.75441885
v -8.92634106 -7.50451422 2.86066699
v -8.55951691 -7.95465088 2.33529878
v -8.25743484 -7.60438871 3.16636229
v -5.93598795 -6.74140549 5.34582710
v -6.78968620 -6.59681368 4.96630526
v -5.42211294 -5.15235233 6.11541033
v -4.63411093 -5.55169868 6.25493288
v -5.32369423 -6.09664011 5.85443258
v -5.13272905 -6.98506832 5.69383097
v -7.29196835 -5.86492205 5.21453524
v -8.84473515 -6.14451933 4.66638184
v -7.06978559 -5.02823734 5.75235033
v -6.96710110 -4.14307117 6.18010283
v -6.22090578 -4.66793776 6.08444452
v -5.42035627 -4.21192932 6.40554714
v -9.62345219 -2.47517276 7.13658619
v -10.70480347 -3.45233369 7.39645958
v -10.67624664 -2.64260006 7.69583130
v -10.66078854 -1.79743373 7.91269350
v -10.17928505 -2.13193703 7.49713659
v -10.65898228 -0.93284476 8.04549122
v -10.17998791 -0.44009876 7.75445080
v -8.31695843 0.11799204 7.17779016
v -9.61000252 -0.81224293 7.46712446
v -8.30220318 -0.73023570 7.14893246
v -8.30335712 -1.57510090 7.03636074
v -8.97893810 -1.18744862 7.22988558
v -9.60919952 -1.65143681 7.34341097
v -6.09844685 0.65410048 7.02662420
v -5.32359409 0.22358763 7.07099009
v -3.92881870 -4.18713617 6.72634935
v -4.65945578 -3.75346160 6.66918516
v 0.06865721 -3.73238277 7.21342373
v -0.47337341 -4.60630655 7.15304756
v -0.88265669 -3.65780330 7.19003630
v 1.92656755 -2.98804426 7.17583323
v 2.51542354 -3.56821775 7.05648613
v 3.16475630 -4.11285830 6.89081526
v 2.62468290 -5.57568836 6.83555841
v 3.17153168 -4.95757246 6.78050184
v 3.37815571 -5.70637798 6.63144350
v 2.14513636 -6.32690287 6.88845634
v 1.77314281 -5.48484802 7.00022507
v 0.88521630 -5.47290325 7.09944677
v 0.43548146 -6.30396652 7.10336161
v 0.86137700 -7.09377575 7.07821751
v 0.01370133 -7.11932135 7.11706305
v 1.70107281 -7.09407663 6.96057653
v 1.27668285 -7.85116291 7.05728912
v 2.52335334 -7.11159229 6.76745319
v 0.45540610 -9.27083111 7.33723783
v 0.86383623 -8.58154964 7.18135357
v 1.69123590 -8.57181263 7.04765272
v -0.78860438 -9.94099236 7.49412537
v 0.04406508 -9.90525818 7.53121424
v -0.37791580 -10.47062683 7.77036047
v 0.04481790 -10.92402458 8.09598064
v 0.88200426 -9.88322544 7.48107672
v -0.82865441 -7.17678642 7.07731390
v -1.64561498 -7.26712513 6.96338701
v -1.29856479 -6.43957472 7.02090263
v -0.01018817 -5.48153543 7.12830496
v -0.93344700 -5.53272724 7.08418989
v -3.20836949 -4.62005806 6.80750322
v -3.93363667 -5.07220221 6.56419182
v -2.82744265 -6.77468014 6.68529510
v -2.41283917 -7.37176704 6.78562117
v -3.10799360 -7.44519234 6.56143141
v -4.41062355 -11.48050976 7.32358646
v -6.24379110 -10.95062447 5.19210148
v -3.52741480 -10.74771404 7.05799150
v -3.24606085 -11.10721111 7.49543047
v -3.91416383 -11.16261864 7.19932079
v -2.99933648 -11.42209053 8.00514030
v -3.92344856 -10.39539433 6.64168215
v -3.20716500 -10.17682552 6.90863180
v -2.83000207 -9.48739243 6.84158087
v -3.20666313 -8.81095886 6.56770468
v -3.50653672 -8.08860302 6.39084196
v -3.74974775 -7.39726257 6.30672693
v -4.40866613 -7.21884394 6.01809597
v -9.88543415 -7.98225403 1.27035916
v -9.98179531 -7.74606943 2.14814758
v -11.68472481 -9.53983974 1.46960568
v -11.55769920 -8.97492313 1.97063267
v -11.49531555 -11.00568104 2.72505903
v -11.68497562 -10.56151676 2.31341672
v -11.46786213 -11.00457668 1.77640498
v -11.44126320 -11.00849152 0.81143993
v -11.16984558 -11.37737370 1.26067293
v -11.82580376 -10.07303715 2.88817000
v -11.75293064 -10.05220890 1.91758394
v -11.69852638 -10.07760429 0.90554243
v -11.32502747 -8.43545151 2.39326596
v -11.01396179 -7.95013380 2.81615019
v -11.10801411 -6.87370110 4.94597912
v -10.58816719 -6.45277405 4.89905357
v -11.70991898 -8.46034527 3.74834251
v -11.63574123 -8.75389481 2.91336441
v -11.20171547 -11.38078594 3.15833211
v -10.82043648 -11.67503834 2.66428137
v -10.80929470 -11.66580391 1.71407151
v -10.37642384 -11.86630535 2.18202448
v -9.87665081 -11.93882656 1.69760978
v -9.38822174 -11.89114857 1.13886654
v -8.84895134 -11.72206497 1.47331953
v -8.97612762 -11.74841309 0.52772707
v -6.77252197 -10.91634655 4.46291971
v -7.72368526 -11.35448742 3.46804237
v -7.62677240 -10.94786453 2.82859683
v -7.23801613 -10.91674805 3.67045069
v -8.26802444 -11.69210243 3.31185722
v -8.60694408 -11.70485020 2.42674136
v -8.34556484 -11.41626930 1.70840025
v -8.14451218 -11.06319618 1.03256834
v -7.92995834 -10.99840355 1.94689369
v -7.61106348 -10.48899555 2.22272706
v -7.68795156 -10.00648785 1.64425993
v -8.11319447 -9.08373070 0.57987237
v -7.85738659 -9.52939987 1.09595585
v -7.86541653 -10.08829403 0.71834117
v -8.14069748 -9.10812187 -0.32807910
v -8.44614220 -8.69296646 0.08401474
v -8.00458813 -10.64241982 0.35819191
v -8.64548874 -11.54374695 -0.06720176
v -8.39374542 -11.31619453 -0.74127704
v -8.28087330 -11.15398693 0.10173112
v -10.75720024 -11.69300556 -2.03100872
v -11.10164070 -11.46289349 -2.45474625
v -10.76357365 -11.70013237 -2.87823272
v -11.60939217 -10.57331085 0.35904509
v -11.66480064 -10.09276104 -0.09676250
v -11.60332012 -9.59173393 -0.54097670
v -11.64994431 -10.08493137 -1.11046016
v -11.42505169 -9.09813499 -0.95342183
v -11.13366032 -8.64192581 -1.32762372
v -11.42771244 -8.98842335 -1.93253994
v -10.73682404 -8.24890327 -1.67858851
v -10.23961067 -7.93532848 -2.02935266
v -10.73712444 -8.01051044 -2.59381723
v -9.74832058 -7.99194050 -1.45650661
v -9.64894772 -7.74632025 -2.33981562
v -9.27981567 -8.14054680 -0.92089999
v -8.84102154 -8.37532711 -0.41119045
v -8.76543808 -8.28835106 -1.28817594
v -8.61693192 -8.09487629 -2.13474751
v -8.39906597 -7.79645824 -2.93745470
v -9.01878738 -7.70837831 -2.61840940
v -7.55911875 -8.65622902 -2.97956252
v -7.17769003 -8.27168846 -3.77122831
v -7.78857851 -7.99068594 -3.31712699
v -6.75410318 -7.77914333 -4.45519066
v -9.00202465 -6.43239784 -4.50377274
v -8.79595280 -5.86165953 -5.08570290
v -9.48001480 -6.07551098 -4.94096041
v -10.08578491 -6.33854628 -4.85940504
v -10.58856869 -6.65066576 -4.82236624
v -10.24222088 -6.80609798 -4.32811451
v -10.94957066 -6.61066580 -5.31993008
v -6.36243582 -5.29102182 -5.91099453
v -7.06306076 -4.71586704 -6.03807068
v -7.21789074 -5.52911377 -5.57262707
v -5.62241364 -6.77528238 -5.60153532
v -4.89965582 -6.39766788 -6.03495884
v -5.62241364 -5.86888695 -5.91285133
v -3.12289929 -7.83956957 -6.58276129
v -3.03115582 -7.14170504 -6.63575983
v -3.66969800 -7.39570665 -6.38793135
v -4.25338459 -6.90677500 -6.20168352
v -4.31170321 -7.70044851 -6.07290125
v -2.37253833 -6.99987364 -6.82777929
v -2.84360313 -6.40655088 -6.73969936
v -4.72786236 -4.65820122 -6.53879642
v -5.43666744 -4.10708666 -6.54677629
v -5.53428316 -4.97358274 -6.25066710
v -8.40077209 -3.79170489 -6.47154474
v -8.33532715 -3.02924848 -6.79289865
v -9.03991604 -3.42272258 -6.75550842
v -9.64408016 -3.09800625 -7.08524370
v -9.69145775 -3.84395075 -6.75560856
v -9.61451912 -2.32074428 -7.33984756
v -10.19634914 -2.80375385 -7.46732521
v -10.73717499 -4.10447693 -7.29758930
v -10.78455257 -4.82613039 -6.88383913
v -10.27674961 -4.30703545 -6.79836893
v -11.68131161 -5.31134796 -8.40077209
v -11.49355888 -5.35686874 -7.67716122
v -11.44643211 -4.58884144 -8.11751080
v -11.75574112 -5.28284121 -9.15384293
v -11.67403507 -4.45152712 -9.57918644
v -11.70891571 -5.29423380 -9.90345192
v -11.87779808 -6.85036373 -9.06199932
v -11.88336945 -6.84830618 -8.23038387
v -11.82585335 -6.07365370 -8.71264076
v -11.68929195 -6.07300138 -10.18440437
v -11.56678295 -6.71691370 -10.53045082
v -11.76336956 -6.83274794 -9.85110569
v -11.83272934 -7.63324642 -9.44915009
v -11.32337093 -9.84498215 -10.34149265
v -11.57672024 -9.79514599 -9.66912365
v -11.54726028 -9.18129635 -10.09095383
v -11.71589184 -8.42787361 -9.80367756
v -11.43835163 -8.53653049 -10.52056313
v -11.24869156 -7.97939348 -10.96693611
v -11.08111382 -8.67038250 -11.07880497
v -10.96026039 -9.89978790 -10.89622116
v -11.06414986 -10.42691231 -10.54686165
v -10.64046288 -8.67966652 -11.51458740
v -10.80693626 -9.29878616 -11.22655869
v -10.46801662 -9.90987587 -11.33677101
v -10.08488083 -10.45536900 -11.37556648
v -9.84904766 -9.87318802 -11.68020821
v -9.12071896 -9.83901024 -11.95262814
v -9.59660244 -9.21868610 -11.97686958
v -10.06591034 -8.56804848 -11.90535164
v -9.33647728 -8.48830032 -12.27338028
v -10.62841797 -6.48900986 -11.86324406
v -10.13296127 -6.78762865 -12.20176220
v -10.54405117 -7.23741388 -11.82198906
v -10.52844334 -7.99946880 -11.71985626
v -10.95258236 -7.58486557 -11.40572929
v -11.04984665 -10.85657215 -10.19870758
v -10.83840466 -10.89205551 -10.68297195
v -10.86530495 -11.22475147 -9.85281181
v -11.21335888 -10.84623337 -9.56317711
v -10.46666145 -11.46861553 -10.12668800
v -10.52437782 -11.54419804 -9.49160862
v -10.41853142 -11.34650803 -10.61983585
v -10.65742588 -11.16061115 -10.78219318
v -10.46214485 -11.18113804 -10.91167831
v -9.43725491 -11.60738468 -10.62761497
v -9.50084305 -11.80547714 -10.11890888
v -9.99961185 -11.57651901 -10.39644814
v -9.47298908 -11.93410873 -9.48689079
v -8.89637852 -11.96497440 -9.87188339
v -9.43991470 -12.00843716 -8.71233940
v -10.04668808 -11.80949211 -9.11002922
v -8.70044518 -12.13154888 -8.30842590
v -9.44217396 -12.03478622 -7.81241798
v -9.55554867 -12.02670574 -6.85829353
v -10.12879562 -11.86193848 -7.40459013
v -11.58841419 -7.29738855 -5.87766981
v -11.78083515 -7.98014641 -5.72685480
v -11.92873859 -7.62039852 -7.69367313
v -11.78239059 -6.83264732 -7.37422609
v -11.96015644 -9.12282753 -6.70496893
v -11.92020702 -8.48875141 -6.23586178
v -11.96306801 -8.39449883 -7.17462873
v -11.96693230 -8.37949276 -8.10556602
v -11.88602924 -9.74952507 -7.15435266
v -11.88909054 -9.77055359 -6.23686552
v -11.16859150 -11.25938129 -6.62025166
v -11.51935482 -10.83775139 -6.21172094
v -11.47719765 -10.83609581 -7.10893250
v -11.70259190 -10.32884502 -7.58220530
v -11.41717243 -10.83810329 -7.98616886
v -11.33255577 -10.84161663 -8.81467247
v -11.03850365 -11.26093674 -8.36945438
v -10.57677364 -11.58620548 -8.74024391
v -10.63303471 -11.60357094 -7.90260553
v -11.51027107 -10.35148048 -9.24573803
v -11.74389648 -9.76182079 -8.89567566
v -11.90043259 -9.09768295 -8.51349449
v -11.84181309 -9.74636269 -8.04825115
v -10.70314789 -11.60336971 -7.01372576
v -10.78650951 -11.59042168 -6.10241175
v -9.73547268 -12.00161171 -5.94888639
v -9.04955292 -12.08502483 -6.22597456
v -10.62204361 -11.00517941 -10.93877983
v -11.89144897 -8.39218998 -8.98240089
v -11.30972004 -7.20785284 -10.97566891
v -11.31870365 -6.45202160 -11.05812740
v -11.32271862 -5.72499752 -11.08467674
v -11.01391220 -6.10848427 -11.50289345
v -11.37616920 -2.86889791 -8.81055737
v -11.57466221 -3.61981106 -9.20784569
v -11.40467548 -3.76550674 -8.49728394
v -11.07248116 -2.23818493 -8.41909027
v -11.36382294 -1.91266549 -8.99690533
v -10.67835426 -2.52400565 -7.90958166
v -10.67012405 -1.68355715 -8.09126282
v -6.02808332 -1.91703188 -7.02878237
v -6.78115463 -1.46288037 -7.09568262
v -6.81894588 -2.28255129 -6.94090271
v -5.34908962 -3.25293660 -6.79204512
v -4.53589296 -2.92003942 -6.95736456
v -5.27792263 -2.40280175 -6.98225784
v -5.22437239 -1.55281734 -7.11364985
v -3.64776564 -1.70122337 -7.19942141
v -3.71582079 -2.58232427 -7.09774065
v -2.89409232 -2.23422003 -7.21106482
v -2.14177370 -2.77810764 -7.22396326
v -2.08179903 -1.87487388 -7.29648495
v -1.28506422 -1.51512611 -7.35374975
v -2.01811051 -0.98860365 -7.33864307
v -2.20932698 -3.72545671 -7.12378788
v -1.37098622 -3.30934787 -7.23641014
v -2.36852336 -4.68776178 -6.99992418
v -3.08159471 -4.05132771 -6.97106600
v -0.63522977 -2.86252403 -7.30622149
v -0.57334793 -3.69940925 -7.24825430
v -0.41977260 -0.29731384 -7.39550591
v -0.49766442 -1.16616881 -7.38381195
v 0.28893244 -0.82107604 -7.38923264
v 0.99502772 -1.35136271 -7.35716248
v 1.07317042 -0.46228185 -7.37382460
v 1.84867573 -0.08311136 -7.34080124
v 1.13259304 0.41018671 -7.36975956
v -0.34363738 0.56341070 -7.38752604
v -1.13660812 0.23432787 -7.37683582
v 0.42423934 0.90353495 -7.37784004
v -0.26785347 1.39818811 -7.36313486
v -0.20868179 2.18423295 -7.32750130
v -0.92014718 1.90839946 -7.32258272
v 0.34624717 5.91736841 -7.17482948
v 1.03904259 5.55049419 -7.13362503
v 0.92687237 6.33553505 -7.14888191
v 1.45379639 6.90170622 -7.09462881
v 0.69590712 7.05076456 -7.19676161
v 0.32110295 7.74019718 -7.27445269
v -0.01485565 7.05989885 -7.22090197
v -0.74443889 6.96022511 -7.16815424
v -0.23402674 6.37277460 -7.18135357
v -3.24902201 6.83053923 -6.55636215
v -4.03135300 6.94401455 -6.23069239
v -3.77479172 6.18065500 -6.43003893
v -4.40500259 5.73819733 -6.28700304
v -3.70638537 5.34105921 -6.57980013
v -3.74814177 4.50823927 -6.71264791
v -2.99607420 4.84229088 -6.82286072
v -5.23962927 2.77855945 -6.83545780
v -5.19154930 1.89655507 -7.01442814
v -4.38000917 2.35346675 -7.00158024
v -8.37623024 2.63507175 -6.83450413
v -8.42350769 3.40897107 -6.52097988
v -9.10345459 3.05333877 -6.79109144
v -7.77688456 3.78618431 -6.31249857
v -8.44814968 4.11817789 -6.15099382
v -6.09573650 7.28112745 -5.00826263
v -6.03254986 8.13181400 -4.76841402
v -6.66622400 7.70376062 -4.37960768
v -4.98733425 6.18978882 -5.95586252
v -5.12520075 5.40926504 -6.12735510
v -4.76660728 6.94326162 -5.88288927
v -5.52058172 6.74938536 -5.54301596
v -6.28359032 6.46612406 -5.25202560
v -5.94065571 5.11581564 -5.97664022
v -6.51781797 5.69478464 -5.53066969
v -6.80654955 4.93960524 -5.83229971
v -7.21824169 4.27436304 -6.10326481
v -5.25107241 4.56721020 -6.34988880
v -5.29026890 3.67551970 -6.60128069
v -4.48128843 4.10437632 -6.63927269
v -6.98100328 3.52786660 -6.45643806
v -6.87114143 2.69881058 -6.75089121
v -6.10682821 3.19421649 -6.64007568
v -8.32950497 1.82573986 -7.07289743
v -7.60895586 2.24992895 -6.89473009
v -6.80855703 1.86343098 -6.96996164
v -9.01989174 1.40190196 -7.29141617
v -8.29221535 1.00396121 -7.22923326
v -9.71067905 1.81379509 -7.39766407
v -9.65778160 0.96300775 -7.55274487
v -10.70284653 0.03131732 -8.20458698
v -10.22314930 0.50529301 -7.85663366
v -10.74891853 0.89364791 -8.15098667
v -10.82294655 1.76164973 -8.03128815
v -11.18073654 1.29505169 -8.50807381
v -11.39388561 -0.05721434 -9.05753231
v -11.36909199 -0.96506548 -9.05723095
v -11.08753777 -0.45861813 -8.60197544
v -11.66986942 0.82002205 -10.04156876
v -11.63082314 -0.07287300 -10.08618641
v -11.58886528 0.37334868 -9.54064274
v -11.43764877 0.83377361 -9.01181126
v -11.50209045 1.72310531 -8.92242622
v -11.70665741 2.19432068 -9.39198589
v -10.67765236 -0.82830310 -8.18717194
v -8.96307850 -0.25259632 -7.43831635
v -9.62229824 0.12521911 -7.62205458
v -9.60377884 -0.70298362 -7.60930681
v -6.77277327 1.02754951 -7.11400127
v -7.53467751 0.60526752 -7.19666100
v -6.75766659 0.19332425 -7.18301010
v -5.16816187 0.15713869 -7.19008636
v -4.35004663 0.55854249 -7.20489168
v -5.16781044 1.02258098 -7.13342428
v -6.76082850 -0.63733768 -7.17673635
v -5.97217369 -0.24035043 -7.18029976
v -5.18778515 -0.70047420 -7.18346167
v -3.54864430 0.06228333 -7.26386261
v -3.51316142 0.96576810 -7.22501707
v -1.94985485 -0.10383902 -7.34948349
v -2.77148294 -0.45836720 -7.30863047
v -1.86915243 0.78785157 -7.33081341
v -2.64340305 1.37209034 -7.25171709
v -1.74840009 1.68902767 -7.28925800
v -3.49674988 1.90583992 -7.13994837
v -8.26817513 -1.44757307 -7.20669889
v -7.52895594 -1.03803885 -7.18331099
v -8.26054668 -0.63718712 -7.29523039
v -8.26872730 0.18122895 -7.30305958
v -5.99059296 1.45625556 -7.05282211
v -3.57419014 2.84801960 -7.01046371
v -2.88606215 3.43848157 -7.01904583
v -3.71205664 3.70984840 -6.85703850
v -1.63336909 8.39033318 -7.12935877
v -1.22704697 7.61161566 -7.14296007
v -0.75221807 8.57758427 -7.33718729
v -1.95612836 9.32438183 -7.15349913
v -2.43868613 8.33773613 -6.87104130
v -0.36622199 9.30817127 -7.45181704
v 0.03733989 10.04668808 -7.54190445
v -0.78589422 10.04432964 -7.49121475
v 0.07171869 8.57893944 -7.39028645
v 0.88566798 8.61060810 -7.34090137
v 1.68235266 10.04036427 -7.36669827
v 0.86679733 10.04824448 -7.50009775
v 1.26388490 9.31319046 -7.36117744
v -2.38784575 6.78451681 -6.83606005
v -2.81810760 7.59219265 -6.69844437
v -1.84240222 6.00128269 -6.97427797
v -1.53359532 6.85106611 -7.04087734
v 2.28541183 6.67872047 -6.92102861
v 1.98844934 7.55701113 -7.01242065
v 3.20360184 6.43631268 -6.67907190
v 2.53715491 5.73628998 -6.89528179
v -0.35191840 5.59586382 -7.16117811
v -1.17495179 5.29287863 -7.09482956
v -0.41912016 4.71175194 -7.17257071
v -2.40465856 4.17067480 -7.00248384
v -2.10558820 5.06256580 -6.96875715
v -1.49113631 2.52746868 -7.24900723
v -1.02830231 3.23115492 -7.22702503
v -1.94814837 3.33815575 -7.14055109
v 0.37671128 4.25564289 -7.20328569
v -0.37073892 3.79280901 -7.21929598
v -0.24451604 2.95125628 -7.27937078
v 0.47327304 2.55637693 -7.30290890
v 0.88044846 -2.25700545 -7.32268333
v 1.71783555 -1.89680600 -7.29633427
v -0.57691127 -2.02729487 -7.35279608
v 0.08140497 -2.52832198 -7.33236933
v -3.80415154 -3.46824312 -6.95455408
v -3.91702437 -4.35345936 -6.77739048
v -3.59331179 -0.82248127 -7.25538111
v -4.41177797 -1.18820143 -7.19008636
v -8.96754551 -1.87231433 -7.25568199
v -8.29236603 -2.24626517 -7.03866911
v -10.17697620 -1.17685890 -7.82406139
v -9.60131931 -1.51999438 -7.51515436
v -11.53978157 -1.47633088 -9.58325195
v -11.60869026 -3.55747747 -9.96036434
v -11.57752323 -6.75400257 -6.57161951
v -11.28924274 -6.65001297 -5.89287663
v -11.53958130 -6.07982683 -7.16860580
v -11.20678425 -5.41353083 -7.00820494
v -11.11955738 -3.92761421 -7.86210394
v -10.84001064 -5.49272776 -6.40810680
v -10.70114040 -3.33484340 -7.64238071
v -7.59103870 -2.65183473 -6.85854435
v -6.87585926 -3.09634995 -6.71360159
v -6.95500565 -3.90603328 -6.41397905
v -6.15561104 -3.58282232 -6.60710239
v -4.04490376 -5.22733355 -6.57879639
v -4.16425085 -6.08062983 -6.37829542
v -3.40922213 -5.81187296 -6.65156889
v -2.61203551 -5.58989143 -6.86617279
v -1.74328089 -5.41814804 -7.02682495
v -7.73989630 -4.21840334 -6.23094320
v -9.20207405 -4.84946775 -5.96484613
v -8.62506199 -5.22231436 -5.61292791
v -8.49477386 -4.52670860 -6.07706690
v -9.75850868 -4.55004597 -6.35716581
v -9.84663868 -5.20705748 -5.89869833
v -10.41557026 -5.61639071 -5.87485933
v -9.95594788 -5.80559969 -5.39295387
v -10.89812756 -6.09252453 -5.88027954
v -8.04333305 -5.68856144 -5.29568958
v -7.47962093 -6.27651405 -5.00715828
v -7.81276941 -6.89312410 -4.36972046
v -7.03636074 -6.99751520 -4.71817589
v -6.25523424 -7.25231981 -5.06632996
v -9.23158455 -6.93533182 -3.86824179
v -8.54039478 -6.87420321 -4.08133984
v -8.12528992 -7.39555597 -3.68294764
v -9.89010143 -7.07500553 -3.75572014
v -9.46942520 -7.38070059 -3.15757942
v -11.17401123 -8.20619297 -3.15637493
v -11.45862770 -8.78184986 -2.91436815
v -11.62485027 -9.41687870 -2.59482098
v -11.38480091 -11.08276939 -2.10950279
v -11.57782459 -10.59579563 -1.66528869
v -11.65762329 -10.04643726 -2.16741991
v -11.70495033 -9.94209671 -3.25966167
v -11.33907986 -11.20096207 -2.98031521
v -11.78605461 -9.84242249 -4.31857872
v -11.67303085 -10.46334934 -3.90267062
v -11.84296799 -9.21095753 -4.84474993
v -11.85511303 -8.61116028 -5.36575174
v -11.85586643 -9.80207157 -5.30191278
v -11.74871445 -10.34881973 -5.77187347
v -11.48352146 -10.98721218 -3.68033767
v -10.34405231 -11.84121132 -3.45313668
v -10.88457680 -11.56372166 -5.18587780
v -10.34088993 -11.82620525 -5.54723167
v -9.82485676 -11.96673107 -5.05508804
v -8.72749615 -12.03689384 -5.49348021
v -8.51259136 -11.90098476 -4.67471313
v -9.21537399 -11.99759674 -4.75340796
v -9.79444313 -11.93471146 -4.08841658
v -9.78149509 -11.92101002 -3.07266116
v -7.89708519 -11.03348541 -2.49574995
v -7.83103752 -10.60618401 -1.84230185
v -8.17000771 -11.13908100 -1.58147478
v -7.60273218 -10.00247288 -2.21263933
v -7.49688578 -9.34797096 -2.61123252
v -7.23560715 -9.88623714 -3.11893463
v -5.54928923 -7.63279486 -5.38371897
v -4.92976856 -8.04162693 -5.69528627
v -4.36289501 -8.45341969 -6.00574970
v -3.82809138 -8.85396957 -6.31164551
v -5.64539957 -9.75645065 -5.19852543
v -7.96895409 -12.16231441 -8.86937714
v -8.11821365 -12.06284142 -9.66104317
v -7.22863102 -12.13285351 -9.41401768
v -9.23017883 -11.31187820 -11.06756306
v -10.27639866 -10.92783928 -11.10545444
v -9.67740440 -10.91619587 -11.28833961
v -8.94315434 -10.90666008 -11.46655750
v -8.63324261 -10.40347481 -11.83202648
v -8.13271809 -10.90073776 -11.61456203
v -8.30852604 -9.82219696 -12.17867565
v -6.32991409 -12.15870094 -9.15048027
v -6.44514561 -12.07413387 -9.88844490
v -5.70060635 -11.99900246 -10.27951050
v -5.10306787 -11.86218929 -10.67674828
v -4.86050892 -12.00929070 -10.11062813
v -4.12144041 -11.32382298 -11.58700848
v -4.58723545 -10.92668533 -12.01486206
v -3.65348721 -10.94761372 -12.06685638
v -3.19110489 -10.52633476 -12.56979084
v -2.70096874 -10.97245598 -12.10183716
v -1.74277902 -10.99684811 -12.11890125
v -1.71532619 -10.18786716 -13.14830780
v -2.71707916 -10.08618641 -13.11809444
v -2.17544985 -9.69943714 -13.69696331
v -3.69559503 -11.62851429 -11.09862900
v -4.60123777 -11.63428593 -11.12026024
v -2.40074396 -11.85159969 -9.34601307
v -1.87668061 -11.66113663 -8.84006786
v -2.86874723 -11.73672009 -8.70039463
v -3.79250789 -11.81139946 -8.44358253
v -4.64886618 -12.05681896 -9.43585014
v -4.55727291 -11.99558926 -8.71143627
v -5.44003010 -12.11212635 -8.92428303
v -6.20323944 -12.13335514 -8.38681984
v -5.89122057 -11.37717247 -6.27500820
v -4.57037210 -11.83192635 -8.04182720
v -2.40691710 -10.50149250 -7.42898130
v -1.91934049 -9.82335186 -7.26024914
v -3.16054034 -8.57346916 -6.59154415
v -2.51873612 -8.18049717 -6.79400253
v -1.75848782 -8.36252880 -7.00117874
v -2.02849936 -7.63379860 -6.90486813
v -1.41123700 -9.12122154 -7.17799091
v -1.24787498 -6.19852161 -7.05026245
v -1.63653100 -6.96333694 -6.97899580
v -0.30112812 -4.56148863 -7.19420195
v -0.82052398 -5.36525011 -7.12418938
v 0.23718859 -3.84922051 -7.24679899
v 0.64742547 -3.11175776 -7.28438950
v 1.09113777 -3.86206865 -7.21091461
v 1.97565138 -3.92113996 -7.13086462
v 2.65318966 -5.54055691 -6.88820553
v 2.16290283 -6.28549767 -6.93136740
v 2.80280018 -4.02522993 -7.01794147
v 2.51853538 -1.46569097 -7.26386261
v 2.56992769 -0.57174194 -7.29211855
v 3.29138064 -1.04983306 -7.22416401
v 1.17460048 1.26789999 -7.34551859
v 1.19382250 2.11552548 -7.30426407
v 1.18503952 2.96495771 -7.25131559
v 1.91733301 3.38713932 -7.16684961
v 1.15301955 3.82824183 -7.19585800
v 1.10629451 4.70030880 -7.15179300
v 1.81951654 5.17925310 -7.05307293
v 2.65876055 4.75677061 -6.94682503
v 2.66899896 3.81519294 -7.04117870
v 3.45750284 4.22563076 -6.86632347
v 4.28264427 4.48063612 -6.65990019
v 2.66699147 2.92405438 -7.13171768
v 4.12244415 1.11141372 -7.14918327
v 4.13132715 1.98398268 -7.07309818
v 3.40109158 2.45153427 -7.09964752
v 6.39174557 2.37780809 -6.80363846
v 7.20830488 2.76576138 -6.66737843
v 8.01723480 3.09173274 -6.55395317
v 7.34165430 3.63366294 -6.36765528
v 8.69637966 2.60445714 -6.77483082
v 8.76573944 3.43501878 -6.45638752
v 9.36036682 2.14378142 -7.04383850
v 8.64097214 1.72902751 -7.01006222
v 6.36002684 0.55126524 -7.05508089
v 5.59194946 0.15196933 -7.09382582
v 4.09805250 0.23317355 -7.18577003
v 4.05790234 -0.64642173 -7.18040037
v 4.82457447 -0.24707563 -7.13618469
v 5.54883766 -0.73505378 -7.07781601
v 4.00299644 -1.52245367 -7.13588333
v 3.82869363 -3.20761681 -6.97051382
v 3.93258286 -2.38332868 -7.06070185
v 6.27084255 -1.23141325 -7.00910854
v 6.99159288 -1.73369503 -6.93006229
v 6.91781664 -2.63376689 -6.74426603
v 3.59677482 -4.00435162 -6.89347506
v 3.16766715 -4.78462458 -6.86697578
v 3.72319841 -6.38175821 -6.53387785
v 4.25790167 -5.77654076 -6.45402908
v 3.48661208 -5.60048103 -6.69593525
v 2.51040483 -7.04840565 -6.83104134
v 3.28841949 -7.06391382 -6.61327553
v 4.01770163 -7.05688763 -6.35571051
v 4.41187811 -7.71269417 -6.12725449
v 7.01362514 -6.02105665 -5.39506149
v 9.13346672 -3.21951127 -6.70883369
v 9.80909824 -3.69534397 -6.69854498
v 9.79409218 -2.83898568 -7.05066395
v 10.43087769 -4.17378616 -6.75149345
v 9.86119366 -4.53248024 -6.24870968
v 11.06791401 -5.41890097 -6.38622475
v 11.19654560 -6.09101915 -5.88780785
v 11.86791134 -7.00168037 -6.15490818
v 11.82595348 -6.46647549 -6.67776728
v 11.59654427 -6.51340151 -6.04790735
v 11.85225201 -7.45302153 -5.59752035
v 12.04954147 -7.57166576 -6.20865965
v 11.55518913 -7.27480364 -5.07757235
v 11.78610420 -7.89472628 -4.92198944
v 12.16251469 -8.16197777 -6.29036570
v 12.17862511 -7.71716118 -6.84419060
v 12.20156097 -8.71936607 -6.49427986
v 12.11348152 -8.66606617 -5.74677944
v 12.16065788 -9.26857281 -6.84107876
v 12.23624134 -8.66400814 -7.21844244
v 12.01757145 -9.85120583 -6.39626265
v 12.03207588 -9.83007717 -7.25703716
v 11.97962952 -9.84177017 -5.50713158
v 11.80643082 -10.40071487 -5.92344093
v 11.92482471 -9.82274914 -4.56550407
v 11.87729645 -9.86094189 -3.59040093
v 11.76437283 -10.39765263 -4.05559349
v 11.52894115 -10.88698578 -3.56540728
v 11.54038429 -10.89190483 -2.63266277
v 11.21757507 -11.28171539 -3.07005143
v 11.52532768 -10.88814068 -4.50608110
v 11.52136326 -10.89672279 -6.36665154
v 11.52467537 -10.89471531 -5.44238901
v 11.50354576 -10.85105133 -8.15665722
v 11.81255341 -10.36869431 -7.70110083
v 11.51373386 -10.88362408 -7.27485418
v 11.11042309 -11.25034714 -8.62255287
v 11.48743534 -10.80272007 -8.98872471
v 10.62349892 -11.65521431 -7.28810358
v 9.98982525 -11.90364456 -7.75219250
v 10.59097767 -11.62118721 -8.23454952
v 10.64658546 -11.54168892 -9.11941433
v 10.19735241 -11.68798733 -9.68106842
v 9.48533535 -11.88181305 -9.64222336
v 9.80954933 -11.67940521 -10.24558353
v 9.43755627 -11.53476334 -10.73978519
v 10.08297443 -11.44231701 -10.72302151
v 11.70615482 -8.63590336 -10.79534245
v 11.76271725 -8.01101208 -10.74911976
v 11.91558933 -8.44368267 -10.32643604
v 11.66088581 -6.57879639 -10.95147800
v 11.73295593 -7.29683638 -10.81391239
v 11.32040977 -6.32118130 -11.39649487
v 11.59805012 -5.87340355 -11.02610779
v 10.97933197 -6.84323692 -11.70921612
v 10.86686039 -6.04961395 -11.83408451
v 11.10696030 -7.57623291 -11.57094860
v 10.59373760 -7.41638422 -11.94811153
v 8.46139908 -6.32971334 -13.37109280
v 8.58425903 -7.07309818 -13.04517174
v 7.87108755 -7.01909590 -13.45179462
v 7.22285938 -7.67761278 -13.48276043
v 7.19154167 -6.98732662 -13.91076469
v 6.56348896 -6.98331165 -14.43216801
v 7.21161699 -6.33101797 -14.38273239
v 6.33026505 -5.99556112 -16.36300087
v 6.80218315 -5.80043030 -15.61665535
v 6.14381695 -6.49488211 -15.64942837
v 5.19576502 -6.83696365 -17.05504417
v 5.44524956 -6.49172020 -17.81815338
v 5.87059307 -6.25101852 -17.09434128
v 6.49799347 -5.57734442 -17.15411568
v 4.95165062 -7.20950937 -16.31999016
v 4.47842789 -7.33874321 -17.02121735
v 5.45272779 -7.09688711 -15.64787197
v 4.72530270 -7.61387396 -15.62694359
v 5.13182545 -8.08443737 -14.43041134
v 5.86708021 -7.57176638 -14.44501591
v 5.77754450 -8.16373444 -13.92993641
v 3.71978545 -7.75967026 -16.98864555
v 4.02693605 -7.46883059 -17.74307060
v 5.69086981 -6.16218567 -18.58728409
v 7.02587128 -4.86547756 -17.29609680
v 6.64343834 -5.24254036 -17.95521545
v 7.92825174 -4.30422497 -15.28431034
v 7.40835428 -5.05518818 -15.48561382
v 7.60027313 -4.40048552 -16.02087021
v 8.35168839 -4.18492794 -14.60099983
v 8.83253956 -4.13850403 -13.96873188
v 8.34576607 -4.89609241 -14.14975929
v 9.27494717 -3.45168114 -13.71267223
v 9.33778286 -2.64556122 -13.90193081
v 9.69878483 -2.92561030 -13.36843300
v 9.32674122 -4.15622044 -13.42133045
v 7.80654573 -5.63109589 -14.28827858
v 8.38134956 -5.60524893 -13.73927212
v 7.42160368 -4.20028543 -17.47893143
v 7.42581940 -4.38442564 -16.77549744
v 7.80197859 -3.78934622 -16.47185898
v 7.28258276 -5.69398165 -14.90925503
v 5.98717976 -7.01834297 -15.01449966
v 9.00212479 -5.61016750 -13.24185848
v 8.17291832 -8.47991848 -12.75899982
v 8.75530052 -7.82180309 -12.75177193
v 8.97898865 -8.55459881 -12.47684193
v 9.72096825 -8.64102173 -12.19774723
v 9.24568748 -9.24905014 -12.20773411
v 9.53246212 -9.88382816 -11.93521309
v 8.76287842 -9.83193398 -12.12708187
v 8.28980637 -10.37592125 -11.94499969
v 7.90832710 -9.79384136 -12.30474758
v 5.99721766 -10.86600780 -11.80467415
v 8.67720795 -10.87057495 -11.57531452
v 9.43514729 -10.87413788 -11.47684574
v 9.06119633 -11.26179028 -11.17797661
v 11.15770054 -10.18907166 -11.08236790
v 10.86314678 -10.53888226 -11.22736168
v 10.76261997 -10.03118038 -11.42404842
v 10.20462990 -9.94696426 -11.70861435
v 10.59740162 -9.40608788 -11.65436077
v 10.32969856 -11.17325878 -11.05029774
v 10.08207035 -10.87378693 -11.35885429
v 10.58550644 -10.87348557 -11.21350956
v 10.93366146 -10.88176632 -11.01401234
v 9.81577301 -10.43484211 -11.65355778
v 10.38334942 -8.73351860 -11.89516354
v 10.17301178 -8.02300644 -12.10976696
v 6.47405386 -10.37336159 -12.17636681
v 6.93568325 -10.86214352 -11.73421001
v 6.97407722 -9.78320122 -12.48080730
v 7.40263271 -11.28241730 -11.27614403
v 7.83615685 -10.86470318 -11.65963078
v 7.55234337 -9.13447094 -12.68035507
v 7.31796551 -8.40940475 -13.07678986
v 6.49678898 -8.29512596 -13.47021389
v 9.29973984 -7.15470409 -12.67192364
v 9.98129368 -7.27078867 -12.31157303
v 11.55649471 -5.10627985 -11.03012276
v 11.49802494 -7.74938154 -11.17531681
v 11.24066162 -8.23379612 -11.41094875
v 10.95172882 -8.81090832 -11.54816341
v 11.39835167 -8.79419613 -11.17436314
v 11.58650684 -9.22912502 -10.81868076
v 11.95423412 -9.01221275 -9.98144341
v 12.07137299 -8.35439873 -9.66666412
v 12.13857555 -9.11871147 -8.47750950
v 12.01968002 -9.78054142 -8.10200310
v 11.97380829 -9.71860886 -8.92277813
v 12.17400742 -8.37311840 -8.85035610
v 12.22535038 -8.49818707 -8.00047207
v 12.23779678 -7.99675846 -7.45462751
v 11.88422203 -9.64769363 -9.69000149
v 11.75594139 -9.50912476 -10.33381367
v 11.47172642 -9.86701488 -10.74711227
v 11.35072327 -10.44312382 -10.70189285
v 10.93416309 -11.11925602 -10.75137806
v 11.17406178 -10.84738827 -10.74093914
v 11.34600544 -10.77050018 -10.33813000
v 11.73345757 -10.26816750 -9.35775757
v 11.44547844 -10.75559425 -9.73908615
v 11.14977074 -11.11719894 -10.05833149
v 10.76628399 -11.42615604 -9.84744167
v 10.86410046 -11.29451275 -10.38631058
v 10.58691216 -11.31067371 -10.72648525
v 8.69065762 -11.59102345 -10.76758862
v 9.04433346 -12.04903984 -9.03499794
v 8.73893929 -11.99217701 -9.70967579
v 8.32624245 -11.85320568 -10.27017498
v 7.87063599 -11.61601734 -10.78987217
v 7.17472887 -12.03533840 -9.64869690
v 7.99274349 -12.03719521 -9.71660137
v 7.76253080 -12.13521290 -9.07555008
v 6.98998690 -11.61687088 -10.80101395
v 8.42661858 -12.14856243 -8.56438541
v 7.62456417 -12.15122223 -8.28323174
v 9.38455772 -12.07538795 -7.17934608
v 8.88869953 -12.12838650 -6.53964949
v 9.21512318 -12.06881332 -8.15720940
v 11.12813950 -11.31835270 -6.82391453
v 11.17220497 -11.30891705 -4.95822525
v 12.03388309 -9.22410679 -5.14512539
v 11.96648026 -8.55876350 -4.94151258
v 11.35524082 -6.69272327 -5.42612791
v 9.80076694 -6.56494427 -4.39586830
v 8.34882736 -6.79410315 -4.30051136
v 9.03871155 -6.59877110 -4.32224274
v 9.47881031 -7.06983614 -3.67065144
v 8.11183929 -7.37086391 -3.85418916
v 11.76447392 -8.78230095 -3.34197021
v 11.75478745 -8.38185120 -4.14583158
v 11.74675751 -8.99188614 -2.54834700
v 11.86304283 -9.37196064 -3.06578541
v 11.69872761 -9.08874989 -1.74940383
v 11.53074837 -8.65858746 -2.16450906
v 11.18645859 -8.35304356 -1.87075853
v 10.71198082 -8.13151360 -1.58252871
v 10.13140583 -8.04925537 -1.27286863
v 10.04693890 -8.14471245 -0.31111553
v 9.97000122 -8.11204052 0.62388730
v 9.88573551 -7.95103741 1.53725910
v 11.82495022 -9.99494457 0.82007223
v 11.79574108 -10.43710041 1.22202814
v 11.82916641 -9.95675087 1.69590342
v 11.76126194 -9.39605045 2.20370579
v 11.84547710 -9.92227173 2.62086868
v 11.57099915 -8.77346802 2.64621353
v 11.56402302 -8.96890068 1.70042038
v 11.59343243 -8.43505001 3.59045100
v 11.55950546 -11.04196644 5.60489798
v 11.67112350 -10.84297180 1.56275463
v 10.84573174 -11.66183949 3.82437730
v 11.59247971 -10.88728714 -0.82870460
v 11.29626942 -11.25611877 -1.20887887
v 11.56146336 -10.89466476 -1.71793592
v 10.83830357 -11.57390976 -2.55482125
v 10.89441395 -11.55373383 -1.59959257
v 10.79082584 -11.59684563 -3.51476741
v 10.27313614 -11.82229042 -3.97815347
v 10.75328541 -11.62339497 -4.47074890
v 9.74164581 -11.89039516 -3.46252179
v 9.24187279 -11.82389641 -2.85594940
v 8.60142422 -11.65496349 -3.18859553
v 8.09030914 -12.08693123 -6.61071587
v 7.45447683 -12.08793545 -7.41041183
v 5.15395832 -10.89004803 -6.46261120
v 5.78166008 -11.32718563 -6.48941135
v 4.89990664 -11.63463688 -7.81588078
v 5.75084448 -11.66219044 -7.20348644
v 5.77388096 -11.89034557 -8.00619411
v 4.14251947 -11.83950424 -9.61100578
v 5.94296408 -12.00291729 -8.82962894
v 5.22924042 -11.91318035 -9.54701614
v 6.25157022 -11.99067116 -9.58154583
v 6.71375179 -12.06294155 -8.13301849
v 6.60399055 -11.85712051 -10.23715210
v 5.68981600 -8.79665470 -13.45816898
v 4.89945507 -9.16086960 -13.44838238
v 4.19762564 -9.49381733 -13.36557198
v 4.25750017 -9.01321602 -13.84827995
v 4.37087488 -8.52378273 -14.38724899
v 4.52856541 -8.05261803 -14.98167610
v 3.95782733 -8.05327034 -15.58980465
v 3.42156839 -8.07224083 -16.25248718
v 3.14136863 -8.42104816 -15.53605270
v 2.92129421 -8.09999561 -16.95772934
v 2.45073128 -8.13010788 -17.68816566
v 2.80771875 -7.91214132 -18.44906616
v 3.49419045 -9.83865929 -13.20090485
v 2.71893597 -10.10937309 -13.06148243
v 2.44807124 -10.55268383 -12.56321621
v 1.90714478 -10.24186897 -13.03357792
v 2.03381944 -10.96362305 -12.06153679
v 1.08812642 -11.00061226 -12.08557701
v -0.79071230 -11.01330948 -12.11975479
v 0.15146744 -11.01586914 -12.10720730
v 0.61430138 -10.65807819 -12.60010433
v -1.25274324 -10.62821674 -12.63081932
v 1.06303251 -10.28402710 -13.07533455
v 1.51171339 -9.92086697 -13.51879597
v -3.45127964 -8.88277817 -14.36802769
v -2.55165935 -9.20081902 -14.30127716
v -2.84144497 -8.75158596 -14.93786240
v -1.35427356 -8.49126148 -16.93128014
v -0.50549376 -8.58837509 -16.92385292
v 0.35829228 -8.60042000 -16.91853333
v -1.61725879 -7.70652103 -21.72423553
v -3.64560771 -7.55048656 -18.41634369
v -2.89559793 -7.87966967 -18.40555382
v -4.05900621 -7.42541790 -17.68319702
v -4.36304522 -7.14145422 -18.43059731
v -5.41172409 -8.31359577 -13.96702480
v -8.51379585 -6.30361557 -13.36446762
v -8.99364281 -5.54246378 -13.28878403
v -8.35791111 -5.60770845 -13.79091549
v -5.49779654 -10.91077518 -11.94520092
v -6.39139414 -10.90128994 -11.85410976
v -7.27329826 -10.89857960 -11.74234104
v -7.97648239 -9.18556213 -12.52763271
v -6.17663956 -9.28132057 -12.97254944
v -5.81468391 -8.72699451 -13.45259762
v -8.51359463 -8.48724556 -12.60376740
v -7.96995831 -7.06436539 -13.38750362
v -9.03971577 -7.73527908 -12.60552406
v -9.48538494 -6.94496822 -12.57445812
v -8.74154854 -7.01131678 -12.97430611
v -9.83820724 -6.19686556 -12.51448345
v -10.20061493 -5.54858685 -12.34856224
v -9.62937450 -5.49413300 -12.80828381
v -10.65095234 -5.77623987 -11.92261600
v -9.41978931 -4.77433634 -13.16517067
v -9.73813248 -4.00154114 -13.06133175
v -11.55554104 -5.42728233 -10.56708813
v -11.57456207 -2.75206017 -10.32703876
v -11.51017094 -2.17048144 -10.74766445
v -11.60296822 -0.97138911 -10.12382698
v -11.58655739 -1.88631678 -10.17572117
v -10.84723759 -0.80883014 -12.15870094
v -10.80367374 -1.64767277 -12.16888905
v -10.75238228 -2.46940112 -12.16176224
v -10.41642380 -2.04782176 -12.64065647
v -10.06495667 -1.62764776 -13.13711643
v -9.99795532 -2.45620179 -13.09711647
v -9.90842056 -3.23843217 -13.05089283
v -9.71193409 -1.20697176 -13.67011261
v -7.74601936 -5.69056892 -14.33595753
v -6.22788191 -6.08178425 -16.24912453
v -6.41443062 -5.63099575 -16.95205879
v -6.95063925 -4.93925428 -16.93795586
v -6.60775471 -5.19983006 -17.68625832
v -7.41904402 -4.18974638 -16.92074013
v -7.32172966 -4.68475056 -16.21002769
v -7.81086206 -3.38979936 -16.90638733
v -7.52634621 -3.72344923 -17.65694809
v -8.12880325 -3.04099250 -16.16726875
v -8.49878883 -2.66056728 -15.44049549
v -8.69753361 -1.72681928 -15.48134804
v -8.80297852 -0.81786400 -15.51381969
v -9.07770824 -0.34549433 -14.87402344
v -8.82355595 0.07929707 -15.53550148
v -9.37677860 -0.77791435 -14.24963379
v -8.55520058 -1.26759887 -16.19301414
v -8.45502567 -0.82323408 -16.91777992
v -7.92985773 -2.47211123 -18.39054680
v -8.14034653 -1.64767277 -18.38713455
v -8.13984489 -1.21444976 -19.12208748
v -8.10707188 -0.79000962 -19.83746719
v -8.02636909 -0.37500489 -20.52107811
v -8.13944340 0.02880792 -19.84007835
v -7.88574266 0.02870755 -21.16037369
v -7.67816496 0.41881904 -21.74290657
v -7.83450079 0.82032323 -21.16569328
v -7.34386253 -3.03562236 -21.18230629
v -7.72960758 -2.83286285 -19.13553810
v -7.63460159 -3.27386498 -18.40053368
v -7.25733852 -4.04415083 -18.41694641
v -6.80178165 -4.77549076 -18.43631935
v -6.98853111 -4.34723616 -19.18156052
v -6.70908451 -4.62241697 -19.94637489
v -6.47345161 -4.02397537 -22.28082085
v -6.16113186 -4.01042414 -22.67705536
v -6.16931248 -5.31089640 -20.00429344
v -5.68359280 -5.43345547 -21.68247986
v -5.22437239 -5.95521021 -21.44303322
v -6.24188423 -3.43767858 -22.87580109
v -6.40825748 -2.77665234 -22.96383095
v -2.91783118 -1.47266710 -24.06038857
v -3.39356351 -0.76501602 -24.03233337
v -2.54864812 -0.69415051 -24.09476662
v -2.18147254 0.11332455 -24.11032486
v -1.66779816 -0.63256979 -24.13045120
v -0.74263215 -0.58960885 -24.14646149
v -0.30679938 0.30639786 -24.13893318
v -2.90448117 2.26874948 -24.01612282
v -2.64194751 3.04008913 -23.97205734
v -3.14623690 3.56244612 -23.87183189
v -3.81755185 3.35511947 -23.82841873
v -4.09418821 2.69263744 -23.86550713
v -4.43903017 3.22593546 -23.73286057
v -5.06417227 3.14844513 -23.56187057
v -3.67260885 2.11417031 -23.96272278
v -6.28037834 -1.15472603 -23.31394196
v -6.71525764 -0.71000993 -23.05291367
v -5.76048088 0.48135331 -23.58646202
v -7.12474155 -0.33721331 -22.69080734
v -7.44443941 0.03282297 -22.25321770
v -7.40353584 0.79246885 -22.25688171
v -7.29021168 1.53570330 -22.26094627
v -7.07114077 1.14323294 -22.69110870
v -6.69673824 1.44842625 -23.03755569
v -6.53578520 3.62693763 -22.27665520
v -6.18908644 4.21739960 -22.29261589
v -4.87907887 5.27651739 -22.76844788
v -4.45443773 5.95219898 -22.29176140
v -4.88138723 5.85202360 -21.84513855
v -4.95400953 5.53553772 -22.36734581
v -5.31606579 5.68374300 -21.27490234
v -5.71230030 5.49122190 -20.61026192
v -6.07636404 5.25965452 -19.90727997
v -6.41673899 4.99496269 -19.17930222
v -6.84373903 2.96400404 -22.27173805
v -7.10055113 2.26107073 -22.26651764
v -7.70496511 1.60129905 -21.17282104
v -7.43169165 1.94629145 -21.75515175
v -8.24960613 0.86724901 -18.40073586
v -8.20975685 0.44376248 -19.12856102
v -8.61251545 0.49349880 -16.22618866
v -8.48885250 0.04271001 -16.92912292
v -9.73662663 0.64150327 -13.67096615
v -9.31941319 1.09695959 -14.26885605
v -9.38495922 0.14328679 -14.26579475
v -10.14470577 1.07151425 -13.08386612
v -9.80392838 2.63226128 -13.26017666
v -10.56578255 1.42634356 -12.53360462
v -10.17496872 1.98619092 -12.95152092
v -10.94570637 1.78915274 -12.02489948
v -10.96723652 2.64761877 -11.95990562
v -10.97210503 3.50096583 -11.90213966
v -10.93451405 5.23606586 -11.80437279
v -10.53060150 4.81483793 -12.21912670
v -10.95900631 4.36174059 -11.85240269
v -9.52036667 5.79611397 -12.77907467
v -9.07469654 6.39661360 -12.88913727
v -10.02957439 5.27752113 -12.54359245
v -9.98957443 6.11014080 -12.44030571
v -8.46220207 8.39715862 -12.61139679
v -9.19188595 8.37738419 -12.39975357
v -8.78742027 9.04955292 -12.33947754
v -9.57577419 7.66225529 -12.39538765
v -9.86229706 6.89804220 -12.38841152
v -9.27640247 7.02697515 -12.65099525
v -10.41486740 6.57202101 -12.09651756
v -10.85983467 7.03861904 -11.70464993
v -10.90073776 6.12559843 -11.75579071
v -8.65131092 7.05287218 -12.91694069
v -8.19053459 7.73111343 -12.89781952
v -7.73271942 5.82371759 -13.98147964
v -6.09684086 6.28579855 -15.59226418
v -6.00389242 5.72354221 -17.70076370
v -6.21392965 5.36284113 -18.44203949
v -2.66458249 7.57783890 -19.88037872
v -1.87181246 7.81417465 -19.87801933
v -1.12496448 8.13141251 -18.41905403
v -0.27899522 8.19720936 -18.41263008
v 0.11091553 8.29086018 -17.64856720
v -2.07060719 8.17071056 -16.94176865
v -1.59236550 8.15234089 -17.67622185
v -2.88867188 7.91961956 -16.94307518
v -2.41575027 9.07805920 -14.30875492
v -3.23868322 8.84875011 -14.28908157
v -2.94578600 9.33406830 -13.76948547
v -3.21464300 7.65949488 -17.68349838
v -3.68224502 7.57949543 -16.94262314
v -3.53800464 7.40644693 -18.43029594
v -4.27978325 6.99851894 -18.43420982
v -5.44730759 6.88464212 -15.55577660
v -5.34999275 7.82511568 -14.25284576
v -5.44886303 8.29156303 -13.73560810
v -5.33669281 7.34802818 -14.88099957
v -6.11109400 8.34651852 -13.39493179
v -6.87420321 8.40303040 -13.08070469
v -7.13096476 9.08563805 -12.69119549
v -7.68514109 8.40855122 -12.82775688
v -8.37919140 9.69577312 -12.19423389
v -7.98877859 10.32031345 -11.94791126
v -7.51379919 9.74591160 -12.30841160
v -8.49447346 10.77436447 -11.60402203
v -7.70712328 10.89215565 -11.59980679
v -7.52438879 11.34259319 -11.20086193
v -8.40087223 11.78474998 -10.32151794
v -7.97261810 11.58771133 -10.80196762
v -8.68558884 11.49712181 -10.81933308
v -9.37462044 11.39117527 -10.83057499
v -8.95279026 11.13019753 -11.23975754
v -9.22621441 10.68673611 -11.56894112
v -9.51650238 10.17792988 -11.79584122
v -9.87815666 10.60768986 -11.50093651
v -10.43278503 10.53270912 -11.39147663
v -10.21471786 10.92793941 -11.18555450
v -9.14581299 9.65341473 -12.07212639
v -11.27318287 7.44915676 -11.26414967
v -11.29842758 5.66391897 -11.36166477
v -11.30786324 3.91120267 -11.44111252
v -11.63880253 1.27035916 -10.55027485
v -11.72065926 1.72139895 -9.98585987
v -11.57024574 3.47170615 -10.98284531
v -11.60793686 6.08594990 -10.87197971
v -11.60608006 6.97437811 -10.82379913
v -11.59940529 7.84584332 -10.77712440
v -12.14595318 7.16920805 -8.24714661
v -12.19343090 8.03284359 -8.36518860
v -12.02259064 5.53353024 -8.60483646
v -10.36171818 2.24701810 -7.57111406
v -9.77471924 2.68621349 -7.14386320
v -11.42028427 4.13499117 -7.67505312
v -12.04788494 6.30251122 -8.08152580
v -9.08056927 4.57303190 -5.93222427
v -7.04403925 6.22336483 -5.02271652
v -7.53522968 6.69437933 -4.44475126
v -10.40648651 6.66752863 -4.27506590
v -10.87539291 6.66175699 -4.76294374
v -10.88593197 7.14888191 -4.03305912
v -10.88994694 7.54837894 -3.24862051
v -10.40513134 7.46240664 -2.77640128
v -10.89561844 7.85131359 -2.42307758
v -10.90796471 8.05587959 -1.58067167
v -11.32472610 8.31846333 -2.06885052
v -7.31505442 7.36353636 -4.05087614
v -8.11685848 7.99439955 -2.53835964
v -8.72483635 7.74787617 -2.19783378
v -8.92498589 7.93753672 -1.28330767
v -9.35730553 7.65678501 -1.84215128
v -9.87052822 7.48880529 -2.33565021
v -9.94330120 7.72107553 -1.46729696
v -10.46264648 7.89482641 -1.10815156
v -8.54927826 8.28769875 -0.70318437
v -7.89226723 9.81040287 -0.29023734
v -7.94245481 10.37828064 -0.82970834
v -8.21176434 8.73276615 -0.17761540
v -7.95956898 9.25808430 0.26022488
v -8.18842697 10.88598251 -0.33580804
v -8.14722252 10.94570637 -1.28200281
v -8.07259274 11.10384846 -2.16701841
v -8.47725868 11.43333340 -1.63969278
v -8.50983047 11.32322025 0.13229562
v -8.13618088 10.85958385 0.59809065
v -7.99234200 10.85682297 1.51161301
v -7.77532911 10.88874245 2.40064359
v -8.22907925 11.29265594 1.93530023
v -8.73176193 11.64597988 1.51853895
v -8.53678131 11.63348293 2.37564993
v -8.90561295 11.69320679 0.60893124
v -9.29898739 11.95649338 1.15186524
v -8.98250103 11.74113655 -0.33224469
v -8.94425774 11.77365780 -1.23653245
v -9.49958897 12.09696960 -0.85811478
v -7.64002180 10.83724976 -2.90357780
v -7.32459021 10.16317463 -2.92957520
v -7.11139154 10.60964680 -3.68204403
v -7.14652300 9.45718002 -3.11110520
v -7.57849169 8.33949280 -2.92586112
v -7.16273403 8.05291843 -3.68871927
v -7.09999895 8.75314236 -3.37087846
v -5.90888643 10.20503139 -4.94236565
v -6.52308750 10.39107800 -4.35310841
v -5.08916569 11.76055908 -6.55666351
v -4.98974323 12.10243988 -7.22968483
v -5.91119528 12.03267860 -6.89307356
v -4.16896820 12.16251469 -7.61021042
v -3.12229705 12.34926414 -8.61361980
v -2.57705450 12.17420864 -8.20308113
v -3.37203264 12.17566395 -7.92418671
v -2.07592702 11.84748459 -7.88694715
v -1.76978016 12.17576408 -8.44293022
v -3.61905813 11.85305500 -7.31465292
v -6.86170626 10.99950790 -4.42783833
v -6.60213375 11.33365917 -5.11119843
v -7.21608400 11.47920513 -4.67747355
v -6.49036503 11.65340710 -5.70823479
v -5.91912508 11.29034710 -5.64665413
v -5.56263971 10.70500469 -5.48203754
v -5.22863817 11.16894245 -5.97518492
v -5.26382017 10.05145645 -5.46321678
v -4.57754898 11.37210369 -6.43761730
v -3.87652278 11.38620663 -6.81252193
v -3.15120554 11.37862778 -7.15500498
v -3.57228303 9.13878727 -6.43234777
v -3.08596110 10.09265995 -6.80765390
v -3.20294929 8.38195133 -6.56353903
v -1.58438563 10.04914761 -7.34797812
v -2.35326600 10.06054020 -7.11450338
v -2.73946285 10.76683617 -7.10215712
v -2.39999127 11.36798859 -7.44664764
v 3.64495516 12.12417126 -7.78426218
v 3.09429216 11.81827545 -7.57718658
v 1.44822550 12.23784733 -8.58230209
v 1.60556495 12.39614010 -9.13657856
v 1.93695652 12.37235069 -9.71896076
v 0.71753812 11.57626820 -11.41009617
v 1.59693265 11.59820080 -11.37280655
v 2.42016673 12.12582779 -10.42380142
v 2.08847404 11.26414967 -11.82013226
v 3.73323584 11.29616928 -11.73160076
v 1.73786056 10.85973454 -12.29967880
v 4.10969639 10.95303345 -12.09310436
v 4.60063553 10.03720284 -12.78052998
v 4.40675926 10.54831791 -12.42544937
v 4.85835075 10.89080048 -12.10314274
v 5.37985468 9.74018955 -12.85335255
v 4.52515268 8.15986919 -14.42248154
v 3.98563147 8.08659458 -14.92757320
v 3.77308512 8.53336906 -14.36807728
v 3.03266144 8.84724426 -14.28481579
v 2.50945115 8.73617840 -14.70639515
v 3.57283497 9.01130962 -13.87126637
v -0.22499290 9.04518604 -14.85018349
v -0.54745096 8.76940346 -15.50443459
v 1.32852709 10.44382572 -12.77536106
v 0.86910594 10.87152863 -12.32537460
v 0.06439123 10.89105129 -12.32216263
v 0.42273369 11.22956944 -11.90424728
v -3.51647377 9.60142040 -13.30007648
v -4.15461445 9.79449368 -12.95392990
v -0.79743749 11.34710979 -11.73978138
v -0.70463979 10.95594501 -12.23378181
v -0.10283525 11.50640678 -11.52141285
v -0.93911827 12.18821144 -8.64152431
v -2.22890019 11.65099812 -11.23699760
v -5.87410641 11.63453674 -10.92879295
v -5.35581446 11.88903999 -10.49260902
v -5.67842340 12.09782219 -9.86410427
v -6.51315022 12.07523823 -9.79072952
v -6.06888628 12.20848656 -9.18827248
v -7.27881908 11.65737247 -10.78906918
v -6.92569590 11.89089680 -10.32809258
v -6.59852028 11.67142487 -10.82726288
v -7.31139088 12.04758453 -9.75790596
v -8.08273029 11.99870110 -9.75609970
v -6.50055313 12.24110889 -8.46556473
v -6.99871969 12.22550106 -7.73813963
v -6.71350098 12.13114738 -7.00288534
v -6.54928589 11.93506241 -6.31239843
v -7.52238131 12.19478607 -7.03515577
v -8.01347065 12.16417122 -6.33573580
v -8.31796169 12.22108459 -7.04047585
v -8.46646786 12.14113426 -5.61634064
v -7.86782551 11.72000694 -4.39150190
v -9.22766972 12.20713234 -5.54657936
v -8.88759613 12.13762188 -4.86723423
v -8.56057072 11.97230244 -4.22136450
v -9.28664112 12.16783428 -4.09157848
v -10.05215836 12.30193710 -3.99481583
v -10.92312145 12.31744480 -3.97840452
v -9.57647705 12.18811035 -6.27169561
v -9.87218475 12.10580254 -7.05608463
v -9.10380554 12.19754601 -7.04057646
v -8.63700676 12.20552635 -7.76649570
v -9.25025463 11.98791027 -9.16789627
v -8.95153522 12.12597752 -8.48378277
v -8.82546329 11.91804886 -9.77321339
v -9.52608776 11.79533958 -9.80141926
v -10.00011349 11.26465130 -10.83679867
v -9.77471924 11.55313206 -10.36618519
v -10.84196758 9.44588757 -11.46896648
v -10.66184235 10.05185795 -11.45285606
v -10.87253189 10.48583317 -11.22510338
v -11.12146473 10.57341194 -11.04829025
v -12.01119804 8.62250233 -9.68207264
v -11.84341908 8.23630619 -10.24186897
v -11.96577740 9.30275154 -9.65436840
v -12.10545063 9.01085758 -9.14169788
v -11.89175034 9.86972523 -9.51680279
v -11.75609207 9.68653870 -10.08347607
v -11.47107410 10.74967194 -9.62305069
v -11.76768589 10.37496758 -9.25246239
v -11.98464870 9.95499516 -8.91349316
v -12.12015629 9.44854736 -8.66089630
v -12.05912781 9.96222210 -8.21412277
v -12.18605328 8.80378151 -8.49532604
v -12.18424606 10.65637207 -5.87445784
v -12.20893860 9.98897171 -6.38185835
v -12.15252781 11.26650810 -5.14542627
v -12.12201309 9.97281170 -7.37683582
v -11.93169975 10.51183033 -7.78436279
v -11.91262817 11.76301861 -4.65288115
v -11.51217842 12.12632942 -4.23591900
v -11.44849014 12.16075802 -3.43898368
v -12.01998043 9.17602634 -3.13449287
v -12.26700592 9.91278648 -2.66503406
v -11.69712162 8.68644238 -2.58694148
v -11.68894100 8.85371876 -1.69168758
v -12.37847424 10.71765232 -2.19683003
v -12.24427128 11.34183979 -1.74252808
v -12.26013088 11.32076168 -2.60380483
v -11.93696976 11.82133675 -3.00229764
v -11.40477562 12.17541313 -2.55401826
v -10.76573181 12.34680557 -2.03903890
v -10.15248489 12.33997917 -1.46920407
v -10.26164341 12.33837318 -0.59196770
v -10.39674950 12.34790897 0.24185607
v -9.89205933 12.20828629 0.92898029
v -10.51996136 12.34023094 0.97590607
v -12.23468494 11.35724831 -0.88029790
v -12.33782196 10.77953339 -0.45088917
v -11.54349613 12.12723255 0.87046105
v -11.03945732 12.26304150 1.30644441
v -10.56131649 12.20883846 1.88230169
v -12.26228809 10.75895691 1.27487612
v -11.29822731 8.42762280 1.34985697
v -11.62173843 8.81999302 1.81359434
v -9.43906212 7.07063913 3.03848314
v -9.97562218 7.00348759 3.28119254
v -9.93808174 7.34341097 2.53334069
v -10.44096565 6.98617268 3.65971041
v -9.96704006 6.62376499 3.93569446
v -10.87554359 7.03861904 4.11978388
v -9.90425491 6.16263723 4.57107496
v -9.42305183 6.37172079 4.15561819
v -9.03048134 6.72388983 3.66909575
v -8.74014378 6.21674013 4.36791372
v -8.77878857 7.20519304 3.00199652
v -6.92308617 9.85873413 3.45604753
v -6.51711512 9.31037998 3.97097659
v -6.07661486 8.87931442 4.50573015
v -7.34054995 10.41913319 2.92601180
v -7.51445150 10.97637081 3.26151872
v -8.89171124 11.86871433 2.83988905
v -9.65030289 12.09817410 1.70905268
v -10.43584633 12.09922791 2.64867282
v -10.02475643 12.14540100 2.19863677
v -9.46541023 12.03408337 2.50849771
v -8.45090961 11.88713264 4.48229218
v -8.91996670 12.00999355 5.02989340
v -10.08302402 11.94981766 5.13990593
v -9.47334003 12.03729534 5.52715635
v -11.87032032 9.31228733 2.30739427
v -12.00316811 9.88167000 2.76631355
v -12.10369396 10.06079102 1.76757193
v -11.58063507 7.80880451 4.48299456
v -11.81822491 8.52067089 4.34457636
v -11.58595467 8.25733471 3.65208197
v -11.60126209 8.60739613 2.74152064
v -11.73104858 10.81667328 4.42477655
v -11.69345760 10.75012302 5.29784727
v -11.68989372 10.71223164 6.17287540
v -11.92673111 10.16934776 6.65312481
v -12.10560131 9.52674007 7.15806627
v -12.23955345 8.84207535 7.74677181
v -12.32878780 8.19093609 8.35183907
v -12.37526226 7.62175369 8.94621563
v -12.22981739 6.84233379 8.73296642
v -12.10033226 6.60956144 7.99545383
v -11.96758461 8.74762154 5.05860138
v -11.91282940 6.41433001 7.28408861
v -11.26460075 7.15651083 4.64986992
v -11.37601852 3.86106491 7.91108751
v -10.94926929 3.44751549 7.55284548
v -10.39137936 3.01640034 7.27696180
v -11.15403652 4.25649643 7.33267069
v -9.83710289 3.41373897 6.80153084
v -9.20734406 3.74352455 6.41433001
v -10.99398708 4.82628107 6.74712706
v -9.85436726 5.60289049 5.20128584
v -9.21316528 5.19330597 5.40906429
v -8.54973030 5.54406977 5.05830002
v -8.55851269 3.34653711 6.48645020
v -7.86867857 3.05906034 6.54491949
v -7.05623484 2.82663941 6.61217117
v -6.17483282 2.48566222 6.73869514
v -5.32921505 2.99542189 6.69859505
v -7.92458820 6.07761860 4.69498920
v -6.95299816 7.31851768 4.25132704
v -7.38305950 6.71209574 4.40414953
v -4.98949242 7.94943142 5.54356813
v -5.55536222 8.46983051 5.05057096
v -4.24660921 8.15841389 6.00022888
v -4.44851542 7.35033655 5.93854761
v -3.93579483 6.77437925 6.25558567
v -3.58764052 4.70397282 6.68057775
v -1.47060943 7.54491568 7.00940943
v -0.63783956 8.95384407 7.32418871
v -0.19041336 8.21166325 7.21673632
v -1.04903007 8.25357056 7.14717579
v -1.09249282 9.64658928 7.47159100
v -0.22534421 9.60638905 7.54225588
v -1.88385761 8.29582882 6.98883247
v -2.68857217 8.30621815 6.74321222
v -2.35000396 9.01261425 6.97819281
v -3.27085376 6.93698835 6.50762987
v -3.00360250 7.60624552 6.58752918
v -3.47004986 8.26370811 6.41317606
v -3.99682331 8.94701862 6.21142006
v -2.88104343 9.70606232 6.98807955
v -1.98865008 9.69903564 7.29753876
v -3.72139144 9.66656399 6.55992556
v -3.49956059 10.32478046 6.99068928
v -4.79129982 11.24989605 7.04017496
v -4.15310907 10.83197975 6.99219513
v -3.41785431 10.90585709 7.46652222
v -2.76566100 11.07328415 7.91846514
v -4.51882887 9.64789391 6.04765654
v -6.10888577 11.28015900 5.94562435
v -6.09684086 11.60266781 6.60399055
v -5.44329214 11.58866501 7.14180565
v -4.77072287 11.59062195 7.63545513
v -1.55663168 10.29572105 7.68348503
v -2.29730654 11.30685902 8.38154984
v -1.95683098 10.87218094 7.99951887
v -1.05143905 11.44096184 8.97186184
v -1.93073320 11.51313210 8.90566349
v -2.74192214 11.59006977 8.73853779
v -3.40038896 11.85089779 9.61446857
v -3.36490607 11.78073406 9.02320385
v -3.63933420 11.83082199 10.14430428
v -0.10589673 11.62480068 10.00995064
v 0.80877995 11.62449932 9.95820713
v 1.74292958 11.65320683 9.85441780
v 1.34624350 11.58178902 10.48959732
v 2.64636421 11.71975613 9.64924908
v 1.83893931 11.42214108 11.05737495
v 0.87568057 11.40608120 11.07750034
v -3.20756650 11.17466354 11.58480072
v -4.39898014 11.88407135 10.13607311
v -5.22366953 11.93666840 10.05165672
v -6.13473272 11.99819946 10.01788044
v -7.37989759 10.34008694 12.30248928
v -6.99861908 10.87674809 11.95839977
v -6.77096605 9.78656387 12.59488487
v -7.77633286 9.66952515 12.57807159
v -8.26074791 8.92202473 12.74715519
v -6.07094383 9.33637714 12.91648960
v -5.84605122 9.99228477 12.56326580
v -5.03365755 10.21286106 12.48888779
v -4.53744888 10.90324688 11.92121124
v -4.32425022 10.48392582 12.32131004
v -3.71993613 10.82916927 12.00648022
v -4.32470179 9.96322536 12.75413132
v -3.59130430 9.70957565 13.09355259
v -4.45659590 9.38270092 13.20592403
v -5.32846212 9.02420807 13.27146912
v -6.21136999 8.61944103 13.29310036
v -6.29503345 7.94325829 13.67924690
v -6.51049042 7.29161692 14.04029942
v -6.36569786 5.30236435 17.60314751
v -6.88293552 4.58096170 17.82778931
v -6.42266130 5.53292799 16.68079185
v -7.30747604 3.85609627 18.03692245
v -6.51164484 5.81237507 15.82950211
v -8.95223808 5.09649324 13.45435429
v -8.19294357 5.38773441 14.00105286
v -8.51163769 5.97874832 13.46941090
v -9.39645195 4.19009733 13.32451820
v -9.22214890 3.48279762 13.73706341
v -9.74239826 3.33850718 13.17249870
v -7.88248014 4.91621780 14.68315792
v -8.21838856 4.03070021 14.89645672
v -8.76935291 3.39466763 14.40315914
v -8.43249130 3.17810631 15.15387154
v -8.58862591 2.34849834 15.40119839
v -8.19710922 2.95537186 15.95853615
v -8.04027176 2.75567365 16.80696487
v -8.69296646 1.49710870 15.64476013
v -8.73668003 0.58539307 15.88360500
v -9.00864983 -0.00456711 15.18579102
v -8.71876335 -0.38594589 16.02508545
v -9.29366684 -0.54097670 14.53510284
v -8.62917805 -1.34920454 16.05444527
v -8.46882725 -0.86373585 16.89469337
v -7.79826498 -2.35502267 19.29202461
v -7.42039919 -3.94819117 17.65188026
v -7.48338509 -3.52871966 18.47375870
v -7.17769003 -3.89062548 19.28183556
v -7.52995968 -3.13720298 19.27250099
v -7.54486561 -2.76827097 20.03425407
v -7.26476622 -3.13158202 20.72464180
v -7.51264477 -2.41820931 20.74220657
v -7.41668510 -2.08425832 21.38335991
v -7.68915606 -1.67487466 20.78290939
v -7.79967022 -0.91522872 20.84147835
v -7.84664631 -0.15809226 20.91123962
v -7.82983303 0.57876825 20.98240662
v -7.09949684 -2.45896196 21.89974403
v -7.24172974 -1.76094711 21.95133781
v -6.74747849 -2.80651402 22.30265236
v -6.90983629 -3.08716559 21.85733414
v -6.35540962 -3.18372726 22.56448364
v -4.98552752 -1.53695798 23.59800529
v -4.27090025 -1.97670543 23.71419144
v -4.36555481 -1.08200359 23.76528168
v -3.70558238 -0.57359886 23.87765312
v -4.47787571 -0.18604699 23.77060318
v -4.60515261 0.69565618 23.73080254
v -4.74582958 1.54799926 23.63951111
v -5.43330479 1.78829956 23.44262314
v -4.31812716 4.72856474 22.85848618
v -2.13916397 4.67290640 23.50099182
v -1.42232847 5.14743376 23.48041534
v -2.04942775 3.86462808 23.69351387
v -0.62383711 4.87109852 23.63609886
v -1.91642952 2.99752975 23.83584785
v 1.71111035 1.70965493 23.97471809
v -0.95221734 -2.75251174 23.94074059
v -0.18504323 -2.11487293 24.00673676
v 0.74112648 -2.43095708 23.99549484
v -0.98970777 -5.40695620 23.47404099
v -0.05450419 -5.48429585 23.52678871
v 0.33836764 -6.12996483 23.31715393
v -0.06263465 -6.64037704 23.02390480
v -0.86734939 -6.62717772 22.96332741
v -0.41349912 -7.07475424 22.65903854
v 0.72883046 -6.64067793 23.05381775
v -1.35778677 -6.08037901 23.19293785
v -4.61137581 -5.78477144 22.05858803
v -3.99165416 -6.26627541 22.07284164
v -4.08023596 -5.75872421 22.51946449
v -5.20786047 -5.26592779 22.02606773
v -5.08093500 -5.74848557 21.50606918
v -5.29247713 -4.72615576 22.46696854
v -5.75912571 -4.72655725 21.97728348
v -5.88058043 -5.48806000 20.15962410
v -5.50040627 -5.64795923 20.86993599
v -6.04850960 -5.07019472 20.81573296
v -4.89975595 -6.18065500 20.92137909
v -4.25835323 -6.65759134 20.96584511
v -4.66045952 -6.56986284 20.28765488
v -3.58548236 -7.06697512 21.00408745
v -3.82859325 -6.69729042 21.56619453
v -4.11566877 -5.16113520 22.90039253
v -4.12891817 -4.46914291 23.20980072
v -4.75295591 -4.63827658 22.87785721
v -1.92777205 -5.43656731 23.35504532
v -2.63371682 -4.79114914 23.44483185
v -2.59020376 -3.87466574 23.66786766
v -3.41017556 -4.21955776 23.46847153
v -1.74684429 -3.37238407 23.82605934
v -2.66021609 -2.90202188 23.81802940
v -3.49659944 -2.43296480 23.78430367
v -4.19767570 -2.85364079 23.61080360
v -4.84133720 -3.19361424 23.37692833
v -4.15064955 -3.69263387 23.44548416
v -6.29066706 -3.71160483 22.31223869
v -6.63335085 -3.64525628 21.86396027
v -6.24278736 -4.18211746 21.91821289
v -6.95831823 -3.43250942 21.34084892
v -6.16720438 -4.63506460 21.41005898
v -6.74321222 -4.60806322 19.31997871
v -6.23410511 -5.27887630 19.38487244
v -5.74130869 -6.12665224 17.93960762
v -6.07229900 -6.00007820 17.09499359
v -5.09197617 -6.67084122 18.06843948
v -4.36716080 -6.92298555 19.62055588
v -3.65388870 -7.33196783 19.68334007
v -2.90157032 -7.66345978 19.73955154
v -3.27135563 -7.38657236 20.39229584
v -2.88530922 -7.39751339 21.04152870
v -2.88907337 -8.11941814 16.83266068
v -3.70131636 -7.79128885 16.79381561
v -4.15576887 -7.75560522 16.09389305
v -7.46847916 -5.24560165 15.20506287
v -6.46958733 -7.07575798 14.44345951
v -6.48921061 -7.63359785 13.94152927
v -5.81990337 -7.65357304 14.39603233
v -4.34788847 -8.64503670 14.26147842
v -5.11159992 -8.17447472 14.34157848
v -5.05262899 -8.71429634 13.81651115
v -5.20926571 -7.68669701 14.89575481
v -4.65569162 -7.72197914 15.45836258
v -3.88314748 -8.14657021 15.44059563
v -3.64957261 -8.59128571 14.77856541
v -3.01604915 -8.51625443 15.41033173
v -2.07050681 -8.77919006 15.42418385
v -2.49138355 -8.42817497 16.12817192
v -1.56988132 -9.16046810 14.77490139
v 0.80867958 -9.48392963 14.30469036
v 1.71748424 -9.35464573 14.32988453
v 2.61444449 -9.15098286 14.34524155
v 4.70793772 -6.82607269 18.96765900
v 4.98919106 -6.78080320 18.09503937
v 4.02859259 -6.99063921 20.58441544
v 4.36670923 -6.92032576 19.81498337
v 2.01319218 -7.86953163 20.44554520
v 2.48962688 -7.95189047 18.54758453
v 1.53595424 -8.18380928 18.57569122
v 0.98142678 -8.17838860 19.34733200
v 1.25921750 -8.04769897 20.16860771
v 1.43146276 -7.92007113 20.88002396
v -0.73856694 -7.41347313 22.22395897
v 0.03186939 -7.42642164 22.28212547
v 0.79814011 -7.39149094 22.32629204
v 1.53806210 -7.30115271 22.35048294
v 1.12822676 -7.02677441 22.73166084
v 0.92125130 -3.35717702 23.92668724
v 1.64375806 -2.71783185 23.96498108
v 2.38327861 -2.08716917 23.96457863
v 2.72345304 -4.60058546 23.68202019
v 2.80385423 -5.27566433 23.50731659
v 3.41188192 -4.77764845 23.53060341
v 2.24616480 -7.14245796 22.35043144
v 2.93203425 -6.90110397 22.32995605
v 3.32510686 -6.98853111 21.84303093
v 3.60736442 -6.57121801 22.29863739
v 3.68806672 -7.01623535 21.26260757
v 4.40023470 -6.59852028 21.18396187
v 4.69473791 -6.16579914 21.73828888
v 4.27361012 -6.16093111 22.26375771
v 3.81996083 -6.09423113 22.70009232
v 3.95888138 -5.55345488 23.03780746
v 4.03095150 -4.94146252 23.30967522
v 4.05298376 -4.25393677 23.51780510
v 4.69905424 -3.72359991 23.46706581
v 5.32665539 -3.20480633 23.37000084
v 6.15440655 -4.15586948 22.52654266
v 6.24705362 -3.61920881 22.76212502
v 6.50451803 -4.09905624 22.12739563
v 6.84624815 -3.90126538 21.66210365
v 7.17508030 -3.62006187 21.11374855
v 7.47851706 -2.90116882 21.13879204
v 6.45247316 -2.25223756 22.97953796
v 5.91596317 -2.71241164 23.21286392
v 6.35621262 -2.98071671 22.89617729
v 5.36394501 -2.42157197 23.47373962
v 4.70994520 -2.11030579 23.67579651
v 3.61132932 1.12923050 23.83750343
v 6.52424192 -1.46694565 23.02661514
v 6.92619801 -1.81710744 22.65913773
v 8.41964245 -2.01073289 16.95441628
v 8.57346916 -1.19101191 16.96972466
v 8.38872719 -1.63848829 17.68922043
v 8.35911560 -1.26107442 18.43215370
v 8.63193798 0.47994804 16.98618507
v 8.53853798 0.02032615 17.71084976
v 8.64503670 -0.35879415 16.97986221
v 8.43670654 -0.43201849 18.44284248
v 8.31294346 -0.87678474 19.16866302
v 8.23224068 -0.48747626 19.88404274
v 8.10044670 -0.09766589 20.56409073
v 7.91500235 -0.53580731 21.19169044
v 7.90421200 0.28612190 21.19535446
v 7.63505363 0.65625858 21.76559067
v 7.29086399 1.00396121 22.26420975
v 7.37502909 0.21159269 22.26787186
v 7.12233257 1.77871370 22.25863838
v 7.36865520 3.15050292 20.55314827
v 8.34295559 2.14955282 16.98949814
v 8.34079742 1.69228983 17.71521759
v 8.53191376 1.31848955 16.98934746
v 7.69598150 3.75772762 16.97775459
v 8.06421089 2.96525884 16.98603439
v 7.03515577 4.42091227 18.42597961
v 6.86471748 4.83094835 17.67983437
v 7.23977280 4.51933098 16.96269798
v 6.69789267 5.24309254 16.93795586
v 6.55350161 5.66652870 16.21790695
v 7.04403925 5.42366886 15.57680607
v 7.57151556 4.68500137 15.60164928
v 7.62064934 4.21047401 16.27175903
v 8.44363308 3.61634803 14.98870277
v 8.01843929 3.90919518 15.61299133
v 8.54606628 4.16906881 14.41525459
v 8.69126034 4.77067232 13.90188122
v 8.90355587 3.32862020 14.39522934
v 9.40126991 3.03737903 13.82072735
v 9.30024147 4.57920504 13.39779282
v 8.87901402 5.42301655 13.45064068
v 9.93396568 2.72114420 13.24522114
v 9.66721630 3.68324876 13.31031513
v 9.91991329 4.41910553 12.89119434
v 10.48503017 4.40409899 12.39629078
v 10.08538342 1.75085926 13.22599888
v 10.45612240 2.30864906 12.68201065
v 10.16392708 0.81972092 13.21606159
v 10.14490604 -0.98418707 13.20195866
v 10.18244648 -0.08717659 13.20853329
v 8.82089615 -5.60514879 13.35583496
v 9.53592491 -5.45102119 12.85832119
v 9.29873657 -4.72349596 13.26750469
v 9.66285038 -3.76851821 13.20552254
v 10.26962376 -3.31296134 12.64442062
v 10.56432724 0.40019926 12.67764473
v 11.51202774 -4.50271845 10.95955849
v 11.48989487 -3.60033798 11.00116444
v 11.55488873 -5.38166142 10.91875553
v 11.77912807 -4.89478731 10.39755249
v 10.88221836 -6.44323826 11.74344444
v 11.24547958 -5.89920044 11.37556648
v 11.60286808 -6.22763062 10.88618279
v 11.63634396 -7.04072666 10.86440182
v 11.64211559 -7.82717323 10.84869289
v 11.32487679 -7.47495365 11.28121281
v 10.95479012 -7.17432737 11.66013241
v 10.94500351 -7.87575531 11.61245441
v 8.49557686 -7.07886982 13.02670193
v 8.28925419 -6.42281199 13.40246010
v 6.91801739 -5.77112055 15.47637939
v 6.33899784 -6.41252327 15.45831203
v 5.68956518 -6.99420261 15.45901489
v 5.94391775 -9.48051739 12.79884911
v 6.33528423 -9.94847012 12.39408207
v 5.49077034 -10.07855797 12.47448349
v 5.37443447 -10.92442608 11.71945477
v 5.70953989 -11.27724838 11.22911835
v 5.06617975 -10.56186867 12.14344311
v 4.58091164 -10.93085098 11.81937885
v 3.96942067 -11.22811413 11.46369648
v 3.83832955 -10.85652256 12.00266552
v 2.48847270 -10.41045094 12.73345375
v 3.14949918 -10.66771507 12.32256413
v 2.28054357 -10.89074993 12.17405796
v 2.05148554 -11.25260639 11.68758583
v -1.95095897 -9.48914909 14.10017395
v -2.80586171 -9.46842194 13.88732624
v -2.25258899 -9.85602379 13.52245998
v -3.53278494 -9.54967594 13.56020069
v -3.54166818 -9.07218742 14.13023663
v -4.23536730 -9.72041607 13.18168259
v -5.02457380 -9.29321575 13.32000065
v -5.02050829 -9.89662647 12.83247471
v -5.10236502 -10.47017479 12.35087013
v -3.63747716 -10.87499142 12.12637901
v -4.49087429 -10.85928249 12.06851292
v -2.73775649 -10.94053650 12.12828636
v -1.80847514 -10.25306129 13.09154510
v -1.37826347 -10.64889431 12.62640285
v -1.84305465 -10.98921967 12.13200092
v -0.94955736 -11.01581860 12.14133549
v -2.33143425 -11.29391098 11.62645626
v -1.90468562 -11.56151295 11.09220505
v -0.51558155 -11.32653332 11.64462471
v -0.96943182 -11.56502628 11.11102581
v -0.05023821 -11.55644417 11.14133930
v -2.39457083 -11.78896523 9.27434444
v -1.92581475 -11.80713367 9.93025208
v -1.44170105 -11.72924137 10.54048824
v -2.75065494 -11.65912914 8.60739613
v -1.81560183 -11.61857700 8.80438423
v 0.83914369 -11.52828884 11.19890499
v 1.58047092 -11.44939327 11.36000824
v 0.49048752 -11.28843975 8.47525120
v 0.96802652 -11.55263042 8.90997982
v 1.91070819 -11.55283070 8.79078293
v 2.86784387 -11.57145023 8.57883930
v 2.30137181 -11.28472614 8.20985699
v 2.66247439 -10.91007233 7.67389917
v 1.71893966 -9.87394142 7.34004831
v 2.11236358 -9.25000381 7.05954742
v 2.54799557 -9.87700272 7.10471678
v 2.51115751 -8.57371998 6.82537031
v 3.72048807 -6.40273666 6.43003893
v 4.12761354 -7.11415195 6.17448187
v 3.32686353 -7.12705040 6.50416660
v 2.91793156 -7.85999632 6.63826895
v 3.32289863 -8.58340645 6.51239777
v 4.56455040 -7.85969496 5.86999083
v 3.73208165 -9.27730560 6.40830755
v 4.13192940 -8.60122299 6.10291338
v 4.15180397 -9.92523289 6.34261131
v 3.36194491 -9.89306259 6.77237177
v 3.01012683 -10.44146729 7.19385052
v 3.51677489 -10.93230629 7.33437681
v 4.33659649 -10.96803951 6.88865709
v 4.09303379 -11.34199047 7.52815294
v 4.60189009 -10.50876904 6.32253647
v 5.58873701 -11.72567844 7.14807892
v 4.77338266 -11.66956806 7.76363516
v 3.84435225 -11.61340809 8.25407219
v 2.35878682 -11.47127533 11.16738701
v 3.31838179 -11.48703384 11.01381111
v 4.27205467 -11.52939320 10.85983467
v 4.66096163 -11.75142479 10.20161819
v 5.19134855 -11.56482601 10.75017357
v 6.08589983 -11.58861446 10.67865562
v 7.71560526 -12.06499958 9.43344116
v 6.94125414 -12.03935337 9.45958900
v 6.50085449 -11.84392166 10.08011341
v 6.95766592 -11.60081005 10.62500477
v 7.81171513 -11.60156345 10.56949711
v 8.18175125 -11.87036991 9.96081638
v 8.65949154 -11.58675766 10.51102734
v 9.08433247 -11.23594379 11.00959587
v 9.46827126 -11.53787422 10.52472878
v 8.44037056 -12.06931591 9.28528595
v 9.12583828 -12.06324291 8.93738270
v 8.50993061 -12.19508648 8.57351875
v 10.15875816 -11.46093655 10.62023735
v 10.68834209 -11.37662029 10.72854233
v 10.41491795 -11.20497799 11.02078724
v 10.68372440 -10.92578125 11.23343372
v 10.15835667 -10.86676025 11.30434990
v 9.49587440 -10.83283329 11.36869049
v 8.73366928 -10.82475281 11.43443680
v 9.37316513 -9.07314110 12.11965466
v 9.80443096 -8.33281708 12.15393257
v 10.45371342 -8.17783642 11.88813686
v 10.85998535 -8.62506199 11.57370853
v 11.26931858 -8.98777103 11.20633221
v 11.04994678 -11.28482628 10.83765125
v 11.25225449 -11.18751240 10.13481808
v 10.97115135 -11.37170219 10.43343735
v 10.90580654 -11.45626926 9.85863400
v 11.52582932 -9.99780464 10.74234390
v 11.58294392 -9.31871128 10.78957081
v 11.62123680 -8.58952904 10.82751369
v 11.52723503 -10.83087635 9.82239819
v 11.57812500 -10.84131527 9.09442043
v 11.60276794 -10.84748840 8.28202724
v 11.60999489 -10.85561848 7.38275814
v 11.82439804 -10.55388832 5.86637735
v 11.59117413 -10.92984676 6.45608664
v 12.11764622 -7.91173983 6.59114265
v 12.20848656 -8.93376923 7.40704918
v 12.15744591 -9.32704258 8.87043190
v 12.23513699 -8.67249012 8.73939037
v 12.22153568 -8.16443634 7.31856775
v 12.25802231 -8.42099762 8.04739857
v 12.14951611 -7.37251997 7.27625942
v 12.15674305 -6.83068991 7.93427420
v 12.00372028 -6.56715250 7.26747656
v 11.79127407 -5.75305271 7.27791548
v 11.49114990 -2.69088101 11.03754997
v 11.50675774 -1.78734601 11.06701088
v 11.78429794 -2.13439608 9.41326523
v 11.66274261 -2.55025411 8.82305431
v 11.42414856 -2.96801925 8.20247936
v 11.00894356 -2.35150957 7.85557938
v 11.05255604 -3.32510686 7.57266951
v 10.65436459 -3.69855595 7.00730181
v 10.00779247 -3.43286061 6.75475550
v 9.55469513 -2.57198548 6.92961073
v 10.56889439 -1.67236519 7.64373589
v 11.05632019 -1.46925426 8.06320763
v 9.00237560 -1.70062113 7.01287270
v 9.86380291 -1.68697000 7.27866840
v 10.21291065 -0.87000936 7.55535507
v 7.25869322 -1.99557614 6.77618599
v 8.11916733 -1.82829940 6.85237122
v 8.35545254 -0.89485240 7.03334904
v 6.41980076 -2.19010496 6.75917196
v 4.87727165 2.31150961 6.90682507
v 5.70236301 2.54704213 6.78175688
v 5.56143475 1.69038272 6.93191910
v 6.51425457 2.76907396 6.65769196
v 5.86421919 3.38462996 6.56655025
v 7.29573202 2.99768019 6.53874636
v 6.24891043 1.07507765 6.96173096
v 10.88251972 3.76209402 12.05014420
v 10.93581963 4.60946846 11.94409657
v 11.27288151 3.22242236 11.57631874
v 10.87162876 2.80345273 12.12572670
v 11.30234241 4.93980598 11.51082325
v 11.58490086 2.73093104 11.04146481
v 11.79097271 2.21033072 10.51147938
v 11.91799831 2.50669098 9.92242241
v 11.91584110 2.60922503 9.33160973
v 12.10494900 4.88128710 8.87946510
v 11.80868912 1.88215113 9.12543678
v 11.75865173 2.62372947 8.72112179
v 11.71227837 1.03517807 9.05221272
v 11.42761135 0.65575665 8.55550194
v 11.05004692 1.12631953 8.06230450
v 11.89988041 5.81884909 7.00554514
v 11.97681904 6.55074120 6.53182030
v 11.65742207 5.97764444 6.28434324
v 10.04192066 4.39802647 6.09137011
v 10.00909710 3.61032557 6.55676365
v 9.40628910 3.95426393 6.19124460
v 8.73888874 3.57690024 6.30537176
v 8.03690910 3.26056504 6.42230988
v 7.41412592 3.74653578 6.25066710
v 10.06977463 5.16068363 5.52208757
v 9.42661476 5.38818598 5.15601635
v 8.78430939 5.65046835 4.91340733
v 7.52107620 4.41875410 5.92238712
v 6.85272264 4.26357269 6.10667753
v 6.07591248 4.19290781 6.28333950
v 5.18648005 7.85472631 5.55987930
v 6.00936317 9.27569962 4.84093571
v 6.28499556 8.53096008 4.58818865
v 5.55757046 8.58641720 5.23365688
v 4.77488852 8.57151127 5.80359221
v 6.95550776 8.50220203 3.87361193
v 7.17919540 9.17517281 3.36234641
v 7.88022184 6.97513103 4.02819109
v 8.29326916 7.42988491 3.25650001
v 8.65833664 7.77568007 2.35075665
v 8.85818577 8.02350903 1.41741014
v 8.51585293 8.43876457 0.91808945
v 7.42456484 9.76759243 2.91316366
v 7.74872923 9.78274918 2.10297847
v 8.27239132 10.74139118 1.31879067
v 8.50114822 11.11980820 1.82493687
v 8.79349327 11.43513966 2.38910031
v 9.00603962 11.40337086 1.49941730
v 9.07248878 11.67659473 3.03220963
v 9.64167118 11.77973080 3.02769279
v 9.30741882 11.83689499 3.67110324
v 9.58505917 11.90766048 4.22046137
v 9.94445515 11.88141155 4.74858999
v 10.09220886 11.83363247 3.98131537
v 8.68508720 11.93887711 5.09227753
v 9.01236343 11.88683224 4.36575556
v 5.14582777 11.87594128 8.16990757
v 5.59601450 12.02344418 8.59936619
v 7.94757414 12.14238930 8.56097221
v 8.71218872 12.10078335 8.60624218
v 8.43685722 12.14198780 7.90335846
v 8.15454960 12.12366962 7.19641018
v 8.91118431 12.09737110 7.20328569
v 9.43193531 12.00567722 8.67479897
v 8.97728157 11.99714565 9.26927567
v 7.44940805 12.09541321 9.18320370
v 7.15992355 12.13526249 8.53096008
v 6.87319946 12.08693123 7.85879183
v 6.36198425 12.08718300 8.52242756
v 5.90201092 12.06585312 9.12925148
v 7.40122747 12.07568932 7.19641018
v 6.66391516 11.96266651 7.18326092
v 7.87946892 12.04246521 6.52143145
v 8.30797482 11.99318027 5.81839752
v 7.62371111 11.88944149 5.90421915
v 9.00900078 12.01561451 5.72544956
v 7.39058781 11.65245438 5.35491133
v 5.92143345 10.01045227 5.12710762
v 5.37152338 11.72286797 7.49874258
v 6.02256250 11.78469944 7.08956003
v 5.36530018 10.28628540 5.78838539
v 4.31787634 9.24694252 6.17965078
v 3.84490418 9.82656384 6.62973738
v 4.62864017 9.99700165 6.21558571
v 4.90131187 10.64763927 6.38843298
v 3.15466833 11.47950554 8.40042114
v 3.32801795 11.78183842 10.01471806
v 2.27186108 11.15263176 11.61235332
v 1.78137362 10.81165409 12.13084602
v 3.75190592 9.83248615 13.02253628
v 4.93789911 8.75580215 13.64838123
v 4.36269426 9.27810860 13.38715267
v 4.74843931 9.78144455 12.85194778
v 6.21086788 8.98395729 13.03950024
v 5.69864893 8.59720802 13.47503185
v 5.75350475 9.69808197 12.68923759
v 6.98602200 11.26399899 11.26169014
v 6.33699036 11.00864220 11.59017086
v 7.15405130 10.76462746 11.70063400
v 8.05803776 10.59950924 11.69561577
v 5.71074438 11.29993343 11.32833958
v 6.13227367 11.99925327 9.72643852
v 6.94190645 11.99659348 9.76683998
v 8.30722141 11.43835163 10.86274529
v 8.02486420 11.75293064 10.36498070
v 7.51982164 11.52939320 10.84598255
v 8.51013184 11.91167545 9.83559704
v 7.73818970 11.96898937 9.80116844
v 9.23851013 11.82384586 9.86596107
v 8.59941578 11.01622009 11.28743649
v 8.92809772 10.48513031 11.62771130
v 9.30686665 9.84844589 11.87052059
v 10.83197975 9.41090679 11.47910404
v 10.91147804 11.33902931 9.75007725
v 10.45100307 11.54685879 9.86967468
v 9.89501953 11.70359516 9.88432980
v 10.24799252 11.73661900 9.38561153
v 10.07414150 11.85596657 8.77728271
v 9.88478184 11.93320560 8.05392265
v 11.30550385 11.05898094 9.47248745
v 11.73315620 10.19047642 10.05823135
v 11.56276798 10.64894485 9.78425503
v 12.30529976 8.46581554 8.30446148
v 12.31287766 8.46491241 7.51916933
v 12.25195026 9.10074425 7.90386057
v 12.21400738 9.11524868 6.27214766
v 12.27684307 8.48011971 6.71385241
v 12.20482349 8.50832462 5.90050507
v 12.09385777 9.71057892 5.83169746
v 12.12487411 9.70305061 6.67661285
v 11.94404602 10.24874496 7.10491753
v 12.13486099 9.69863415 7.50421333
v 12.11573982 9.69697762 8.30154991
v 9.66164589 11.98098469 7.24132824
v 9.35961437 12.01606655 6.43646288
v 9.71268654 11.93661880 5.59209967
v 11.30189037 11.16397381 6.29433060
v 11.66926670 10.74038696 6.70416594
v 10.95775127 11.45727253 4.05288363
v 11.32944393 11.14289474 4.50337124
v 11.64332008 10.73260784 4.07586956
v 12.04743385 9.72116852 4.97729635
v 12.07052040 9.15670395 4.59275579
v 11.98966694 9.73547268 4.11461449
v 12.09255314 7.90842772 5.57383156
v 12.10168648 8.54446030 5.08314323
v 11.96838760 8.58265305 4.25308323
v 11.87659359 7.34627151 5.30422115
v 12.04753399 7.24644756 6.05578709
v 11.60066032 8.81723213 1.48451149
v 11.67443657 8.71103477 2.44149661
v 11.75764847 9.33065605 1.00335896
v 11.87559032 9.22776985 2.83998942
v 11.80823708 8.62491131 3.37971163
v 11.83026981 9.81165791 1.45424807
v 11.77922916 10.28608513 1.89720762
v 11.87132359 9.78289986 2.35266376
v 11.92748451 9.75569820 3.24033928
v 11.84572792 10.26465511 3.65293503
v 11.62951756 10.72824192 3.20601082
v 11.61135006 10.72628403 2.33615208
v 11.33897972 11.11162758 2.77313900
v 10.97908115 11.42871571 3.20545864
v 10.55438995 11.67077255 3.62041330
v 10.12849426 11.77822495 3.25042725
v 10.07514477 11.70459938 2.45755672
v 10.04533291 11.63815022 1.56586623
v 11.59388447 10.72728825 1.46262944
v 11.58214092 10.73195553 0.58494139
v 11.58771133 10.76206779 -1.16692162
v 11.57953072 10.74224377 -0.29415199
v 11.31749916 11.15233040 -2.39833498
v 11.60532761 10.79343605 -2.02041912
v 10.05742836 11.60492611 0.64998507
v 9.54465771 11.56678295 1.10478890
v 9.10380554 11.38871574 0.58704931
v 8.72523785 11.12954521 0.07894576
v 8.38144970 10.75835419 0.45380008
v 10.00663853 11.64191437 -1.98072040
v 10.03514481 11.87699509 -6.03561115
v 9.54154587 11.93872643 -5.64023018
v 9.38576221 12.01847553 -7.25598335
v 9.99363899 11.89300537 -6.83249664
v 7.43149090 11.84713364 -6.14743042
v 9.10686779 11.89114857 -5.13197613
v 8.55545139 11.53014565 -3.61644840
v 8.79434681 11.74304295 -4.40816450
v 8.36870193 11.28698444 -2.91125655
v 7.91224194 10.89958382 -2.93604946
v 7.52433872 10.38696289 -3.04731631
v 7.23525572 9.81231022 -3.28515720
v 6.72213316 9.75765514 -4.07607031
v 6.13016558 9.72483253 -4.77855206
v 4.40249300 12.01325607 -7.42100143
v 4.58030939 11.63142490 -6.87696314
v 3.35712695 11.30179024 -7.15078926
v 3.65343690 10.64854336 -6.78035164
v 4.10532999 11.20949459 -6.77899647
v 4.94788647 11.02184105 -6.29488277
v 2.59080601 11.34655762 -7.45006037
v 2.12345505 10.73662281 -7.38742590
v 1.69284189 8.40699577 -7.15696239
v 2.47723055 10.01326275 -7.14004898
v 2.91978860 9.04051876 -6.82998753
v 3.23858285 9.98330116 -6.82998753
v 2.50307727 8.23756027 -6.90757799
v 3.32952356 8.16117477 -6.59621143
v 3.77077651 7.25472879 -6.42366505
v 4.19847870 8.11419868 -6.18988943
v 4.20891809 6.25458193 -6.36032772
v 4.65900421 5.28961658 -6.39550972
v 5.21292925 6.06361628 -6.02100658
v 5.10808659 4.47737360 -6.47305012
v 6.77809286 4.25930691 -6.18983936
v 6.41091728 4.97152519 -5.98426914
v 5.94687891 4.32911825 -6.32660151
v 6.42712831 7.28790283 -4.96650600
v 5.85804605 6.72047710 -5.53011751
v 6.14768124 5.79400635 -5.74005413
v 6.96830559 5.47285318 -5.60103321
v 10.64011097 4.74055958 -6.23556042
v 10.08799267 4.25599432 -6.29714108
v 9.45868492 3.82061338 -6.37091732
v 9.99655056 1.67778552 -7.37668562
v 10.54630947 1.14268088 -7.76022243
v 11.42108727 -5.22221422 -7.03324890
v 10.97421265 -4.67516470 -6.86953545
v 11.63945484 -4.25468969 -8.21442413
v 11.58670807 -3.31220865 -8.57949162
v 11.74279213 -2.92987633 -9.27906227
v 11.88858891 -5.03737164 -8.49607944
v 11.69983101 -5.09639263 -7.73020983
v 11.76442337 -5.83129597 -7.21001101
v 12.00813675 -6.50833225 -7.36955881
v 12.16236401 -7.25041246 -7.48358583
v 11.77205181 -2.46739364 -9.93261051
v 11.75970554 -1.52526414 -10.00939846
v 11.69697094 -2.01871276 -10.53155422
v 11.21115112 -4.68946838 -11.51227856
v 10.78640938 -5.18356943 -11.94610405
v 10.78931999 -4.26427555 -12.00873852
v 9.48739243 -4.85378408 -13.07553482
v 9.84578514 -4.06934500 -12.94509697
v 10.37777901 -3.77559471 -12.48713112
v 10.85451412 -3.35692620 -12.02710724
v 10.99524212 -0.75121433 -12.10259056
v 10.03514481 -3.28636169 -12.92135811
v 11.03770065 0.09846890 -12.09531307
v 11.13742447 0.82484013 -11.98324299
v 10.97471523 1.56686997 -12.15654278
v 10.81195545 2.49068093 -12.29079533
v 9.79529667 0.58755118 -13.67754078
v 9.45201015 0.04421565 -14.23427582
v 9.38566208 1.00049818 -14.25962162
v 9.03314114 1.50006974 -14.78418636
v 8.67765903 -0.26910818 -16.29554939
v 8.87565136 -0.34850562 -15.51979256
v 9.14772034 -0.56009829 -14.78403568
v 9.47108173 -0.89414978 -14.13164139
v 9.42771912 -1.78132343 -14.02107716
v 9.03304100 -2.31487226 -14.49831581
v 8.66184998 -2.74498367 -15.02022076
v 8.55394554 -0.96310812 -16.72596169
v 8.54907799 -0.23292260 -17.06192017
v 8.41196442 -2.40541148 -16.05228806
v 8.49602890 -1.71497488 -16.40917397
v 8.36122417 -2.97675180 -15.61258984
v 8.35705853 -3.53107858 -15.10518932
v 8.13246727 -3.10287428 -16.28435707
v 7.50346041 -3.90668583 -18.14879227
v 7.24278402 -4.24525404 -18.77599144
v 7.60669708 -3.56073976 -18.81669426
v 6.80203247 -4.91360807 -18.71179962
v 6.96148014 -4.56118774 -19.43059349
v 7.25809097 -0.53289640 -22.74927711
v 6.92514372 -0.86940706 -23.08603859
v 7.96438742 -0.23764028 -21.28218079
v 7.93939352 0.57093894 -21.27881813
v 7.83936882 1.36551571 -21.28253174
v 7.66692305 2.13148522 -21.29006004
v 7.42175436 2.85880995 -21.30074883
v 7.12966013 3.13404107 -21.82135010
v 6.72875834 1.37620568 -23.05547333
v 6.58918524 2.14935207 -23.00026703
v 6.19832087 1.77279150 -23.32262421
v 4.79817533 0.39538124 -23.88267326
v 6.87731457 -1.51974344 -23.07780647
v 5.83069372 -2.06885052 -23.56578445
v 4.44324589 -3.77519321 -23.65511894
v 3.74101496 -6.00007820 -23.12031555
v 4.18914413 -5.54341745 -23.15133286
v 4.68530273 -5.54808474 -22.82571220
v 5.14080906 -5.51516151 -22.40538788
v 5.66130924 -4.95511341 -22.39665604
v 5.56720638 -5.42933989 -21.90471268
v 6.90291071 -4.00640917 -21.35234261
v 6.54717779 -4.20731211 -21.90124893
v 6.14080524 -4.35135174 -22.39088440
v 6.65769196 -4.84510136 -20.08885956
v 6.28258657 -5.55817270 -18.64409637
v 5.40218830 -5.85749388 -21.33753777
v 4.78246689 -6.37162018 -21.34190369
v 4.09664726 -6.82391453 -21.35530472
v 3.58889508 -7.58807755 -18.47571564
v 3.15597320 -7.68649626 -19.20715714
v 1.12506485 -8.14732265 -19.87480736
v 0.52787763 -7.28840494 -22.72714424
v 0.95031017 -7.51259470 -22.30752182
v 0.21535680 -7.58908129 -22.28112221
v 1.38820064 -7.67043591 -21.81015778
v 1.68205154 -7.37146616 -22.34165001
v 1.93861270 -7.00464153 -22.78992844
v 1.45881522 -6.73066521 -23.13200951
v 0.78182900 -6.92303610 -23.08874893
v -1.12391055 -6.03275061 -23.58013916
v -1.57941699 -6.43520832 -23.32151985
v -0.52602065 -6.98903322 -23.05507278
v 0.14328679 -7.00860643 -23.06375504
v -1.23663282 -6.91500568 -23.03344154
v -0.13078998 -7.82396126 -21.75821304
v -1.96466029 -6.81006289 -22.98144531
v -12.00868893 11.48783684 1.90307951
v -12.06786060 11.21074963 2.12029338
v -11.93842506 11.41707230 2.31657863
v -11.47604275 11.95990562 2.13178635
v -11.70344448 11.86871433 1.90915227
v -11.64828873 11.78690720 2.31833529
v -12.10264015 11.59870243 0.63086343
v -12.10906410 11.61064720 0.20220754
v -12.21947861 11.35549164 0.41339871
v -11.70168877 12.02941608 -1.48024547
v -11.71503830 12.02871323 -1.05199111
v -11.44979477 12.17722034 -1.23919237
v -11.24422455 12.27147293 -0.14554526
v -11.21100044 12.27719402 -0.56506693
v -11.49732304 12.16979218 -0.38855565
v -12.39222527 10.30600929 -3.78718805
v -12.39207458 10.30234623 -4.24510336
v -12.26745796 11.29300690 -3.88681126
v -12.35127163 10.98630810 -4.13950777
v -12.36145973 10.99057388 -3.70673656
v -11.40673351 11.99584007 -5.29272842
v -11.18194103 12.11468601 -5.14738369
v -9.90495682 12.31046867 -2.77635121
v -9.67645073 12.25777149 -2.45815897
v -11.11689758 9.93356419 12.44713116
v -11.50043488 9.71173382 12.31001759
v -11.20352173 9.57381630 12.40266418
v -11.65205288 10.56392574 12.26620293
v -11.70981884 10.20081520 12.23413277
v -11.36121273 10.43775368 12.38539982
v -12.18304157 10.51549435 11.58173943
v -12.08828640 10.23484325 11.79694557
v -12.05059528 10.60096455 11.85887718
v -12.31694317 9.60824585 11.08206749
v -12.22700596 9.74320126 11.42786217
v -12.30760860 10.03168201 11.17421246
v -12.07920265 11.20126343 11.71970558
v -12.07604122 11.42103672 11.53365898
v -12.15905190 11.12788868 11.44271851
v -12.39518642 9.71203423 9.53592491
v -12.42675495 9.33627701 9.36990261
v -12.44477177 9.36493397 9.79504585
v -12.47388172 8.27936745 9.55022812
v -12.46901321 8.60338116 9.78711605
v -12.47071934 8.64448547 9.39143372
v -10.40698814 11.24979496 12.28291607
v -10.18816853 11.49752331 12.14359379
v -10.61295986 11.54545307 12.16838646
v -9.49687862 11.13290787 12.20823574
v -9.71298790 10.84472752 12.33787155
v -10.29838085 12.25556374 9.70977592
v -10.23263454 12.27142239 10.08262253
v -9.75519657 12.11413383 11.17094994
v -9.53256226 11.97737122 11.43885326
v -10.45346165 12.05506229 11.54490089
v -10.63885689 11.93220234 11.81737137
v -10.21200752 11.90981770 11.77019501
v -11.22063637 11.99734592 10.00187016
v -10.93827820 12.14484882 10.19795513
v -10.92086315 12.09817410 9.79002666
v -11.60618019 11.93852520 10.99323463
v -11.30836487 12.06108475 10.81511688
v -11.55910397 11.91182518 10.61004829
v -11.44869041 12.02058315 11.50655746
v -11.23629475 12.01807404 11.68678284
v -11.12091255 12.08954144 11.39503956
v -11.74299335 11.90419674 11.84096050
v -11.78655624 11.86846352 11.99443531
v -11.60984421 11.90103531 11.95287895
v -11.94399643 11.55303192 11.96893978
v -11.91343117 11.73586655 12.00005627
v -11.95016956 11.69451141 11.84909058
v -11.98083401 11.50876522 10.65110207
v -12.12863827 11.29647064 10.88733768
v -11.99619198 11.57099915 11.02133942
v -12.19890118 10.80502892 9.98229694
v -12.23041916 10.89591980 10.38159275
v -12.09044456 11.12969589 10.11830616
v -12.36908913 10.24387646 10.52472878
v -12.37245083 10.16322517 10.11539555
v -12.40577602 9.83233547 10.39408970
v -11.71880245 11.54173946 12.15674305
v -11.59348297 11.68111134 12.14660549
v -11.77692032 11.73064709 12.11408329
v -11.18896770 11.37978268 12.26524925
v -11.38741112 11.15142727 12.29531193
v -11.04899311 11.05486488 12.35212517
v -11.60723495 8.69251537 11.96402073
v -11.42314529 8.93788433 12.16396999
v -11.70555305 9.10676670 12.02866364
v -10.50234509 9.42179680 12.49425793
v -10.33501816 9.78305054 12.50785828
v -12.17250252 8.88272762 11.29431248
v -11.99518776 8.66235161 11.54274273
v -12.06058311 9.08317852 11.59915447
v -12.37220001 8.07751083 10.26395226
v -12.40522385 7.84142637 9.98872089
v -12.02434731 8.03419876 11.21481419
v -12.18519974 8.18661976 10.94565582
v -10.69607067 12.32944012 -4.28525400
v -10.55238247 12.34319210 -3.92666054
v -12.30183697 10.36322403 -5.51902628
v -12.20386982 10.99037361 -5.42577696
v -12.07122231 11.24969482 -5.53493547
v -11.73390865 11.96497440 -4.42884207
v -11.50419807 12.09661770 -4.60414886
v -11.69471264 11.93350697 -4.81564093
v -11.48788738 12.14685631 -3.85047507
v -11.17792606 12.26193714 -3.69413948
v -11.24402428 12.24437141 -4.08309650
v -12.10128498 11.54690838 -4.48073626
v -12.05250263 11.52638149 -4.89398432
v -12.21250248 11.27840233 -4.73082304
v -12.35734463 10.40432835 -1.98237658
v -12.36858654 10.37572098 -2.42774510
v -12.25169849 11.33165169 -2.17334199
v -12.34585190 11.02706146 -2.40330362
v -12.33596420 11.04201698 -1.96912694
v -12.12276554 11.58836365 -2.80184674
v -12.13034439 11.57968140 -3.22744107
v -12.26780891 11.31012154 -3.03336406
v -11.69325638 12.02088451 -2.78076768
v -11.41551590 12.16989231 -3.00259876
v -11.70866489 12.01335621 -3.21173215
v -11.11499023 12.28492355 -1.85735822
v -11.08773804 12.28386974 -2.30854869
v -11.41255474 12.17812347 -2.10819793
v -10.45296001 12.36547470 -1.75612903
v -10.09235954 12.33862495 -1.90724516
v -10.39213276 12.36251450 -2.20491028
v -10.20678806 12.33892536 -1.03030992
v -9.91835785 12.26715660 -0.72898102
v -9.86515808 12.26841164 -1.17776227
v -10.66194344 12.36115932 -0.04050173
v -10.32402706 12.34118366 -0.16416502
v -10.60653591 12.36181164 -0.45615894
v -10.46811676 12.35107136 0.62167901
v -10.25155544 12.31664181 0.88461405
v -10.16036415 12.30605221 0.54162914
v -12.31172371 11.07629585 -0.66850442
v -12.30454731 11.08141422 -0.23518106
v -12.23152351 11.36111259 -0.44888166
v -12.23865032 11.35057259 -1.31151330
v -12.10685635 11.61410999 -1.08601856
v -12.10695648 11.60979366 -1.51537704
v -11.76296806 11.99664307 0.64667267
v -11.53652000 12.14931488 0.45184276
v -11.75754738 12.01250267 0.22333670
v -10.78620911 12.27533722 1.47663200
v -10.52477932 12.29957867 1.34453702
v -10.78314686 12.32035637 1.12355924
v -11.28633213 12.16738319 1.51266694
v -11.30013371 12.21546268 1.09294450
v -11.53666973 12.09119797 1.29048455
v -12.25726986 11.05837822 1.05836499
v -12.21857452 11.02620792 1.48606730
v -12.17722034 11.31509018 1.27066028
v -12.31267738 10.47549438 -0.22800417
v -12.32401943 10.46500492 -0.66469014
v -12.22359371 10.46073914 1.48556542
v -12.25767136 10.47238255 1.07116294
v -11.89807415 11.72753525 1.69449818
v -12.05666828 11.54063511 1.48275495
v -12.15809822 10.97336006 1.91487372
v -11.78033257 11.58490086 2.49600077
v -11.26610661 12.09430885 1.94358134
v -11.73897839 11.92868900 1.49128687
v -12.28211308 10.47915840 0.64200515
v -12.29947758 10.48041344 0.20762785
v -12.08658028 11.57662010 1.05806386
v -11.94771004 11.80502510 0.84963298
v -11.95052052 11.83413410 -0.00306147
v -12.10991764 11.61576653 -0.22710079
v -12.29531193 11.08161545 0.19764042
v -12.28090858 11.07504082 0.62910682
v -11.69200230 12.02851295 -1.91121006
v -11.92427254 11.83769798 -1.71457338
v -11.93566513 11.84060860 -0.85776347
v -11.73034573 12.02630424 -0.62564385
v -11.17747402 12.28110886 -0.98955721
v -11.14530373 12.28376865 -1.41951799
v -11.27368450 12.26193714 0.26940930
v -10.98028564 12.33330441 0.10408995
v -10.89356041 12.34213734 -0.72948289
v -11.74550247 12.02148628 -0.20065171
v -12.33486080 10.44949722 -1.10212898
v -12.34585190 10.42846870 -1.54132426
v -12.38755798 10.32101631 -3.33223367
v -12.40271473 10.66274643 -3.52294803
v -12.38735676 10.65737629 -4.40866613
v -12.37887573 10.31318665 -4.69413567
v -12.13355637 11.57054710 -3.64917111
v -12.12622929 11.56030846 -4.06653452
v -12.32557583 10.98585701 -4.57067347
v -12.36131001 10.99950790 -3.27266049
v -11.61787415 11.89446068 -5.19159937
v -11.25998402 12.18093395 -4.76610518
v -10.97662163 12.23493576 -4.87029552
v -12.35217571 10.33677483 -5.13343143
v -10.82510471 12.29711914 -4.59877872
v -10.16217041 12.33546257 -3.13193321
v -10.30776596 12.35348034 -2.67105675
v -9.74716568 12.26665497 -2.04777169
v -10.63173008 10.15238380 12.49009228
v -11.01511669 10.30470467 12.45772076
v -11.75830078 9.84352684 12.17335510
v -11.79303074 9.50802040 12.07764721
v -11.25762463 9.23053074 12.32572651
v -10.89170361 9.42510986 12.45275211
v -11.58966827 10.90761375 12.26936531
v -11.87292957 10.68201828 12.09456062
v -11.95543861 9.95905972 11.98876381
v -10.91719913 10.67022419 12.42866230
v -12.22675514 10.79223156 11.35393524
v -12.27704430 10.42530632 11.26485157
v -12.10991764 9.86686420 11.72618008
v -12.00632954 10.95654678 11.90811157
v -12.38349247 9.47439384 10.68241978
v -12.30379391 9.14536190 10.99323463
v -12.10173702 9.48779392 11.65857697
v -12.33787155 10.33291054 10.91082573
v -11.97074604 11.28492737 11.94193840
v -11.97857571 11.65672016 11.62951756
v -11.99483681 11.61777401 11.35042286
v -12.21019363 11.05541706 11.12126350
v -10.13858223 12.25606537 10.47785378
v -9.97491932 12.20492363 10.84994793
v -10.34199429 12.20803547 9.38194752
v -12.34735680 10.08879566 9.69371605
v -12.44532394 8.98355579 9.20910072
v -12.44959068 8.96910095 10.03173256
v -12.42846107 9.39278889 10.24016285
v -12.46976566 7.98044729 9.39911175
v -12.46108341 7.95229197 9.69597435
v -12.42153549 8.52433491 10.19599724
v -9.31208611 11.79383373 11.66103649
v -9.10581303 11.57516479 11.84111023
v -10.64698696 10.96648407 12.37671757
v -10.19117928 10.89817810 12.37054443
v -9.74274921 11.44276810 12.10153675
v -9.97828197 11.70399666 11.95609188
v -10.81747627 11.77626801 12.02755928
v -10.99910641 11.59027100 12.17646694
v -9.29286385 11.37727261 12.04060841
v -9.94179535 10.51654816 12.43046856
v -10.15449238 10.15599728 12.48773289
v -10.62229443 12.17169952 9.57301331
v -10.57802868 12.22936535 10.37145519
v -10.24392700 12.14555168 11.21064854
v -9.76402950 11.86469936 11.72005749
v -10.71403790 12.13445950 11.28472614
v -11.02480221 11.93561459 11.86424732
v -11.50153828 11.86364555 10.20136738
v -10.95042419 12.15774727 10.61933327
v -11.83689499 11.79057121 11.17029762
v -11.65240383 11.94329357 11.33295727
v -11.01080036 12.13752079 11.03293324
v -11.76537704 11.69069767 10.40237045
v -11.69837570 11.93039513 11.61832619
v -11.35268116 11.92412186 11.90971756
v -11.86705780 11.82103539 11.73220253
v -11.87563992 11.82811165 12.03553867
v -11.82986832 11.82655621 12.07388306
v -11.47137547 11.81039524 12.06354427
v -11.84582806 11.40060997 12.09059525
v -11.87252808 11.78113556 12.07594013
v -11.94996834 11.42179012 10.25466728
v -12.23378181 10.97888088 10.76432705
v -12.28472233 10.45843029 9.84096718
v -12.31297874 10.62651062 10.64563179
v -11.65687084 11.26214123 12.20512486
v -11.33044720 11.63463688 12.16863728
v -11.76984406 8.46516323 11.73917866
v -11.11920643 8.84182453 12.28125954
v -11.93054581 9.28081894 11.85958004
v -10.65436459 9.08598900 12.44793415
v -10.81411362 8.78787231 12.36989212
v -12.26093388 8.65507507 10.94701099
v -11.90911579 8.24604225 11.48367119
v -12.32045650 8.35615444 10.59208107
v -12.42083263 7.65000963 9.74736691
v -12.42273998 7.53076267 9.50937557
v -11.01792717 12.29521179 -4.32575560
v -10.80487823 12.32999229 -3.57198191
v -10.38385105 12.34565067 -3.52621031
v -12.30002975 10.67494202 -5.29824877
v -12.27844906 10.98706150 -5.00078440
v -11.97968006 11.49014568 -5.30241442
v -11.94505024 11.78555298 -4.24786377
v -11.74178886 11.98710728 -4.03612041
v -11.28176498 12.21812344 -4.43185329
v -11.84472466 11.72768593 -5.06944180
v -11.72883987 12.00256538 -3.63130403
v -11.10324669 12.27332973 -3.25690150
v -12.37912655 10.34831810 -2.87652636
v -12.36748219 10.73757648 -1.75868857
v -12.38911343 10.69687366 -2.63692880
v -12.10966682 11.60382175 -1.94468546
v -12.11513710 11.59654427 -2.37379313
v -12.35503578 11.01225567 -2.83793187
v -12.32678032 11.05586910 -1.53540218
v -11.92798615 11.82836246 -2.57429409
v -11.94771004 11.81240273 -3.42503119
v -11.68818760 12.02575207 -2.34538651
v -11.07077503 12.28025627 -2.78172135
v -10.80929470 12.34690571 -1.59256625
v -10.71649742 12.34369373 -2.51100707
v -10.50480461 12.36497307 -1.31678307
v -9.81035328 12.26956558 -1.61776066
v -10.55459118 12.36316681 -0.88310844
v -9.97351360 12.26846123 -0.27126625
v -10.71679878 12.35834885 0.36029980
v -10.05396557 12.28105927 0.15332441
v -10.76101398 12.34730721 0.74644643
v -10.32222080 12.31307888 1.15342104
v -12.31875038 11.06751251 -1.10192823
v -12.34725666 10.76934528 -0.88616991
v -12.32733250 10.78510475 -0.01616054
v -12.10836220 11.61636829 -0.65660989
v -11.75784874 11.97009373 1.06945658
v -11.29431248 12.24492359 0.68110162
v -10.99388695 12.19890118 1.73750925
v -11.03945732 12.30113411 0.90729904
v -12.29350567 10.77742577 0.84832811
v -12.21139812 10.71740055 1.70172524
v -12.44688034 7.71319628 9.31780720
v -11.32306957 9.82234764 12.39443398
v -11.55112457 10.32101631 12.32662964
v -12.27011776 10.23017597 -5.81362963
v -10.88924503 10.04442978 12.48361778
v -11.66088581 9.60458183 12.20928955
v -11.09014702 9.33371735 12.40567589
v -11.74986935 10.80743790 12.19995499
v -11.84969330 10.08016396 12.12577724
v -11.15268135 10.55539417 12.42504787
v -10.22324944 12.19237709 9.12804699
v -12.36547470 10.05998802 -4.05263233
v -9.62475777 12.24351788 -2.77710390
v -11.00221825 9.67715359 12.46002960
v -11.38585472 9.46756840 12.32798481
v -11.48332024 10.67955875 12.33747005
v -11.80251598 10.44367504 12.17536259
v -9.36132050 10.85561848 12.28321743
v -10.03138065 12.28326702 9.82932377
v -9.40026665 12.05094719 11.18615723
v -10.18661213 9.47424316 12.51207447
v -12.33757019 7.77066135 10.23092842
v -12.09255314 7.87911797 10.98997211
v -10.42751503 12.33340454 -4.21885538
v -12.11553860 11.03970814 -5.71375561
v -12.32918930 10.17005062 -2.20847368
v -12.28366852 10.26380157 -0.44165459
v -12.20753384 10.26796722 1.30022109
v -12.09360695 10.96839142 2.23492265
v -11.85350704 11.39604378 2.61695409
v -11.28076172 12.01415920 2.25886250
v -11.62796211 11.68653202 2.61600041
v -12.25546265 10.27534485 0.43226942
v -12.30645370 10.22796726 -1.31954348
v -11.49907970 11.89029503 -5.44484806
v -12.35523701 10.08804321 -4.96901560
v -10.73536777 12.26831150 -4.85383415
v -9.51881027 12.19844913 -2.21193671
v -11.24056053 10.18932247 12.42740726
v -10.76257038 10.42480469 12.47041798
v -11.61285591 9.95675087 12.28442192
v -11.88527584 9.73547268 12.05074596
v -9.79208469 12.23875046 10.55960941
v -12.32873726 9.98209667 9.38345337
v -12.40497303 9.24543667 9.07118320
v -12.44632816 8.71786022 9.09953976
v -8.97923946 11.69641876 11.65320683
v -8.96448421 11.36808872 11.95443535
v -9.79283714 10.20021343 12.46705532
v -11.41591740 11.84542656 9.89421654
v -10.85421371 12.06956673 9.48779392
v -12.18253994 10.68824196 9.68508339
v -11.94575310 11.30796337 9.96347618
v -11.56693363 8.37818718 11.88020706
v -10.55720043 8.79299164 12.42173576
v -10.94871712 8.58782291 12.27910137
v -11.86946678 7.93974495 11.39348412
v -12.38274002 7.42928267 9.68633842
v -10.06430435 12.32346821 -3.48179388
v -11.93862629 11.41877842 -5.60846090
v -12.35026836 10.10058975 -3.12069106
v -9.73512077 12.19784737 -0.42935851
v -9.63680267 12.20191193 -1.35146308
v -10.15479279 12.28657913 1.10629451
v -9.91579819 12.23844910 0.44045007
v -12.18213844 10.46003628 1.80069602
v -12.44898796 7.89854050 9.18882465
v -12.40863705 7.50034857 9.30541134
v -4.64801311 12.35784626 -8.47876453
v -4.95621777 12.33907604 -8.77828598
v -5.05814934 12.32723141 -8.36192608
v -3.96620870 12.37220001 -9.33341599
v -4.36073685 12.36336708 -9.23017883
v -4.09373665 12.39041901 -8.97291565
v -4.44876671 12.26560116 -9.73637581
v -4.16675997 12.24000549 -9.88523293
v -2.45820928 12.36828613 -9.43509674
v -2.33570027 12.32562542 -9.73466969
v -2.72746801 12.33059406 -9.68663979
v -1.35442412 12.35749531 -9.42596245
v -1.64927876 12.34344292 -9.65301323
v -1.76917791 12.36427021 -9.31780720
v -0.80110121 12.30956554 -9.86490726
v -0.66353583 12.22474766 -10.17135525
v -1.12923050 12.23734474 -10.11409092
v 0.07633598 12.31473541 -9.13597679
v 0.37339887 12.25927734 -8.89427090
v 0.50634694 12.33721924 -9.22139645
v 0.69947046 11.08442593 -7.73678446
v 0.50805336 11.39162636 -7.88343382
v 0.26659876 11.08397388 -7.76047325
v 1.65088475 11.64332008 -7.85748672
v 1.23131287 11.65717125 -7.95304489
v 1.38042152 11.37983227 -7.76639557
v -0.60898143 11.64146233 -8.01096153
v -0.38057578 11.37872887 -7.87204123
v -0.16587141 11.65496349 -8.05492687
v -1.40651929 11.07007217 -7.60212994
v -1.00240529 11.07172871 -7.67530441
v -1.21871567 11.36638260 -7.75921869
v -4.32831526 10.44091511 -6.20354033
v -3.96440196 10.49045086 -6.42747927
v 3.65439057 12.27568913 -9.91429234
v 4.12766361 12.27433395 -9.78535938
v 4.19330931 12.33591461 -8.40960503
v 4.64023399 12.27087116 -8.20935535
v 4.51396084 12.33064461 -8.58265305
v 3.52851892 12.40361786 -9.28844738
v 3.66693759 12.40607738 -8.93296623
v 4.00771427 12.37807274 -9.16287708
v 2.54935074 12.42028046 -8.89883804
v 2.94217229 12.41536236 -8.82456017
v 2.79863453 12.43337917 -9.12794590
v 2.49815893 12.19011784 -8.19746017
v 2.77695346 12.29465961 -8.34732151
v 2.40942645 12.30499840 -8.45341969
v -0.96084964 8.18561554 -7.25201845
v -1.14067328 8.59996796 -7.27445269
v -2.15226316 8.92232609 -7.03319883
v -1.74077153 8.97261429 -7.17578268
v -0.37641016 10.04503155 -7.52815294
v -0.57796526 9.67725372 -7.47174168
v -0.16702573 9.67875957 -7.49723721
v -0.34022459 8.57407093 -7.37703657
v -0.14981124 8.94109631 -7.42617083
v -0.56075078 8.93928909 -7.39987230
v 0.71051180 8.20659447 -7.30853033
v 0.48165444 8.59003067 -7.37763929
v 0.29430255 8.25643158 -7.34647226
v 1.06654561 9.68207264 -7.43224382
v 1.46950519 9.67815781 -7.36413860
v 1.27713454 10.04593563 -7.44484091
v -5.35370684 12.04492378 -6.99892044
v -5.43967867 11.88708305 -6.64107990
v -5.03742170 11.94921589 -6.86953545
v -4.57694674 12.14098454 -7.43369913
v -4.47652054 12.25521183 -7.81743670
v -4.92344475 12.22304153 -7.64453888
v -3.40495610 12.38635349 -8.84639168
v -2.99602413 12.38213730 -8.97186184
v -3.28059006 12.38821030 -9.21050549
v -3.24771690 12.28065777 -8.26195240
v -2.97549725 12.17536259 -8.06807613
v -2.84510875 12.27955341 -8.39776039
v -1.92049479 12.03152370 -8.15098667
v -2.17550015 12.17400742 -8.32824993
v -2.32034278 12.03072071 -8.03229141
v -3.88274598 12.02891445 -7.44393730
v -3.49539495 12.03323078 -7.60679770
v -3.76871896 12.17255211 -7.77196646
v -4.01494122 11.10686016 -6.59831953
v -4.23004723 11.38334560 -6.62752867
v -4.36319590 11.10686016 -6.40775537
v -4.89358282 11.36427402 -6.26763058
v -4.81157589 11.59082317 -6.48931122
v -5.14919043 11.52979469 -6.27922392
v -3.51702595 11.38369751 -6.98908329
v -3.37619829 11.63549042 -7.21939611
v -3.74518061 11.63639355 -7.05016232
v -3.27928519 9.70285034 -6.64986277
v -3.43341279 10.12829399 -6.63877106
v -1.97208810 10.05491924 -7.24228191
v -2.15642858 9.69552231 -7.13367510
v -1.77314281 9.68719101 -7.25292206
v -2.54473352 10.42319870 -7.10331154
v -2.91261148 10.43544483 -6.95154285
v -2.72290087 10.07629871 -6.97006226
v -2.56812096 11.07995892 -7.26506710
v -2.77886057 11.37295723 -7.30817890
v -2.94036555 11.08718586 -7.11751461
v -2.23582625 11.62535286 -7.65261936
v -2.01419592 11.36487675 -7.56870508
v -1.84325540 11.62469959 -7.76749945
v -1.39196479 10.40472984 -7.44479084
v -1.18895423 10.04548359 -7.43108940
v -0.99176550 10.40337467 -7.51575661
v 0.45269594 10.04814339 -7.53246927
v 0.66669768 10.40789127 -7.57171631
v 0.24792883 10.40733910 -7.59244394
v 2.98001409 12.01727104 -7.81773758
v 3.36264753 11.99262810 -7.67058659
v 3.25996280 12.15513706 -7.93939352
v 1.78513777 12.21646690 -8.43414688
v 1.46052158 12.08316708 -8.31560326
v 1.83964193 12.06274128 -8.18782425
v 1.49861431 12.34143543 -8.85708141
v 1.21309459 12.35679245 -9.06832314
v 1.11884153 12.26966667 -8.76609039
v 2.18267703 12.41606426 -9.44598770
v 1.75668108 12.40612698 -9.42395496
v 1.99211311 12.42128468 -9.17432022
v 2.12084532 12.28376865 -10.04337597
v 1.66714573 12.30956554 -9.95594788
v -0.06363841 12.33134747 -9.71454430
v 0.38173008 12.31297874 -9.81371498
v 0.08135478 12.27001762 -10.01883411
v -0.50975972 12.20151043 -8.72804832
v -0.67402512 12.05451012 -8.43264103
v -0.23051357 12.07513714 -8.50526333
v -1.35838902 12.18018055 -8.54712009
v -1.20912981 12.28246403 -8.86149788
v -1.62453604 12.27905178 -8.75801086
v 4.02663517 12.07855034 -7.61071205
v 4.33122635 12.15619087 -7.73036051
v 3.94422626 12.21375656 -7.91585541
v 4.48118782 11.83624268 -7.13477945
v 4.85724688 11.73672009 -6.92584658
v 4.73955584 11.92632961 -7.22150421
v 3.87085152 10.94575596 -6.77191973
v 3.73147941 11.26359749 -6.97362566
v 3.50227070 10.98987198 -6.96017504
v 4.49418688 11.13270664 -6.56233454
v 4.74618053 11.39438725 -6.62466812
v 4.34849072 11.44422340 -6.81468010
v 2.83748007 11.60206509 -7.50421333
v 2.97740436 11.32828903 -7.30983496
v 3.22026420 11.57917976 -7.35540581
v 1.95366907 11.06670952 -7.52298355
v 2.35316563 11.05611992 -7.41206789
v 2.19672966 11.35975742 -7.57196712
v 1.24877834 8.64423370 -7.28730059
v 1.45866466 8.93201256 -7.27962208
v 1.06544149 8.96087074 -7.35565662
v 2.08225083 10.03027630 -7.26521778
v 2.29891253 10.38455391 -7.26225662
v 1.90026903 10.39544487 -7.37327290
v 3.02367759 9.64257431 -6.87028837
v 2.86141992 10.00091648 -6.99565792
v 2.66312695 9.61130714 -7.01121616
v 3.44350052 10.32889557 -6.80188227
v 3.59848118 9.98209667 -6.65498161
v 3.81785297 10.27228355 -6.60258532
v 4.61694670 10.48377609 -6.20584917
v 4.49629450 10.19414043 -6.20103121
v 4.14497852 10.28016281 -6.42647552
v -4.35511589 12.33355522 -8.20945549
v -4.22522926 12.37772083 -8.59650517
v -4.73072290 12.34168625 -9.13386822
v -5.30557632 12.26926517 -7.95108747
v -3.56485510 12.36773396 -9.44754314
v -3.84410119 12.31940269 -9.67745495
v -4.62477589 12.29716969 -9.49311447
v -3.81333590 12.38600159 -8.71996784
v -3.67602158 12.22550106 -10.01552105
v -3.35110426 12.23629093 -10.03228378
v -3.06367755 12.26816082 -9.92894745
v -2.58653998 12.37641621 -9.09181118
v -2.17841101 12.37044334 -9.20629025
v -1.95803547 12.29159832 -9.88949966
v -3.15878391 12.35232544 -9.56889820
v -1.06709766 12.33987904 -9.19193554
v -0.93169039 12.34991646 -9.52919960
v -1.53234065 12.28306675 -9.95454311
v -1.89856267 12.34153557 -8.97923946
v -0.50012362 12.34138489 -9.62571144
v -0.18203194 12.16402054 -10.31780434
v 0.78288293 12.31418324 -9.84478188
v 1.20250499 12.29531193 -9.95760441
v -0.21094026 12.34268951 -9.38129520
v -0.35723832 12.29882526 -9.04824734
v 0.23643577 12.11177444 -8.57407093
v 0.69846666 12.18203831 -8.66240215
v 0.92692256 12.36346722 -9.30245018
v 0.64581943 12.35272694 -9.54741764
v 0.89028531 10.75443935 -7.62200451
v 1.12697196 11.08101273 -7.68684769
v 0.78202975 11.67242908 -8.03565407
v 0.30464128 11.67147541 -8.07214069
v -0.16471708 11.08020973 -7.75665903
v 0.04311151 10.75373745 -7.66481495
v 2.05439639 11.63107395 -7.75254345
v 1.93259013 11.86645603 -7.95796299
v 1.11010885 11.90615463 -8.18702126
v 1.54518878 11.07483959 -7.61472750
v -0.84983379 11.86309338 -8.17121220
v -1.03266871 11.63222790 -7.94727325
v -0.58850473 11.07544231 -7.72734928
v 0.05410269 11.90279198 -8.28689575
v -1.80164957 11.07087517 -7.50872993
v -1.59527647 10.74866772 -7.46893120
v -0.79171604 10.74861813 -7.61156559
v -1.44290555 11.62685776 -7.86586809
v -4.48906755 10.81988525 -6.22030354
v -3.63943458 10.43695068 -6.59370232
v -3.81604624 10.79539299 -6.59214640
v 3.17158175 12.30309105 -9.92854595
v 3.35923481 12.36738205 -9.63213539
v 4.36565495 12.31689358 -9.43068027
v 4.59662056 12.22545052 -9.77251148
v 3.77383804 12.37596416 -8.58034515
v 3.86257052 12.31237602 -8.24001980
v 4.62512732 12.19714451 -7.86401129
v 4.53097439 12.33340454 -8.96995449
v 3.07050300 12.41621494 -9.37597561
v 3.35356355 12.40125942 -8.71871281
v 2.18634081 12.41511154 -8.93793488
v 2.31903791 12.37942696 -8.70285416
v 3.05931115 12.36442089 -8.52187538
v 2.62222362 12.41937733 -9.43007851
v 2.21685505 12.04823685 -8.06958103
v 2.59712958 12.03448486 -7.94913006
v 3.16149402 12.27844906 -8.22476292
v 2.07376909 12.31292820 -8.55369473
v -0.52837950 8.24232864 -7.32067585
v -0.96662128 8.93949032 -7.34742594
v -1.37500119 8.91866207 -7.26416397
v -2.32490993 9.35685349 -7.02747726
v -1.57083488 9.31414413 -7.26371241
v -0.16998683 10.40563297 -7.58993435
v -0.58398783 10.40397644 -7.56428814
v -0.98403651 9.67715359 -7.42230654
v -0.77495325 9.30691719 -7.41342306
v 0.04542016 9.31098175 -7.46536779
v 0.24602167 9.68106842 -7.49899387
v -0.10971101 8.18049717 -7.33633423
v 0.26147959 8.94676781 -7.42697382
v 1.13685906 8.31921673 -7.26576996
v 0.66885573 8.95524883 -7.40318489
v 0.65811551 9.68287563 -7.47726250
v 0.86328417 9.31775761 -7.41989756
v 1.65535152 9.30897427 -7.28042507
v 1.86739588 9.66997719 -7.27254534
v 1.49479997 10.40252113 -7.46180439
v 1.08310771 10.40648651 -7.52805233
v -5.41975403 12.16437149 -7.39906931
v -5.40610313 11.69897842 -6.34968805
v -4.73192739 11.80688286 -6.76368904
v -4.65694666 11.99132347 -7.07866907
v -4.27024794 12.01641750 -7.26918268
v -4.05765152 12.27202511 -7.97266817
v -3.52882004 12.35001755 -8.48072147
v -2.71547294 12.34650421 -8.74184990
v -3.65057635 12.27920151 -8.12007046
v -3.10678911 12.03323078 -7.75931883
v -2.71547294 12.03172493 -7.90145159
v -2.44109511 12.27809811 -8.52619171
v -1.67648065 11.84919071 -7.99645758
v -1.51452386 12.03513718 -8.25698376
v -2.03462243 12.27769661 -8.64634228
v -2.46904993 11.84828758 -7.76303291
v -3.99466538 11.84808636 -7.14250803
v -3.23993778 11.85290527 -7.47580671
v -5.50898838 11.50018311 -6.08735514
v -3.66372561 11.10169029 -6.78135538
v -4.10874271 11.63177681 -6.87073994
v -4.46573019 11.61807537 -6.68273592
v -4.73353338 11.08623314 -6.19741774
v -3.30568409 11.09451389 -6.95525646
v -3.00179577 11.63202763 -7.37718725
v -2.88847113 9.74465656 -6.84644890
v -3.27381468 10.44758987 -6.78361368
v -1.78428447 10.40824223 -7.35174227
v -2.16867447 10.41396427 -7.23731327
v -2.54357910 9.68332672 -6.98642349
v -1.38267994 9.68036556 -7.34923267
v -2.36596370 10.75830460 -7.24323559
v -3.10578537 10.77627182 -6.94451666
v -2.18869948 11.07423782 -7.39600801
v -2.62177205 11.62811279 -7.52208042
v 2.71015310 11.83815002 -7.71701050
v 3.47451663 11.78976822 -7.42070055
v 3.74221969 11.95674419 -7.50632095
v 3.55286026 12.25285339 -8.08122540
v 1.77826190 12.32477283 -8.68147373
v 1.07000864 12.11739540 -8.46656895
v 1.84691918 12.39097023 -8.92297840
v 1.34102392 12.38790894 -9.37311459
v 2.40937638 12.37089539 -9.73421764
v 1.49304342 12.36858654 -9.67901039
v 2.70904899 12.28135967 -10.03318787
v -0.78674740 12.28863716 -8.95765877
v -1.10022175 12.04226398 -8.35053349
v 4.11632109 11.90580273 -7.32659769
v 4.74517679 12.07026958 -7.52403736
v 4.22026062 11.69556522 -7.06366301
v 4.85975647 11.57426071 -6.72685099
v 4.00997257 10.60623455 -6.58642483
v 4.23627043 10.87905693 -6.56419182
v 3.97182989 11.50108719 -7.00750256
v 3.59777856 11.54640675 -7.18923330
v 3.12701488 11.02068710 -7.13056326
v 3.28314972 10.68487930 -6.96238327
v 4.60821390 10.75564384 -6.32017756
v 2.44907498 11.61827564 -7.63585663
v 2.74418068 11.04161549 -7.28137827
v 1.71994352 10.74520493 -7.48694849
v 2.51868582 10.72477818 -7.26672363
v 1.81916523 8.96317863 -7.19625950
v 2.26187372 9.65532207 -7.15681171
v 2.68917441 10.37090302 -7.12945938
v 3.43065238 9.55665207 -6.66848230
v 3.07055330 10.35363770 -6.97563314
v 2.42684174 9.29687881 -7.05106544
v 2.23597670 8.87374401 -7.05824232
f 2012 2013 2011
f 2014 2015 2011
f 2016 2017 2014
f 2018 2019 2016
f 2021 2022 2020
f 2024 2025 2023
f 2027 2028 2026
f 2026 2030 2029
f 2032 2033 2031
f 2033 2034 2029
f 2036 2037 2035
f 2039 2040 2038
f 2037 2041 2038
f 2043 2044 2042
f 2041 2045 2044
f 2047 2048 2046
f 2050 2051 2049
f 2052 2053 2049
f 2054 2055 2052
f 2056 2057 2054
f 2058 2059 2057
f 2060 2061 2055
f 2053 2063 2062
f 2065 2066 2064
f 2067 2068 2064
f 2070 2071 2069
f 2071 2072 2067
f 2074 2075 2073
f 2077 2078 2076
f 2080 2081 2079
f 2082 2083 2081
f 2084 2085 2083
f 2084 2087 2086
f 2089 2090 2088
f 2090 2092 2091
f 2093 2094 2092
f 2093 2095 2050
f 2095 2097 2096
f 2099 2100 2098
f 2101 2102 2100
f 2104 2105 2103
f 2107 2108 2106
f 2109 2110 2106
f 2111 2112 2110
f 2114 2115 2113
f 2117 2118 2116
f 2120 2121 2119
f 2123 2124 2122
f 2125 2126 2124
f 2127 2128 2125
f 2129 2130 2127
f 2132 2133 2131
f 2134 2135 2133
f 2136 2137 2135
f 2139 2140 2138
f 2142 2143 2141
f 2144 2145 2141
f 2146 2147 2142
f 2149 2150 2148
f 2147 2151 2150
f 2152 2153 2148
f 2154 2155 2152
f 2156 2157 2154
f 2159 2160 2158
f 2161 2162 2158
f 2163 2164 2161
f 2165 2166 2163
f 2166 2168 2167
f 2134 2170 2169
f 2171 2172 2170
f 2174 2175 2173
f 2177 2178 2176
f 2179 2180 2173
f 2178 2181 2179
f 2182 2183 2181
f 2184 2185 2183
f 2182 2187 2186
f 2189 2190 2188
f 2192 2193 2191
f 2194 2195 2193
f 2196 2197 2195
f 2198 2199 2196
f 2200 2201 2194
f 2201 2203 2202
f 2204 2205 2203
f 2207 2208 2206
f 2209 2210 2208
f 2212 2213 2211
f 2214 2215 2213
f 2217 2218 2216
f 2220 2221 2219
f 2216 2223 2222
f 2224 2225 2223
f 2226 2227 2225
f 2227 2228 2219
f 2230 2231 2229
f 2233 2234 2232
f 2235 2236 2232
f 2237 2238 2236
f 2240 2241 2239
f 2242 2243 2239
f 2244 2245 2242
f 2246 2247 2245
f 2248 2249 2243
f 2249 2251 2250
f 2253 2254 2252
f 2255 2256 2254
f 2257 2258 2256
f 2259 2260 2253
f 2261 2262 2259
f 2264 2265 2263
f 2267 2268 2266
f 2270 2271 2269
f 2273 2274 2272
f 2275 2276 2274
f 2277 2278 2276
f 2279 2280 2277
f 2282 2283 2281
f 2284 2285 2281
f 2286 2287 2275
f 2289 2290 2288
f 2291 2292 2288
f 2293 2294 2291
f 2295 2296 2293
f 2297 2298 2295
f 2300 2301 2299
f 2303 2304 2302
f 2306 2307 2305
f 2309 2310 2308
f 2312 2313 2311
f 2315 2316 2314
f 2314 2318 2317
f 2319 2320 2317
f 2320 2322 2321
f 2323 2324 2322
f 2325 2326 2324
f 2327 2328 2326
f 2330 2331 2329
f 2333 2334 2332
f 2335 2336 2334
f 2337 2338 2336
f 2339 2340 2338
f 2341 2342 2339
f 2341 2344 2343
f 2345 2346 2343
f 2348 2349 2347
f 2349 2350 2345
f 2351 2352 2344
f 2352 2353 2347
f 2354 2355 2353
f 2357 2358 2356
f 2360 2361 2359
f 2363 2364 2362
f 2366 2367 2365
f 2362 2369 2368
f 2371 2372 2370
f 2373 2374 2370
f 2375 2376 2372
f 2377 2378 2375
f 2380 2381 2379
f 2382 2383 2379
f 2385 2386 2384
f 2387 2388 2384
f 2390 2391 2389
f 2392 2393 2391
f 2394 2395 2393
f 2397 2398 2396
f 2400 2401 2399
f 2403 2404 2402
f 2405 2406 2404
f 2408 2409 2407
f 2411 2412 2410
f 2414 2415 2413
f 2416 2417 2415
f 2419 2420 2418
f 2421 2422 2419
f 2423 2424 2422
f 2424 2426 2425
f 2427 2428 2426
f 2430 2431 2429
f 2433 2434 2432
f 2435 2436 2434
f 2437 2438 2436
f 2439 2440 2438
f 2441 2442 2440
f 2442 2443 2432
f 2445 2446 2444
f 2447 2448 2444
f 2449 2450 2437
f 2452 2453 2451
f 2454 2455 2451
f 2457 2458 2456
f 2458 2459 2454
f 2423 2461 2460
f 2463 2464 2462
f 2465 2466 2464
f 2467 2468 2466
f 2469 2470 2467
f 2469 2472 2471
f 2473 2474 2472
f 2475 2476 2474
f 2477 2478 2476
f 2479 2480 2478
f 2482 2483 2481
f 2485 2486 2484
f 2487 2488 2484
f 2490 2491 2489
f 2492 2493 2489
f 2494 2495 2492
f 2477 2496 2495
f 2498 2499 2497
f 2497 2501 2500
f 2502 2503 2501
f 2505 2506 2504
f 2507 2508 2504
f 2508 2510 2509
f 2512 2513 2511
f 2515 2516 2514
f 2517 2518 2516
f 2519 2520 2514
f 2521 2522 2519
f 2524 2525 2523
f 2526 2527 2525
f 2529 2530 2528
f 2524 2532 2531
f 2533 2534 2532
f 2535 2536 2534
f 2537 2538 2536
f 2540 2541 2539
f 2543 2544 2542
f 2545 2546 2542
f 2548 2549 2547
f 2550 2551 2547
f 2553 2554 2552
f 2556 2557 2555
f 2559 2560 2558
f 2562 2563 2561
f 2564 2565 2563
f 2567 2568 2566
f 2569 2570 2566
f 2571 2572 2569
f 2574 2575 2573
f 2577 2578 2576
f 2580 2581 2579
f 2583 2584 2582
f 2585 2586 2584
f 2587 2588 2581
f 2562 2587 2577
f 2590 2591 2589
f 2592 2593 2591
f 2595 2596 2594
f 2597 2598 2596
f 2600 2601 2599
f 2602 2603 2601
f 2605 2606 2604
f 2606 2607 2599
f 2609 2610 2608
f 2611 2612 2608
f 2613 2614 2611
f 2615 2616 2613
f 2618 2619 2617
f 2620 2621 2619
f 2622 2623 2621
f 2625 2626 2624
f 2625 2628 2627
f 2629 2630 2628
f 2632 2633 2631
f 2633 2635 2634
f 2637 2638 2636
f 2639 2640 2638
f 2642 2643 2641
f 2644 2645 2642
f 2647 2648 2646
f 2650 2651 2649
f 2652 2653 2651
f 2655 2656 2654
f 2653 2658 2657
f 2659 2660 2658
f 2661 2662 2660
f 2664 2665 2663
f 2666 2667 2664
f 2669 2670 2668
f 2671 2672 2670
f 2674 2675 2673
f 2676 2677 2673
f 2678 2679 2676
f 2680 2681 2678
f 2683 2684 2682
f 2685 2686 2682
f 2688 2689 2687
f 2690 2691 2688
f 2693 2694 2692
f 2695 2696 2694
f 2697 2698 2696
f 2697 2699 2683
f 2701 2702 2700
f 2704 2705 2703
f 2706 2707 2705
f 2708 2709 2707
f 2710 2711 2709
f 2712 2713 2711
f 2715 2716 2714
f 2718 2719 2717
f 2720 2721 2719
f 2723 2724 2722
f 2726 2727 2725
f 2729 2730 2728
f 2731 2732 2730
f 2734 2735 2733
f 2736 2737 2735
f 2737 2738 2728
f 2739 2740 2729
f 2742 2743 2741
f 2741 2744 2740
f 2746 2747 2745
f 2739 2748 2747
f 2750 2751 2749
f 2753 2754 2752
f 2755 2756 2752
f 2757 2758 2755
f 2756 2759 2612
f 2759 2761 2760
f 2762 2763 2761
f 2573 2764 2763
f 2758 2765 2762
f 2767 2768 2766
f 2770 2771 2769
f 2773 2774 2772
f 2775 2776 2774
f 2775 2777 2616
f 2767 2773 2770
f 2766 2778 2777
f 2779 2780 2778
f 2614 2780 2753
f 2781 2782 2750
f 2784 2785 2783
f 2784 2786 2643
f 2781 2787 2786
f 2782 2788 2738
f 2748 2788 2783
f 2736 2757 2751
f 2789 2790 2726
f 2790 2792 2791
f 2793 2794 2791
f 2795 2796 2793
f 2796 2797 2570
f 2722 2798 2792
f 2799 2800 2798
f 2800 2801 2795
f 2802 2803 2801
f 2804 2805 2799
f 2805 2807 2806
f 2808 2809 2807
f 2810 2811 2809
f 2812 2813 2811
f 2814 2815 2813
f 2817 2818 2816
f 2819 2820 2818
f 2822 2823 2821
f 2824 2825 2819
f 2817 2827 2826
f 2828 2829 2827
f 2831 2832 2830
f 2833 2834 2830
f 2835 2836 2834
f 2808 2838 2837
f 2810 2840 2839
f 2840 2841 2835
f 2843 2844 2842
f 2846 2847 2845
f 2849 2850 2848
f 2852 2853 2851
f 2855 2856 2854
f 2855 2858 2857
f 2859 2860 2857
f 2861 2862 2859
f 2863 2864 2861
f 2858 2865 2863
f 2867 2868 2866
f 2870 2871 2869
f 2872 2873 2871
f 2874 2875 2870
f 2877 2878 2876
f 2879 2880 2872
f 2879 2882 2881
f 2884 2885 2883
f 2886 2887 2885
f 2887 2888 2881
f 2889 2890 2888
f 2886 2892 2891
f 2894 2895 2893
f 2896 2897 2893
f 2898 2899 2896
f 2900 2901 2897
f 2894 2903 2902
f 2890 2905 2904
f 2902 2906 2905
f 2908 2909 2907
f 2910 2911 2909
f 2913 2914 2912
f 2916 2917 2915
f 2916 2919 2918
f 2919 2921 2920
f 2923 2924 2922
f 2925 2926 2924
f 2927 2928 2926
f 2930 2931 2929
f 2933 2934 2932
f 2935 2936 2932
f 2929 2937 2935
f 2938 2939 2937
f 2940 2941 2938
f 2941 2943 2942
f 2945 2946 2944
f 2948 2949 2947
f 2950 2951 2947
f 2952 2953 2950
f 2954 2955 2953
f 2957 2958 2956
f 2959 2960 2958
f 2961 2962 2956
f 2964 2965 2963
f 2966 2967 2965
f 2968 2969 2967
f 2971 2972 2970
f 2974 2975 2973
f 2976 2977 2973
f 2979 2980 2978
f 2981 2982 2980
f 2984 2985 2983
f 2985 2987 2986
f 2988 2989 2987
f 2990 2991 2989
f 2993 2994 2992
f 2996 2997 2995
f 2998 2999 2995
f 3000 3001 2998
f 3002 3003 3001
f 3005 3006 3004
f 3007 3008 3006
f 3010 3011 3009
f 3013 3014 3012
f 3012 3016 3015
f 3018 3019 3017
f 3021 3022 3020
f 3022 3023 3017
f 3025 3026 3024
f 3028 3029 3027
f 3030 3031 3027
f 2988 3033 3032
f 3034 3035 3033
f 3036 3037 3035
f 2979 3038 3036
f 3039 3040 2978
f 3042 3043 3041
f 3044 3045 3043
f 3047 3048 3046
f 3049 3050 2964
f 3049 3052 3051
f 3050 3054 3053
f 3048 3055 3053
f 2966 3055 3044
f 3047 3056 3045
f 3058 3059 3057
f 3060 3061 3059
f 3063 3064 3062
f 3066 3067 3065
f 2912 3068 3067
f 2923 3066 3063
f 3064 3069 3057
f 3069 3071 3070
f 3073 3074 3072
f 3075 3076 3074
f 3078 3079 3077
f 3080 3081 3079
f 3075 3082 3080
f 3084 3085 3083
f 3086 3087 3085
f 3089 3090 3088
f 3090 3092 3091
f 3094 3095 3093
f 3097 3098 3096
f 3100 3101 3099
f 3102 3103 3099
f 2877 3105 3104
f 3106 3107 3105
f 3108 3109 3107
f 3110 3111 3109
f 3110 3113 3112
f 3114 3115 3113
f 3117 3118 3116
f 3115 3119 3116
f 3114 3121 3120
f 3108 3122 3121
f 3123 3124 3122
f 3126 3127 3125
f 3128 3129 3125
f 3130 3131 3128
f 3132 3133 3129
f 3135 3136 3134
f 3134 3138 3137
f 3135 3139 3117
f 3139 3140 3098
f 3141 3142 3138
f 3144 3145 3143
f 3136 3146 3145
f 3147 3148 3143
f 3148 3149 3018
f 3151 3152 3150
f 3154 3155 3153
f 3157 3158 3156
f 3160 3161 3159
f 3162 3163 3160
f 3163 3164 3011
f 3166 3167 3165
f 3169 3170 3168
f 3172 3173 3171
f 3174 3175 3171
f 3176 3177 3174
f 3178 3179 3177
f 3180 3181 3179
f 3182 3183 3175
f 3185 3186 3184
f 3187 3188 3184
f 3189 3190 2294
f 3190 3191 2292
f 3193 3194 3192
f 3189 3195 3194
f 3183 3197 3196
f 3198 3199 3192
f 3197 3200 3198
f 3202 3203 3201
f 3205 3206 3204
f 3207 3208 3204
f 3209 3210 3205
f 3211 3212 3206
f 3203 3213 3212
f 3214 3215 3188
f 3215 3216 3213
f 3185 3202 3200
f 3182 3217 3186
f 3181 3218 3217
f 2306 3220 3219
f 3220 3221 3176
f 2618 3221 3169
f 3156 3223 3222
f 3158 3225 3224
f 2620 3226 3154
f 3223 3226 3168
f 3224 3227 3155
f 3227 3228 3151
f 3149 3229 3152
f 3230 3231 3147
f 3230 3232 3132
f 3133 3234 3233
f 3124 3235 3233
f 3236 3237 3229
f 3131 3236 3231
f 3238 3239 3130
f 3235 3240 3126
f 3240 3242 3241
f 2659 3244 3243
f 3242 3245 3243
f 2661 3246 3106
f 3123 3246 3245
f 2652 3247 3244
f 3234 3248 3120
f 3146 3249 3232
f 3248 3249 3119
f 3118 3250 3112
f 3097 3251 3250
f 3252 3253 3104
f 3111 3254 3252
f 3100 3254 3251
f 3255 3256 3101
f 3257 3258 3256
f 3260 3261 3259
f 3084 3262 3260
f 3264 3265 3263
f 3096 3265 3255
f 3257 3266 3261
f 3264 3267 3266
f 3269 3270 3268
f 3095 3271 3259
f 3092 3272 3268
f 3271 3272 3086
f 3089 3273 3087
f 3082 3274 3273
f 3070 3276 3275
f 3061 3277 3062
f 3278 3279 3046
f 3277 3280 2925
f 3281 3282 3078
f 3282 3283 3076
f 3275 3283 3058
f 3284 3285 3281
f 3060 3285 3279
f 3284 3286 3056
f 3287 3288 3286
f 3077 3289 3287
f 3290 3291 3289
f 3088 3292 3081
f 3292 3293 3290
f 3294 3295 3293
f 3295 3296 3040
f 3298 3299 3297
f 3091 3299 3294
f 3270 3300 3297
f 3301 3302 3298
f 3296 3302 3038
f 3303 3304 3037
f 3028 3303 3301
f 3300 3305 3029
f 3094 3306 3269
f 3307 3308 3306
f 3267 3309 3093
f 3310 3311 3309
f 3311 3312 3307
f 3263 3313 3310
f 3140 3314 3313
f 3312 3316 3315
f 3137 3316 3314
f 3317 3318 3142
f 3318 3319 3315
f 3308 3320 3305
f 3319 3321 3320
f 3030 3321 3025
f 3322 3323 3031
f 3322 3325 3324
f 3024 3326 3325
f 3026 3317 3021
f 3141 3144 3023
f 3327 3328 3019
f 3228 3329 3327
f 3157 3331 3330
f 3015 3329 3225
f 3330 3332 3013
f 3161 3333 3332
f 3328 3334 3020
f 3016 3335 3334
f 3335 3336 3326
f 3338 3339 3337
f 3014 3337 3336
f 3010 3338 3333
f 3340 3341 3009
f 3339 3342 3324
f 3341 3343 3342
f 3323 3344 3304
f 3032 3344 3343
f 3340 3345 2990
f 3346 3347 3005
f 3345 3348 3347
f 3164 3349 3348
f 3007 3349 3166
f 3351 3352 3350
f 3352 3353 3008
f 3354 3355 3353
f 3357 3358 3356
f 3358 3359 3354
f 3361 3362 3360
f 2342 3364 3363
f 3365 3366 3364
f 3367 3368 3366
f 3370 3371 3369
f 3373 3374 3372
f 3376 3377 3375
f 3378 3379 3377
f 3380 3381 3379
f 3383 3384 3382
f 3386 3387 3385
f 3389 3390 3388
f 3391 3392 3388
f 3393 3394 3391
f 3387 3395 3393
f 3396 3397 3392
f 3398 3399 3397
f 3401 3402 3400
f 3404 3405 3403
f 3407 3408 3406
f 3409 3410 3408
f 3411 3412 3409
f 3413 3414 3407
f 3415 3416 3413
f 3417 3418 3415
f 3420 3421 3419
f 3422 3423 3421
f 3424 3425 3423
f 3427 3428 3426
f 8053 8054 8055
f 8056 8057 8058
f 3433 3434 3431
f 3435 3436 3433
f 3437 3438 3436
f 3440 3441 3439
f 3442 3443 3441
f 3445 3446 3444
f 3448 3449 3447
f 3450 3451 3449
f 3448 3453 3452
f 3453 3455 3454
f 3457 3458 3456
f 3459 3460 3458
f 3461 3462 3456
f 3464 3465 3463
f 3466 3467 3464
f 3469 3470 3468
f 3471 3472 3468
f 8059 8060 8061
f 8062 8063 8064
f 8065 8066 8067
f 3482 3483 3481
f 3484 3485 3469
f 3486 8069 8068
f 8070 8071 8072
f 3491 8074 8073
f 3493 3495 3494
f 3496 3497 3495
f 3498 3499 3497
f 3500 3501 3499
f 3501 3502 3494
f 3504 3505 3503
f 3487 3506 3505
f 3507 3508 3503
f 3509 3510 3507
f 3512 3513 3511
f 3498 3514 3513
f 3515 3516 3514
f 3517 3518 3516
f 3519 3520 3518
f 3522 3523 3521
f 3525 3526 3524
f 3528 3529 3527
f 3519 3530 3528
f 3531 3532 3515
f 3533 3534 3492
f 3536 3537 3535
f 3539 3540 3538
f 8446 8447 8448
f 8449 8450 8451
f 3545 8453 8452
f 3549 3550 3548
f 3551 3552 3548
f 3553 3554 3551
f 3555 3556 3553
f 3557 3558 3550
f 3558 3559 3555
f 3561 3562 3560
f 8454 8455 8456
f 8457 8458 8459
f 3568 3569 3567
f 8460 8461 8462
f 3556 3572 3571
f 3573 3574 3572
f 3575 3576 3571
f 3577 3578 3575
f 3579 3580 3577
f 3580 3582 3581
f 3583 3584 3581
f 3585 3586 3583
f 3587 3588 3585
f 3590 3591 3589
f 3586 3592 3591
f 3593 3594 3589
f 3595 3596 3593
f 3597 3598 3595
f 3599 3600 3597
f 3602 3603 3601
f 3604 3605 3601
f 3607 3608 3606
f 3609 3610 3606
f 3587 3611 3610
f 3607 3613 3612
f 3615 3616 3614
f 3618 3619 3617
f 8463 8464 8465
f 8466 8467 8468
f 8469 8470 8471
f 8472 8473 8474
f 8475 8476 8477
f 3633 8478 8479
f 3636 3637 3635
f 3638 3639 3637
f 3641 3642 3640
f 3644 3645 3643
f 3646 8076 8075
f 3647 3649 3644
f 3457 3651 3650
f 3653 3654 3652
f 3654 3655 3650
f 3656 3657 3651
f 3658 3659 3656
f 3661 3662 3660
f 3663 3664 3660
f 3666 3667 3665
f 3667 3668 3663
f 3485 3670 3669
f 3668 3671 3669
f 3673 3674 3672
f 3675 3676 3674
f 3678 3679 3677
f 3681 3682 3680
f 3684 3685 3683
f 3687 3688 3686
f 3688 3689 3683
f 3690 3691 3685
f 3692 3693 3691
f 3695 3696 3694
f 3692 3697 3696
f 3698 3699 3694
f 3701 3702 3700
f 3702 3703 3698
f 3705 3706 3704
f 3701 3705 3504
f 3508 3707 3703
f 3708 3709 3699
f 3711 3712 3710
f 3695 3713 3712
f 3715 3716 3714
f 3718 3719 3717
f 3719 3720 3714
f 3721 3722 3718
f 3724 3725 3723
f 3726 3727 3725
f 3728 3729 3727
f 3731 3732 3730
f 3732 3733 3728
f 3735 3736 3734
f 3733 3736 3722
f 3738 3739 3737
f 3741 3742 3740
f 3743 3744 3742
f 3745 3746 3740
f 3748 3749 3747
f 3751 3752 3750
f 3753 3754 3751
f 3754 3756 3755
f 3757 3758 3756
f 3759 3760 3758
f 3762 3763 3761
f 3765 3766 3764
f 3767 3768 3764
f 3769 3770 3762
f 3771 3772 3770
f 3771 3774 3773
f 3578 3776 3775
f 3778 3779 3777
f 3781 3782 3780
f 3784 3785 3783
f 3786 3787 3785
f 3788 3789 3787
f 3790 3791 3789
f 3793 3794 3792
f 3792 3796 3795
f 3797 3798 3795
f 3799 3800 3797
f 3802 3803 3801
f 3803 3805 3804
f 3806 3807 3805
f 3808 3809 3807
f 3810 3811 3809
f 3812 3813 3811
f 3812 3814 3793
f 3815 3816 3814
f 3818 3819 3817
f 3820 3821 3819
f 3822 3823 3817
f 3824 3825 3822
f 3827 3828 3826
f 3829 3830 3828
f 3831 3832 3830
f 3833 3834 3832
f 3833 3836 3835
f 3810 3838 3837
f 3839 3840 3838
f 3808 3842 3841
f 3843 3844 3806
f 3846 3847 3845
f 3802 3849 3848
f 3850 3851 3849
f 3852 3853 3851
f 3855 3856 3854
f 3857 3858 3854
f 3860 3861 3859
f 3862 3863 3857
f 3861 3864 3862
f 3865 3866 3786
f 3868 3869 3867
f 3871 3872 3870
f 3873 3874 3870
f 3876 3877 3875
f 3878 3879 3863
f 3881 3882 3880
f 3884 3885 3883
f 3887 3888 3886
f 3890 3891 3889
f 3889 3893 3892
f 3894 3895 3892
f 3897 3898 3896
f 3898 3899 3894
f 3890 3901 3900
f 3903 3904 3902
f 3905 3906 3904
f 3908 3909 3907
f 3910 3911 3888
f 3913 3914 3912
f 3915 3916 3914
f 3918 3919 3917
f 3913 3920 3917
f 3920 3922 3921
f 3908 3923 3922
f 3925 3926 3924
f 3927 3928 3924
f 3930 3931 3929
f 3930 3932 3925
f 3934 3935 3933
f 3936 3937 3935
f 3939 3940 3938
f 3941 3942 3938
f 3944 3945 3943
f 3947 3948 3946
f 3949 3950 3946
f 3951 3952 3949
f 3954 3955 3953
f 3953 3956 3952
f 3947 3958 3957
f 3960 3961 3959
f 3958 3962 3961
f 3963 3964 3959
f 3965 3966 3963
f 3968 3969 3967
f 3971 3972 3970
f 3973 3974 3970
f 3976 3977 3975
f 3978 3979 3977
f 3981 3982 3980
f 3983 3984 3974
f 3986 3987 3985
f 3985 3988 3984
f 3989 3990 3987
f 3992 3993 3991
f 3989 3994 3993
f 3996 3997 3995
f 3998 3999 3997
f 4000 4001 3998
f 4003 4004 4002
f 4005 4006 4004
f 4008 4009 4007
f 4010 4011 2098
f 4005 4012 4011
f 4009 4012 2109
f 4003 4013 2111
f 4002 4014 4001
f 4013 4016 4015
f 4000 4017 4016
f 2117 4019 4018
f 4019 4020 4015
f 4021 4022 4017
f 3996 4023 4021
f 4025 4026 4024
f 4028 4029 4027
f 4028 4031 4030
f 4033 4034 4032
f 4034 4035 4031
f 4036 4037 4035
f 4039 4040 4038
f 4038 4041 4037
f 4043 4044 4042
f 4045 4046 4043
f 4048 4049 4047
f 4050 4051 4047
f 4053 4054 4052
f 4052 4056 4055
f 4058 4059 4057
f 4060 4061 4059
f 4062 4063 4060
f 2119 4065 4064
f 4066 4067 4064
f 4058 4069 4068
f 4070 4071 4069
f 4072 4073 4071
f 4074 4075 4073
f 4076 4077 4074
f 4079 4080 4078
f 4081 4082 4080
f 4083 4084 4082
f 2132 4085 4084
f 4087 4088 4086
f 4089 4090 4088
f 4091 4092 2177
f 4091 4094 4093
f 4095 4096 4093
f 4097 4098 4095
f 4099 4100 4097
f 4102 4103 4101
f 4076 4105 4104
f 4106 4107 4105
f 4108 4109 4107
f 4109 4110 4101
f 4111 4112 4110
f 4113 4114 4111
f 4115 4116 4108
f 4072 4117 4106
f 4118 4119 4070
f 4118 4121 4120
f 4123 4124 4122
f 4126 4127 4125
f 4128 4129 4127
f 4130 4131 4129
f 4130 4133 4132
f 4134 4135 4133
f 4136 4137 4135
f 4139 4140 4138
f 4126 4141 4139
f 4143 4144 4142
f 4145 8481 8480
f 4149 4150 4148
f 4146 4151 4149
f 8482 8483 8484
f 8485 8486 8487
f 8488 8489 8490
f 8491 8492 8493
f 4152 4161 4160
f 4162 4163 4160
f 2217 4164 4161
f 4165 4166 4164
f 4168 4169 4167
f 4171 4172 4170
f 4174 4175 4173
f 4177 4178 4176
f 4179 4180 2233
f 2238 4182 4181
f 4181 4183 4179
f 4185 4186 4184
f 4188 4189 4187
f 4191 4192 4190
f 4193 4194 4190
f 4196 4197 4195
f 4199 4200 4198
f 4201 4202 4198
f 4203 4204 4201
f 4197 4205 4203
f 4206 4207 4205
f 4208 4209 4207
f 4211 4212 4210
f 4214 4215 4213
f 4216 4217 4213
f 4217 4219 4218
f 4220 4221 4219
f 4223 4224 4222
f 4226 4227 4225
f 4228 4229 4225
f 4231 4232 4230
f 4234 4235 4233
f 4236 4237 4235
f 4239 4240 4238
f 4242 4243 4241
f 4245 4246 4244
f 4246 4247 4241
f 4098 4248 4247
f 4248 4250 4249
f 4245 4251 4096
f 4251 4253 4252
f 4240 4254 4244
f 4232 4255 4233
f 4255 4256 4254
f 4231 4257 2189
f 4258 4259 4237
f 4259 4260 4230
f 4202 4261 4258
f 4262 4263 4260
f 4262 4264 2200
f 4264 4266 4265
f 4226 4268 4267
f 4265 4268 2204
f 4269 4270 4267
f 2209 4271 4229
f 4222 4227 4214
f 4215 4270 4210
f 4211 4272 4209
f 4274 4275 4273
f 4275 4277 4276
f 4278 4279 4273
f 4281 4282 4280
f 4280 4283 4279
f 4274 4284 2265
f 4285 4286 4284
f 4208 4288 4287
f 4283 4288 4285
f 4206 4289 4286
f 4272 4290 4204
f 4269 4291 4290
f 4261 4291 4266
f 4199 4236 4191
f 4200 4292 4195
f 4294 4295 4293
f 4292 4296 4294
f 4194 4297 4296
f 4192 4298 4187
f 4239 4298 4234
f 4185 4193 4189
f 4183 4186 4177
f 4180 4300 4299
f 4301 4302 4299
f 4176 4303 4300
f 4188 4304 4178
f 4305 4306 4304
f 4243 4305 4238
f 4112 4308 4307
f 4309 4310 4308
f 4310 4311 4249
f 4242 4311 4174
f 4114 4313 4312
f 4312 4314 4309
f 4175 4314 4172
f 4306 4315 4303
f 4173 4316 4315
f 4316 4317 4301
f 4171 4318 4317
f 4319 4320 4313
f 4170 4320 4167
f 4319 4322 4321
f 4322 4324 4323
f 4321 4326 4325
f 4327 4328 4326
f 4325 4329 4168
f 4169 4331 4330
f 4330 4332 4318
f 4333 4334 4331
f 4335 4336 4166
f 4335 4337 4334
f 4336 4338 4162
f 4339 4340 4140
f 4151 4163 4144
f 4339 4341 4150
f 4143 4342 4340
f 4343 4344 4342
f 4345 4346 4333
f 4338 4346 4142
f 4329 4347 4345
f 4348 4349 4328
f 4347 4349 4343
f 4134 4350 4348
f 4350 4351 4344
f 4138 4351 4128
f 4122 4131 4120
f 4117 4353 4352
f 4132 4353 4119
f 4115 4352 4137
f 4327 4354 4136
f 4116 4356 4355
f 4323 4356 4354
f 4113 4355 4324
f 4307 4357 4102
f 4250 4358 4357
f 4103 4359 4104
f 4360 4361 4359
f 4363 4364 4362
f 4365 4366 4362
f 4365 4367 4361
f 4100 4360 4358
f 4090 4368 4094
f 4099 4368 4366
f 4081 4363 4089
f 4079 4369 4364
f 4370 4371 4369
f 4367 4371 4077
f 4068 4372 4062
f 4075 4373 4372
f 4067 4375 4374
f 4370 4375 4373
f 4066 4376 4063
f 4377 4378 4056
f 4057 4378 4121
f 4379 4380 4061
f 4380 4381 4055
f 4053 4383 4382
f 4385 4386 4384
f 4387 4388 4384
f 4385 4389 3598
f 4391 4392 4390
f 4393 4394 4390
f 4395 4396 4393
f 4397 4398 4395
f 4398 4400 4399
f 4401 4402 4396
f 4404 4405 4403
f 4406 4407 4405
f 4408 4409 4403
f 4410 4411 4404
f 4412 4413 3873
f 4415 4416 4414
f 4418 4419 4417
f 4421 4422 4420
f 4424 4425 4423
f 4426 4427 4423
f 4426 4428 3968
f 3903 4430 4429
f 4414 4431 4430
f 4429 4433 4432
f 4434 4435 4433
f 4421 4437 4436
f 4436 4438 4425
f 4439 4440 4422
f 4418 4439 4424
f 4419 4441 4431
f 4434 4441 4427
f 4442 4443 4416
f 4445 4446 4444
f 4442 4445 3874
f 4447 4448 3880
f 4449 4450 4447
f 4452 4453 4451
f 3875 4453 4450
f 4444 4454 4452
f 4443 4455 4417
f 4413 4456 4455
f 4456 4457 4440
f 4410 4458 4457
f 4459 4460 4409
f 4462 4463 4461
f 4464 4465 4463
f 4467 4468 4466
f 4468 4469 4461
f 4462 4470 4459
f 4460 4471 4458
f 4471 4472 4420
f 4470 4474 4473
f 4437 4476 4475
f 4473 4476 4472
f 4477 4478 4474
f 4402 4479 4478
f 3976 4480 4479
f 4480 4481 4475
f 4394 4477 4469
f 4389 4482 4392
f 4033 4483 4388
f 4482 4483 4397
f 4386 4484 4382
f 4485 4486 4383
f 4486 4487 4387
f 4051 4485 4381
f 4379 4488 4048
f 4376 4489 4488
f 4490 4491 4065
f 4489 4491 4044
f 4046 4492 4049
f 4039 4493 4492
f 4493 4494 4050
f 4487 4494 4036
f 4032 4495 4400
f 4024 4495 4027
f 4030 4041 4023
f 4040 4496 4022
f 4018 4496 4045
f 3995 4497 4029
f 4498 4499 4497
f 4499 4500 4025
f 4502 4503 4501
f 4505 4506 4504
f 4503 4507 4504
f 4508 4509 3994
f 4505 4508 3986
f 3983 4510 4506
f 3981 4511 4510
f 4501 4511 4500
f 3980 4512 4026
f 4512 4513 4399
f 4401 4513 3978
f 3979 3982 3973
f 3972 4514 3975
f 4514 4515 4481
f 4515 4516 4438
f 4516 4517 4428
f 3971 4518 4517
f 3988 4519 4518
f 4520 4521 3990
f 4519 4521 3969
f 3967 4522 4435
f 4523 4524 4522
f 4525 4526 4432
f 4524 4527 4525
f 4520 4528 4523
f 3966 4528 3992
f 4529 4530 3950
f 4530 4531 3962
f 3965 4531 4527
f 3948 4532 3943
f 4533 4534 4532
f 3957 4536 4535
f 4537 4538 4536
f 4535 4539 4533
f 4540 4541 4539
f 4541 4542 3942
f 4544 4545 4543
f 4546 4547 4543
f 4548 4549 3939
f 2021 4551 4550
f 4552 4553 4551
f 3941 4553 4534
f 3944 4552 3936
f 3934 4555 4554
f 3945 4554 3951
f 3928 3933 3931
f 3923 4556 3927
f 4555 4556 3954
f 3926 4557 3921
f 4557 4559 4558
f 4560 4561 4559
f 4563 4564 4562
f 4565 4566 4561
f 4566 4567 4562
f 4569 4570 4568
f 4571 4572 4570
f 4573 4574 4572
f 4575 4576 4574
f 4577 4578 4576
f 4563 4580 4579
f 4582 4583 4581
f 4584 4585 4583
f 4587 4588 4586
f 4590 4591 4589
f 4593 4594 4592
f 4595 4596 4593
f 4598 4599 4597
f 4596 4600 4599
f 4601 4602 4600
f 4591 4603 4601
f 4590 4605 4604
f 4607 4608 4606
f 4610 4611 4609
f 4613 4614 4612
f 4614 4616 4615
f 4613 4618 4617
f 4619 4620 4617
f 4621 4622 4620
f 4624 4625 4623
f 4627 4628 4626
f 4630 4631 4629
f 4631 4632 4626
f 4633 4634 4629
f 4636 4637 4635
f 4638 4639 4637
f 4640 4641 4635
f 4643 4644 4642
f 4644 4645 4640
f 4647 4648 4646
f 4650 4651 4649
f 4653 4654 4652
f 4656 4657 4655
f 4657 4658 4652
f 4660 4661 4659
f 4659 4663 4662
f 4660 4665 4664
f 4666 4667 4664
f 4668 4669 4666
f 4670 4671 4668
f 4673 4674 4672
f 4673 4675 4671
f 4676 4677 4573
f 4676 4679 4678
f 4680 4681 4679
f 4682 4683 4678
f 4684 4685 4682
f 4686 4687 4684
f 4689 4690 4688
f 4685 4692 4691
f 4694 4695 4693
f 4696 4697 4695
f 4699 4700 4698
f 4699 4701 4683
f 4703 4704 4702
f 4705 4706 4704
f 4705 4708 4707
f 4710 4711 4709
f 4713 4714 4712
f 4715 4716 4714
f 4718 4719 4717
f 4717 4720 4713
f 4721 4722 4720
f 4723 4724 4715
f 4725 4726 4716
f 4728 4729 4727
f 4731 4732 4730
f 4733 4734 4732
f 4728 4736 4735
f 4738 4739 4737
f 4740 4741 4739
f 4743 4744 4742
f 4740 4745 4744
f 4746 4747 4742
f 4749 4750 4748
f 4750 4751 4746
f 4753 4754 4752
f 4755 4756 4752
f 4758 4759 4757
f 4760 4761 4757
f 4763 4764 4762
f 4765 4766 4762
f 4768 4769 4767
f 4769 4770 4763
f 4768 4772 4771
f 4773 4774 4772
f 4775 4776 4774
f 4778 4779 4777
f 4780 4781 4777
f 4782 4783 4780
f 4784 4785 4782
f 4787 4788 4786
f 4790 4791 4789
f 4792 4793 4791
f 4795 4796 4794
f 4797 4798 4796
f 4799 4800 4794
f 4801 4802 4799
f 4803 4804 4801
f 4804 4805 2485
f 4807 4808 4806
f 4809 4810 4808
f 4811 4812 4810
f 4813 4814 4812
f 4815 4816 4814
f 4817 4818 4815
f 4820 4821 4819
f 4822 4823 4819
f 4824 4825 4822
f 4827 4828 4826
f 4830 4831 4829
f 4833 4834 4832
f 4836 4837 4835
f 4839 4840 4838
f 4841 4842 4838
f 4842 4844 4843
f 4846 4847 4845
f 4848 4849 4847
f 4843 4850 4849
f 4852 4853 4851
f 4853 4854 4845
f 4855 4856 4852
f 4858 4859 4857
f 4860 4861 4858
f 4860 4863 4862
f 4864 4865 4863
f 4866 4867 4862
f 4868 4869 4867
f 4870 4871 2167
f 4872 4873 4871
f 4869 4875 4874
f 2164 4873 4868
f 4874 4876 4861
f 4878 4879 4877
f 4881 4882 4880
f 4884 4885 4883
f 4883 4887 4886
f 4889 4890 4888
f 4891 4892 4890
f 4894 4895 4893
f 4897 4898 4896
f 4897 4900 4899
f 4902 4903 4901
f 4903 4904 4899
f 4905 4906 4902
f 4908 4909 4907
f 4911 4912 4910
f 4913 4914 4912
f 4915 4916 4913
f 4918 4919 4917
f 4921 4922 4920
f 4924 4925 4923
f 4926 4927 4925
f 4928 4929 4927
f 4930 4931 4928
f 4933 4934 4932
f 4935 4936 4933
f 4935 4938 4937
f 4939 4940 4937
f 4941 4942 4939
f 4943 4944 4941
f 4946 4947 4945
f 4949 4950 4948
f 4951 4952 4950
f 4953 4954 4952
f 4955 4956 4942
f 4958 4959 4957
f 4960 4961 4959
f 4962 4963 4961
f 4965 4966 4964
f 4968 4969 4967
f 4971 4972 4970
f 4973 4974 4970
f 4975 4976 4973
f 4977 4978 4975
f 4980 4981 4979
f 4983 4984 4982
f 4979 4985 4984
f 4986 4987 4982
f 4988 4989 4986
f 4990 4991 4988
f 4958 4992 4989
f 4994 4995 4993
f 4997 4998 4996
f 5000 5001 4999
f 5002 5003 5001
f 5005 5006 5004
f 5007 5008 5006
f 5009 5010 5007
f 5012 5013 5011
f 5014 5015 5013
f 5017 5018 5016
f 5020 5021 5019
f 5021 5023 5022
f 5024 5025 5023
f 5026 5027 5025
f 5028 5029 5027
f 5031 5032 5030
f 5033 5034 5032
f 5036 5037 5035
f 5039 5040 5038
f 5041 5042 5038
f 5043 5044 5041
f 5042 5046 5045
f 5047 5048 5046
f 5050 5051 5049
f 5053 5054 5052
f 5049 5055 5000
f 5056 5057 5055
f 5058 5059 5057
f 5002 5061 5060
f 5059 5062 5061
f 5063 5064 5060
f 5065 5066 5063
f 5067 5068 5065
f 5062 5069 5067
f 5071 5072 5070
f 5073 5074 5070
f 5076 5077 5075
f 5078 5079 5077
f 5076 5081 5080
f 5083 5084 5082
f 5085 5086 5084
f 5088 5089 5087
f 5091 5092 5090
f 5093 5094 5085
f 5096 5097 5095
f 5099 5100 5098
f 5101 5102 5098
f 5103 5104 5101
f 5105 5106 5104
f 5108 5109 5107
f 5110 5111 5109
f 5112 5113 5111
f 5115 5116 5114
f 5113 5117 5114
f 5118 5119 5117
f 5121 5122 5120
f 5124 5125 5123
f 5126 5127 5120
f 5128 5129 5126
f 5125 5130 5128
f 5131 5132 5129
f 5134 5135 5133
f 5136 5137 5133
f 5139 5140 5138
f 5140 5141 5136
f 5143 5144 5142
f 5146 5147 5145
f 5148 5149 5147
f 5148 5150 5141
f 5150 5152 5151
f 5154 5155 5153
f 5152 5156 5153
f 5157 5158 5156
f 5159 5160 5158
f 5161 5162 5159
f 2951 5164 5163
f 5166 5167 5165
f 5166 5169 5168
f 5171 5172 5170
f 5172 5174 5173
f 5175 5176 5174
f 5175 5177 2823
f 5178 5179 5177
f 5181 5182 5180
f 5183 5184 5180
f 5183 5185 5171
f 5187 5188 5186
f 5190 5191 5189
f 5193 5194 5192
f 5196 5197 5195
f 5199 5200 5198
f 5202 5203 5201
f 5200 5205 5204
f 5204 5207 5206
f 5209 5210 5208
f 5209 5212 5211
f 5213 5214 5005
f 5073 5215 5213
f 5216 5217 5215
f 5219 5220 5218
f 5221 5222 5220
f 5224 5225 5223
f 5221 5225 5198
f 5227 5228 5226
f 5230 5231 5229
f 5231 5232 5226
f 5233 5234 5230
f 5235 5236 5232
f 5236 5238 5237
f 5239 5240 5237
f 5227 5242 5241
f 5192 5242 5240
f 5223 5243 5228
f 5219 5244 5243
f 5229 5244 5217
f 5009 5246 5245
f 5218 5246 5214
f 5245 5247 5210
f 5249 5250 5248
f 5251 5252 5248
f 5254 5255 5253
f 5257 5258 5256
f 5259 5260 5258
f 5262 5263 5261
f 5265 5266 5264
f 5267 5268 5264
f 5259 5269 5265
f 5269 5271 5270
f 5271 5272 5261
f 5272 5273 5254
f 5255 5275 5274
f 5277 5278 5276
f 5279 5280 5278
f 5277 5281 5033
f 5280 5282 5274
f 5252 5262 5253
f 5249 5282 5024
f 5018 5284 5283
f 5208 5285 5284
f 5207 5287 5286
f 5285 5286 5251
f 5206 5247 5222
f 5287 5288 5263
f 5205 5289 5288
f 5289 5290 5270
f 5196 5291 5290
f 5266 5291 5267
f 5199 5201 5197
f 5292 5293 5241
f 5224 5293 5202
f 5194 5294 5292
f 5187 5294 5189
f 5186 5295 5203
f 5296 5297 5295
f 5297 5298 5195
f 5181 5299 5296
f 5298 5300 5268
f 5300 5301 5260
f 5299 5302 5301
f 5303 5304 5302
f 5184 5305 5303
f 5188 5306 5182
f 5307 5308 5306
f 5191 5309 5307
f 5309 5311 5310
f 5185 5308 5178
f 5305 5313 5312
f 5170 5314 5313
f 5169 5315 5314
f 5173 5316 5168
f 5317 5318 5316
f 5317 5319 2948
f 2933 5319 5176
f 5318 5320 5167
f 5163 5321 5320
f 2955 5323 5322
f 5324 5325 5323
f 5327 5328 5326
f 5330 5331 5329
f 5332 5333 5329
f 5335 5336 5334
f 5334 5337 5332
f 5339 5340 5338
f 5341 5342 5338
f 5344 5345 5343
f 5347 5348 5346
f 5350 5351 5349
f 5352 5353 5351
f 5354 5355 5353
f 5352 5357 5356
f 5359 5360 5358
f 5362 5363 5361
f 5363 5364 5360
f 5366 5367 5365
f 5368 5369 5365
f 5370 5371 5369
f 5372 5373 5366
f 5375 5376 5374
f 5372 5377 5376
f 2355 5379 5378
f 5379 5380 5374
f 5381 5382 5378
f 5384 5385 5383
f 5386 5387 5384
f 5364 5387 5368
f 5389 5390 5388
f 5392 5393 5391
f 5395 5396 5394
f 5393 5398 5397
f 5397 5399 5389
f 5401 5402 5400
f 5403 5404 5399
f 5406 5407 5405
f 5408 5409 5405
f 5410 5411 5408
f 5410 5412 5390
f 5391 5413 5396
f 5383 5413 5388
f 5370 5415 5414
f 5412 5415 5386
f 5407 5416 5414
f 5382 5416 2348
f 5371 5381 5377
f 5362 5417 5385
f 5394 5417 5357
f 5356 5419 5418
f 5361 5420 5419
f 5421 5422 5420
f 5423 5424 5418
f 5425 5426 5423
f 5428 5429 5427
f 5430 5431 5429
f 5433 5434 5432
f 5435 5436 5434
f 5437 5438 5432
f 5439 5440 5433
f 5439 5442 5441
f 5444 5445 5443
f 5446 5447 5445
f 5447 5448 5441
f 5450 5451 5449
f 5453 5454 5452
f 5455 5456 5452
f 5458 5459 5457
f 5461 5462 5460
f 5463 5464 5460
f 5465 5466 5463
f 5468 5469 5467
f 5470 5471 5469
f 5472 5473 5471
f 4790 5475 5474
f 4783 5474 5470
f 5475 5477 5476
f 5478 5479 5477
f 5480 5481 5479
f 5482 5483 5481
f 5485 5486 5484
f 5487 5488 5484
f 5490 5491 5489
f 5491 5493 5492
f 5490 5495 5494
f 5487 5496 5489
f 5497 5498 5492
f 5499 5500 5497
f 5502 5503 5501
f 5502 5504 2515
f 5500 5504 5482
f 5488 5498 5480
f 5476 5505 5472
f 5507 5508 5506
f 5468 5507 4781
f 5510 5511 5509
f 5509 5513 5512
f 5510 5515 5514
f 5516 5517 5514
f 5518 5519 5516
f 5520 5521 5518
f 5523 5524 5522
f 5525 5526 5519
f 5528 5529 5527
f 5517 5530 5528
f 5530 5532 5531
f 5533 5534 5531
f 5536 5537 5535
f 5537 5538 5533
f 5538 5539 4758
f 5540 5541 5536
f 5542 5543 4904
f 4906 5545 5544
f 5547 5548 5546
f 4756 5550 5549
f 5552 5553 5551
f 5553 5554 5549
f 5555 5556 5551
f 5557 5558 5555
f 5559 5560 5556
f 5562 5563 5561
f 5565 5566 5564
f 5554 5568 5567
f 4747 5568 5565
f 5562 5569 5560
f 5569 5571 5570
f 5552 5570 5566
f 5550 5572 5557
f 5546 5573 5572
f 5548 5575 5574
f 5573 5577 5576
f 5578 5579 5577
f 5580 5581 5576
f 5544 5582 5542
f 5545 5578 5574
f 5582 5583 5541
f 5539 5583 5575
f 5585 5586 5584
f 5585 5588 5587
f 5525 5589 5588
f 5526 5590 5532
f 5522 5589 5521
f 5467 5591 5466
f 5592 5593 5464
f 5594 5595 5461
f 5465 5596 5508
f 5596 5597 5512
f 5462 5598 5597
f 5598 5599 5515
f 5600 5601 5599
f 5601 5602 5520
f 5457 5603 5456
f 5595 5603 5600
f 5605 5606 5604
f 5607 5608 5606
f 5609 5610 5607
f 5446 5611 5609
f 4818 5613 5612
f 5611 5614 5613
f 5616 5617 5615
f 5614 5618 5615
f 5444 5619 5618
f 5619 5621 5620
f 5622 5623 5621
f 5624 5625 5623
f 5626 5627 5622
f 5628 5629 5620
f 5629 5630 5616
f 5632 5633 5631
f 5608 5634 5631
f 5634 5635 5454
f 5636 5637 5593
f 5594 5637 5453
f 5636 5638 5632
f 5639 5640 5592
f 5641 5642 5473
f 5591 5642 5639
f 5638 5644 5643
f 5640 5645 5644
f 5646 5647 5641
f 5647 5649 5648
f 5505 5650 5646
f 5483 5651 5650
f 5501 5652 5651
f 5652 5653 5649
f 5654 5655 5653
f 5656 5657 5654
f 5659 5660 5658
f 5661 5662 5658
f 5664 5665 5663
f 5666 5667 5665
f 5666 5669 5668
f 5659 5670 5655
f 5662 5671 5450
f 5449 5672 5670
f 5648 5672 5645
f 5451 5673 5643
f 5673 5674 5633
f 5674 5675 5604
f 5676 5677 5663
f 5671 5677 5675
f 5605 5678 5448
f 5676 5679 5678
f 5679 5680 5440
f 5667 5681 5680
f 5682 5683 5442
f 5443 5683 5626
f 5438 5684 5682
f 5435 5681 5430
f 5668 5685 5431
f 5686 5687 5428
f 5427 5688 5426
f 5686 5689 2455
f 5690 5691 5349
f 5102 5692 5691
f 5692 5694 5693
f 5350 5695 5395
f 5392 5697 5696
f 5693 5697 5695
f 5106 5698 5694
f 5699 5700 5698
f 5700 5701 5696
f 5398 5702 5400
f 5347 5702 5701
f 5344 5703 5342
f 5705 5706 5704
f 5339 5705 5333
f 5707 5708 5331
f 5154 5709 5707
f 5335 5708 5328
f 5711 5712 5710
f 5713 5714 5712
f 5716 5717 5715
f 5718 5719 5717
f 5720 5721 5715
f 5722 5723 2960
f 5724 5725 5723
f 5324 5724 5721
f 5727 5728 5726
f 5729 5730 5728
f 5731 5732 5730
f 8077 8379 8079
f 8080 8081 8380
f 8083 8084 8085
f 8086 8087 8088
f 8089 8090 8091
f 5745 5746 5744
f 2996 5748 5747
f 5748 5750 5749
f 5752 5753 5751
f 5754 5755 5751
f 5756 5757 5754
f 5759 5760 5758
f 5759 5762 5761
f 5758 5763 5757
f 5764 5765 5763
f 5766 5767 5765
f 5768 5769 3451
f 5770 5771 5769
f 5773 5774 5772
f 5775 5776 5772
f 5778 5779 5777
f 5781 5782 5780
f 3437 5783 5782
f 5784 5785 5780
f 5787 5788 5786
f 8092 8093 8094
f 5787 5792 5791
f 8095 8096 8097
f 5784 5795 5786
f 5776 5785 5778
f 5752 5796 5774
f 5797 5798 5781
f 5799 5800 5796
f 5801 5802 5800
f 5775 5802 5797
f 5803 5804 5801
f 5770 5803 5766
f 5767 5799 5755
f 5749 5753 5745
f 5747 5806 5805
f 8098 8099 8100
f 5809 8102 8101
f 5811 5812 5805
f 5810 5814 5813
f 8103 5815 8104
f 8105 5816 8106
f 8107 8108 8109
f 8110 8111 8112
f 8113 8114 8115
f 8116 8117 8118
f 8119 8120 8121
f 8122 8123 8124
f 8125 8126 8127
f 8128 8129 8130
f 5788 5826 5779
f 8131 8132 8133
f 8134 8135 8136
f 8137 8138 8139
f 8140 8141 8142
f 5734 8143 8144
f 5832 5833 5831
f 5834 5835 5833
f 5834 5837 5836
f 5729 5838 5837
f 5840 5841 5839
f 5842 5843 5841
f 5844 5845 5838
f 5718 5844 5727
f 5731 5832 5830
f 8145 8146 8147
f 5794 8149 8148
f 5846 8151 8150
f 5849 5850 5732
f 5851 5852 5714
f 5847 5853 5852
f 5854 5855 5726
f 5851 5854 5850
f 5856 5857 5719
f 5858 5859 5713
f 5855 5859 5856
f 5860 5861 5858
f 3404 5862 5711
f 5860 5863 5336
f 5327 5864 5861
f 5865 5866 5720
f 5864 5865 5857
f 5322 5867 5164
f 5866 5868 5325
f 5869 5870 5868
f 5326 5871 5869
f 5160 5871 5709
f 5867 5870 5162
f 5161 5872 5321
f 5873 5874 5872
f 5165 5874 5143
f 5146 5873 5157
f 5142 5875 5315
f 5145 5876 5144
f 5875 5877 5312
f 5877 5879 5878
f 5880 5881 5879
f 5876 5882 5880
f 5304 5878 5256
f 5257 5883 5273
f 5881 5884 5883
f 5884 5885 5275
f 5886 5887 5882
f 5139 5886 5149
f 5885 5887 5276
f 5138 5888 5281
f 5135 5889 5888
f 5891 5892 5890
f 5894 5895 5893
f 5897 5898 5896
f 5899 5900 5898
f 5901 5902 5899
f 5897 5904 5903
f 5904 5906 5905
f 5056 5906 5893
f 5058 5908 5907
f 5910 5911 5909
f 5911 5912 5907
f 5895 5913 5908
f 5896 5914 5894
f 5132 5914 5892
f 5131 5915 5913
f 5916 5917 5915
f 5917 5918 5909
f 5127 5891 5134
f 5122 5919 5123
f 5137 5920 5121
f 5151 5921 5920
f 5922 5923 5921
f 5155 5924 5922
f 5330 5925 5924
f 5703 5926 5706
f 5704 5927 5925
f 5929 5930 5928
f 5923 5931 5919
f 5930 5931 5927
f 5124 5929 5112
f 5118 5928 5926
f 5343 5932 5119
f 5348 5933 5932
f 5115 5933 5699
f 5110 5916 5130
f 5107 5116 5105
f 5934 5935 5103
f 5108 5935 5918
f 5095 5936 5355
f 5937 5938 5936
f 5690 5938 5099
f 5424 5939 5354
f 5939 5940 5096
f 5688 5941 5940
f 5943 5944 5942
f 5685 5943 5941
f 5945 5946 5942
f 5946 5947 5097
f 5949 5950 5948
f 5951 5952 5949
f 5945 5953 5951
f 5094 5955 5954
f 5952 5956 5955
f 5958 5959 5957
f 5959 5960 5078
f 5954 5961 5958
f 5093 5962 5950
f 5963 5964 5962
f 5948 5965 5947
f 5965 5966 5937
f 5092 5966 5964
f 5091 5967 5100
f 5967 5968 5934
f 5910 5968 5088
f 5090 5969 5089
f 5083 5970 5963
f 5970 5971 5969
f 5086 5957 5080
f 5216 5972 5233
f 5074 5973 5064
f 5975 5976 5974
f 5072 5976 5972
f 5075 5977 5975
f 5978 5979 5974
f 5979 5980 5081
f 5980 5981 5082
f 5068 5982 5981
f 5982 5983 5971
f 5983 5984 5087
f 5912 5984 5069
f 5066 5978 5071
f 5047 5985 5054
f 5052 5905 5051
f 5044 5986 5985
f 5903 5986 5901
f 5987 5988 5040
f 5990 5991 5989
f 5992 5993 5991
f 5994 5995 5990
f 5987 5996 5995
f 5997 5998 5043
f 5902 5998 5036
f 5034 5999 5035
f 5900 6000 5890
f 5889 6000 5999
f 5037 6001 5030
f 5988 6002 5997
f 6001 6002 5028
f 5026 5279 5031
f 5020 5283 5250
f 5029 5994 5022
f 5989 6003 5019
f 6003 6004 5016
f 5011 5212 5017
f 6005 6006 6004
f 4983 6005 5993
f 6006 6007 5012
f 4987 6008 6007
f 6008 6010 6009
f 5010 5211 5015
f 5004 6011 5973
f 6013 6014 6012
f 6011 6014 5003
f 5014 6016 6015
f 5008 6015 6012
f 6009 6017 6016
f 6018 6019 6017
f 6019 6020 6013
f 6020 6021 4999
f 5050 6023 6022
f 6021 6024 6023
f 6025 6026 6022
f 6024 6027 4996
f 4994 6025 4998
f 6029 6030 6028
f 6018 6030 6027
f 4992 6028 6010
f 6032 6033 6031
f 4985 6031 4990
f 5992 6034 4980
f 5996 6035 6034
f 6036 6037 6035
f 5039 6038 6036
f 6039 6040 6038
f 5045 6041 6039
f 6042 6043 6041
f 6044 6045 6042
f 5048 6046 6044
f 6026 6047 5053
f 6047 6048 6046
f 4993 6049 6048
f 6050 6051 6049
f 6053 6054 6052
f 4951 6055 6053
f 6057 6058 6056
f 6060 6061 6059
f 6060 6062 4976
f 6064 6065 6063
f 6067 6068 6066
f 6070 6071 6069
f 6072 6073 6071
f 6074 6075 6070
f 6077 6078 6076
f 6080 6081 6079
f 6082 6083 6081
f 6084 6085 6082
f 6087 6088 6086
f 6090 6091 6089
f 6093 6094 6092
f 6096 6097 6095
f 6099 6100 6098
f 6100 6101 6095
f 6103 6104 6102
f 6105 6106 6104
f 6107 6108 6106
f 6109 6110 6102
f 6111 6112 6108
f 6112 6113 6109
f 6113 6115 6114
f 6115 6117 6116
f 6118 6119 6117
f 6121 6122 6120
f 6123 6124 6122
f 6111 6123 6118
f 6110 6126 6125
f 6127 6128 6125
f 6129 6130 6127
f 6132 6133 6131
f 6135 6136 6134
f 6131 6136 6129
f 6135 6138 6137
f 6139 6140 6137
f 6141 6142 6139
f 6143 6144 6142
f 6145 6146 4974
f 6147 6148 6096
f 6150 6151 6149
f 6147 6152 6151
f 6153 6154 6149
f 6156 6157 6155
f 6158 6159 6157
f 6160 6161 6159
f 6162 6163 6161
f 6140 6162 6130
f 6160 6164 6128
f 6164 6165 6103
f 6165 6167 6166
f 6153 6167 6158
f 6168 6169 6155
f 6144 6168 6163
f 6143 6171 6170
f 6126 6172 6132
f 6105 6173 6101
f 6152 6173 6166
f 6107 6174 6124
f 6099 6175 6174
f 6176 6177 6175
f 6179 6180 6178
f 6181 6182 6178
f 6183 6184 6181
f 6186 6187 6185
f 6189 6190 6188
f 6190 6191 6185
f 6193 6194 6192
f 6195 6196 6194
f 6197 6198 6196
f 6199 6200 6195
f 6199 6202 6201
f 6200 6204 6203
f 6206 6207 6205
f 6208 6209 6207
f 6210 6211 6209
f 6212 6213 6205
f 6214 6215 6212
f 6216 6217 6215
f 6219 6220 6218
f 6221 6222 6220
f 6223 6224 6222
f 6225 6226 6224
f 6228 6229 6227
f 6230 6231 6229
f 6232 6233 6231
f 6235 6236 6234
f 6238 6239 6237
f 6240 6241 6238
f 6243 6244 6242
f 6245 6246 6230
f 6247 6248 6245
f 6242 6249 6248
f 6251 6252 6250
f 3687 6253 6252
f 6250 6254 6246
f 6255 6256 6254
f 6240 6257 6253
f 6258 6259 6257
f 6260 6261 6237
f 6261 6262 6258
f 6263 6264 6260
f 6265 6266 6263
f 6268 6269 6267
f 6270 6271 6269
f 6273 6274 6272
f 6276 6277 6275
f 6272 6278 6277
f 3720 6280 6279
f 6271 6279 6278
f 6274 6281 6267
f 6283 6284 6282
f 6268 6283 6266
f 6286 6287 6285
f 6289 6290 6288
f 6291 6292 6287
f 6292 6293 6288
f 6294 6295 6289
f 6296 6297 6198
f 6213 6298 6296
f 6298 6300 6299
f 6299 6301 6295
f 6303 6304 6302
f 6264 6305 6286
f 6285 6306 6262
f 6235 6306 6290
f 6301 6307 6236
f 6255 6259 6234
f 6308 6309 6307
f 6256 6309 6232
f 8494 6312 8495
f 6313 8496 8497
f 8498 8499 8500
f 8501 8502 8503
f 8504 8505 8506
f 8507 8508 8509
f 6323 6324 6227
f 6325 6326 6323
f 6311 6326 6225
f 6327 6328 6221
f 6327 6330 6329
f 6226 6331 6218
f 6332 6333 6331
f 6334 6335 6233
f 6325 6335 6332
f 6337 6338 6336
f 6308 6338 6334
f 6217 6336 6300
f 6333 6340 6339
f 6337 6341 6340
f 6216 6342 6341
f 6343 6344 6208
f 6197 6345 6206
f 6203 6346 6345
f 6347 6348 6202
f 6189 6347 6193
f 6294 6349 6297
f 6349 6350 6192
f 6191 6350 6293
f 6291 6303 6186
f 6351 6352 6302
f 6304 6305 6282
f 6353 6354 6284
f 6351 6354 6084
f 6184 6353 6281
f 6273 6355 6182
f 6179 6356 6093
f 6092 6097 6089
f 6145 6358 6357
f 6357 6359 6148
f 6359 6360 6090
f 6091 6361 6180
f 6360 6362 6087
f 6183 6363 6085
f 6086 6363 6361
f 6364 6365 6187
f 6080 6364 6352
f 6366 6367 6365
f 6188 6367 6077
f 6076 6368 6348
f 6369 6370 6368
f 6075 6371 6370
f 6371 6372 6201
f 6072 6369 6067
f 6068 6078 6063
f 6366 6373 6064
f 6375 6376 6374
f 6079 6376 6373
f 6088 6377 6083
f 6377 6378 6374
f 6379 6380 6378
f 6362 6381 6379
f 6062 6381 6358
f 6058 6380 6059
f 6057 6382 6375
f 6382 6383 6065
f 6384 6385 6383
f 6055 6386 6385
f 6387 6388 6056
f 6054 6389 6050
f 6388 6389 6384
f 4978 6390 6061
f 6390 6391 6387
f 6051 6391 6045
f 4977 6392 6043
f 4972 6393 6392
f 6393 6394 6040
f 4981 6396 6395
f 6037 6397 6396
f 6394 6398 6397
f 6395 6399 6032
f 6400 6401 6398
f 4971 6403 6402
f 6402 6404 6400
f 6150 6403 6146
f 6154 6405 6404
f 4968 6405 6156
f 6399 6406 4966
f 4967 6406 6401
f 4965 6407 6033
f 4969 6408 4964
f 6169 6409 6408
f 6170 6410 6409
f 6412 6413 6411
f 6413 6414 6410
f 6414 6415 6407
f 4991 6415 4960
f 6417 6418 6416
f 4957 6418 6029
f 6417 6419 4997
f 6419 6421 6420
f 4995 6420 6052
f 4956 6416 4963
f 4953 6421 4955
f 6386 6422 6066
f 4949 6423 6422
f 6423 6424 6073
f 4946 6425 6424
f 4948 6426 4947
f 4944 6426 4954
f 4962 6412 4940
f 4936 6411 6171
f 6141 6427 4934
f 6428 6429 6427
f 6134 6430 4931
f 4930 6428 6138
f 6114 6432 6431
f 6432 6433 6430
f 6172 6431 6133
f 6434 6435 6433
f 6116 6436 6434
f 6429 6438 6437
f 4926 6439 6438
f 6440 6441 6439
f 6443 6444 6442
f 6445 6446 6444
f 6446 6447 5561
f 6449 6450 6448
f 6451 6452 6442
f 4920 6451 5563
f 5559 6453 4921
f 5581 6454 5558
f 6454 6455 6453
f 4910 6456 6455
f 4924 6452 6440
f 4922 6457 6441
f 6458 6459 6457
f 6459 6460 6437
f 4932 6460 4918
f 4917 6461 4938
f 4943 6461 4916
f 4919 6462 4914
f 6456 6462 6458
f 5580 6463 4911
f 6463 6464 4909
f 4908 4945 4915
f 4907 6465 6425
f 6465 6466 6069
f 6467 6468 6466
f 6467 6469 4905
f 5579 6469 6464
f 6470 6471 4901
f 6468 6471 6074
f 6472 6473 4900
f 6470 6473 6372
f 6472 6474 6204
f 6346 6475 6343
f 6474 6476 6475
f 4896 6477 6476
f 4898 6479 6478
f 6477 6480 4894
f 4893 6481 6344
f 6210 6482 4891
f 6481 6483 6482
f 6211 6484 6214
f 4889 6485 6484
f 6485 6486 6342
f 6487 6488 6486
f 6489 6490 6219
f 6488 6489 6339
f 6490 6491 6330
f 6492 6493 6491
f 4884 6494 6493
f 6487 6495 6492
f 4880 6497 6496
f 4885 6498 6497
f 4888 6498 6495
f 4878 6500 6499
f 6501 6502 6500
f 6503 6504 6501
f 4882 6499 4887
f 6503 6506 6505
f 4876 6506 4877
f 4879 6507 4859
f 4881 6508 6507
f 6510 6511 6509
f 4892 6509 6496
f 6511 6512 6508
f 6483 6513 6510
f 6514 6515 4895
f 6513 6515 4856
f 6516 6517 4857
f 4855 6516 6512
f 6517 6518 4864
f 6514 6519 4854
f 6480 6520 6519
f 6522 6523 6521
f 6478 6523 6520
f 5543 6524 6479
f 5540 6525 6524
f 6525 6526 6521
f 5590 6527 5535
f 6526 6527 5584
f 5587 6528 4848
f 4846 6522 5586
f 4850 6518 4851
f 4844 6529 4865
f 6530 6531 6529
f 6530 6533 6532
f 4839 6528 5524
f 4837 6533 4841
f 4836 6535 6534
f 6537 6538 6536
f 6539 6540 6536
f 6541 6542 6539
f 6543 6544 6540
f 6543 6546 6545
f 6547 6548 6545
f 6549 6550 6547
f 6551 6552 6549
f 6554 6555 6553
f 6557 6558 6556
f 6556 6559 6555
f 6552 6561 6560
f 6563 6564 6562
f 6565 6566 6562
f 6568 6569 6567
f 6569 6570 6565
f 6572 6573 6571
f 6574 6575 6573
f 6577 6578 6576
f 2153 6580 6579
f 6581 6582 6579
f 6583 6584 6581
f 6585 6586 6583
f 6588 6589 6587
f 6590 6591 6589
f 6592 6593 6591
f 6595 6596 6594
f 6598 6599 6597
f 6599 6600 6594
f 6601 6602 6597
f 6603 6604 6601
f 6606 6607 6605
f 6608 6609 6602
f 2039 6610 6598
f 6600 6612 6611
f 6614 6615 6613
f 6617 6618 6616
f 6620 6621 6619
f 6619 6622 6617
f 6618 6624 6623
f 6625 6626 6611
f 6626 6627 6615
f 6614 6628 6595
f 6596 6629 6603
f 6606 6629 6592
f 6593 6628 6623
f 6624 6630 6587
f 6632 6633 6631
f 6634 6635 6633
f 6636 6637 6635
f 6638 6639 6637
f 4745 6640 4748
f 6642 6643 6641
f 6645 6646 6644
f 6647 6648 6646
f 6650 6651 6649
f 6645 6652 6651
f 6642 6653 6650
f 6647 6653 6636
f 6634 6655 6654
f 6656 6657 6640
f 4738 6658 6656
f 6657 6660 6659
f 6641 6660 6638
f 6658 6661 6639
f 6661 6662 6631
f 6662 6663 6590
f 6588 6664 6632
f 2139 6665 6664
f 6655 6665 6586
f 6582 6666 2149
f 6667 6668 6585
f 6654 6669 6648
f 6668 6670 6669
f 6576 6671 6670
f 6577 6667 6580
f 6578 6673 6672
f 6675 6676 6674
f 6563 6675 6550
f 6677 6678 6674
f 6678 6679 6548
f 6680 6681 6672
f 6681 6682 6671
f 6682 6683 6644
f 6652 6685 6684
f 6683 6686 6685
f 6676 6687 6680
f 6688 6689 6686
f 6690 6691 6689
f 6691 6692 6684
f 6649 6692 6575
f 6574 6693 6643
f 6694 6695 6572
f 6696 6697 6693
f 6699 6700 6698
f 6697 6701 6659
f 6695 6699 6696
f 6702 6703 6700
f 4773 6705 6704
f 6704 6706 6568
f 6694 6706 6702
f 6571 6690 6570
f 6566 6688 6687
f 6567 6707 4775
f 6560 6707 6564
f 6559 6708 6561
f 6551 6709 6553
f 6546 6710 6709
f 6535 6711 6538
f 6541 6711 4833
f 4835 6712 4834
f 6713 6714 4840
f 6714 6715 6712
f 5523 6716 6713
f 5459 6716 5602
f 4829 6715 5458
f 4827 4832 4831
f 6717 6718 4826
f 6542 6718 6710
f 6719 6720 6717
f 6554 6720 4825
f 4823 6721 4809
f 6719 6722 6721
f 4828 6723 6722
f 6723 6724 4811
f 4830 6725 6724
f 5455 6726 6725
f 6726 6727 4813
f 4817 6728 5610
f 5635 6728 6727
f 4807 6729 4820
f 6729 6731 6730
f 6732 6733 6731
f 6732 6735 6734
f 4816 6735 4806
f 4805 6736 5617
f 5612 6736 6734
f 4800 6737 5486
f 4798 6733 4803
f 4793 6738 4797
f 6730 6738 4787
f 4795 6739 4789
f 5478 6739 5485
f 4786 6740 4821
f 6741 6742 6740
f 4824 6742 6557
f 4788 4792 4785
f 6743 6744 4779
f 4784 6744 6741
f 6743 6745 6558
f 6746 6747 6745
f 6708 6747 4776
f 6746 6748 4771
f 4778 6749 6748
f 4770 6750 5513
f 5506 6750 6749
f 4767 6751 6705
f 4766 6752 6751
f 5511 5527 4764
f 6753 6754 5529
f 4761 6753 5534
f 4759 5547 4755
f 4754 6755 4760
f 6754 6756 4765
f 6755 6757 6756
f 5567 6758 4753
f 6760 6761 6759
f 6759 6762 6757
f 6752 6762 6703
f 6701 6763 4749
f 6761 6763 6698
f 4751 6760 6758
f 4737 6765 6764
f 6663 6764 6607
f 6766 6767 6765
f 4735 6768 6767
f 6768 6769 6605
f 6769 6770 6604
f 6770 6772 6771
f 6771 6773 6608
f 4734 6774 6773
f 4694 6775 6774
f 4730 6772 4736
f 6776 6777 4729
f 6778 6779 6777
f 4741 6776 6766
f 4743 6780 6778
f 5564 6781 6780
f 6782 6783 5571
f 6783 6784 6781
f 6447 6785 6782
f 4725 6786 6784
f 6786 6787 6779
f 4727 6787 4724
f 4722 4731 4723
f 4726 6785 6448
f 4658 6449 6445
f 4711 6788 4656
f 6788 6790 6789
f 6450 6789 4712
f 4718 6790 4708
f 4703 6791 4719
f 4698 6792 6791
f 6792 6793 4721
f 4733 6793 4696
f 4697 4700 4691
f 4681 6794 4686
f 4689 6794 2019
f 4677 6796 6795
f 4702 6796 4701
f 6797 6798 6795
f 4669 6797 4706
f 4707 4710 4667
f 4709 6799 4661
f 6801 6802 6800
f 6443 6803 4653
f 4923 6804 6803
f 6804 6805 4650
f 6435 6805 4929
f 6436 6806 4651
f 4649 6807 4654
f 4647 6808 6807
f 4655 6808 6799
f 6806 6809 4648
f 4646 6810 4663
f 6812 6813 6811
f 6119 6811 6809
f 6810 6813 6800
f 6121 6814 6812
f 6815 6816 6814
f 6177 6817 6120
f 6816 6818 6801
f 6818 6819 4618
f 6815 6817 4645
f 6176 6820 4641
f 6094 6820 6098
f 6356 6821 4636
f 4638 6822 4634
f 6823 6824 6355
f 6821 6824 6822
f 4630 6823 6276
f 4624 6825 4628
f 6825 6826 4633
f 6826 6828 6827
f 4639 6827 4642
f 6829 6830 6828
f 4619 6831 6830
f 4623 6832 6829
f 4643 6831 6819
f 4662 6833 4610
f 4612 6833 6802
f 4609 6834 4665
f 6834 6835 4670
f 6836 6837 6835
f 6836 6839 6838
f 4615 6839 4611
f 6840 6841 6838
f 6840 6842 4608
f 4616 6843 6842
f 4622 6844 6843
f 6846 6847 6845
f 6832 6848 4621
f 6845 6849 6844
f 6849 6850 4606
f 4607 6852 6851
f 3846 6853 6852
f 6853 6854 4604
f 6854 6856 6855
f 6855 6857 4603
f 6857 6859 6858
f 4595 6860 4589
f 4587 6861 4605
f 6861 6862 6851
f 6862 6863 6841
f 6863 6865 6864
f 6837 6864 4674
f 4586 6866 6865
f 4588 6860 4584
f 4592 6867 4585
f 6867 6868 4579
f 4582 6869 6866
f 4580 6870 4581
f 4672 6869 4577
f 4575 6798 4675
f 2015 4569 4565
f 4578 6871 4568
f 4567 6871 6870
f 4558 4564 3918
f 6868 6872 3919
f 4594 6873 6872
f 3915 6873 4598
f 3909 3912 3911
f 3907 6874 3955
f 6875 6876 6874
f 6877 6878 6876
f 6878 6879 3956
f 6879 6880 4529
f 4526 6880 3905
f 3906 6877 3900
f 6881 6882 3902
f 6882 6883 4415
f 6883 6884 4446
f 6885 6886 6884
f 4448 6887 3899
f 6886 6887 4454
f 6885 6888 3895
f 3901 6888 6881
f 3891 6875 3910
f 3916 6889 3886
f 4597 6890 6889
f 3887 6891 3893
f 3896 6891 3884
f 6890 6892 3885
f 4602 6893 6892
f 6858 6894 6893
f 6895 6896 6894
f 6896 6897 3883
f 3897 6897 3881
f 6898 6899 4449
f 3876 6899 3879
f 4451 6900 3871
f 4411 4412 3869
f 3872 6901 3867
f 6901 6903 6902
f 6902 6904 3866
f 3877 6903 6900
f 3878 6905 6904
f 6905 6906 3788
f 3864 6907 6906
f 6898 6908 3858
f 3882 6909 6908
f 3855 6911 6910
f 6895 6911 6909
f 3852 6910 6859
f 3850 3859 3856
f 3848 6912 3843
f 6912 6913 3845
f 6856 6913 3853
f 3844 6915 6914
f 6850 6915 3847
f 3842 6914 6847
f 6917 6918 6916
f 6848 6918 6846
f 4625 6919 6916
f 3841 6917 3839
f 3840 6920 3831
f 6921 6922 6919
f 6920 6922 3836
f 4627 6923 6921
f 3737 6924 6923
f 6924 6925 3835
f 6927 6928 6926
f 6929 6930 3826
f 6927 6931 3834
f 6931 6932 6929
f 6934 6935 6933
f 6934 6936 3741
f 6936 6938 6937
f 6932 6939 6937
f 6939 6941 6940
f 6938 6942 6930
f 6942 6943 3825
f 3824 6944 3827
f 3816 6944 3821
f 3815 3837 3829
f 3804 3813 3798
f 3800 3860 3801
f 3820 6945 3794
f 3765 6946 3796
f 3790 6947 6946
f 3799 6947 6907
f 3865 4406 3868
f 3784 6948 4407
f 3781 6949 6948
f 4408 6949 4464
f 6950 6951 4465
f 6951 6952 4466
f 3594 6952 3779
f 3777 6954 6953
f 3780 6954 6950
f 6953 6955 3772
f 3774 6956 3775
f 6957 6958 6956
f 6959 6960 6955
f 3782 6961 6959
f 3783 6962 6961
f 3768 6962 3791
f 6945 6963 3766
f 3763 6960 3767
f 3759 6957 3769
f 6964 6965 3760
f 6963 6966 3761
f 6964 6966 3818
f 6965 6967 3755
f 3823 6968 6967
f 6968 6970 6969
f 6933 6970 6943
f 6972 6973 6971
f 6969 6973 3752
f 3552 3750 3748
f 6974 6975 6972
f 6975 6976 3749
f 6978 6979 6977
f 6979 6981 6980
f 6983 6984 6982
f 6985 6986 6984
f 6983 6987 3746
f 6935 6987 6971
f 6974 6982 6981
f 6940 6988 3743
f 6926 6989 6941
f 6925 6990 6928
f 4632 6991 3738
f 6275 6992 6991
f 3735 6992 6280
f 3734 6993 3739
f 6990 6993 3731
f 3730 6994 6989
f 3726 6995 6994
f 6995 6996 6988
f 6997 6998 3723
f 3721 6999 3729
f 6270 7000 3715
f 3710 7001 6239
f 6265 7001 7000
f 3713 7002 3716
f 3717 7002 3709
f 3708 7003 6999
f 6997 7003 3707
f 3711 7004 3693
f 3686 7004 6241
f 6249 7005 6251
f 7005 7006 3689
f 3678 7007 3690
f 3697 7008 3700
f 7007 7009 7008
f 7011 7012 7010
f 7013 7014 7012
f 7009 7010 3706
f 3679 3684 3680
f 7006 7015 3681
f 7016 7017 3682
f 7018 7019 7017
f 3677 7020 7011
f 7019 7021 7020
f 3664 7022 7021
f 7018 7023 3661
f 3659 3665 3662
f 3673 7025 7024
f 3675 7026 7023
f 7026 7027 3657
f 3652 7027 7024
f 7025 7029 7028
f 7030 7031 7029
f 7032 7033 7028
f 7033 7034 3653
f 7034 7036 7035
f 7037 7038 7036
f 7039 7040 7037
f 7032 7041 7039
f 7042 7043 7041
f 3649 7042 7031
f 7030 7044 3645
f 7045 7046 7044
f 3672 7047 7045
f 7016 7048 3676
f 7049 7050 7048
f 7047 7050 3642
f 6244 7049 7015
f 7051 7052 3641
f 8510 8511 8512
f 8513 8514 8515
f 8516 8517 8518
f 8519 8520 8521
f 8522 8523 8524
f 8525 8526 8527
f 7064 7065 7063
f 7052 7063 7046
f 7064 7067 7066
f 7068 7069 7067
f 7051 7070 7068
f 3640 6243 3636
f 3638 6247 6228
f 3634 7070 3635
f 8528 8529 8530
f 8531 8532 8533
f 8534 8535 8536
f 8537 7075 8538
f 3639 7076 7074
f 6314 7076 6324
f 8539 8540 8541
f 8542 8543 8544
f 8545 8546 8547
f 8548 8549 8550
f 8551 8552 8553
f 8554 8555 8556
f 8557 8558 8559
f 8560 8561 8562
f 8563 8564 8565
f 8566 8567 8568
f 3617 7087 7086
f 7085 8569 8570
f 3614 7089 7087
f 3615 7088 4147
f 4148 7090 3616
f 3613 7091 7089
f 7090 7092 3612
f 3608 7094 7093
f 7092 7095 7094
f 4141 7095 4341
f 4124 7096 4125
f 7093 7096 3605
f 4123 4377 3602
f 4054 7097 3603
f 7098 7099 7097
f 3600 7098 4484
f 4391 4467 3596
f 7100 7101 3588
f 3592 7101 3599
f 7100 7102 7099
f 3604 7102 3609
f 3590 7104 7103
f 3773 7104 3778
f 3584 7103 3776
f 3582 7105 3611
f 7105 7106 7091
f 7107 7108 7106
f 6958 7109 3576
f 3757 7110 7109
f 7111 7112 3574
f 3579 7112 7107
f 7108 7113 7086
f 3568 7113 7111
f 8571 8572 8573
f 8574 8575 8576
f 8577 8578 8579
f 3569 7115 3560
f 3559 7115 3573
f 3554 7110 3753
f 7116 7117 3549
f 3546 3561 3557
f 7117 7118 3547
f 7119 7120 7118
f 7122 7123 7121
f 3747 7123 7116
f 7122 7124 7119
f 6978 7121 6976
f 7124 7125 3540
f 7120 7126 3541
f 3539 7127 7126
f 7128 7129 7055
f 7127 7130 7128
f 7130 7132 7131
f 7066 7129 3537
f 7131 7133 3535
f 3536 7134 7065
f 7135 7136 7133
f 7136 7138 7137
f 7134 7137 3643
f 8152 7140 8153
f 7138 7139 3648
f 7135 7141 3534
f 3496 7142 3531
f 7141 7143 7142
f 7132 7144 7143
f 3532 7146 7145
f 3538 7146 7144
f 6977 7147 7125
f 7147 7148 7145
f 3530 7149 6986
f 7149 7150 6980
f 7148 7150 3517
f 3525 7151 3744
f 7151 7152 3745
f 7152 7153 6985
f 7153 7154 3529
f 7155 7156 3724
f 6996 7156 3526
f 7155 7158 7157
f 7159 7160 7157
f 3527 7154 3521
f 3524 7160 3522
f 3523 7161 3520
f 7161 7162 3511
f 7159 7163 7162
f 7164 7165 7163
f 3510 7166 6998
f 7158 7166 7164
f 7167 7168 8381
f 8155 7169 8156
f 7168 7170 3509
f 3512 7171 3500
f 7170 7171 7165
f 8157 8158 8159
f 8160 8161 8162
f 8163 8164 8165
f 7175 7176 3488
f 3704 7177 7175
f 7014 7178 7177
f 7013 7022 3670
f 3482 7178 3484
f 8166 7179 8167
f 8168 8169 8170
f 8171 8172 8173
f 8174 8175 8176
f 8177 8178 8179
f 8180 8181 8182
f 8183 8184 8185
f 8186 8187 8188
f 8189 8190 8191
f 8192 8193 8194
f 8195 8196 8197
f 8198 8199 8200
f 8201 8202 8203
f 8204 8205 8206
f 8207 8208 8209
f 8210 7191 8211
f 7196 7197 3470
f 3466 7196 3671
f 7199 7200 7198
f 3666 7200 3467
f 7199 7202 7201
f 7201 7203 3465
f 7202 7205 7204
f 7206 7207 7205
f 3462 7208 3658
f 7198 7208 7206
f 3452 7210 7209
f 7210 7211 3459
f 3655 7212 7209
f 7035 7213 7212
f 3450 7213 3446
f 7038 7214 3444
f 7188 7215 7040
f 7216 7217 7194
f 7217 7218 7215
f 3445 7219 5768
f 7214 7218 3440
f 3439 7220 7219
f 3438 7221 3443
f 5798 7222 7221
f 7220 7222 5804
f 3442 7216 3434
f 7224 7225 7223
f 7195 8213 8212
f 7227 7228 7226
f 7228 7229 3463
f 7197 7229 7223
f 3427 7224 3424
f 3422 7231 7230
f 3428 7230 3435
f 7231 7232 5783
f 7232 7233 5795
f 3420 7234 7233
f 7234 7235 5792
f 3418 7236 7235
f 7236 7237 5793
f 7237 7238 5853
f 7238 7239 5710
f 3419 7240 3416
f 7227 7240 3425
f 3417 7241 7239
f 7226 7242 3414
f 3411 7242 7203
f 3405 7241 3406
f 5862 7243 5863
f 7244 7245 5337
f 7243 7246 7244
f 7245 7247 5340
f 3400 7248 7247
f 3401 7249 3410
f 3403 7249 7246
f 7204 7250 3412
f 7250 7251 3402
f 7251 7252 3399
f 3398 7253 7248
f 7253 7254 5341
f 3396 7255 7254
f 7255 7256 5345
f 7256 7257 5346
f 5401 7257 3394
f 7207 7258 7252
f 7259 7260 3461
f 7258 7260 3389
f 3383 7259 3460
f 3384 7262 7261
f 3454 7262 7211
f 7263 7264 7261
f 3385 3390 3382
f 7264 7265 3386
f 3380 7266 3395
f 5402 7266 5403
f 3378 5411 5404
f 3376 7267 5409
f 7269 7270 7268
f 7271 7272 7268
f 7267 7273 7270
f 7274 7275 7273
f 7265 7276 3381
f 7276 7277 3375
f 7277 7278 7274
f 7263 7279 7278
f 7280 7281 7275
f 7282 7283 7280
f 7284 7285 3372
f 7285 7286 7283
f 3369 7287 7286
f 3373 7288 3455
f 7279 7288 7282
f 3447 7289 3374
f 5771 7290 7289
f 5764 7291 7290
f 3370 7292 5760
f 7291 7292 7284
f 7281 7293 7271
f 7294 7295 7287
f 7293 7295 3367
f 2346 7272 3365
f 3368 7296 3360
f 7296 7297 3357
f 7294 7298 7297
f 7299 7300 5761
f 3371 7300 7298
f 7299 7301 3359
f 7302 7303 3361
f 3351 7302 3356
f 7303 7305 7304
f 7304 7306 2331
f 7305 7308 7307
f 3165 7308 3350
f 3002 7309 3355
f 7301 7310 3003
f 5762 7311 7310
f 5750 7312 5756
f 7311 7312 2999
f 7313 7314 5812
f 7313 7316 7315
f 2997 7314 2992
f 5840 7317 5835
f 5813 7317 7316
f 7318 7319 7315
f 7319 7320 2993
f 2994 7321 3000
f 7322 7323 7321
f 7320 7324 7322
f 7309 7323 3004
f 7324 7326 7325
f 7326 7327 2986
f 7318 7328 7327
f 5839 7329 7328
f 3346 7325 2991
f 2981 3034 2984
f 7329 7330 2983
f 7331 7332 3291
f 3039 7333 7331
f 2977 7334 7332
f 3288 7334 3041
f 2971 7335 2982
f 7333 7335 2974
f 2972 7330 5843
f 7337 7338 7336
f 5836 7338 5842
f 5845 7339 7336
f 7339 7341 7340
f 5722 7341 5716
f 7337 7342 2970
f 7342 7343 2975
f 7344 7345 7343
f 2959 7344 7340
f 7346 7347 7345
f 7347 7348 2976
f 3042 7348 2968
f 2957 7349 7346
f 7351 7352 7350
f 7349 7350 2969
f 2961 5725 2954
f 2962 7353 7351
f 2946 7353 2952
f 2939 7354 2945
f 2963 7355 2942
f 7354 7355 7352
f 2943 7356 3052
f 2944 2949 2936
f 2846 7357 2931
f 7357 7358 2940
f 7359 7360 7358
f 7360 7361 7356
f 7362 7363 7361
f 7364 7365 7363
f 7365 7366 3051
f 2927 7367 7366
f 3278 7368 3280
f 7367 7368 3054
f 7369 7370 7364
f 2928 7370 2920
f 7369 7372 7371
f 7371 7373 2918
f 2913 2922 2921
f 2915 7374 2914
f 7375 7376 7374
f 2906 7377 2907
f 7377 7378 7376
f 7378 7379 3068
f 2903 7380 7379
f 2901 7381 7380
f 3065 7381 3071
f 3073 7382 3274
f 3083 7382 2899
f 3072 3276 2900
f 7383 7384 3262
f 2898 7385 7383
f 7384 7386 3258
f 3102 7386 2892
f 2889 7387 2895
f 7385 7387 2891
f 2884 3253 3103
f 2904 2911 2880
f 2875 7388 2882
f 2883 7388 2878
f 7389 7390 2910
f 7390 7391 2873
f 7392 7393 2866
f 7393 7394 2695
f 7396 7397 7395
f 7395 7398 7394
f 7396 7399 2860
f 7401 7402 7400
f 7403 7404 7400
f 7405 7406 7403
f 7408 7409 7407
f 7408 7410 7404
f 7410 7412 7411
f 7413 7414 7411
f 7401 7414 2865
f 2854 7415 7402
f 7416 7417 7415
f 7392 7418 7399
f 7418 7419 2856
f 7420 7421 7419
f 7389 7422 2868
f 7422 7423 7420
f 2908 7424 7423
f 7375 7425 7424
f 7426 7427 7425
f 2852 7426 2917
f 7421 7427 7416
f 7405 7417 2851
f 7373 7428 2853
f 7429 7430 7428
f 7372 7431 7429
f 2849 7431 7362
f 7409 7432 2848
f 7430 7432 7406
f 7359 7433 2850
f 2845 7434 7433
f 2847 7436 7435
f 7407 7434 2843
f 7435 7437 2844
f 2842 7438 7412
f 2831 7439 7438
f 7440 7441 7439
f 7441 7442 7413
f 2864 7442 2706
f 2708 7440 2836
f 2832 7437 2829
f 2833 7444 7443
f 2828 7445 7444
f 2826 7436 2824
f 2930 7446 2825
f 2822 7446 2934
f 2821 7447 2820
f 7448 7449 7447
f 5310 7448 5179
f 7451 7452 7450
f 7453 7454 2816
f 7451 7453 7449
f 7454 7455 7445
f 7456 7457 7455
f 7458 7459 7457
f 7443 7459 2839
f 7458 7460 2812
f 2543 7461 2814
f 2806 2815 2802
f 2552 7462 7461
f 7462 7463 2803
f 2723 7465 7464
f 2731 7465 2789
f 2715 7467 7466
f 2744 7467 7464
f 2717 7468 2716
f 2714 7469 2724
f 7469 7470 2804
f 7470 7471 2838
f 7471 7472 2712
f 7468 7473 7472
f 2710 2841 2837
f 2704 7474 2862
f 7474 7475 7397
f 2703 2713 2701
f 2700 7476 7475
f 2702 7473 2721
f 7477 7478 7476
f 7398 7478 2699
f 7479 7480 7391
f 2693 7479 2867
f 2869 7481 2666
f 2690 7481 7480
f 2692 7482 2691
f 2686 7483 2698
f 7483 7484 7482
f 7485 7486 2684
f 2720 7485 7477
f 7487 7488 7486
f 2718 7489 7487
f 7466 7490 7489
f 2743 7491 7490
f 7492 7493 7488
f 7493 7494 2685
f 2679 7495 7494
f 7495 7496 7484
f 7496 7497 2689
f 2681 7498 7497
f 2677 7492 7491
f 2742 2746 2674
f 7499 7500 2680
f 2675 7501 7499
f 7501 7502 2669
f 2745 7503 7502
f 2785 7504 7503
f 7506 7507 7505
f 2668 7507 7500
f 7506 7508 7498
f 2655 7509 7508
f 2687 7509 2667
f 2663 7510 2874
f 2876 7510 2662
f 2657 2665 2654
f 2656 7511 2649
f 7505 7512 7511
f 2647 7512 2672
f 2671 7504 2645
f 2754 7513 2749
f 7514 7515 7513
f 7515 7516 2787
f 7518 7519 7517
f 2779 7519 7514
f 2639 7520 7518
f 7520 7521 7516
f 7521 7522 2641
f 2637 7523 7522
f 2644 7524 2648
f 7523 7525 7524
f 7527 7528 7526
f 2646 7528 2650
f 2635 7526 7525
f 7527 7529 3247
f 3241 7529 2632
f 2631 7530 3127
f 3238 7530 2629
f 2634 2636 2630
f 7532 7533 7531
f 2768 7533 7517
f 2640 7532 2627
f 2626 7535 7534
f 2769 7535 7531
f 2624 7536 3239
f 7536 7537 3237
f 7538 7539 7537
f 7539 7540 3150
f 7540 7541 3153
f 7541 7542 2622
f 7534 7543 7538
f 7544 7545 2771
f 7543 7545 7542
f 7546 7547 2623
f 7544 7548 7546
f 2772 7549 7548
f 7550 7551 7547
f 2617 7551 3178
f 7552 7553 7549
f 7553 7554 7550
f 7554 7555 3180
f 7556 7557 7552
f 2776 7558 7556
f 7559 7560 2615
f 7562 7563 7561
f 7563 7564 2760
f 7564 7565 2609
f 2600 7559 2610
f 7560 7566 7558
f 2602 7565 2595
f 2597 7562 2592
f 7567 7568 2594
f 7569 7570 7567
f 2465 7570 2473
f 7571 7572 2598
f 7572 7573 7569
f 7573 7574 2475
f 7574 7576 7575
f 7577 7578 7576
f 2590 7577 7571
f 2593 7579 2576
f 7579 7580 2564
f 2764 7580 7561
f 2734 7581 2765
f 7581 7582 2574
f 2725 2733 2732
f 2565 2575 2571
f 2727 7583 7582
f 2572 7583 2794
f 2568 7584 2561
f 7584 7586 7585
f 2588 7585 2585
f 7587 7588 2586
f 7589 7590 7587
f 2560 7589 7586
f 7590 7592 7591
f 2558 2567 2556
f 2797 7463 2557
f 2554 7593 2555
f 7593 7595 7594
f 2551 7596 7595
f 2559 7594 7592
f 2548 2553 2546
f 7598 7599 7597
f 7460 7597 2544
f 7598 7601 7600
f 7450 7601 7456
f 7600 7602 2540
f 5311 7603 7452
f 7603 7604 7602
f 5190 7605 7604
f 7606 7607 5239
f 5193 7607 7605
f 7606 7608 2541
f 2539 7609 7599
f 7609 7610 2545
f 7611 7612 7610
f 7608 7613 7611
f 5238 7614 7613
f 7612 7615 2549
f 7616 7617 7615
f 7618 7619 5235
f 2535 7620 7619
f 7614 7620 7616
f 5977 7621 5234
f 7621 7622 7618
f 2537 7622 5079
f 2533 7623 7617
f 7623 7624 2550
f 7625 7626 2538
f 2529 7625 5960
f 7626 7627 2531
f 7627 7629 7628
f 2528 7630 7629
f 5961 7631 2530
f 7632 7633 7631
f 5956 7634 7632
f 7636 7637 7635
f 7637 7638 5953
f 7638 7639 7634
f 5669 7635 5944
f 5664 7640 7636
f 7639 7642 7641
f 5661 7642 7640
f 7643 7644 7641
f 7644 7645 7633
f 7645 7646 7630
f 7647 7648 7646
f 5660 7649 7643
f 7647 7649 5657
f 5503 7650 5656
f 7651 7652 7648
f 7628 7652 2526
f 7624 7653 7596
f 2523 7654 7653
f 7654 7655 7591
f 7656 7657 7655
f 2522 7656 2527
f 7657 7658 7588
f 2520 7651 7650
f 7659 7660 2518
f 7661 7662 7658
f 7662 7663 2582
f 7660 7661 2521
f 7664 7665 7663
f 7665 7667 7666
f 7659 7668 7664
f 7668 7670 7669
f 5499 7670 2517
f 2511 7669 5493
f 2513 7671 7667
f 7672 7673 7671
f 7674 7675 7673
f 2509 7676 7675
f 7676 7677 7666
f 2583 7677 2579
f 7678 7679 2578
f 7679 7680 2589
f 2510 7678 2580
f 7680 7681 7578
f 2507 7682 7681
f 2505 7674 2502
f 2503 7683 2500
f 7685 7686 7684
f 5494 7686 2512
f 7672 7685 7683
f 2499 7687 2506
f 2493 7688 7687
f 7688 7689 7682
f 7575 7689 2496
f 7684 7690 2498
f 7690 7691 2490
f 5495 7692 7691
f 7692 7693 2482
f 7694 7695 6737
f 5496 7695 7693
f 2488 7694 4802
f 5630 7696 2486
f 2487 7697 2483
f 2481 7698 2491
f 7698 7699 2494
f 7700 7701 7697
f 7696 7702 7700
f 7699 7701 2479
f 2480 7703 2471
f 7702 7704 7703
f 5628 7705 7704
f 2470 7705 5625
f 2463 7706 7568
f 7706 7707 2603
f 2604 7707 2461
f 2462 7708 2460
f 7708 7709 2427
f 2468 7710 7709
f 7710 7712 7711
f 5624 7713 7712
f 5627 7714 7713
f 5684 7715 7714
f 7716 7717 7711
f 7718 7719 7715
f 7719 7720 7716
f 7721 7722 5437
f 7722 7723 7718
f 7721 7724 2459
f 5687 7724 5436
f 5422 5689 5425
f 2452 5421 5359
f 7726 7727 7725
f 5367 7725 5358
f 7726 7729 7728
f 7728 7730 2450
f 7727 7731 2453
f 2456 7731 2449
f 2435 7723 2457
f 2430 7720 2433
f 2428 7717 2429
f 2416 2605 2421
f 2414 7566 2607
f 7732 7733 7555
f 7732 7735 7734
f 2413 7735 7557
f 7733 7736 3218
f 3187 7736 2412
f 7734 7737 2410
f 2417 7738 7737
f 2418 7739 7738
f 2408 3214 2411
f 7739 7740 2409
f 2405 7741 2407
f 3216 7741 3207
f 7742 7743 7740
f 2420 7744 7742
f 2425 7745 7744
f 2431 7746 7745
f 2448 7746 2443
f 2406 7743 2447
f 2403 7747 3208
f 7747 7749 7748
f 4276 7749 2400
f 2402 2446 2401
f 7751 7752 7750
f 7752 7753 2396
f 2441 7751 2445
f 2439 7754 7753
f 7730 7755 7754
f 7750 7756 2399
f 7756 7757 4278
f 4281 7758 2390
f 2398 7758 7757
f 2397 7759 2392
f 7755 7760 7759
f 5373 7761 7729
f 7760 7761 2394
f 2395 5375 2387
f 5380 7762 2388
f 7764 7765 7763
f 7762 7766 7765
f 7767 7768 2381
f 7764 7767 2385
f 2386 7769 2389
f 7769 7770 4282
f 2380 7771 7770
f 7771 7772 4287
f 7772 7773 4212
f 4216 7773 2383
f 2378 7775 7774
f 2382 7775 4220
f 2377 7777 7776
f 7778 7779 7777
f 2371 7780 7778
f 7780 7782 7781
f 7784 7785 7783
f 7786 7787 2374
f 2325 7789 7788
f 7791 7792 7790
f 7792 7794 7793
f 7791 7796 7795
f 7790 7798 7797
f 7799 7800 7798
f 7789 7801 7800
f 7802 7803 7799
f 7793 7804 7802
f 7805 7806 7804
f 7805 7807 7786
f 7782 7787 7783
f 2369 7808 2373
f 7806 7808 2360
f 2368 2376 2365
f 2366 7774 7768
f 7763 7809 2367
f 7810 7811 2358
f 2359 7811 7803
f 7788 7810 2333
f 2361 2364 2356
f 7809 7812 2363
f 7814 7815 7813
f 7815 7816 7812
f 2354 7813 7766
f 5406 7269 2350
f 2337 7814 2351
f 2357 7816 2335
f 2329 7817 2340
f 2330 3363 3362
f 2332 7817 2327
f 7306 7818 2328
f 2321 7818 2315
f 7307 7819 2316
f 3162 7820 3167
f 7819 7820 2312
f 2308 2318 2311
f 3159 7821 2313
f 7822 7823 3331
f 7823 7824 7821
f 7825 7826 3170
f 3222 7826 7822
f 2305 7827 7825
f 7829 7830 7828
f 2307 7831 7830
f 7829 7832 2310
f 7824 7827 2309
f 2319 7832 2304
f 2323 7833 7801
f 2303 7834 7833
f 7836 7837 7835
f 7828 7837 2302
f 7838 7839 7836
f 7834 7839 7797
f 7838 7840 7796
f 7835 7841 2301
f 7831 7842 7841
f 7842 7843 2298
f 3173 7843 3219
f 2296 7844 3195
f 3196 7844 3172
f 7845 7846 2289
f 2300 7847 7840
f 7846 7848 7847
f 2290 2299 2297
f 2286 7849 7848
f 7849 7850 7795
f 7845 7851 2287
f 7852 7853 3191
f 7851 7853 2279
f 2285 7852 3193
f 3199 3201 2282
f 3211 7854 2283
f 7855 7856 7854
f 7858 7859 7857
f 3210 7858 7855
f 7860 7861 7857
f 7862 7863 7861
f 7863 7864 7856
f 2284 7864 2280
f 2273 7865 7850
f 7865 7866 7794
f 7866 7867 7807
f 7784 7867 2270
f 2272 7868 2271
f 7862 7869 2278
f 7868 7869 2266
f 2269 7871 7870
f 2268 7872 7871
f 7860 7873 2267
f 7874 7875 7873
f 7876 7877 7859
f 7877 7878 7874
f 7876 7880 7879
f 7748 7880 3209
f 2264 7879 4277
f 7881 7882 4289
f 4196 7883 7881
f 7884 7885 7882
f 2263 7885 7878
f 4293 7886 7883
f 7887 7888 7886
f 7888 7889 7884
f 7889 7890 7875
f 7890 7891 7872
f 7892 7893 7891
f 2262 7894 7893
f 7894 7895 7870
f 7895 7896 7785
f 7896 7897 7781
f 2261 7898 7897
f 7887 7899 7892
f 7899 7900 2260
f 2255 7902 7901
f 4295 7902 7900
f 7903 7904 4184
f 4297 7904 7901
f 2257 7903 4182
f 2251 7905 2252
f 7905 7906 7898
f 2248 7908 7907
f 7906 7907 7779
f 7776 7909 4221
f 2247 7909 7908
f 2246 4223 4218
f 2258 7910 2250
f 2240 7910 2237
f 7911 7912 2234
f 7913 7914 4332
f 4302 7914 7911
f 2229 7913 4337
f 4165 7915 2230
f 2231 7916 7912
f 7917 7918 2220
f 7916 7918 2235
f 7917 7919 2241
f 7919 7920 2244
f 7921 7922 4224
f 2228 7921 7920
f 7922 7923 4228
f 2226 7924 7923
f 2221 7915 2222
f 8580 8581 8582
f 8583 8584 8585
f 8586 8587 8588
f 8589 8590 8591
f 8592 8593 8594
f 8595 8596 8597
f 8598 8599 8600
f 8601 8602 8603
f 8604 8605 8606
f 7937 7938 7935
f 6328 7937 7933
f 8607 8608 8609
f 2224 7930 2212
f 2210 7924 2211
f 7939 7940 7938
f 2215 7940 2206
f 6329 7941 7939
f 7942 7943 7941
f 6494 7944 7942
f 7946 7947 7945
f 4886 7947 7944
f 2207 7949 7948
f 7943 7950 7949
f 4271 7948 2205
f 7946 7951 7950
f 2202 7951 2198
f 2199 7945 6502
f 4257 4263 2192
f 4253 4256 2188
f 4092 4252 2187
f 2190 7952 2186
f 2191 7953 7952
f 7953 7954 2184
f 6504 7954 2197
f 6505 7955 2185
f 4875 7956 7955
f 2180 7956 4872
f 2175 4086 2176
f 4083 4087 2171
f 2174 4870 2172
f 4866 6531 2162
f 7957 7958 6534
f 6532 7958 2159
f 7959 7960 2160
f 7960 7961 2165
f 2151 7962 2156
f 7959 7963 7962
f 7957 7964 7963
f 6537 7965 7964
f 7965 7966 2157
f 6679 7966 6544
f 2155 6677 6673
f 2146 7967 7961
f 2168 7968 2169
f 7967 7969 7968
f 6666 7970 2143
f 7971 7972 7970
f 2138 7971 6584
f 6630 7973 2140
f 6622 7974 7973
f 7975 7976 7972
f 2144 7976 2130
f 2136 7969 2145
f 2129 7977 2137
f 7974 7978 7975
f 2128 7978 6621
f 2123 7979 7977
f 7979 7980 2131
f 7980 7981 4085
f 2120 7982 7981
f 4078 7982 4374
f 2122 7983 2121
f 7984 7985 7983
f 7985 7986 4490
f 4042 7986 2118
f 2116 7988 7987
f 7988 7989 2113
f 7984 7990 7989
f 2126 7991 7990
f 6620 7992 7991
f 7992 7993 2114
f 7994 7995 7987
f 4020 7995 2112
f 7996 7997 2115
f 7994 7997 2107
f 7993 7999 7998
f 2103 8000 6627
f 7998 8000 7996
f 6613 7999 6616
f 2105 4007 2108
f 6625 8001 2104
f 8002 8003 8001
f 8004 8005 8002
f 4008 8003 2099
f 2089 4010 2097
f 2091 8006 2086
f 8006 8007 2077
f 2088 8008 4006
f 2087 8009 8008
f 8009 8010 4014
f 2082 8011 8010
f 8012 8013 4498
f 8011 8012 3999
f 4502 8013 2080
f 2076 8014 2085
f 2079 8015 4507
f 8014 8016 8015
f 4509 8016 2073
f 2075 8017 3991
f 3964 8017 2072
f 2070 4537 3960
f 2074 2078 2068
f 8007 8018 2065
f 2062 8018 2094
f 2063 8019 2066
f 2069 8019 2061
f 2060 8020 4538
f 4540 8020 2059
f 4542 8022 8021
f 4548 8021 4545
f 2058 8023 8022
f 8025 8026 8024
f 8023 8024 4546
f 2102 8027 2096
f 2047 8028 8027
f 8028 8029 2051
f 2056 8029 8025
f 8005 8030 2101
f 2048 8030 2042
f 6612 8031 8004
f 2043 8031 6610
f 2046 8032 8026
f 2045 8033 8032
f 8033 8034 4547
f 6609 8035 2040
f 6775 8036 8035
f 2034 8034 2036
f 2032 4549 4544
f 2035 8036 2027
f 2023 8037 4692
f 4693 8037 2028
f 8039 8040 8038
f 8039 8042 8041
f 8042 8043 2031
f 2025 8041 2030
f 8043 8044 3940
f 8044 8045 4550
f 2020 8046 3937
f 8046 8047 3929
f 2022 8049 8048
f 8038 8049 8045
f 4690 8050 8048
f 8040 8051 4688
f 4687 8051 2024
f 2017 4680 4571
f 2012 4560 3932
f 2013 8052 2018
f 8050 8052 8047
f 2013 2012 1974
f 2011 2013 31
f 2012 2011 546
f 2015 2014 547
f 2011 2015 546
f 2014 2011 31
f 2017 2016 2006
f 2014 2017 547
f 2016 2014 31
f 2019 2018 503
f 2016 2019 2006
f 2018 2016 31
f 2022 2021 502
f 2020 2022 501
f 2021 2020 1976
f 2025 2024 2009
f 2023 2025 1981
f 2024 2023 2008
f 2028 2027 1983
f 2026 2028 1981
f 2027 2026 1982
f 2030 2026 1981
f 2029 2030 87
f 2026 2029 1982
f 2033 2032 541
f 2031 2033 87
f 2032 2031 1978
f 2034 2033 541
f 2029 2034 1982
f 2033 2029 87
f 2037 2036 540
f 2035 2037 413
f 2036 2035 1982
f 2040 2039 535
f 2038 2040 413
f 2039 2038 536
f 2041 2037 540
f 2038 2041 536
f 2037 2038 413
f 2044 2043 536
f 2042 2044 461
f 2043 2042 1893
f 2045 2041 540
f 2044 2045 461
f 2041 2044 536
f 2048 2047 669
f 2046 2048 461
f 2047 2046 670
f 2051 2050 668
f 2049 2051 56
f 2050 2049 672
f 2053 2052 673
f 2049 2053 672
f 2052 2049 56
f 2055 2054 1863
f 2052 2055 673
f 2054 2052 56
f 2057 2056 1985
f 2054 2057 1863
f 2056 2054 56
f 2059 2058 1984
f 2057 2059 1863
f 2058 2057 1985
f 2061 2060 674
f 2055 2061 673
f 2060 2055 1863
f 2063 2053 673
f 2062 2063 671
f 2053 2062 672
f 2066 2065 671
f 2064 2066 13
f 2065 2064 1864
f 2068 2067 1861
f 2064 2068 1864
f 2067 2064 13
f 2071 2070 676
f 2069 2071 13
f 2070 2069 674
f 2072 2071 676
f 2067 2072 1861
f 2071 2067 13
f 2075 2074 1861
f 2073 2075 239
f 2074 2073 653
f 2078 2077 1864
f 2076 2078 653
f 2077 2076 657
f 2081 2080 660
f 2079 2081 247
f 2080 2079 652
f 2083 2082 658
f 2081 2083 247
f 2082 2081 660
f 2085 2084 657
f 2083 2085 247
f 2084 2083 658
f 2087 2084 658
f 2086 2087 654
f 2084 2086 657
f 2090 2089 656
f 2088 2090 654
f 2089 2088 655
f 2092 2090 656
f 2091 2092 144
f 2090 2091 654
f 2094 2093 672
f 2092 2094 144
f 2093 2092 656
f 2095 2093 656
f 2050 2095 668
f 2093 2050 672
f 2097 2095 656
f 2096 2097 153
f 2095 2096 668
f 2100 2099 1892
f 2098 2100 153
f 2099 2098 1890
f 2102 2101 669
f 2100 2102 153
f 2101 2100 1892
f 2105 2104 1891
f 2103 2105 1886
f 2104 2103 1894
f 2108 2107 1886
f 2106 2108 171
f 2107 2106 1887
f 2110 2109 1889
f 2106 2110 1887
f 2109 2106 171
f 2112 2111 1888
f 2110 2112 1887
f 2111 2110 1889
f 2115 2114 1884
f 2113 2115 83
f 2114 2113 1885
f 2118 2117 1879
f 2116 2118 636
f 2117 2116 1878
f 2121 2120 1880
f 2119 2121 635
f 2120 2119 928
f 2124 2123 632
f 2122 2124 482
f 2123 2122 1880
f 2126 2125 631
f 2124 2126 482
f 2125 2124 632
f 2128 2127 633
f 2125 2128 631
f 2127 2125 632
f 2130 2129 1882
f 2127 2130 633
f 2129 2127 632
f 2133 2132 925
f 2131 2133 399
f 2132 2131 1696
f 2135 2134 620
f 2133 2135 399
f 2134 2133 925
f 2137 2136 1882
f 2135 2137 399
f 2136 2135 620
f 2140 2139 1897
f 2138 2140 1881
f 2139 2138 1896
f 2143 2142 624
f 2141 2143 45
f 2142 2141 622
f 2145 2144 1882
f 2141 2145 622
f 2144 2141 45
f 2147 2146 623
f 2142 2147 624
f 2146 2142 622
f 2150 2149 624
f 2148 2150 479
f 2149 2148 612
f 2151 2147 623
f 2150 2151 479
f 2147 2150 624
f 2153 2152 613
f 2148 2153 612
f 2152 2148 479
f 2155 2154 614
f 2152 2155 613
f 2154 2152 479
f 2157 2156 615
f 2154 2157 614
f 2156 2154 479
f 2160 2159 617
f 2158 2160 373
f 2159 2158 618
f 2162 2161 914
f 2158 2162 618
f 2161 2158 373
f 2164 2163 621
f 2161 2164 914
f 2163 2161 373
f 2166 2165 619
f 2163 2166 621
f 2165 2163 373
f 2168 2166 619
f 2167 2168 475
f 2166 2167 621
f 2170 2134 925
f 2169 2170 475
f 2134 2169 620
f 2172 2171 923
f 2170 2172 475
f 2171 2170 925
f 2175 2174 923
f 2173 2175 52
f 2174 2173 919
f 2178 2177 922
f 2176 2178 52
f 2177 2176 920
f 2180 2179 918
f 2173 2180 919
f 2179 2173 52
f 2181 2178 922
f 2179 2181 918
f 2178 2179 52
f 2183 2182 1697
f 2181 2183 918
f 2182 2181 922
f 2185 2184 1698
f 2183 2185 918
f 2184 2183 1697
f 2187 2182 922
f 2186 2187 262
f 2182 2186 1697
f 2190 2189 1203
f 2188 2190 262
f 2189 2188 1204
f 2193 2192 1198
f 2191 2193 116
f 2192 2191 1203
f 2195 2194 1195
f 2193 2195 116
f 2194 2193 1198
f 2197 2196 1197
f 2195 2197 116
f 2196 2195 1195
f 2199 2198 1196
f 2196 2199 1197
f 2198 2196 1195
f 2201 2200 1199
f 2194 2201 1195
f 2200 2194 1198
f 2203 2201 1199
f 2202 2203 139
f 2201 2202 1195
f 2205 2204 1200
f 2203 2205 139
f 2204 2203 1199
f 2208 2207 1213
f 2206 2208 257
f 2207 2206 958
f 2210 2209 1155
f 2208 2210 257
f 2209 2208 1213
f 1158 8611 8610
f 2211 2213 257
f 2212 2211 1154
f 2215 2214 959
f 2213 2215 257
f 1158 8612 8611
f 2218 2217 1161
f 2216 2218 1157
f 2217 2216 1171
f 2221 2220 1172
f 2219 2221 79
f 2220 2219 1173
f 2223 2216 1157
f 2222 2223 79
f 2216 2222 1171
f 2225 2224 1154
f 2223 2225 79
f 2224 2223 1157
f 2227 2226 1156
f 2225 2227 79
f 2226 2225 1154
f 2228 2227 1156
f 2219 2228 1173
f 2227 2219 79
f 2231 2230 1172
f 2229 2231 1167
f 2230 2229 1169
f 2234 2233 1168
f 2232 2234 378
f 2233 2232 1208
f 2236 2235 1174
f 2232 2236 1208
f 2235 2232 378
f 2238 2237 1502
f 2236 2238 1208
f 2237 2236 1174
f 2241 2240 1174
f 2239 2241 308
f 2240 2239 1115
f 2243 2242 1109
f 2239 2243 1115
f 2242 2239 308
f 2245 2244 1110
f 2242 2245 1109
f 2244 2242 308
f 2247 2246 1111
f 2245 2247 1109
f 2246 2245 1110
f 2249 2248 1114
f 2243 2249 1115
f 2248 2243 1109
f 2251 2249 1114
f 2250 2251 415
f 2249 2250 1115
f 2254 2253 1144
f 2252 2254 415
f 2253 2252 1113
f 2256 2255 1216
f 2254 2256 415
f 2255 2254 1144
f 2258 2257 1502
f 2256 2258 415
f 2257 2256 1216
f 2260 2259 1501
f 2253 2260 1144
f 2259 2253 1113
f 2262 2261 1119
f 2259 2262 1501
f 2261 2259 1113
f 2265 2264 1242
f 2263 2265 299
f 2264 2263 1219
f 2268 2267 1118
f 2266 2268 1116
f 2267 2266 1117
f 2271 2270 1498
f 2269 2271 1116
f 2270 2269 1120
f 2274 2273 1497
f 2272 2274 67
f 2273 2272 1498
f 2276 2275 1490
f 2274 2276 67
f 2275 2274 1497
f 2278 2277 1245
f 2276 2278 67
f 2277 2276 1490
f 2280 2279 1488
f 2277 2280 1245
f 2279 2277 1490
f 2283 2282 1244
f 2281 2283 243
f 2282 2281 1483
f 2285 2284 1488
f 2281 2285 1483
f 2284 2281 243
f 2287 2286 1491
f 2275 2287 1490
f 2286 2275 1497
f 2290 2289 1492
f 2288 2290 66
f 2289 2288 164
f 2292 2291 1489
f 2288 2292 164
f 2291 2288 66
f 2294 2293 1486
f 2291 2294 1489
f 2293 2291 66
f 2296 2295 1485
f 2293 2296 1486
f 2295 2293 66
f 2298 2297 1484
f 2295 2298 1485
f 2297 2295 66
f 2301 2300 1494
f 2299 2301 1484
f 2300 2299 1492
f 2304 2303 1508
f 2302 2304 1346
f 2303 2302 1493
f 2307 2306 1345
f 2305 2307 1344
f 2306 2305 1347
f 2310 2309 1344
f 2308 2310 16
f 2309 2308 1342
f 2313 2312 1350
f 2311 2313 1342
f 2312 2311 1349
f 2316 2315 1513
f 2314 2316 1349
f 2315 2314 1510
f 2318 2314 1349
f 2317 2318 16
f 2314 2317 1510
f 2320 2319 1508
f 2317 2320 1510
f 2319 2317 16
f 2322 2320 1508
f 2321 2322 286
f 2320 2321 1510
f 2324 2323 1509
f 2322 2324 286
f 2323 2322 1508
f 2326 2325 1511
f 2324 2326 286
f 2325 2324 1509
f 2328 2327 1512
f 2326 2328 286
f 2327 2326 1511
f 2331 2330 1515
f 2329 2331 1512
f 2330 2329 1514
f 2334 2333 1507
f 2332 2334 151
f 2333 2332 1511
f 2336 2335 1228
f 2334 2336 151
f 2335 2334 1507
f 2338 2337 1230
f 2336 2338 151
f 2337 2336 1228
f 2340 2339 1514
f 2338 2340 151
f 2339 2338 1230
f 2342 2341 1516
f 2339 2342 1514
f 2341 2339 1230
f 2344 2341 1230
f 2343 2344 230
f 2341 2343 1516
f 2346 2345 1235
f 2343 2346 1516
f 2345 2343 230
f 2349 2348 1234
f 2347 2349 230
f 2348 2347 1232
f 2350 2349 1234
f 2345 2350 1235
f 2349 2345 230
f 2352 2351 1229
f 2344 2352 230
f 2351 2344 1230
f 2353 2352 1229
f 2347 2353 1232
f 2352 2347 230
f 2355 2354 1231
f 2353 2355 1232
f 2354 2353 1229
f 2358 2357 1507
f 2356 2358 307
f 2357 2356 1106
f 2361 2360 1104
f 2359 2361 307
f 2360 2359 1102
f 2364 2363 1106
f 2362 2364 1104
f 2363 2362 1105
f 2367 2366 1107
f 2365 2367 1105
f 2366 2365 1108
f 2369 2362 1104
f 2368 2369 331
f 2362 2368 1105
f 2372 2371 1500
f 2370 2372 331
f 2371 2370 1121
f 2374 2373 1122
f 2370 2374 1121
f 2373 2370 331
f 2376 2375 1108
f 2372 2376 331
f 2375 2372 1500
f 2378 2377 1499
f 2375 2378 1108
f 2377 2375 1500
f 2381 2380 1505
f 2379 2381 300
f 2380 2379 1504
f 2383 2382 1503
f 2379 2383 1504
f 2382 2379 300
f 2386 2385 1505
f 2384 2386 108
f 2385 2384 1506
f 2388 2387 1240
f 2384 2388 1506
f 2387 2384 108
f 2391 2390 1141
f 2389 2391 108
f 2390 2389 1139
f 2393 2392 1239
f 2391 2393 108
f 2392 2391 1141
f 2395 2394 1138
f 2393 2395 108
f 2394 2393 1239
f 2398 2397 1141
f 2396 2398 360
f 2397 2396 1132
f 2401 2400 1131
f 2399 2401 1043
f 2400 2399 1130
f 2404 2403 1576
f 2402 2404 14
f 2403 2402 1131
f 2406 2405 1038
f 2404 2406 14
f 2405 2404 1576
f 2409 2408 1579
f 2407 2409 1038
f 2408 2407 1577
f 2412 2411 1578
f 2410 2412 1477
f 2411 2410 1579
f 2415 2414 1258
f 2413 2415 119
f 2414 2413 1259
f 2417 2416 1582
f 2415 2417 119
f 2416 2415 1258
f 2420 2419 1039
f 2418 2420 297
f 2419 2418 1582
f 2422 2421 1581
f 2419 2422 1039
f 2421 2419 1582
f 2424 2423 1580
f 2422 2424 1039
f 2423 2422 1581
f 2426 2424 1580
f 2425 2426 195
f 2424 2425 1039
f 2428 2427 1583
f 2426 2428 195
f 2427 2426 1580
f 2431 2430 1037
f 2429 2431 195
f 2430 2429 1036
f 2434 2433 1035
f 2432 2434 430
f 2433 2432 1037
f 2436 2435 1135
f 2434 2436 430
f 2435 2434 1035
f 2438 2437 1133
f 2436 2438 430
f 2437 2436 1135
f 2440 2439 1042
f 2438 2440 430
f 2439 2438 1133
f 2442 2441 1041
f 2440 2442 430
f 2441 2440 1042
f 2443 2442 1041
f 2432 2443 1037
f 2442 2432 430
f 2446 2445 1043
f 2444 2446 14
f 2445 2444 1041
f 2448 2447 1040
f 2444 2448 1041
f 2447 2444 14
f 2450 2449 1134
f 2437 2450 1133
f 2449 2437 1135
f 2453 2452 1045
f 2451 2453 169
f 2452 2451 1046
f 2455 2454 1574
f 2451 2455 1046
f 2454 2451 169
f 2458 2457 1034
f 2456 2458 169
f 2457 2456 1135
f 2459 2458 1034
f 2454 2459 1574
f 2458 2454 169
f 2461 2423 1581
f 2460 2461 1475
f 2423 2460 1580
f 2464 2463 1248
f 2462 2464 370
f 2463 2462 1475
f 2466 2465 1247
f 2464 2466 370
f 2465 2464 1248
f 2468 2467 1252
f 2466 2468 370
f 2467 2466 1247
f 2470 2469 1253
f 2467 2470 1252
f 2469 2467 1247
f 2472 2469 1247
f 2471 2472 319
f 2469 2471 1253
f 2474 2473 1246
f 2472 2474 319
f 2473 2472 1247
f 2476 2475 1731
f 2474 2476 319
f 2475 2474 1246
f 2478 2477 1250
f 2476 2478 319
f 2477 2476 1731
f 2480 2479 1249
f 2478 2480 319
f 2479 2478 1250
f 2483 2482 1725
f 2481 2483 1251
f 2482 2481 1728
f 2486 2485 1727
f 2484 2486 182
f 2485 2484 1724
f 2488 2487 1725
f 2484 2488 1724
f 2487 2484 182
f 2491 2490 1728
f 2489 2491 351
f 2490 2489 1729
f 2493 2492 893
f 2489 2493 1729
f 2492 2489 351
f 2495 2494 1250
f 2492 2495 893
f 2494 2492 351
f 2496 2477 1731
f 2495 2496 893
f 2477 2495 1250
f 2499 2498 1729
f 2497 2499 892
f 2498 2497 1730
f 2501 2497 892
f 2500 2501 467
f 2497 2500 1730
f 2503 2502 888
f 2501 2503 467
f 2502 2501 892
f 2506 2505 892
f 2504 2506 889
f 2505 2504 890
f 2508 2507 891
f 2504 2508 890
f 2507 2504 889
f 2510 2508 891
f 2509 2510 881
f 2508 2509 890
f 2513 2512 1734
f 2511 2513 887
f 2512 2511 896
f 2516 2515 898
f 2514 2516 499
f 2515 2514 897
f 2518 2517 886
f 2516 2518 499
f 2517 2516 898
f 2520 2519 1778
f 2514 2520 897
f 2519 2514 499
f 2522 2521 884
f 2519 2522 1778
f 2521 2519 499
f 2525 2524 1781
f 2523 2525 883
f 2524 2523 1779
f 2527 2526 1778
f 2525 2527 883
f 2526 2525 1781
f 2530 2529 1782
f 2528 2530 1776
f 2529 2528 1780
f 2532 2524 1779
f 2531 2532 484
f 2524 2531 1781
f 2534 2533 804
f 2532 2534 484
f 2533 2532 1779
f 2536 2535 805
f 2534 2536 484
f 2535 2534 804
f 2538 2537 803
f 2536 2538 484
f 2537 2536 805
f 2541 2540 1792
f 2539 2541 1787
f 2540 2539 1791
f 2544 2543 869
f 2542 2544 480
f 2543 2542 1737
f 2546 2545 1785
f 2542 2546 1737
f 2545 2542 480
f 2549 2548 1785
f 2547 2549 472
f 2548 2547 1784
f 2551 2550 1783
f 2547 2551 1784
f 2550 2547 472
f 2554 2553 1784
f 2552 2554 349
f 2553 2552 1737
f 2557 2556 875
f 2555 2557 349
f 2556 2555 1736
f 2560 2559 1735
f 2558 2560 879
f 2559 2558 1736
f 2563 2562 1256
f 2561 2563 432
f 2562 2561 878
f 2565 2564 1255
f 2563 2565 432
f 2564 2563 1256
f 2568 2567 879
f 2566 2568 432
f 2567 2566 875
f 2570 2569 876
f 2566 2570 875
f 2569 2566 432
f 2572 2571 1463
f 2569 2572 876
f 2571 2569 432
f 2575 2574 1463
f 2573 2575 1255
f 2574 2573 1469
f 2578 2577 1473
f 2576 2578 40
f 2577 2576 1256
f 2581 2580 1473
f 2579 2581 464
f 2580 2579 881
f 2584 2583 464
f 2582 2584 12
f 2583 2582 880
f 2586 2585 877
f 2584 2586 12
f 2585 2584 464
f 2588 2587 878
f 2581 2588 464
f 2587 2581 1473
f 2587 2562 878
f 2577 2587 1473
f 2562 2577 1256
f 2591 2590 1474
f 2589 2591 40
f 2590 2589 1733
f 2593 2592 1254
f 2591 2593 40
f 2592 2591 1474
f 2596 2595 1472
f 2594 2596 24
f 2595 2594 1471
f 2598 2597 1474
f 2596 2598 24
f 2597 2596 1472
f 2601 2600 1470
f 2599 2601 107
f 2600 2599 1257
f 2603 2602 1471
f 2601 2603 107
f 2602 2601 1470
f 2606 2605 1258
f 2604 2606 107
f 2605 2604 1581
f 2607 2606 1258
f 2599 2607 1257
f 2606 2599 107
f 2610 2609 1470
f 2608 2610 9
f 2609 2608 1468
f 2612 2611 1262
f 2608 2612 1468
f 2611 2608 9
f 2614 2613 1260
f 2611 2614 1262
f 2613 2611 9
f 2616 2615 1466
f 2613 2616 1260
f 2615 2613 9
f 2619 2618 1348
f 2617 2619 402
f 2618 2617 1124
f 2621 2620 1322
f 2619 2621 402
f 2620 2619 1348
f 2623 2622 1325
f 2621 2623 402
f 2622 2621 1322
f 2626 2625 1386
f 2624 2626 1324
f 2625 2624 1328
f 2628 2625 1328
f 2627 2628 136
f 2625 2627 1386
f 2630 2629 1388
f 2628 2630 136
f 2629 2628 1328
f 2633 2632 1451
f 2631 2633 1388
f 2632 2631 1450
f 2635 2633 1451
f 2634 2635 1271
f 2633 2634 1388
f 2638 2637 1270
f 2636 2638 136
f 2637 2636 1271
f 2640 2639 1387
f 2638 2640 136
f 2639 2638 1270
f 2643 2642 1455
f 2641 2643 129
f 2642 2641 1269
f 2645 2644 1454
f 2642 2645 1455
f 2644 2642 1269
f 2648 2647 1454
f 2646 2648 111
f 2647 2646 1453
f 2651 2650 1452
f 2649 2651 1272
f 2650 2649 1453
f 2653 2652 1447
f 2651 2653 1272
f 2652 2651 1452
f 2656 2655 1274
f 2654 2656 1272
f 2655 2654 1273
f 2658 2653 1447
f 2657 2658 120
f 2653 2657 1272
f 2660 2659 1446
f 2658 2660 120
f 2659 2658 1447
f 2662 2661 1427
f 2660 2662 120
f 2661 2660 1446
f 2665 2664 1273
f 2663 2665 120
f 2664 2663 1285
f 2667 2666 1442
f 2664 2667 1273
f 2666 2664 1285
f 2670 2669 1441
f 2668 2670 29
f 2669 2668 1439
f 2672 2671 1454
f 2670 2672 29
f 2671 2670 1441
f 2675 2674 1440
f 2673 2675 47
f 2674 2673 1459
f 2677 2676 1292
f 2673 2677 1459
f 2676 2673 47
f 2679 2678 1289
f 2676 2679 1292
f 2678 2676 47
f 2681 2680 1438
f 2678 2681 1289
f 2680 2678 47
f 2684 2683 1293
f 2682 2684 234
f 2683 2682 1291
f 2686 2685 1288
f 2682 2686 1291
f 2685 2682 234
f 2689 2688 1290
f 2687 2689 497
f 2688 2687 1442
f 2691 2690 1443
f 2688 2691 1290
f 2690 2688 1442
f 2694 2693 1297
f 2692 2694 22
f 2693 2692 1443
f 2696 2695 1296
f 2694 2696 22
f 2695 2694 1297
f 2698 2697 1291
f 2696 2698 22
f 2697 2696 1296
f 2699 2697 1296
f 2683 2699 1293
f 2697 2683 1291
f 2702 2701 1434
f 2700 2702 1294
f 2701 2700 1433
f 2705 2704 861
f 2703 2705 386
f 2704 2703 1433
f 2707 2706 860
f 2705 2707 386
f 2706 2705 861
f 2709 2708 866
f 2707 2709 386
f 2708 2707 860
f 2711 2710 408
f 2709 2711 386
f 2710 2709 866
f 2713 2712 1434
f 2711 2713 386
f 2712 2711 408
f 2716 2715 1461
f 2714 2716 1435
f 2715 2714 1462
f 2719 2718 1295
f 2717 2719 440
f 2718 2717 1461
f 2721 2720 1294
f 2719 2721 440
f 2720 2719 1295
f 2724 2723 1462
f 2722 2724 1436
f 2723 2722 1465
f 2727 2726 1464
f 2725 2727 448
f 2726 2725 1267
f 2730 2729 1458
f 2728 2730 125
f 2729 2728 1456
f 2732 2731 1267
f 2730 2732 125
f 2731 2730 1458
f 2735 2734 1268
f 2733 2735 125
f 2734 2733 448
f 2737 2736 1266
f 2735 2737 125
f 2736 2735 1268
f 2738 2737 1266
f 2728 2738 1456
f 2737 2728 125
f 2740 2739 1457
f 2729 2740 1458
f 2739 2729 1456
f 2743 2742 1459
f 2741 2743 460
f 2742 2741 1457
f 2744 2741 460
f 2740 2744 1458
f 2741 2740 1457
f 2747 2746 1457
f 2745 2747 99
f 2746 2745 1440
f 2748 2739 1456
f 2747 2748 99
f 2739 2747 1457
f 2751 2750 1266
f 2749 2751 38
f 2750 2749 1264
f 2754 2753 1261
f 2752 2754 38
f 2753 2752 1262
f 2756 2755 1467
f 2752 2756 1262
f 2755 2752 38
f 2758 2757 1268
f 2755 2758 1467
f 2757 2755 38
f 2759 2756 1467
f 2612 2759 1468
f 2756 2612 1262
f 2761 2759 1467
f 2760 2761 251
f 2759 2760 1468
f 2763 2762 1469
f 2761 2763 251
f 2762 2761 1467
f 2764 2573 1255
f 2763 2764 251
f 2573 2763 1469
f 2765 2758 1268
f 2762 2765 1469
f 2758 2762 1467
f 2768 2767 1331
f 2766 2768 26
f 2767 2766 1329
f 2771 2770 1330
f 2769 2771 291
f 2770 2769 1331
f 2774 2773 1329
f 2772 2774 260
f 2773 2772 1330
f 2776 2775 1466
f 2774 2776 260
f 2775 2774 1329
f 2777 2775 1329
f 2616 2777 1260
f 2775 2616 1466
f 2773 2767 1329
f 2770 2773 1330
f 2767 2770 1331
f 2778 2766 26
f 2777 2778 1260
f 2766 2777 1329
f 2780 2779 1261
f 2778 2780 1260
f 2779 2778 26
f 2780 2614 1260
f 2753 2780 1261
f 2614 2753 1262
f 2782 2781 1265
f 2750 2782 1266
f 2781 2750 1264
f 2785 2784 1455
f 2783 2785 99
f 2784 2783 1265
f 2786 2784 1265
f 2643 2786 129
f 2784 2643 1455
f 2787 2781 1264
f 2786 2787 129
f 2781 2786 1265
f 2788 2782 1265
f 2738 2788 1456
f 2782 2738 1266
f 2788 2748 1456
f 2783 2788 1265
f 2748 2783 99
f 2757 2736 1268
f 2751 2757 38
f 2736 2751 1266
f 2790 2789 1465
f 2726 2790 1464
f 2789 2726 1267
f 2792 2790 1465
f 2791 2792 391
f 2790 2791 1464
f 2794 2793 876
f 2791 2794 1464
f 2793 2791 391
f 2796 2795 874
f 2793 2796 876
f 2795 2793 391
f 2797 2796 874
f 2570 2797 875
f 2796 2570 876
f 2798 2722 1436
f 2792 2798 391
f 2722 2792 1465
f 2800 2799 870
f 2798 2800 391
f 2799 2798 1436
f 2801 2800 870
f 2795 2801 874
f 2800 2795 391
f 2803 2802 873
f 2801 2803 874
f 2802 2801 870
f 2805 2804 871
f 2799 2805 870
f 2804 2799 1436
f 2807 2805 871
f 2806 2807 21
f 2805 2806 870
f 2809 2808 872
f 2807 2809 21
f 2808 2807 871
f 2811 2810 867
f 2809 2811 21
f 2810 2809 872
f 2813 2812 869
f 2811 2813 21
f 2812 2811 867
f 2815 2814 873
f 2813 2815 21
f 2814 2813 869
f 2818 2817 792
f 2816 2818 791
f 2817 2816 1739
f 2820 2819 1795
f 2818 2820 791
f 2819 2818 792
f 2823 2822 1796
f 2821 2823 34
f 2822 2821 1795
f 2825 2824 1745
f 2819 2825 1795
f 2824 2819 792
f 2827 2817 1739
f 2826 2827 232
f 2817 2826 792
f 2829 2828 863
f 2827 2829 232
f 2828 2827 1739
f 2832 2831 1738
f 2830 2832 863
f 2831 2830 864
f 2834 2833 865
f 2830 2834 864
f 2833 2830 863
f 2836 2835 866
f 2834 2836 864
f 2835 2834 865
f 2838 2808 871
f 2837 2838 408
f 2808 2837 872
f 2840 2810 872
f 2839 2840 865
f 2810 2839 867
f 2841 2840 872
f 2835 2841 866
f 2840 2835 865
f 2844 2843 1743
f 2842 2844 1738
f 2843 2842 1741
f 2847 2846 1745
f 2845 2847 1743
f 2846 2845 1744
f 2850 2849 1742
f 2848 2850 417
f 2849 2848 858
f 2853 2852 857
f 2851 2853 855
f 2852 2851 856
f 2856 2855 1432
f 2854 2856 1430
f 2855 2854 1431
f 2858 2855 1431
f 2857 2858 340
f 2855 2857 1432
f 2860 2859 1437
f 2857 2860 1432
f 2859 2857 340
f 2862 2861 861
f 2859 2862 1437
f 2861 2859 340
f 2864 2863 862
f 2861 2864 861
f 2863 2861 340
f 2865 2858 1431
f 2863 2865 862
f 2858 2863 340
f 2868 2867 1444
f 2866 2868 37
f 2867 2866 1297
f 2871 2870 1287
f 2869 2871 103
f 2870 2869 1285
f 2873 2872 1429
f 2871 2873 103
f 2872 2871 1287
f 2875 2874 1286
f 2870 2875 1287
f 2874 2870 1285
f 2878 2877 1428
f 2876 2878 1286
f 2877 2876 1427
f 2880 2879 1426
f 2872 2880 1429
f 2879 2872 1287
f 2882 2879 1287
f 2881 2882 442
f 2879 2881 1426
f 2885 2884 1424
f 2883 2885 442
f 2884 2883 1428
f 2887 2886 1423
f 2885 2887 442
f 2886 2885 1424
f 2888 2887 1423
f 2881 2888 1426
f 2887 2881 442
f 2890 2889 1425
f 2888 2890 1426
f 2889 2888 1423
f 2892 2886 1424
f 2891 2892 1309
f 2886 2891 1423
f 2895 2894 1425
f 2893 2895 11
f 2894 2893 1306
f 2897 2896 1304
f 2893 2897 1306
f 2896 2893 11
f 2899 2898 1307
f 2896 2899 1304
f 2898 2896 11
f 2901 2900 1305
f 2897 2901 1306
f 2900 2897 1304
f 2903 2894 1306
f 2902 2903 1302
f 2894 2902 1425
f 2905 2890 1425
f 2904 2905 181
f 2890 2904 1426
f 2906 2902 1302
f 2905 2906 181
f 2902 2905 1425
f 2909 2908 1299
f 2907 2909 181
f 2908 2907 1300
f 2911 2910 1429
f 2909 2911 181
f 2910 2909 1299
f 2914 2913 1413
f 2912 2914 1303
f 2913 2912 1412
f 2917 2916 857
f 2915 2917 377
f 2916 2915 1413
f 2919 2916 1413
f 2918 2919 853
f 2916 2918 857
f 2921 2919 1413
f 2920 2921 454
f 2919 2920 853
f 2924 2923 1415
f 2922 2924 454
f 2923 2922 1412
f 2926 2925 852
f 2924 2926 454
f 2925 2924 1415
f 2928 2927 851
f 2926 2928 454
f 2927 2926 852
f 2931 2930 1745
f 2929 2931 264
f 2930 2929 1746
f 2934 2933 1796
f 2932 2934 1746
f 2933 2932 1748
f 2936 2935 1747
f 2932 2936 1748
f 2935 2932 1746
f 2937 2929 264
f 2935 2937 1747
f 2929 2935 1746
f 2939 2938 847
f 2937 2939 1747
f 2938 2937 264
f 2941 2940 848
f 2938 2941 847
f 2940 2938 264
f 2943 2941 848
f 2942 2943 846
f 2941 2942 847
f 2946 2945 1749
f 2944 2946 130
f 2945 2944 1747
f 2949 2948 1748
f 2947 2949 130
f 2948 2947 1750
f 2951 2950 1758
f 2947 2951 1750
f 2950 2947 130
f 2953 2952 1752
f 2950 2953 1758
f 2952 2950 130
f 2955 2954 1757
f 2953 2955 1758
f 2954 2953 1752
f 2958 2957 842
f 2956 2958 190
f 2957 2956 844
f 2960 2959 839
f 2958 2960 190
f 2959 2958 842
f 2962 2961 1752
f 2956 2962 844
f 2961 2956 190
f 2965 2964 850
f 2963 2965 435
f 2964 2963 846
f 2967 2966 1417
f 2965 2967 435
f 2966 2965 850
f 2969 2968 845
f 2967 2969 435
f 2968 2967 1417
f 2972 2971 1403
f 2970 2972 1341
f 2971 2970 1404
f 2975 2974 1404
f 2973 2975 332
f 2974 2973 1405
f 2977 2976 1408
f 2973 2977 1405
f 2976 2973 332
f 2980 2979 1383
f 2978 2980 345
f 2979 2978 1402
f 2982 2981 1403
f 2980 2982 345
f 2981 2980 1383
f 2985 2984 1384
f 2983 2985 1374
f 2984 2983 1403
f 2987 2985 1384
f 2986 2987 236
f 2985 2986 1374
f 2989 2988 1337
f 2987 2989 236
f 2988 2987 1384
f 2991 2990 1379
f 2989 2991 236
f 2990 2989 1337
f 2994 2993 1375
f 2992 2994 379
f 2993 2992 1372
f 2997 2996 1373
f 2995 2997 379
f 2996 2995 1529
f 2999 2998 1525
f 2995 2999 1529
f 2998 2995 379
f 3001 3000 1377
f 2998 3001 1525
f 3000 2998 379
f 3003 3002 1523
f 3001 3003 1525
f 3002 3001 1377
f 3006 3005 1380
f 3004 3006 49
f 3005 3004 1378
f 3008 3007 1382
f 3006 3008 49
f 3007 3006 1380
f 3011 3010 1335
f 3009 3011 354
f 3010 3009 1336
f 3014 3013 1334
f 3012 3014 1318
f 3013 3012 1333
f 3016 3012 1318
f 3015 3016 1317
f 3012 3015 1333
f 3019 3018 1320
f 3017 3019 85
f 3018 3017 1275
f 3022 3021 1276
f 3020 3022 85
f 3021 3020 1319
f 3023 3022 1276
f 3017 3023 1275
f 3022 3017 85
f 3026 3025 1400
f 3024 3026 1319
f 3025 3024 1399
f 3029 3028 1314
f 3027 3029 375
f 3028 3027 1315
f 3031 3030 1399
f 3027 3031 1315
f 3030 3027 375
f 3033 2988 1384
f 3032 3033 388
f 2988 3032 1337
f 3035 3034 1383
f 3033 3035 388
f 3034 3033 1384
f 3037 3036 1316
f 3035 3037 388
f 3036 3035 1383
f 3038 2979 1402
f 3036 3038 1316
f 2979 3036 1383
f 3040 3039 1313
f 2978 3040 1402
f 3039 2978 345
f 3043 3042 1417
f 3041 3043 123
f 3042 3041 1408
f 3045 3044 1409
f 3043 3045 123
f 3044 3043 1417
f 3048 3047 1409
f 3046 3048 466
f 3047 3046 1411
f 3050 3049 849
f 2964 3050 850
f 3049 2964 846
f 3052 3049 846
f 3051 3052 60
f 3049 3051 849
f 3054 3050 849
f 3053 3054 466
f 3050 3053 850
f 3055 3048 1409
f 3053 3055 850
f 3048 3053 466
f 3055 2966 850
f 3044 3055 1409
f 2966 3044 1417
f 3056 3047 1411
f 3045 3056 123
f 3047 3045 1409
f 3059 3058 1418
f 3057 3059 376
f 3058 3057 1416
f 3061 3060 1410
f 3059 3061 376
f 3060 3059 1418
f 3064 3063 1414
f 3062 3064 376
f 3063 3062 1415
f 3067 3066 1412
f 3065 3067 321
f 3066 3065 1414
f 3068 2912 1303
f 3067 3068 321
f 2912 3067 1412
f 3066 2923 1412
f 3063 3066 1414
f 2923 3063 1415
f 3069 3064 1414
f 3057 3069 1416
f 3064 3057 376
f 3071 3069 1414
f 3070 3071 1305
f 3069 3070 1416
f 3074 3073 1308
f 3072 3074 273
f 3073 3072 1304
f 3076 3075 1419
f 3074 3076 273
f 3075 3074 1308
f 3079 3078 1419
f 3077 3079 235
f 3078 3077 1406
f 3081 3080 1420
f 3079 3081 235
f 3080 3079 1419
f 3082 3075 1308
f 3080 3082 1420
f 3075 3080 1419
f 3085 3084 1422
f 3083 3085 293
f 3084 3083 1307
f 3087 3086 1421
f 3085 3087 293
f 3086 3085 1422
f 3090 3089 1421
f 3088 3090 1311
f 3089 3088 1420
f 3092 3090 1421
f 3091 3092 277
f 3090 3091 1311
f 3095 3094 1396
f 3093 3095 110
f 3094 3093 1397
f 3098 3097 1281
f 3096 3098 339
f 3097 3096 1283
f 3101 3100 1283
f 3099 3101 256
f 3100 3099 1284
f 3103 3102 1424
f 3099 3103 1284
f 3102 3099 256
f 3105 2877 1427
f 3104 3105 237
f 2877 3104 1428
f 3107 3106 1445
f 3105 3107 237
f 3106 3105 1427
f 3109 3108 1280
f 3107 3109 237
f 3108 3107 1445
f 3111 3110 1282
f 3109 3111 237
f 3110 3109 1280
f 3113 3110 1280
f 3112 3113 309
f 3110 3112 1282
f 3115 3114 1449
f 3113 3115 309
f 3114 3113 1280
f 3118 3117 1281
f 3116 3118 309
f 3117 3116 1279
f 3119 3115 1449
f 3116 3119 1279
f 3115 3116 309
f 3121 3114 1280
f 3120 3121 42
f 3114 3120 1449
f 3122 3108 1445
f 3121 3122 42
f 3108 3121 1280
f 3124 3123 1448
f 3122 3124 42
f 3123 3122 1445
f 3127 3126 1450
f 3125 3127 355
f 3126 3125 1391
f 3129 3128 1389
f 3125 3129 1391
f 3128 3125 355
f 3131 3130 1327
f 3128 3131 1389
f 3130 3128 355
f 3133 3132 1392
f 3129 3133 1391
f 3132 3129 1389
f 3136 3135 1279
f 3134 3136 1277
f 3135 3134 1278
f 3138 3134 1277
f 3137 3138 437
f 3134 3137 1278
f 3139 3135 1278
f 3117 3139 1281
f 3135 3117 1279
f 3140 3139 1278
f 3098 3140 339
f 3139 3098 1281
f 3142 3141 1276
f 3138 3142 437
f 3141 3138 1277
f 3145 3144 1277
f 3143 3145 81
f 3144 3143 1275
f 3146 3136 1279
f 3145 3146 81
f 3136 3145 1277
f 3148 3147 1390
f 3143 3148 1275
f 3147 3143 81
f 3149 3148 1390
f 3018 3149 1320
f 3148 3018 1275
f 3152 3151 1320
f 3150 3152 231
f 3151 3150 1321
f 3155 3154 1323
f 3153 3155 1321
f 3154 3153 1322
f 3158 3157 1333
f 3156 3158 1323
f 3157 3156 1332
f 3161 3160 1335
f 3159 3161 419
f 3160 3159 1350
f 3163 3162 1381
f 3160 3163 1335
f 3162 3160 1350
f 3164 3163 1381
f 3011 3164 354
f 3163 3011 1335
f 3167 3166 1381
f 3165 3167 131
f 3166 3165 1382
f 3170 3169 1347
f 3168 3170 427
f 3169 3168 1348
f 3173 3172 1485
f 3171 3173 101
f 3172 3171 1480
f 3175 3174 1126
f 3171 3175 1480
f 3174 3171 101
f 3177 3176 1124
f 3174 3177 1126
f 3176 3174 101
f 3179 3178 1125
f 3177 3179 1126
f 3178 3177 1124
f 3181 3180 1478
f 3179 3181 1126
f 3180 3179 1125
f 3183 3182 1479
f 3175 3183 1480
f 3182 3175 1126
f 3186 3185 1479
f 3184 3186 394
f 3185 3184 1482
f 3188 3187 1578
f 3184 3188 1482
f 3187 3184 394
f 3190 3189 1487
f 2294 3190 1489
f 3189 2294 1486
f 3191 3190 1487
f 2292 3191 164
f 3190 2292 1489
f 3194 3193 1487
f 3192 3194 161
f 3193 3192 1483
f 3195 3189 1486
f 3194 3195 161
f 3189 3194 1487
f 3197 3183 1479
f 3196 3197 161
f 3183 3196 1480
f 3199 3198 1481
f 3192 3199 1483
f 3198 3192 161
f 3200 3197 1479
f 3198 3200 1481
f 3197 3198 161
f 3203 3202 1482
f 3201 3203 1244
f 3202 3201 1481
f 3206 3205 1129
f 3204 3206 64
f 3205 3204 1127
f 3208 3207 1576
f 3204 3208 1127
f 3207 3204 64
f 3210 3209 1128
f 3205 3210 1129
f 3209 3205 1127
f 3212 3211 1244
f 3206 3212 64
f 3211 3206 1129
f 3213 3203 1482
f 3212 3213 64
f 3203 3212 1244
f 3215 3214 1577
f 3188 3215 1482
f 3214 3188 1578
f 3216 3215 1577
f 3213 3216 64
f 3215 3213 1482
f 3202 3185 1482
f 3200 3202 1481
f 3185 3200 1479
f 3217 3182 1126
f 3186 3217 394
f 3182 3186 1479
f 3218 3181 1478
f 3217 3218 394
f 3181 3217 1126
f 3220 2306 1347
f 3219 3220 101
f 2306 3219 1345
f 3221 3220 1347
f 3176 3221 1124
f 3220 3176 101
f 3221 2618 1124
f 3169 3221 1347
f 2618 3169 1348
f 3223 3156 1323
f 3222 3223 427
f 3156 3222 1332
f 3225 3158 1333
f 3224 3225 283
f 3158 3224 1323
f 3226 2620 1348
f 3154 3226 1323
f 2620 3154 1322
f 3226 3223 1323
f 3168 3226 1348
f 3223 3168 427
f 3227 3224 283
f 3155 3227 1321
f 3224 3155 1323
f 3228 3227 283
f 3151 3228 1320
f 3227 3151 1321
f 3229 3149 1390
f 3152 3229 231
f 3149 3152 1320
f 3231 3230 1389
f 3147 3231 1390
f 3230 3147 81
f 3232 3230 81
f 3132 3232 1392
f 3230 3132 1389
f 3234 3133 1392
f 3233 3234 42
f 3133 3233 1391
f 3235 3124 1448
f 3233 3235 1391
f 3124 3233 42
f 3237 3236 1327
f 3229 3237 231
f 3236 3229 1390
f 3236 3131 1327
f 3231 3236 1390
f 3131 3231 1389
f 3239 3238 1328
f 3130 3239 1327
f 3238 3130 355
f 3240 3235 1448
f 3126 3240 1450
f 3235 3126 1391
f 3242 3240 1448
f 3241 3242 447
f 3240 3241 1450
f 3244 2659 1447
f 3243 3244 447
f 2659 3243 1446
f 3245 3242 1448
f 3243 3245 1446
f 3242 3243 447
f 3246 2661 1446
f 3106 3246 1445
f 2661 3106 1427
f 3246 3123 1445
f 3245 3246 1446
f 3123 3245 1448
f 3247 2652 1452
f 3244 3247 447
f 2652 3244 1447
f 3248 3234 1392
f 3120 3248 1449
f 3234 3120 42
f 3249 3146 1279
f 3232 3249 1392
f 3146 3232 81
f 3249 3248 1392
f 3119 3249 1279
f 3248 3119 1449
f 3250 3118 1281
f 3112 3250 1282
f 3118 3112 309
f 3251 3097 1283
f 3250 3251 1282
f 3097 3250 1281
f 3253 3252 1284
f 3104 3253 1428
f 3252 3104 237
f 3254 3111 1282
f 3252 3254 1284
f 3111 3252 237
f 3254 3100 1284
f 3251 3254 1282
f 3100 3251 1283
f 3256 3255 1393
f 3101 3256 256
f 3255 3101 1283
f 3258 3257 1310
f 3256 3258 256
f 3257 3256 1393
f 3261 3260 1310
f 3259 3261 110
f 3260 3259 1422
f 3262 3084 1307
f 3260 3262 1310
f 3084 3260 1422
f 3265 3264 1393
f 3263 3265 339
f 3264 3263 1394
f 3265 3096 339
f 3255 3265 1393
f 3096 3255 1283
f 3266 3257 1393
f 3261 3266 110
f 3257 3261 1310
f 3267 3264 1394
f 3266 3267 110
f 3264 3266 1393
f 3270 3269 1395
f 3268 3270 277
f 3269 3268 1396
f 3271 3095 1396
f 3259 3271 1422
f 3095 3259 110
f 3272 3092 1421
f 3268 3272 1396
f 3092 3268 277
f 3272 3271 1396
f 3086 3272 1421
f 3271 3086 1422
f 3273 3089 1420
f 3087 3273 293
f 3089 3087 1421
f 3274 3082 1308
f 3273 3274 293
f 3082 3273 1420
f 3276 3070 1305
f 3275 3276 273
f 3070 3275 1416
f 3277 3061 1410
f 3062 3277 1415
f 3061 3062 376
f 3279 3278 1410
f 3046 3279 1411
f 3278 3046 466
f 3280 3277 1410
f 2925 3280 852
f 3277 2925 1415
f 3282 3281 1418
f 3078 3282 1419
f 3281 3078 1406
f 3283 3282 1418
f 3076 3283 273
f 3282 3076 1419
f 3283 3275 273
f 3058 3283 1418
f 3275 3058 1416
f 3285 3284 1411
f 3281 3285 1418
f 3284 3281 1406
f 3285 3060 1418
f 3279 3285 1411
f 3060 3279 1410
f 3286 3284 1406
f 3056 3286 123
f 3284 3056 1411
f 3288 3287 1407
f 3286 3288 123
f 3287 3286 1406
f 3289 3077 235
f 3287 3289 1407
f 3077 3287 1406
f 3291 3290 1313
f 3289 3291 1407
f 3290 3289 235
f 3292 3088 1311
f 3081 3292 235
f 3088 3081 1420
f 3293 3292 1311
f 3290 3293 1313
f 3292 3290 235
f 3295 3294 1312
f 3293 3295 1313
f 3294 3293 1311
f 3296 3295 1312
f 3040 3296 1402
f 3295 3040 1313
f 3299 3298 1312
f 3297 3299 277
f 3298 3297 1314
f 3299 3091 277
f 3294 3299 1312
f 3091 3294 1311
f 3300 3270 1395
f 3297 3300 1314
f 3270 3297 277
f 3302 3301 1316
f 3298 3302 1312
f 3301 3298 1314
f 3302 3296 1312
f 3038 3302 1316
f 3296 3038 1402
f 3304 3303 1315
f 3037 3304 388
f 3303 3037 1316
f 3303 3028 1315
f 3301 3303 1316
f 3028 3301 1314
f 3305 3300 1395
f 3029 3305 375
f 3300 3029 1314
f 3306 3094 1397
f 3269 3306 1395
f 3094 3269 1396
f 3308 3307 1401
f 3306 3308 1395
f 3307 3306 1397
f 3309 3267 1394
f 3093 3309 1397
f 3267 3093 110
f 3311 3310 1398
f 3309 3311 1397
f 3310 3309 1394
f 3312 3311 1398
f 3307 3312 1401
f 3311 3307 1397
f 3313 3263 339
f 3310 3313 1398
f 3263 3310 1394
f 3314 3140 1278
f 3313 3314 1398
f 3140 3313 339
f 3316 3312 1398
f 3315 3316 437
f 3312 3315 1401
f 3316 3137 437
f 3314 3316 1398
f 3137 3314 1278
f 3318 3317 1400
f 3142 3318 437
f 3317 3142 1276
f 3319 3318 1400
f 3315 3319 1401
f 3318 3315 437
f 3320 3308 1401
f 3305 3320 375
f 3308 3305 1395
f 3321 3319 1400
f 3320 3321 375
f 3319 3320 1401
f 3321 3030 375
f 3025 3321 1400
f 3030 3025 1399
f 3323 3322 1338
f 3031 3323 1315
f 3322 3031 1399
f 3325 3322 1399
f 3324 3325 167
f 3322 3324 1338
f 3326 3024 1319
f 3325 3326 167
f 3024 3325 1399
f 3317 3026 1400
f 3021 3317 1276
f 3026 3021 1319
f 3144 3141 1277
f 3023 3144 1275
f 3141 3023 1276
f 3328 3327 1317
f 3019 3328 85
f 3327 3019 1320
f 3329 3228 283
f 3327 3329 1317
f 3228 3327 1320
f 3331 3157 1332
f 3330 3331 419
f 3157 3330 1333
f 3329 3015 1317
f 3225 3329 283
f 3015 3225 1333
f 3332 3330 419
f 3013 3332 1334
f 3330 3013 1333
f 3333 3161 1335
f 3332 3333 1334
f 3161 3332 419
f 3334 3328 1317
f 3020 3334 1319
f 3328 3020 85
f 3335 3016 1318
f 3334 3335 1319
f 3016 3334 1317
f 3336 3335 1318
f 3326 3336 167
f 3335 3326 1319
f 3339 3338 1336
f 3337 3339 167
f 3338 3337 1334
f 3337 3014 1334
f 3336 3337 167
f 3014 3336 1318
f 3338 3010 1336
f 3333 3338 1334
f 3010 3333 1335
f 3341 3340 1337
f 3009 3341 1336
f 3340 3009 354
f 3342 3339 1336
f 3324 3342 1338
f 3339 3324 167
f 3343 3341 1337
f 3342 3343 1338
f 3341 3342 1336
f 3344 3323 1338
f 3304 3344 388
f 3323 3304 1315
f 3344 3032 388
f 3343 3344 1338
f 3032 3343 1337
f 3345 3340 354
f 2990 3345 1379
f 3340 2990 1337
f 3347 3346 1379
f 3005 3347 1380
f 3346 3005 1378
f 3348 3345 354
f 3347 3348 1380
f 3345 3347 1379
f 3349 3164 1381
f 3348 3349 1380
f 3164 3348 354
f 3349 3007 1380
f 3166 3349 1381
f 3007 3166 1382
f 3352 3351 1521
f 3350 3352 1382
f 3351 3350 1520
f 3353 3352 1521
f 3008 3353 49
f 3352 3008 1382
f 3355 3354 1523
f 3353 3355 49
f 3354 3353 1521
f 3358 3357 1524
f 3356 3358 1521
f 3357 3356 1522
f 3359 3358 1524
f 3354 3359 1523
f 3358 3354 1521
f 3362 3361 1515
f 3360 3362 371
f 3361 3360 1522
f 3364 2342 1516
f 3363 3364 371
f 2342 3363 1514
f 3366 3365 1517
f 3364 3366 371
f 3365 3364 1516
f 3368 3367 1518
f 3366 3368 371
f 3367 3366 1517
f 3371 3370 1527
f 3369 3371 117
f 3370 3369 1526
f 3374 3373 1096
f 3372 3374 1095
f 3373 3372 1531
f 3377 3376 1227
f 3375 3377 474
f 3376 3375 1237
f 3379 3378 1226
f 3377 3379 474
f 3378 3377 1227
f 3381 3380 1092
f 3379 3381 474
f 3380 3379 1226
f 3384 3383 1542
f 3382 3384 1093
f 3383 3382 1541
f 3387 3386 1092
f 3385 3387 350
f 3386 3385 1093
f 3390 3389 1541
f 3388 3390 350
f 3389 3388 1088
f 3392 3391 1533
f 3388 3392 1088
f 3391 3388 350
f 3394 3393 1532
f 3391 3394 1533
f 3393 3391 350
f 3395 3387 1092
f 3393 3395 1532
f 3387 3393 350
f 3397 3396 1089
f 3392 3397 1088
f 3396 3392 1533
f 3399 3398 1090
f 3397 3399 1088
f 3398 3397 1089
f 3402 3401 1536
f 3400 3402 1090
f 3401 3400 1537
f 3405 3404 1555
f 3403 3405 154
f 3404 3403 1535
f 3408 3407 1049
f 3406 3408 154
f 3407 3406 1047
f 3410 3409 1536
f 3408 3410 154
f 3409 3408 1049
f 3412 3411 1538
f 3409 3412 1536
f 3411 3409 1049
f 3414 3413 1048
f 3407 3414 1049
f 3413 3407 1047
f 3416 3415 1550
f 3413 3416 1048
f 3415 3413 1047
f 3418 3417 1554
f 3415 3418 1550
f 3417 3415 1047
f 3421 3420 1069
f 3419 3421 344
f 3420 3419 1550
f 3423 3422 1068
f 3421 3423 344
f 3422 3421 1069
f 3425 3424 1050
f 3423 3425 344
f 3424 3423 1068
f 3428 3427 1068
f 3426 3428 452
f 3427 3426 1546
f 8053 8214 8215
f 8054 3430 8216
f 3429 8055 8217
f 3432 8056 8218
f 8057 8219 8214
f 8058 3429 8217
f 3434 3433 1052
f 3431 3434 1058
f 3433 3431 452
f 3436 3435 1053
f 3433 3436 1052
f 3435 3433 452
f 3438 3437 1054
f 3436 3438 1052
f 3437 3436 1053
f 3441 3440 1057
f 3439 3441 74
f 3440 3439 1059
f 3443 3442 1052
f 3441 3443 74
f 3442 3441 1057
f 3446 3445 1062
f 3444 3446 178
f 3445 3444 1059
f 3449 3448 1543
f 3447 3449 359
f 3448 3447 1096
f 3451 3450 1062
f 3449 3451 359
f 3450 3449 1543
f 3453 3448 1096
f 3452 3453 1094
f 3448 3452 1543
f 3455 3453 1096
f 3454 3455 276
f 3453 3454 1094
f 3458 3457 1076
f 3456 3458 312
f 3457 3456 1074
f 3460 3459 1542
f 3458 3460 312
f 3459 3458 1076
f 3462 3461 1540
f 3456 3462 1074
f 3461 3456 312
f 3465 3464 1553
f 3463 3465 185
f 3464 3463 1051
f 3467 3466 1551
f 3464 3467 1553
f 3466 3464 1051
f 3470 3469 1544
f 3468 3470 258
f 3469 3468 1549
f 1548 8221 8220
f 3468 3472 1549
f 3471 3468 258
f 8059 8222 8223
f 8060 8224 8225
f 8061 8226 8227
f 8062 8228 8229
f 8063 8230 8231
f 8064 8232 8233
f 8065 8234 8235
f 8066 8236 8232
f 8067 8231 8237
f 3483 3482 1549
f 1064 8239 8238
f 3482 3481 1622
f 3485 3484 1545
f 3469 3485 1544
f 3484 3469 1549
f 3488 3487 1621
f 8068 8240 8241
f 8069 8242 8243
f 8070 8244 8245
f 8071 8246 8242
f 8072 8241 8247
f 3493 3492 1642
f 3491 8073 8248
f 8074 8249 8250
f 3495 3493 1642
f 3494 3495 150
f 3493 3494 990
f 3497 3496 1641
f 3495 3497 150
f 3496 3495 1642
f 3499 3498 986
f 3497 3499 150
f 3498 3497 1641
f 3501 3500 988
f 3499 3501 150
f 3500 3499 986
f 3502 3501 988
f 3494 3502 990
f 3501 3494 150
f 3505 3504 1621
f 3503 3505 406
f 3504 3503 991
f 989 8251 8243
f 3505 3506 406
f 3487 3505 1621
f 3508 3507 992
f 3503 3508 991
f 3507 3503 406
f 3510 3509 1623
f 3507 3510 992
f 3509 3507 406
f 3513 3512 986
f 3511 3513 274
f 3512 3511 987
f 3514 3498 1641
f 3513 3514 274
f 3498 3513 986
f 3516 3515 1628
f 3514 3516 274
f 3515 3514 1641
f 3518 3517 1627
f 3516 3518 274
f 3517 3516 1628
f 3520 3519 983
f 3518 3520 274
f 3519 3518 1627
f 3523 3522 985
f 3521 3523 983
f 3522 3521 1625
f 3526 3525 1833
f 3524 3526 984
f 3525 3524 1625
f 3529 3528 1626
f 3527 3529 495
f 3528 3527 983
f 3530 3519 1627
f 3528 3530 1626
f 3519 3528 983
f 3532 3531 1632
f 3515 3532 1628
f 3531 3515 1641
f 3534 3533 1643
f 3492 3534 1642
f 1644 8252 8250
f 3537 3536 1640
f 3535 3537 1633
f 3536 3535 1639
f 3540 3539 1630
f 3538 3540 446
f 3539 3538 1631
f 8446 8613 8614
f 8447 3543 8615
f 3542 8448 8616
f 8449 8617 8618
f 8450 8619 8615
f 8451 8614 8620
f 3547 3546 1837
f 3545 8452 8619
f 8453 8618 8621
f 3550 3549 1837
f 3548 3550 469
f 3549 3548 708
f 3552 3551 709
f 3548 3552 708
f 3551 3548 469
f 3554 3553 1847
f 3551 3554 709
f 3553 3551 469
f 3556 3555 1839
f 3553 3556 1847
f 3555 3553 469
f 3558 3557 1838
f 3550 3558 469
f 3557 3550 1837
f 3559 3558 1838
f 3555 3559 1839
f 3558 3555 469
f 1656 8623 8622
f 3560 3562 221
f 3561 3560 1838
f 8454 8624 8625
f 8455 3564 8626
f 8456 8623 8627
f 8457 8628 8629
f 8458 8630 8626
f 8459 8625 8631
f 3569 3568 946
f 3567 3569 221
f 3568 3567 947
f 8460 8629 8632
f 8461 3570 8633
f 3566 8462 8630
f 3572 3556 1839
f 3571 3572 364
f 3556 3571 1847
f 3574 3573 946
f 3572 3574 364
f 3573 3572 1839
f 3576 3575 1657
f 3571 3576 1847
f 3575 3571 364
f 3578 3577 1687
f 3575 3578 1657
f 3577 3575 364
f 3580 3579 1658
f 3577 3580 1687
f 3579 3577 364
f 3582 3580 1658
f 3581 3582 90
f 3580 3581 1687
f 3584 3583 1685
f 3581 3584 1687
f 3583 3581 90
f 3586 3585 1684
f 3583 3586 1685
f 3585 3583 90
f 3588 3587 1694
f 3585 3588 1684
f 3587 3585 90
f 3591 3590 1685
f 3589 3591 457
f 3590 3589 1683
f 3592 3586 1684
f 3591 3592 457
f 3586 3591 1685
f 3594 3593 1677
f 3589 3594 1683
f 3593 3589 457
f 3596 3595 1678
f 3593 3596 1677
f 3595 3593 457
f 3598 3597 1871
f 3595 3598 1678
f 3597 3595 457
f 3600 3599 1874
f 3597 3600 1871
f 3599 3597 457
f 3603 3602 640
f 3601 3603 385
f 3602 3601 641
f 3605 3604 941
f 3601 3605 641
f 3604 3601 385
f 3608 3607 1693
f 3606 3608 941
f 3607 3606 1691
f 3610 3609 1694
f 3606 3610 1691
f 3609 3606 941
f 3611 3587 90
f 3610 3611 1691
f 3587 3610 1694
f 3613 3607 1691
f 3612 3613 942
f 3607 3612 1693
f 3616 3615 944
f 3614 3616 942
f 3615 3614 943
f 948 8635 8634
f 3617 3619 943
f 3618 3617 947
f 8463 8636 8637
f 8464 8638 8639
f 8465 8640 8641
f 8466 8642 8643
f 8467 8644 8645
f 8468 8646 8647
f 8469 8648 8649
f 8470 8650 8644
f 8471 8643 8651
f 8472 8652 8653
f 8473 8654 8646
f 8474 8645 8655
f 8475 8656 8657
f 8476 8658 8654
f 8477 8653 8659
f 8478 3633 8660
f 3632 3634 374
f 8479 8661 8662
f 3637 3636 1648
f 3635 3637 374
f 3636 3635 1647
f 3639 3638 976
f 3637 3639 374
f 3638 3637 1648
f 3642 3641 1645
f 3640 3642 1082
f 3641 3640 1647
f 3645 3644 978
f 3643 3645 275
f 3644 3643 979
f 3648 3647 979
f 8075 8253 8254
f 8076 3646 8255
f 3649 3647 977
f 3644 3649 978
f 3647 3644 979
f 3651 3457 1074
f 3650 3651 357
f 3457 3650 1076
f 3654 3653 1077
f 3652 3654 357
f 3653 3652 1078
f 3655 3654 1077
f 3650 3655 1076
f 3654 3650 357
f 3657 3656 1073
f 3651 3657 357
f 3656 3651 1074
f 3659 3658 1075
f 3656 3659 1073
f 3658 3656 1074
f 3662 3661 1073
f 3660 3662 19
f 3661 3660 1072
f 3664 3663 1070
f 3660 3664 1072
f 3663 3660 19
f 3667 3666 1551
f 3665 3667 19
f 3666 3665 1075
f 3668 3667 1551
f 3663 3668 1070
f 3667 3663 19
f 3670 3485 1545
f 3669 3670 1070
f 3485 3669 1544
f 3671 3668 1551
f 3669 3671 1544
f 3668 3669 1070
f 3674 3673 1083
f 3672 3674 199
f 3673 3672 1086
f 3676 3675 1085
f 3674 3676 199
f 3675 3674 1083
f 3679 3678 995
f 3677 3679 209
f 3678 3677 996
f 3682 3681 1084
f 3680 3682 209
f 3681 3680 1080
f 3685 3684 995
f 3683 3685 246
f 3684 3683 1080
f 3688 3687 1081
f 3686 3688 246
f 3687 3686 1618
f 3689 3688 1081
f 3683 3689 1080
f 3688 3683 246
f 3691 3690 994
f 3685 3691 246
f 3690 3685 995
f 3693 3692 1610
f 3691 3693 246
f 3692 3691 994
f 3696 3695 1610
f 3694 3696 51
f 3695 3694 1609
f 3697 3692 994
f 3696 3697 51
f 3692 3696 1610
f 3699 3698 993
f 3694 3699 1609
f 3698 3694 51
f 3702 3701 991
f 3700 3702 51
f 3701 3700 1620
f 3703 3702 991
f 3698 3703 993
f 3702 3698 51
f 3706 3705 1620
f 3704 3706 249
f 3705 3704 1621
f 3705 3701 1620
f 3504 3705 1621
f 3701 3504 991
f 3707 3508 992
f 3703 3707 993
f 3508 3703 991
f 3709 3708 1611
f 3699 3709 1609
f 3708 3699 993
f 3712 3711 1610
f 3710 3712 1607
f 3711 3710 1619
f 3713 3695 1609
f 3712 3713 1607
f 3695 3712 1610
f 3716 3715 1607
f 3714 3716 146
f 3715 3714 1608
f 3719 3718 1613
f 3717 3719 146
f 3718 3717 1611
f 3720 3719 1613
f 3714 3720 1608
f 3719 3714 146
f 3722 3721 1832
f 3718 3722 1613
f 3721 3718 1611
f 3725 3724 712
f 3723 3725 403
f 3724 3723 711
f 3727 3726 710
f 3725 3727 403
f 3726 3725 712
f 3729 3728 1832
f 3727 3729 403
f 3728 3727 710
f 3732 3731 713
f 3730 3732 710
f 3731 3730 714
f 3733 3732 713
f 3728 3733 1832
f 3732 3728 710
f 3736 3735 1613
f 3734 3736 713
f 3735 3734 1829
f 3736 3733 713
f 3722 3736 1613
f 3733 3722 1832
f 3739 3738 1829
f 3737 3739 348
f 3738 3737 715
f 3742 3741 1834
f 3740 3742 334
f 3741 3740 705
f 3744 3743 1833
f 3742 3744 334
f 3743 3742 1834
f 3746 3745 1624
f 3740 3746 705
f 3745 3740 334
f 3749 3748 707
f 3747 3749 194
f 3748 3747 708
f 3752 3751 1844
f 3750 3752 707
f 3751 3750 709
f 3754 3753 1846
f 3751 3754 1844
f 3753 3751 709
f 3756 3754 1846
f 3755 3756 177
f 3754 3755 1844
f 3758 3757 1689
f 3756 3758 177
f 3757 3756 1846
f 3760 3759 1690
f 3758 3760 177
f 3759 3758 1689
f 3763 3762 1681
f 3761 3763 28
f 3762 3761 1690
f 3766 3765 1849
f 3764 3766 28
f 3765 3764 1851
f 3768 3767 1682
f 3764 3768 1851
f 3767 3764 28
f 3770 3769 1688
f 3762 3770 1681
f 3769 3762 1690
f 3772 3771 1686
f 3770 3772 1681
f 3771 3770 1688
f 3774 3771 1688
f 3773 3774 172
f 3771 3773 1686
f 3776 3578 1687
f 3775 3776 172
f 3578 3775 1657
f 3779 3778 1683
f 3777 3779 1680
f 3778 3777 1686
f 3782 3781 1852
f 3780 3782 449
f 3781 3780 1679
f 3785 3784 1853
f 3783 3785 341
f 3784 3783 1852
f 3787 3786 701
f 3785 3787 341
f 3786 3785 1853
f 3789 3788 703
f 3787 3789 341
f 3788 3787 701
f 3791 3790 1851
f 3789 3791 341
f 3790 3789 703
f 3794 3793 1850
f 3792 3794 1849
f 3793 3792 1946
f 3796 3792 1849
f 3795 3796 265
f 3792 3795 1946
f 3798 3797 1947
f 3795 3798 1946
f 3797 3795 265
f 3800 3799 702
f 3797 3800 1947
f 3799 3797 265
f 3803 3802 1950
f 3801 3803 1947
f 3802 3801 1948
f 3805 3803 1950
f 3804 3805 423
f 3803 3804 1947
f 3807 3806 1945
f 3805 3807 423
f 3806 3805 1950
f 3809 3808 566
f 3807 3809 423
f 3808 3807 1945
f 3811 3810 565
f 3809 3811 423
f 3810 3809 566
f 3813 3812 1946
f 3811 3813 423
f 3812 3811 565
f 3814 3812 565
f 3793 3814 1850
f 3812 3793 1946
f 3816 3815 1841
f 3814 3816 1850
f 3815 3814 565
f 3819 3818 1848
f 3817 3819 158
f 3818 3817 1845
f 3821 3820 1850
f 3819 3821 158
f 3820 3819 1848
f 3823 3822 1843
f 3817 3823 1845
f 3822 3817 158
f 3825 3824 1840
f 3822 3825 1843
f 3824 3822 158
f 3828 3827 1841
f 3826 3828 73
f 3827 3826 1840
f 3830 3829 353
f 3828 3830 73
f 3829 3828 1841
f 3832 3831 1842
f 3830 3832 73
f 3831 3830 353
f 3834 3833 1830
f 3832 3834 73
f 3833 3832 1842
f 3836 3833 1842
f 3835 3836 716
f 3833 3835 1830
f 3838 3810 566
f 3837 3838 353
f 3810 3837 565
f 3840 3839 564
f 3838 3840 353
f 3839 3838 566
f 3842 3808 1945
f 3841 3842 560
f 3808 3841 566
f 3844 3843 1953
f 3806 3844 1945
f 3843 3806 1950
f 3847 3846 1961
f 3845 3847 1953
f 3846 3845 1962
f 3849 3802 1948
f 3848 3849 380
f 3802 3848 1950
f 3851 3850 1949
f 3849 3851 380
f 3850 3849 1948
f 3853 3852 1952
f 3851 3853 380
f 3852 3851 1949
f 3856 3855 1949
f 3854 3856 109
f 3855 3854 1951
f 3858 3857 697
f 3854 3858 1951
f 3857 3854 109
f 3861 3860 702
f 3859 3861 109
f 3860 3859 1948
f 3863 3862 700
f 3857 3863 697
f 3862 3857 109
f 3864 3861 702
f 3862 3864 700
f 3861 3862 109
f 3866 3865 1671
f 3786 3866 701
f 3865 3786 1853
f 3869 3868 1672
f 3867 3869 304
f 3868 3867 1671
f 3872 3871 1668
f 3870 3872 304
f 3871 3870 1664
f 3874 3873 1665
f 3870 3874 1664
f 3873 3870 304
f 3877 3876 698
f 3875 3877 269
f 3876 3875 699
f 3879 3878 698
f 3863 3879 697
f 3878 3863 700
f 3882 3881 1854
f 3880 3882 44
f 3881 3880 1670
f 3885 3884 695
f 3883 3885 694
f 3884 3883 696
f 3888 3887 689
f 3886 3888 39
f 3887 3886 695
f 3891 3890 691
f 3889 3891 689
f 3890 3889 690
f 3893 3889 689
f 3892 3893 358
f 3889 3892 690
f 3895 3894 1666
f 3892 3895 690
f 3894 3892 358
f 3898 3897 1670
f 3896 3898 358
f 3897 3896 696
f 3899 3898 1670
f 3894 3899 1666
f 3898 3894 358
f 3901 3890 690
f 3900 3901 392
f 3890 3900 691
f 3904 3903 1858
f 3902 3904 392
f 3903 3902 1857
f 3906 3905 1855
f 3904 3906 392
f 3905 3904 1858
f 3909 3908 1969
f 3907 3909 1856
f 3908 3907 1970
f 3911 3910 1856
f 3888 3911 39
f 3910 3888 689
f 3914 3913 692
f 3912 3914 39
f 3913 3912 1969
f 3916 3915 693
f 3914 3916 39
f 3915 3914 692
f 3919 3918 1966
f 3917 3919 692
f 3918 3917 1967
f 3920 3913 1969
f 3917 3920 1967
f 3913 3917 692
f 3922 3920 1969
f 3921 3922 160
f 3920 3921 1967
f 3923 3908 1970
f 3922 3923 160
f 3908 3922 1969
f 3926 3925 1968
f 3924 3926 160
f 3925 3924 1972
f 3928 3927 1973
f 3924 3928 1972
f 3927 3924 160
f 3931 3930 1972
f 3929 3931 92
f 3930 3929 1974
f 3932 3930 1974
f 3925 3932 1968
f 3930 3925 1972
f 3935 3934 1971
f 3933 3935 92
f 3934 3933 1973
f 3937 3936 1976
f 3935 3937 92
f 3936 3935 1971
f 3940 3939 1978
f 3938 3940 126
f 3939 3938 1979
f 3942 3941 1977
f 3938 3942 1979
f 3941 3938 126
f 3945 3944 1971
f 3943 3945 82
f 3944 3943 1975
f 3948 3947 1862
f 3946 3948 82
f 3947 3946 684
f 3950 3949 683
f 3946 3950 684
f 3949 3946 82
f 3952 3951 682
f 3949 3952 683
f 3951 3949 82
f 3955 3954 1970
f 3953 3955 323
f 3954 3953 682
f 3956 3953 323
f 3952 3956 683
f 3953 3952 682
f 3958 3947 684
f 3957 3958 675
f 3947 3957 1862
f 3961 3960 675
f 3959 3961 93
f 3960 3959 676
f 3962 3958 684
f 3961 3962 93
f 3958 3961 675
f 3964 3963 679
f 3959 3964 676
f 3963 3959 93
f 3966 3965 680
f 3963 3966 679
f 3965 3963 93
f 3969 3968 1860
f 3967 3969 681
f 3968 3967 686
f 3972 3971 1859
f 3970 3972 54
f 3971 3970 1866
f 3974 3973 650
f 3970 3974 1866
f 3973 3970 54
f 3977 3976 647
f 3975 3977 54
f 3976 3975 646
f 3979 3978 648
f 3977 3979 54
f 3978 3977 647
f 3982 3981 650
f 3980 3982 648
f 3981 3980 649
f 3984 3983 1865
f 3974 3984 1866
f 3983 3974 650
f 3987 3986 678
f 3985 3987 105
f 3986 3985 1865
f 3988 3985 105
f 3984 3988 1866
f 3985 3984 1865
f 3990 3989 677
f 3987 3990 105
f 3989 3987 678
f 3993 3992 677
f 3991 3993 239
f 3992 3991 679
f 3994 3989 678
f 3993 3994 239
f 3989 3993 677
f 3997 3996 666
f 3995 3997 314
f 3996 3995 663
f 3999 3998 661
f 3997 3999 314
f 3998 3997 666
f 4001 4000 667
f 3998 4001 661
f 4000 3998 666
f 4004 4003 1889
f 4002 4004 212
f 4003 4002 667
f 4006 4005 655
f 4004 4006 212
f 4005 4004 1889
f 4009 4008 1890
f 4007 4009 171
f 4008 4007 1891
f 4011 4010 655
f 2098 4011 1890
f 4010 2098 153
f 4012 4005 1889
f 4011 4012 1890
f 4005 4011 655
f 4012 4009 1890
f 2109 4012 1889
f 4009 2109 171
f 4013 4003 667
f 2111 4013 1888
f 4003 2111 1889
f 4014 4002 212
f 4001 4014 661
f 4002 4001 667
f 4016 4013 667
f 4015 4016 271
f 4013 4015 1888
f 4017 4000 666
f 4016 4017 271
f 4000 4016 667
f 4019 2117 1878
f 4018 4019 271
f 2117 4018 1879
f 4020 4019 1878
f 4015 4020 1888
f 4019 4015 271
f 4022 4021 665
f 4017 4022 271
f 4021 4017 666
f 4023 3996 663
f 4021 4023 665
f 3996 4021 666
f 4026 4025 649
f 4024 4026 229
f 4025 4024 662
f 4029 4028 663
f 4027 4029 662
f 4028 4027 664
f 4031 4028 664
f 4030 4031 3
f 4028 4030 663
f 4034 4033 1870
f 4032 4034 664
f 4033 4032 1868
f 4035 4034 1870
f 4031 4035 3
f 4034 4031 664
f 4037 4036 1876
f 4035 4037 3
f 4036 4035 1870
f 4040 4039 1877
f 4038 4040 665
f 4039 4038 1876
f 4041 4038 665
f 4037 4041 3
f 4038 4037 1876
f 4044 4043 638
f 4042 4044 634
f 4043 4042 1879
f 4046 4045 1877
f 4043 4046 638
f 4045 4043 1879
f 4049 4048 638
f 4047 4049 318
f 4048 4047 639
f 4051 4050 1875
f 4047 4051 639
f 4050 4047 318
f 4054 4053 1873
f 4052 4054 640
f 4053 4052 1872
f 4056 4052 640
f 4055 4056 113
f 4052 4055 1872
f 4059 4058 935
f 4057 4059 113
f 4058 4057 936
f 4061 4060 637
f 4059 4061 113
f 4060 4059 935
f 4063 4062 930
f 4060 4063 637
f 4062 4060 935
f 4065 2119 635
f 4064 4065 228
f 2119 4064 928
f 4067 4066 930
f 4064 4067 928
f 4066 4064 228
f 4069 4058 936
f 4068 4069 36
f 4058 4068 935
f 4071 4070 933
f 4069 4071 36
f 4070 4069 936
f 4073 4072 931
f 4071 4073 36
f 4072 4071 933
f 4075 4074 929
f 4073 4075 36
f 4074 4073 931
f 4077 4076 932
f 4074 4077 929
f 4076 4074 931
f 4080 4079 927
f 4078 4080 317
f 4079 4078 926
f 4082 4081 924
f 4080 4082 317
f 4081 4080 927
f 4084 4083 925
f 4082 4084 317
f 4083 4082 924
f 4085 2132 1696
f 4084 4085 317
f 2132 4084 925
f 4088 4087 924
f 4086 4088 920
f 4087 4086 923
f 4090 4089 1182
f 4088 4090 920
f 4089 4088 924
f 4092 4091 921
f 2177 4092 922
f 4091 2177 920
f 4094 4091 920
f 4093 4094 456
f 4091 4093 921
f 4096 4095 1179
f 4093 4096 921
f 4095 4093 456
f 4098 4097 1192
f 4095 4098 1179
f 4097 4095 456
f 4100 4099 1181
f 4097 4100 1192
f 4099 4097 456
f 4103 4102 1185
f 4101 4103 282
f 4102 4101 1184
f 4105 4076 931
f 4104 4105 282
f 4076 4104 932
f 4107 4106 934
f 4105 4107 282
f 4106 4105 931
f 4109 4108 1183
f 4107 4109 282
f 4108 4107 934
f 4110 4109 1183
f 4101 4110 1184
f 4109 4101 282
f 4112 4111 1191
f 4110 4112 1184
f 4111 4110 1183
f 4114 4113 1190
f 4111 4114 1191
f 4113 4111 1183
f 4116 4115 1186
f 4108 4116 1183
f 4115 4108 934
f 4117 4072 933
f 4106 4117 934
f 4072 4106 931
f 4119 4118 937
f 4070 4119 933
f 4118 4070 936
f 4121 4118 936
f 4120 4121 642
f 4118 4120 937
f 4124 4123 641
f 4122 4124 238
f 4123 4122 642
f 4127 4126 939
f 4125 4127 238
f 4126 4125 940
f 4129 4128 1695
f 4127 4129 238
f 4128 4127 939
f 4131 4130 937
f 4129 4131 238
f 4130 4129 1695
f 4133 4130 1695
f 4132 4133 383
f 4130 4132 937
f 4135 4134 1188
f 4133 4135 383
f 4134 4133 1695
f 4137 4136 1186
f 4135 4137 383
f 4136 4135 1188
f 4140 4139 938
f 4138 4140 192
f 4139 4138 939
f 4141 4126 940
f 4139 4141 938
f 4126 4139 939
f 4144 4143 1692
f 4142 4144 1211
f 4143 4142 1212
f 4147 4146 944
f 8480 8663 8664
f 8481 8665 8666
f 4150 4149 1692
f 4148 4150 141
f 4149 4148 944
f 4151 4146 8666
f 4149 4151 1692
f 4146 4149 944
f 8482 8667 8668
f 8483 4154 8669
f 4153 8484 8670
f 8485 8664 8671
f 8486 8672 8667
f 8487 8670 8665
f 8488 8673 8674
f 8489 8675 8672
f 8490 8671 8676
f 8491 8677 8678
f 8492 8679 8675
f 8493 8674 8680
f 4161 4152 1161
f 4160 4161 122
f 4152 4160 1162
f 4163 4162 1211
f 4160 4163 1162
f 4162 4160 122
f 4164 2217 1171
f 4161 4164 122
f 2217 4161 1161
f 4166 4165 1169
f 4164 4166 122
f 4165 4164 1171
f 4169 4168 1209
f 4167 4169 1166
f 4168 4167 1189
f 4172 4171 1165
f 4170 4172 434
f 4171 4170 1166
f 4175 4174 1194
f 4173 4175 1165
f 4174 4173 1176
f 4178 4177 1206
f 4176 4178 1177
f 4177 4176 1207
f 4180 4179 1207
f 2233 4180 1168
f 4179 2233 1208
f 4182 2238 1502
f 4181 4182 96
f 2238 4181 1208
f 4183 4181 96
f 4179 4183 1207
f 4181 4179 1208
f 4186 4185 1206
f 4184 4186 96
f 4185 4184 1143
f 4189 4188 1206
f 4187 4189 250
f 4188 4187 1175
f 4192 4191 1148
f 4190 4192 250
f 4191 4190 1146
f 4194 4193 1143
f 4190 4194 1146
f 4193 4190 250
f 4197 4196 1214
f 4195 4197 162
f 4196 4195 1145
f 4200 4199 1146
f 4198 4200 162
f 4199 4198 1147
f 4202 4201 1149
f 4198 4202 1147
f 4201 4198 162
f 4204 4203 1152
f 4201 4204 1149
f 4203 4201 162
f 4205 4197 1214
f 4203 4205 1152
f 4197 4203 162
f 4207 4206 1215
f 4205 4207 1152
f 4206 4205 1214
f 4209 4208 1153
f 4207 4209 1152
f 4208 4207 1215
f 4212 4211 1153
f 4210 4212 8
f 4211 4210 1151
f 4215 4214 1202
f 4213 4215 8
f 4214 4213 1201
f 4217 4216 1503
f 4213 4217 1201
f 4216 4213 8
f 4219 4217 1503
f 4218 4219 1111
f 4217 4218 1201
f 4221 4220 1499
f 4219 4221 1111
f 4220 4219 1503
f 4224 4223 1110
f 4222 4224 352
f 4223 4222 1201
f 4227 4226 1202
f 4225 4227 352
f 4226 4225 1200
f 4229 4228 1155
f 4225 4229 1200
f 4228 4225 352
f 4232 4231 1204
f 4230 4232 400
f 4231 4230 1205
f 4235 4234 1148
f 4233 4235 400
f 4234 4233 1178
f 4237 4236 1147
f 4235 4237 400
f 4236 4235 1148
f 4240 4239 1178
f 4238 4240 489
f 4239 4238 1175
f 4243 4242 1176
f 4241 4243 489
f 4242 4241 1193
f 4246 4245 1179
f 4244 4246 489
f 4245 4244 1180
f 4247 4246 1179
f 4241 4247 1193
f 4246 4241 489
f 4248 4098 1192
f 4247 4248 1193
f 4098 4247 1179
f 4250 4248 1192
f 4249 4250 382
f 4248 4249 1193
f 4251 4245 1180
f 4096 4251 921
f 4245 4096 1179
f 4253 4251 1180
f 4252 4253 262
f 4251 4252 921
f 4254 4240 1178
f 4244 4254 1180
f 4240 4244 489
f 4255 4232 1204
f 4233 4255 1178
f 4232 4233 400
f 4256 4255 1204
f 4254 4256 1180
f 4255 4254 1178
f 4257 4231 1205
f 2189 4257 1203
f 4231 2189 1204
f 4259 4258 1150
f 4237 4259 400
f 4258 4237 1147
f 4260 4259 1150
f 4230 4260 1205
f 4259 4230 400
f 4261 4202 1149
f 4258 4261 1150
f 4202 4258 1147
f 4263 4262 1198
f 4260 4263 1205
f 4262 4260 1150
f 4264 4262 1150
f 2200 4264 1199
f 4262 2200 1198
f 4266 4264 1150
f 4265 4266 433
f 4264 4265 1199
f 4268 4226 1200
f 4267 4268 433
f 4226 4267 1202
f 4268 4265 433
f 2204 4268 1200
f 4265 2204 1199
f 4270 4269 1151
f 4267 4270 1202
f 4269 4267 433
f 4271 2209 1213
f 4229 4271 1200
f 2209 4229 1155
f 4227 4222 352
f 4214 4227 1202
f 4222 4214 1201
f 4270 4215 1202
f 4210 4270 1151
f 4215 4210 8
f 4272 4211 1151
f 4209 4272 1152
f 4211 4209 1153
f 4275 4274 1242
f 4273 4275 1130
f 4274 4273 1241
f 4277 4275 1242
f 4276 4277 425
f 4275 4276 1130
f 4279 4278 1140
f 4273 4279 1241
f 4278 4273 1130
f 4282 4281 1139
f 4280 4282 143
f 4281 4280 1140
f 4283 4280 143
f 4279 4283 1241
f 4280 4279 1140
f 4284 4274 1241
f 2265 4284 299
f 4274 2265 1242
f 4286 4285 1215
f 4284 4286 299
f 4285 4284 1241
f 4288 4208 1215
f 4287 4288 143
f 4208 4287 1153
f 4288 4283 143
f 4285 4288 1215
f 4283 4285 1241
f 4289 4206 1214
f 4286 4289 299
f 4206 4286 1215
f 4290 4272 1151
f 4204 4290 1149
f 4272 4204 1152
f 4291 4269 433
f 4290 4291 1149
f 4269 4290 1151
f 4291 4261 1149
f 4266 4291 433
f 4261 4266 1150
f 4236 4199 1147
f 4191 4236 1148
f 4199 4191 1146
f 4292 4200 1146
f 4195 4292 1145
f 4200 4195 162
f 4295 4294 1142
f 4293 4295 133
f 4294 4293 1145
f 4296 4292 1146
f 4294 4296 1142
f 4292 4294 1145
f 4297 4194 1143
f 4296 4297 1142
f 4194 4296 1146
f 4298 4192 1148
f 4187 4298 1175
f 4192 4187 250
f 4298 4239 1175
f 4234 4298 1148
f 4239 4234 1178
f 4193 4185 1143
f 4189 4193 250
f 4185 4189 1206
f 4186 4183 96
f 4177 4186 1206
f 4183 4177 1207
f 4300 4180 1207
f 4299 4300 493
f 4180 4299 1168
f 4302 4301 1164
f 4299 4302 1168
f 4301 4299 493
f 4303 4176 1177
f 4300 4303 493
f 4176 4300 1207
f 4304 4188 1175
f 4178 4304 1177
f 4188 4178 1206
f 4306 4305 1176
f 4304 4306 1177
f 4305 4304 1175
f 4305 4243 1176
f 4238 4305 1175
f 4243 4238 489
f 4308 4112 1191
f 4307 4308 382
f 4112 4307 1184
f 4310 4309 1194
f 4308 4310 382
f 4309 4308 1191
f 4311 4310 1194
f 4249 4311 1193
f 4310 4249 382
f 4311 4242 1193
f 4174 4311 1194
f 4242 4174 1176
f 4313 4114 1190
f 4312 4313 434
f 4114 4312 1191
f 4314 4312 434
f 4309 4314 1194
f 4312 4309 1191
f 4314 4175 1194
f 4172 4314 434
f 4175 4172 1165
f 4315 4306 1176
f 4303 4315 493
f 4306 4303 1177
f 4316 4173 1165
f 4315 4316 493
f 4173 4315 1176
f 4317 4316 1165
f 4301 4317 1164
f 4316 4301 493
f 4318 4171 1166
f 4317 4318 1164
f 4171 4317 1165
f 4320 4319 1189
f 4313 4320 434
f 4319 4313 1190
f 4320 4170 434
f 4167 4320 1189
f 4170 4167 1166
f 4322 4319 1190
f 4321 4322 1187
f 4319 4321 1189
f 4324 4322 1190
f 4323 4324 451
f 4322 4323 1187
f 4326 4321 1187
f 4325 4326 35
f 4321 4325 1189
f 4328 4327 1188
f 4326 4328 35
f 4327 4326 1187
f 4329 4325 35
f 4168 4329 1209
f 4325 4168 1189
f 4331 4169 1209
f 4330 4331 193
f 4169 4330 1166
f 4332 4330 193
f 4318 4332 1164
f 4330 4318 1166
f 4334 4333 1170
f 4331 4334 193
f 4333 4331 1209
f 4336 4335 1170
f 4166 4336 122
f 4335 4166 1169
f 4337 4335 1169
f 4334 4337 193
f 4335 4334 1170
f 4338 4336 1170
f 4162 4338 1211
f 4336 4162 122
f 4340 4339 1692
f 4140 4340 192
f 4339 4140 938
f 4163 4151 1162
f 4144 4163 1211
f 4151 4144 1692
f 4341 4339 938
f 4150 4341 141
f 4339 4150 1692
f 4342 4143 1212
f 4340 4342 192
f 4143 4340 1692
f 4344 4343 1210
f 4342 4344 192
f 4343 4342 1212
f 4346 4345 1212
f 4333 4346 1170
f 4345 4333 1209
f 4346 4338 1170
f 4142 4346 1212
f 4338 4142 1211
f 4347 4329 35
f 4345 4347 1212
f 4329 4345 1209
f 4349 4348 1210
f 4328 4349 35
f 4348 4328 1188
f 4349 4347 35
f 4343 4349 1210
f 4347 4343 1212
f 4350 4134 1695
f 4348 4350 1210
f 4134 4348 1188
f 4351 4350 1695
f 4344 4351 192
f 4350 4344 1210
f 4351 4138 192
f 4128 4351 1695
f 4138 4128 939
f 4131 4122 238
f 4120 4131 937
f 4122 4120 642
f 4353 4117 933
f 4352 4353 383
f 4117 4352 934
f 4353 4132 383
f 4119 4353 933
f 4132 4119 937
f 4352 4115 934
f 4137 4352 383
f 4115 4137 1186
f 4354 4327 1187
f 4136 4354 1186
f 4327 4136 1188
f 4356 4116 1186
f 4355 4356 451
f 4116 4355 1183
f 4356 4323 451
f 4354 4356 1186
f 4323 4354 1187
f 4355 4113 1183
f 4324 4355 451
f 4113 4324 1190
f 4357 4307 382
f 4102 4357 1185
f 4307 4102 1184
f 4358 4250 1192
f 4357 4358 1185
f 4250 4357 382
f 4359 4103 1185
f 4104 4359 932
f 4103 4104 282
f 4361 4360 1181
f 4359 4361 932
f 4360 4359 1185
f 4364 4363 927
f 4362 4364 244
f 4363 4362 1182
f 4366 4365 1181
f 4362 4366 1182
f 4365 4362 244
f 4367 4365 244
f 4361 4367 932
f 4365 4361 1181
f 4360 4100 1181
f 4358 4360 1185
f 4100 4358 1192
f 4368 4090 1182
f 4094 4368 456
f 4090 4094 920
f 4368 4099 456
f 4366 4368 1182
f 4099 4366 1181
f 4363 4081 927
f 4089 4363 1182
f 4081 4089 924
f 4369 4079 926
f 4364 4369 244
f 4079 4364 927
f 4371 4370 929
f 4369 4371 244
f 4370 4369 926
f 4371 4367 244
f 4077 4371 929
f 4367 4077 932
f 4372 4068 36
f 4062 4372 930
f 4068 4062 935
f 4373 4075 929
f 4372 4373 930
f 4075 4372 36
f 4375 4067 930
f 4374 4375 926
f 4067 4374 928
f 4375 4370 926
f 4373 4375 930
f 4370 4373 929
f 4376 4066 228
f 4063 4376 637
f 4066 4063 930
f 4378 4377 642
f 4056 4378 113
f 4377 4056 640
f 4378 4057 113
f 4121 4378 642
f 4057 4121 936
f 4380 4379 639
f 4061 4380 113
f 4379 4061 637
f 4381 4380 639
f 4055 4381 1872
f 4380 4055 113
f 4383 4053 1872
f 4382 4383 295
f 4053 4382 1873
f 4386 4385 1871
f 4384 4386 295
f 4385 4384 1869
f 4388 4387 1870
f 4384 4388 1869
f 4387 4384 295
f 4389 4385 1869
f 3598 4389 1678
f 4385 3598 1871
f 4392 4391 1678
f 4390 4392 80
f 4391 4390 645
f 4394 4393 643
f 4390 4394 645
f 4393 4390 80
f 4396 4395 1867
f 4393 4396 643
f 4395 4393 80
f 4398 4397 1868
f 4395 4398 1867
f 4397 4395 80
f 4400 4398 1868
f 4399 4400 229
f 4398 4399 1867
f 4402 4401 647
f 4396 4402 643
f 4401 4396 1867
f 4405 4404 1672
f 4403 4405 441
f 4404 4403 1673
f 4407 4406 1853
f 4405 4407 441
f 4406 4405 1672
f 4409 4408 1676
f 4403 4409 1673
f 4408 4403 441
f 4411 4410 1674
f 4404 4411 1672
f 4410 4404 1673
f 4413 4412 1674
f 3873 4413 1665
f 4412 3873 304
f 4416 4415 1663
f 4414 4416 200
f 4415 4414 1857
f 4419 4418 688
f 4417 4419 200
f 4418 4417 1662
f 4422 4421 1660
f 4420 4422 395
f 4421 4420 1661
f 4425 4424 1660
f 4423 4425 197
f 4424 4423 688
f 4427 4426 686
f 4423 4427 688
f 4426 4423 197
f 4428 4426 197
f 3968 4428 1860
f 4426 3968 686
f 4430 3903 1857
f 4429 4430 687
f 3903 4429 1858
f 4431 4414 200
f 4430 4431 687
f 4414 4430 1857
f 4433 4429 687
f 4432 4433 398
f 4429 4432 1858
f 4435 4434 686
f 4433 4435 398
f 4434 4433 687
f 4437 4421 1661
f 4436 4437 1659
f 4421 4436 1660
f 4438 4436 1659
f 4425 4438 197
f 4436 4425 1660
f 4440 4439 1662
f 4422 4440 395
f 4439 4422 1660
f 4439 4418 1662
f 4424 4439 1660
f 4418 4424 688
f 4441 4419 688
f 4431 4441 687
f 4419 4431 200
f 4441 4434 687
f 4427 4441 688
f 4434 4427 686
f 4443 4442 1665
f 4416 4443 200
f 4442 4416 1663
f 4446 4445 1663
f 4444 4446 486
f 4445 4444 1664
f 4445 4442 1663
f 3874 4445 1664
f 4442 3874 1665
f 4448 4447 1669
f 3880 4448 1670
f 4447 3880 44
f 4450 4449 699
f 4447 4450 1669
f 4449 4447 44
f 4453 4452 1669
f 4451 4453 269
f 4452 4451 1664
f 4453 3875 269
f 4450 4453 1669
f 3875 4450 699
f 4454 4444 486
f 4452 4454 1669
f 4444 4452 1664
f 4455 4443 1665
f 4417 4455 1662
f 4443 4417 200
f 4456 4413 1674
f 4455 4456 1662
f 4413 4455 1665
f 4457 4456 1674
f 4440 4457 395
f 4456 4440 1662
f 4458 4410 1673
f 4457 4458 395
f 4410 4457 1674
f 4460 4459 1675
f 4409 4460 1673
f 4459 4409 1676
f 4463 4462 1676
f 4461 4463 488
f 4462 4461 644
f 4465 4464 1679
f 4463 4465 488
f 4464 4463 1676
f 4468 4467 645
f 4466 4468 488
f 4467 4466 1677
f 4469 4468 645
f 4461 4469 644
f 4468 4461 488
f 4470 4462 644
f 4459 4470 1675
f 4462 4459 1676
f 4471 4460 1675
f 4458 4471 395
f 4460 4458 1673
f 4472 4471 1675
f 4420 4472 1661
f 4471 4420 395
f 4474 4470 644
f 4473 4474 94
f 4470 4473 1675
f 4476 4437 1661
f 4475 4476 94
f 4437 4475 1659
f 4476 4473 94
f 4472 4476 1661
f 4473 4472 1675
f 4478 4477 643
f 4474 4478 94
f 4477 4474 644
f 4479 4402 647
f 4478 4479 94
f 4402 4478 643
f 4480 3976 646
f 4479 4480 94
f 3976 4479 647
f 4481 4480 646
f 4475 4481 1659
f 4480 4475 94
f 4477 4394 643
f 4469 4477 644
f 4394 4469 645
f 4482 4389 1869
f 4392 4482 80
f 4389 4392 1678
f 4483 4033 1868
f 4388 4483 1869
f 4033 4388 1870
f 4483 4482 1869
f 4397 4483 1868
f 4482 4397 80
f 4484 4386 1871
f 4382 4484 1873
f 4386 4382 295
f 4486 4485 1875
f 4383 4486 295
f 4485 4383 1872
f 4487 4486 1875
f 4387 4487 1870
f 4486 4387 295
f 4485 4051 1875
f 4381 4485 1872
f 4051 4381 639
f 4488 4379 637
f 4048 4488 638
f 4379 4048 639
f 4489 4376 228
f 4488 4489 638
f 4376 4488 637
f 4491 4490 634
f 4065 4491 228
f 4490 4065 635
f 4491 4489 228
f 4044 4491 634
f 4489 4044 638
f 4492 4046 1877
f 4049 4492 318
f 4046 4049 638
f 4493 4039 1876
f 4492 4493 318
f 4039 4492 1877
f 4494 4493 1876
f 4050 4494 1875
f 4493 4050 318
f 4494 4487 1875
f 4036 4494 1876
f 4487 4036 1870
f 4495 4032 664
f 4400 4495 229
f 4032 4400 1868
f 4495 4024 229
f 4027 4495 664
f 4024 4027 662
f 4041 4030 3
f 4023 4041 665
f 4030 4023 663
f 4496 4040 1877
f 4022 4496 271
f 4040 4022 665
f 4496 4018 271
f 4045 4496 1877
f 4018 4045 1879
f 4497 3995 314
f 4029 4497 662
f 3995 4029 663
f 4499 4498 659
f 4497 4499 662
f 4498 4497 314
f 4500 4499 659
f 4025 4500 649
f 4499 4025 662
f 4503 4502 652
f 4501 4503 361
f 4502 4501 659
f 4506 4505 1865
f 4504 4506 361
f 4505 4504 651
f 4507 4503 652
f 4504 4507 651
f 4503 4504 361
f 4509 4508 651
f 3994 4509 239
f 4508 3994 678
f 4508 4505 651
f 3986 4508 678
f 4505 3986 1865
f 4510 3983 650
f 4506 4510 361
f 3983 4506 1865
f 4511 3981 649
f 4510 4511 361
f 3981 4510 650
f 4511 4501 361
f 4500 4511 649
f 4501 4500 659
f 4512 3980 648
f 4026 4512 229
f 3980 4026 649
f 4513 4512 648
f 4399 4513 1867
f 4512 4399 229
f 4513 4401 1867
f 3978 4513 648
f 4401 3978 647
f 3982 3979 648
f 3973 3982 650
f 3979 3973 54
f 4514 3972 1859
f 3975 4514 646
f 3972 3975 54
f 4515 4514 1859
f 4481 4515 1659
f 4514 4481 646
f 4516 4515 1859
f 4438 4516 197
f 4515 4438 1659
f 4517 4516 1859
f 4428 4517 1860
f 4516 4428 197
f 4518 3971 1866
f 4517 4518 1860
f 3971 4517 1859
f 4519 3988 105
f 4518 4519 1860
f 3988 4518 1866
f 4521 4520 681
f 3990 4521 105
f 4520 3990 677
f 4521 4519 105
f 3969 4521 681
f 4519 3969 1860
f 4522 3967 681
f 4435 4522 398
f 3967 4435 686
f 4524 4523 680
f 4522 4524 398
f 4523 4522 681
f 4526 4525 685
f 4432 4526 1858
f 4525 4432 398
f 4527 4524 680
f 4525 4527 685
f 4524 4525 398
f 4528 4520 677
f 4523 4528 680
f 4520 4523 681
f 4528 3966 680
f 3992 4528 677
f 3966 3992 679
f 4530 4529 685
f 3950 4530 684
f 4529 3950 683
f 4531 4530 685
f 3962 4531 93
f 4530 3962 684
f 4531 3965 93
f 4527 4531 685
f 3965 4527 680
f 4532 3948 1862
f 3943 4532 1975
f 3948 3943 82
f 4534 4533 1977
f 4532 4534 1975
f 4533 4532 1862
f 4536 3957 675
f 4535 4536 362
f 3957 4535 1862
f 4538 4537 674
f 4536 4538 362
f 4537 4536 675
f 4539 4535 362
f 4533 4539 1977
f 4535 4533 1862
f 4541 4540 1984
f 4539 4541 1977
f 4540 4539 362
f 4542 4541 1984
f 3942 4542 1979
f 4541 3942 1977
f 4545 4544 1980
f 4543 4545 390
f 4544 4543 541
f 4547 4546 539
f 4543 4547 541
f 4546 4543 390
f 4549 4548 1980
f 3939 4549 1978
f 4548 3939 1979
f 4551 2021 1976
f 4550 4551 126
f 2021 4550 502
f 4553 4552 1975
f 4551 4553 126
f 4552 4551 1976
f 4553 3941 126
f 4534 4553 1975
f 3941 4534 1977
f 4552 3944 1975
f 3936 4552 1976
f 3944 3936 1971
f 4555 3934 1973
f 4554 4555 682
f 3934 4554 1971
f 4554 3945 1971
f 3951 4554 682
f 3945 3951 82
f 3933 3928 1973
f 3931 3933 92
f 3928 3931 1972
f 4556 3923 1970
f 3927 4556 1973
f 3923 3927 160
f 4556 4555 1973
f 3954 4556 1970
f 4555 3954 682
f 4557 3926 1968
f 3921 4557 1967
f 3926 3921 160
f 4559 4557 1968
f 4558 4559 72
f 4557 4558 1967
f 4561 4560 546
f 4559 4561 72
f 4560 4559 1968
f 4564 4563 1966
f 4562 4564 72
f 4563 4562 1957
f 4566 4565 545
f 4561 4566 72
f 4565 4561 546
f 4567 4566 545
f 4562 4567 1957
f 4566 4562 72
f 4570 4569 547
f 4568 4570 1
f 4569 4568 545
f 4572 4571 2004
f 4570 4572 1
f 4571 4570 547
f 4574 4573 2002
f 4572 4574 1
f 4573 4572 2004
f 4576 4575 550
f 4574 4576 1
f 4575 4574 2002
f 4578 4577 1956
f 4576 4578 1
f 4577 4576 550
f 4580 4563 1957
f 4579 4580 259
f 4563 4579 1966
f 4583 4582 1958
f 4581 4583 259
f 4582 4581 1956
f 4585 4584 542
f 4583 4585 259
f 4584 4583 1958
f 4588 4587 1965
f 4586 4588 1958
f 4587 4586 1960
f 4591 4590 1964
f 4589 4591 543
f 4590 4589 1965
f 4594 4593 544
f 4592 4594 134
f 4593 4592 542
f 4596 4595 543
f 4593 4596 544
f 4595 4593 542
f 4599 4598 544
f 4597 4599 327
f 4598 4597 693
f 4600 4596 543
f 4599 4600 327
f 4596 4599 544
f 4602 4601 1963
f 4600 4602 327
f 4601 4600 543
f 4603 4591 1964
f 4601 4603 1963
f 4591 4601 543
f 4605 4590 1965
f 4604 4605 462
f 4590 4604 1964
f 4608 4607 1959
f 4606 4608 562
f 4607 4606 1961
f 4611 4610 554
f 4609 4611 552
f 4610 4609 553
f 4614 4613 563
f 4612 4614 554
f 4613 4612 1954
f 4616 4614 563
f 4615 4616 91
f 4614 4615 554
f 4618 4613 1954
f 4617 4618 68
f 4613 4617 563
f 4620 4619 559
f 4617 4620 563
f 4619 4617 68
f 4622 4621 561
f 4620 4622 563
f 4621 4620 559
f 4625 4624 717
f 4623 4625 254
f 4624 4623 568
f 4628 4627 717
f 4626 4628 267
f 4627 4626 715
f 4631 4630 1827
f 4629 4631 267
f 4630 4629 1828
f 4632 4631 1827
f 4626 4632 715
f 4631 4626 267
f 4634 4633 567
f 4629 4634 1828
f 4633 4629 267
f 4637 4636 1944
f 4635 4637 458
f 4636 4635 569
f 4639 4638 567
f 4637 4639 458
f 4638 4637 1944
f 4641 4640 556
f 4635 4641 569
f 4640 4635 458
f 4644 4643 557
f 4642 4644 458
f 4643 4642 558
f 4645 4644 557
f 4640 4645 556
f 4644 4640 458
f 4648 4647 519
f 4646 4648 517
f 4647 4646 518
f 4651 4650 1992
f 4649 4651 519
f 4650 4649 1993
f 4654 4653 1993
f 4652 4654 315
f 4653 4652 515
f 4657 4656 516
f 4655 4657 315
f 4656 4655 1998
f 4658 4657 516
f 4652 4658 515
f 4657 4652 315
f 4661 4660 2000
f 4659 4661 518
f 4660 4659 553
f 4663 4659 518
f 4662 4663 424
f 4659 4662 553
f 4665 4660 553
f 4664 4665 106
f 4660 4664 2000
f 4667 4666 2001
f 4664 4667 2000
f 4666 4664 106
f 4669 4668 548
f 4666 4669 2001
f 4668 4666 106
f 4671 4670 549
f 4668 4671 548
f 4670 4668 106
f 4674 4673 549
f 4672 4674 492
f 4673 4672 550
f 4675 4673 550
f 4671 4675 548
f 4673 4671 549
f 4677 4676 2005
f 4573 4677 2002
f 4676 4573 2004
f 4679 4676 2004
f 4678 4679 443
f 4676 4678 2005
f 4681 4680 2006
f 4679 4681 443
f 4680 4679 2004
f 4683 4682 508
f 4678 4683 2005
f 4682 4678 443
f 4685 4684 2008
f 4682 4685 508
f 4684 4682 443
f 4687 4686 2007
f 4684 4687 2008
f 4686 4684 443
f 4690 4689 503
f 4688 4690 211
f 4689 4688 2007
f 4692 4685 2008
f 4691 4692 6
f 4685 4691 508
f 4695 4694 504
f 4693 4695 6
f 4694 4693 1983
f 4697 4696 506
f 4695 4697 6
f 4696 4695 504
f 4700 4699 508
f 4698 4700 506
f 4699 4698 507
f 4701 4699 507
f 4683 4701 2005
f 4699 4683 508
f 4704 4703 2003
f 4702 4704 336
f 4703 4702 507
f 4706 4705 2001
f 4704 4706 336
f 4705 4704 2003
f 4708 4705 2003
f 4707 4708 1999
f 4705 4707 2001
f 4711 4710 1999
f 4709 4711 1998
f 4710 4709 2000
f 4714 4713 510
f 4712 4714 61
f 4713 4712 509
f 4716 4715 511
f 4714 4716 61
f 4715 4714 510
f 4719 4718 2003
f 4717 4719 233
f 4718 4717 509
f 4720 4717 233
f 4713 4720 510
f 4717 4713 509
f 4722 4721 505
f 4720 4722 510
f 4721 4720 233
f 4724 4723 1997
f 4715 4724 511
f 4723 4715 510
f 4726 4725 512
f 4716 4726 61
f 4725 4716 511
f 4729 4728 1996
f 4727 4729 470
f 4728 4727 1997
f 4732 4731 505
f 4730 4732 298
f 4731 4730 1997
f 4734 4733 504
f 4732 4734 298
f 4733 4732 505
f 4736 4728 1997
f 4735 4736 533
f 4728 4735 1996
f 4739 4738 530
f 4737 4739 528
f 4738 4737 529
f 4741 4740 1995
f 4739 4741 528
f 4740 4739 530
f 4744 4743 1995
f 4742 4744 220
f 4743 4742 1988
f 4745 4740 530
f 4744 4745 220
f 4740 4744 1995
f 4747 4746 596
f 4742 4747 1988
f 4746 4742 220
f 4750 4749 527
f 4748 4750 220
f 4749 4748 525
f 4751 4750 527
f 4746 4751 596
f 4750 4746 220
f 4754 4753 1915
f 4752 4754 46
f 4753 4752 597
f 4756 4755 1919
f 4752 4756 597
f 4755 4752 46
f 4759 4758 1592
f 4757 4759 46
f 4758 4757 1011
f 4761 4760 1009
f 4757 4761 1011
f 4760 4757 46
f 4764 4763 1014
f 4762 4764 112
f 4763 4762 1012
f 4766 4765 1914
f 4762 4766 1012
f 4765 4762 112
f 4769 4768 1905
f 4767 4769 1012
f 4768 4767 1013
f 4770 4769 1905
f 4763 4770 1014
f 4769 4763 1012
f 4772 4768 1013
f 4771 4772 598
f 4768 4771 1905
f 4774 4773 599
f 4772 4774 598
f 4773 4772 1013
f 4776 4775 600
f 4774 4776 598
f 4775 4774 599
f 4779 4778 903
f 4777 4779 248
f 4778 4777 1588
f 4781 4780 899
f 4777 4781 1588
f 4780 4777 248
f 4783 4782 908
f 4780 4783 899
f 4782 4780 248
f 4785 4784 902
f 4782 4785 908
f 4784 4782 248
f 4788 4787 907
f 4786 4788 902
f 4787 4786 1714
f 4791 4790 908
f 4789 4791 365
f 4790 4789 1716
f 4793 4792 907
f 4791 4793 365
f 4792 4791 908
f 4796 4795 365
f 4794 4796 77
f 4795 4794 905
f 4798 4797 906
f 4796 4798 77
f 4797 4796 365
f 4800 4799 904
f 4794 4800 905
f 4799 4794 77
f 4802 4801 1724
f 4799 4802 904
f 4801 4799 77
f 4804 4803 1726
f 4801 4804 1724
f 4803 4801 77
f 4805 4804 1726
f 2485 4805 1727
f 4804 2485 1724
f 4808 4807 1713
f 4806 4808 285
f 4807 4806 1715
f 4810 4809 1712
f 4808 4810 285
f 4809 4808 1713
f 4812 4811 1711
f 4810 4812 285
f 4811 4810 1712
f 4814 4813 1020
f 4812 4814 285
f 4813 4812 1711
f 4816 4815 1024
f 4814 4816 285
f 4815 4814 1020
f 4818 4817 1023
f 4815 4818 1024
f 4817 4815 1020
f 4821 4820 1714
f 4819 4821 387
f 4820 4819 1713
f 4823 4822 909
f 4819 4823 1713
f 4822 4819 387
f 4825 4824 602
f 4822 4825 909
f 4824 4822 387
f 4828 4827 1708
f 4826 4828 145
f 4827 4826 1710
f 4831 4830 1708
f 4829 4831 1707
f 4830 4829 1709
f 4834 4833 1902
f 4832 4834 1707
f 4833 4832 1710
f 4837 4836 616
f 4835 4837 266
f 4836 4835 1902
f 4840 4839 1705
f 4838 4840 266
f 4839 4838 1899
f 4842 4841 1900
f 4838 4842 1899
f 4841 4838 266
f 4844 4842 1900
f 4843 4844 911
f 4842 4843 1899
f 4847 4846 1701
f 4845 4847 27
f 4846 4845 1594
f 4849 4848 1899
f 4847 4849 27
f 4848 4847 1701
f 4850 4843 911
f 4849 4850 27
f 4843 4849 1899
f 4853 4852 1593
f 4851 4853 27
f 4852 4851 913
f 4854 4853 1593
f 4845 4854 1594
f 4853 4845 27
f 4856 4855 1595
f 4852 4856 1593
f 4855 4852 913
f 4859 4858 917
f 4857 4859 328
f 4858 4857 912
f 4861 4860 916
f 4858 4861 917
f 4860 4858 912
f 4863 4860 912
f 4862 4863 57
f 4860 4862 916
f 4865 4864 911
f 4863 4865 57
f 4864 4863 912
f 4867 4866 914
f 4862 4867 916
f 4866 4862 57
f 4869 4868 915
f 4867 4869 916
f 4868 4867 914
f 4871 4870 919
f 2167 4871 621
f 4870 2167 475
f 4873 4872 915
f 4871 4873 621
f 4872 4871 919
f 4875 4869 915
f 4874 4875 97
f 4869 4874 916
f 4873 2164 621
f 4868 4873 915
f 2164 4868 914
f 4876 4874 97
f 4861 4876 917
f 4874 4861 916
f 4879 4878 962
f 4877 4879 917
f 4878 4877 1699
f 4882 4881 962
f 4880 4882 960
f 4881 4880 961
f 4885 4884 1650
f 4883 4885 960
f 4884 4883 1651
f 4887 4883 960
f 4886 4887 216
f 4883 4886 1651
f 4890 4889 964
f 4888 4890 439
f 4889 4888 965
f 4892 4891 1649
f 4890 4892 439
f 4891 4890 964
f 4895 4894 1006
f 4893 4895 189
f 4894 4893 1003
f 4898 4897 1008
f 4896 4898 1005
f 4897 4896 1007
f 4900 4897 1007
f 4899 4900 401
f 4897 4899 1008
f 4903 4902 593
f 4901 4903 401
f 4902 4901 591
f 4904 4903 593
f 4899 4904 1008
f 4903 4899 401
f 4906 4905 592
f 4902 4906 593
f 4905 4902 591
f 4909 4908 1920
f 4907 4909 590
f 4908 4907 1941
f 4912 4911 1920
f 4910 4912 138
f 4911 4910 1917
f 4914 4913 579
f 4912 4914 138
f 4913 4912 1920
f 4916 4915 580
f 4913 4916 579
f 4915 4913 1920
f 4919 4918 1942
f 4917 4919 579
f 4918 4917 726
f 4922 4921 1918
f 4920 4922 524
f 4921 4920 1990
f 4925 4924 520
f 4923 4925 23
f 4924 4923 523
f 4927 4926 522
f 4925 4927 23
f 4926 4925 520
f 4929 4928 1991
f 4927 4929 23
f 4928 4927 522
f 4931 4930 575
f 4928 4931 1991
f 4930 4928 522
f 4934 4933 728
f 4932 4934 521
f 4933 4932 726
f 4936 4935 727
f 4933 4936 728
f 4935 4933 726
f 4938 4935 726
f 4937 4938 198
f 4935 4937 727
f 4940 4939 737
f 4937 4940 727
f 4939 4937 198
f 4942 4941 578
f 4939 4942 737
f 4941 4939 198
f 4944 4943 580
f 4941 4944 578
f 4943 4941 198
f 4947 4946 1923
f 4945 4947 580
f 4946 4945 1941
f 4950 4949 1924
f 4948 4950 59
f 4949 4948 1923
f 4952 4951 581
f 4950 4952 59
f 4951 4950 1924
f 4954 4953 578
f 4952 4954 59
f 4953 4952 581
f 4956 4955 583
f 4942 4956 737
f 4955 4942 578
f 4959 4958 733
f 4957 4959 381
f 4958 4957 1821
f 4961 4960 732
f 4959 4961 381
f 4960 4959 733
f 4963 4962 737
f 4961 4963 381
f 4962 4961 732
f 4966 4965 736
f 4964 4966 179
f 4965 4964 1822
f 4969 4968 724
f 4967 4969 179
f 4968 4967 735
f 4972 4971 1807
f 4970 4972 500
f 4971 4970 1808
f 4974 4973 768
f 4970 4974 1808
f 4973 4970 500
f 4976 4975 769
f 4973 4976 768
f 4975 4973 500
f 4978 4977 1937
f 4975 4978 769
f 4977 4975 500
f 4981 4980 747
f 4979 4981 734
f 4980 4979 1819
f 4984 4983 1819
f 4982 4984 140
f 4983 4982 1818
f 4985 4979 734
f 4984 4985 140
f 4979 4984 1819
f 4987 4986 1820
f 4982 4987 1818
f 4986 4982 140
f 4989 4988 733
f 4986 4989 1820
f 4988 4986 140
f 4991 4990 731
f 4988 4991 733
f 4990 4988 140
f 4992 4958 1821
f 4989 4992 1820
f 4958 4989 733
f 4995 4994 582
f 4993 4995 473
f 4994 4993 1939
f 4998 4997 582
f 4996 4998 95
f 4997 4996 1940
f 5001 5000 741
f 4999 5001 738
f 5000 4999 740
f 5003 5002 742
f 5001 5003 738
f 5002 5001 741
f 5006 5005 752
f 5004 5006 305
f 5005 5004 753
f 5008 5007 744
f 5006 5008 305
f 5007 5006 752
f 5010 5009 1814
f 5007 5010 744
f 5009 5007 752
f 5013 5012 743
f 5011 5013 114
f 5012 5011 1816
f 5015 5014 744
f 5013 5015 114
f 5014 5013 743
f 5018 5017 1815
f 5016 5018 750
f 5017 5016 1816
f 5021 5020 751
f 5019 5021 748
f 5020 5019 750
f 5023 5021 751
f 5022 5023 55
f 5021 5022 748
f 5025 5024 774
f 5023 5025 55
f 5024 5023 751
f 5027 5026 1800
f 5025 5027 55
f 5026 5025 774
f 5029 5028 749
f 5027 5029 55
f 5028 5027 1800
f 5032 5031 770
f 5030 5032 356
f 5031 5030 1800
f 5034 5033 772
f 5032 5034 356
f 5033 5032 770
f 5037 5036 1804
f 5035 5037 356
f 5036 5035 1801
f 5040 5039 746
f 5038 5040 302
f 5039 5038 1805
f 5042 5041 1810
f 5038 5042 1805
f 5041 5038 302
f 5044 5043 1803
f 5041 5044 1810
f 5043 5041 302
f 5046 5042 1810
f 5045 5046 397
f 5042 5045 1805
f 5048 5047 1812
f 5046 5048 397
f 5047 5046 1810
f 5051 5050 1813
f 5049 5051 124
f 5050 5049 740
f 5054 5053 1812
f 5052 5054 764
f 5053 5052 1813
f 5055 5049 124
f 5000 5055 741
f 5049 5000 740
f 5057 5056 762
f 5055 5057 741
f 5056 5055 124
f 5059 5058 763
f 5057 5059 741
f 5058 5057 762
f 5061 5002 741
f 5060 5061 268
f 5002 5060 742
f 5062 5059 763
f 5061 5062 268
f 5059 5061 741
f 5064 5063 760
f 5060 5064 742
f 5063 5060 268
f 5066 5065 761
f 5063 5066 760
f 5065 5063 268
f 5068 5067 1766
f 5065 5068 761
f 5067 5065 268
f 5069 5062 763
f 5067 5069 1766
f 5062 5067 268
f 5072 5071 757
f 5070 5072 208
f 5071 5070 760
f 5074 5073 753
f 5070 5074 760
f 5073 5070 208
f 5077 5076 806
f 5075 5077 301
f 5076 5075 758
f 5079 5078 803
f 5077 5079 301
f 5078 5077 806
f 5081 5076 758
f 5080 5081 404
f 5076 5080 806
f 5084 5083 816
f 5082 5084 404
f 5083 5082 817
f 5086 5085 1770
f 5084 5086 404
f 5085 5084 816
f 5089 5088 820
f 5087 5089 70
f 5088 5087 818
f 5092 5091 821
f 5090 5092 815
f 5091 5090 820
f 5094 5093 1769
f 5085 5094 1770
f 5093 5085 816
f 5097 5096 1768
f 5095 5097 822
f 5096 5095 1572
f 5100 5099 821
f 5098 5100 127
f 5099 5098 823
f 5102 5101 1765
f 5098 5102 823
f 5101 5098 127
f 5104 5103 825
f 5101 5104 1765
f 5103 5101 127
f 5106 5105 1565
f 5104 5106 1765
f 5105 5104 825
f 5109 5108 824
f 5107 5109 490
f 5108 5107 825
f 5111 5110 826
f 5109 5111 490
f 5110 5109 824
f 5113 5112 829
f 5111 5113 490
f 5112 5111 826
f 5116 5115 1565
f 5114 5116 490
f 5115 5114 1563
f 5117 5113 829
f 5114 5117 1563
f 5113 5114 490
f 5119 5118 1562
f 5117 5119 1563
f 5118 5117 829
f 5122 5121 1761
f 5120 5122 240
f 5121 5120 1762
f 5125 5124 826
f 5123 5125 240
f 5124 5123 828
f 5127 5126 1763
f 5120 5127 1762
f 5126 5120 240
f 5129 5128 827
f 5126 5129 1763
f 5128 5126 240
f 5130 5125 826
f 5128 5130 827
f 5125 5128 240
f 5132 5131 1764
f 5129 5132 1763
f 5131 5129 827
f 5135 5134 1802
f 5133 5135 476
f 5134 5133 1762
f 5137 5136 830
f 5133 5137 1762
f 5136 5133 476
f 5140 5139 831
f 5138 5140 476
f 5139 5138 771
f 5141 5140 831
f 5136 5141 830
f 5140 5136 476
f 5144 5143 833
f 5142 5144 786
f 5143 5142 1759
f 5147 5146 832
f 5145 5147 289
f 5146 5145 833
f 5149 5148 831
f 5147 5149 289
f 5148 5147 832
f 5150 5148 832
f 5141 5150 830
f 5148 5141 831
f 5152 5150 832
f 5151 5152 69
f 5150 5151 830
f 5155 5154 838
f 5153 5155 69
f 5154 5153 836
f 5156 5152 832
f 5153 5156 836
f 5152 5153 69
f 5158 5157 834
f 5156 5158 836
f 5157 5156 832
f 5160 5159 837
f 5158 5160 836
f 5159 5158 834
f 5162 5161 835
f 5159 5162 837
f 5161 5159 834
f 5164 2951 1758
f 5163 5164 835
f 2951 5163 1750
f 5167 5166 1751
f 5165 5167 104
f 5166 5165 1759
f 5169 5166 1759
f 5168 5169 787
f 5166 5168 1751
f 5172 5171 789
f 5170 5172 787
f 5171 5170 788
f 5174 5172 789
f 5173 5174 50
f 5172 5173 787
f 5176 5175 1796
f 5174 5176 50
f 5175 5174 789
f 5177 5175 789
f 2823 5177 34
f 5175 2823 1796
f 5179 5178 1794
f 5177 5179 34
f 5178 5177 789
f 5182 5181 793
f 5180 5182 241
f 5181 5180 1797
f 5184 5183 788
f 5180 5184 1797
f 5183 5180 241
f 5185 5183 241
f 5171 5185 789
f 5183 5171 788
f 5188 5187 795
f 5186 5188 793
f 5187 5186 794
f 5191 5190 797
f 5189 5191 795
f 5190 5189 796
f 5194 5193 796
f 5192 5194 330
f 5193 5192 798
f 5197 5196 1789
f 5195 5197 303
f 5196 5195 779
f 5200 5199 1789
f 5198 5200 1788
f 5199 5198 1790
f 5203 5202 794
f 5201 5203 303
f 5202 5201 1790
f 5205 5200 1789
f 5204 5205 778
f 5200 5204 1788
f 5207 5204 778
f 5206 5207 777
f 5204 5206 1788
f 5210 5209 1814
f 5208 5210 777
f 5209 5208 1815
f 5212 5209 1815
f 5211 5212 114
f 5209 5211 1814
f 5214 5213 754
f 5005 5214 752
f 5213 5005 753
f 5215 5073 208
f 5213 5215 754
f 5073 5213 753
f 5217 5216 755
f 5215 5217 754
f 5216 5215 208
f 5220 5219 756
f 5218 5220 202
f 5219 5218 754
f 5222 5221 1788
f 5220 5222 202
f 5221 5220 756
f 5225 5224 1790
f 5223 5225 756
f 5224 5223 799
f 5225 5221 756
f 5198 5225 1790
f 5221 5198 1788
f 5228 5227 799
f 5226 5228 367
f 5227 5226 800
f 5231 5230 801
f 5229 5231 367
f 5230 5229 755
f 5232 5231 801
f 5226 5232 800
f 5231 5226 367
f 5234 5233 759
f 5230 5234 801
f 5233 5230 755
f 5236 5235 802
f 5232 5236 800
f 5235 5232 801
f 5238 5236 802
f 5237 5238 174
f 5236 5237 800
f 5240 5239 798
f 5237 5240 800
f 5239 5237 174
f 5242 5227 800
f 5241 5242 330
f 5227 5241 799
f 5242 5192 330
f 5240 5242 800
f 5192 5240 798
f 5243 5223 756
f 5228 5243 367
f 5223 5228 799
f 5244 5219 754
f 5243 5244 367
f 5219 5243 756
f 5244 5229 367
f 5217 5244 754
f 5229 5217 755
f 5246 5009 752
f 5245 5246 202
f 5009 5245 1814
f 5246 5218 202
f 5214 5246 752
f 5218 5214 754
f 5247 5245 202
f 5210 5247 777
f 5245 5210 1814
f 5250 5249 751
f 5248 5250 201
f 5249 5248 773
f 5252 5251 775
f 5248 5252 773
f 5251 5248 201
f 5255 5254 784
f 5253 5255 773
f 5254 5253 776
f 5258 5257 1798
f 5256 5258 281
f 5257 5256 782
f 5260 5259 781
f 5258 5260 281
f 5259 5258 1798
f 5263 5262 775
f 5261 5263 272
f 5262 5261 776
f 5266 5265 1799
f 5264 5266 176
f 5265 5264 781
f 5268 5267 779
f 5264 5268 781
f 5267 5264 176
f 5269 5259 1798
f 5265 5269 1799
f 5259 5265 781
f 5271 5269 1798
f 5270 5271 272
f 5269 5270 1799
f 5272 5271 1798
f 5261 5272 776
f 5271 5261 272
f 5273 5272 1798
f 5254 5273 784
f 5272 5254 776
f 5275 5255 784
f 5274 5275 389
f 5255 5274 773
f 5278 5277 770
f 5276 5278 389
f 5277 5276 771
f 5280 5279 774
f 5278 5280 389
f 5279 5278 770
f 5281 5277 771
f 5033 5281 772
f 5277 5033 770
f 5282 5280 774
f 5274 5282 773
f 5280 5274 389
f 5262 5252 775
f 5253 5262 776
f 5252 5253 773
f 5282 5249 773
f 5024 5282 774
f 5249 5024 751
f 5284 5018 1815
f 5283 5284 201
f 5018 5283 750
f 5285 5208 777
f 5284 5285 201
f 5208 5284 1815
f 5287 5207 778
f 5286 5287 775
f 5207 5286 777
f 5286 5285 777
f 5251 5286 775
f 5285 5251 201
f 5247 5206 777
f 5222 5247 202
f 5206 5222 1788
f 5288 5287 778
f 5263 5288 272
f 5287 5263 775
f 5289 5205 1789
f 5288 5289 272
f 5205 5288 778
f 5290 5289 1789
f 5270 5290 1799
f 5289 5270 272
f 5291 5196 779
f 5290 5291 1799
f 5196 5290 1789
f 5291 5266 1799
f 5267 5291 779
f 5266 5267 176
f 5201 5199 1790
f 5197 5201 303
f 5199 5197 1789
f 5293 5292 794
f 5241 5293 799
f 5292 5241 330
f 5293 5224 799
f 5202 5293 794
f 5224 5202 1790
f 5294 5194 796
f 5292 5294 794
f 5194 5292 330
f 5294 5187 794
f 5189 5294 796
f 5187 5189 795
f 5295 5186 793
f 5203 5295 303
f 5186 5203 794
f 5297 5296 780
f 5295 5297 303
f 5296 5295 793
f 5298 5297 780
f 5195 5298 779
f 5297 5195 303
f 5299 5181 1797
f 5296 5299 780
f 5181 5296 793
f 5300 5298 780
f 5268 5300 781
f 5298 5268 779
f 5301 5300 780
f 5260 5301 281
f 5300 5260 781
f 5302 5299 1797
f 5301 5302 281
f 5299 5301 780
f 5304 5303 785
f 5302 5304 281
f 5303 5302 1797
f 5305 5184 788
f 5303 5305 785
f 5184 5303 1797
f 5306 5188 795
f 5182 5306 241
f 5188 5182 793
f 5308 5307 1794
f 5306 5308 241
f 5307 5306 795
f 5309 5191 797
f 5307 5309 1794
f 5191 5307 795
f 5311 5309 797
f 5310 5311 790
f 5309 5310 1794
f 5308 5185 241
f 5178 5308 1794
f 5185 5178 789
f 5313 5305 788
f 5312 5313 426
f 5305 5312 785
f 5314 5170 787
f 5313 5314 426
f 5170 5313 788
f 5315 5169 1759
f 5314 5315 426
f 5169 5314 787
f 5316 5173 50
f 5168 5316 1751
f 5173 5168 787
f 5318 5317 1750
f 5316 5318 1751
f 5317 5316 50
f 5319 5317 50
f 2948 5319 1748
f 5317 2948 1750
f 5319 2933 1748
f 5176 5319 50
f 2933 5176 1796
f 5320 5318 1750
f 5167 5320 104
f 5318 5167 1751
f 5321 5163 835
f 5320 5321 104
f 5163 5320 1750
f 5323 2955 1757
f 5322 5323 483
f 2955 5322 1758
f 5325 5324 1756
f 5323 5325 483
f 5324 5323 1757
f 5328 5327 1755
f 5326 5328 1561
f 5327 5326 1760
f 5331 5330 838
f 5329 5331 226
f 5330 5329 1557
f 5333 5332 1560
f 5329 5333 1557
f 5332 5329 226
f 5336 5335 1755
f 5334 5336 137
f 5335 5334 226
f 5337 5334 137
f 5332 5337 1560
f 5334 5332 226
f 5340 5339 1560
f 5338 5340 294
f 5339 5338 1559
f 5342 5341 1539
f 5338 5342 1559
f 5341 5338 294
f 5345 5344 1539
f 5343 5345 100
f 5344 5343 1562
f 5348 5347 1564
f 5346 5348 100
f 5347 5346 1534
f 5351 5350 1568
f 5349 5351 88
f 5350 5349 1569
f 5353 5352 1570
f 5351 5353 88
f 5352 5351 1568
f 5355 5354 1572
f 5353 5355 88
f 5354 5353 1570
f 5357 5352 1568
f 5356 5357 1238
f 5352 5356 1570
f 5360 5359 1044
f 5358 5360 487
f 5359 5358 1045
f 5363 5362 1223
f 5361 5363 1044
f 5362 5361 1238
f 5364 5363 1223
f 5360 5364 487
f 5363 5360 1044
f 5367 5366 1136
f 5365 5367 487
f 5366 5365 1137
f 5369 5368 1222
f 5365 5369 1137
f 5368 5365 487
f 5371 5370 1233
f 5369 5371 1137
f 5370 5369 1222
f 5373 5372 1138
f 5366 5373 1136
f 5372 5366 1137
f 5376 5375 1138
f 5374 5376 416
f 5375 5374 1240
f 5377 5372 1137
f 5376 5377 416
f 5372 5376 1138
f 5379 2355 1231
f 5378 5379 416
f 2355 5378 1232
f 5380 5379 1231
f 5374 5380 1240
f 5379 5374 416
f 5382 5381 1233
f 5378 5382 1232
f 5381 5378 416
f 5385 5384 1223
f 5383 5385 20
f 5384 5383 1221
f 5387 5386 1222
f 5384 5387 1223
f 5386 5384 1221
f 5387 5364 1223
f 5368 5387 1222
f 5364 5368 487
f 5390 5389 1225
f 5388 5390 1221
f 5389 5388 1224
f 5393 5392 1566
f 5391 5393 1224
f 5392 5391 1567
f 5396 5395 1567
f 5394 5396 20
f 5395 5394 1568
f 5398 5393 1566
f 5397 5398 337
f 5393 5397 1224
f 5399 5397 337
f 5389 5399 1225
f 5397 5389 1224
f 5402 5401 1532
f 5400 5402 337
f 5401 5400 1534
f 5404 5403 1226
f 5399 5404 1225
f 5403 5399 337
f 5407 5406 1234
f 5405 5407 412
f 5406 5405 1236
f 5409 5408 1227
f 5405 5409 1236
f 5408 5405 412
f 5411 5410 1225
f 5408 5411 1227
f 5410 5408 412
f 5412 5410 412
f 5390 5412 1221
f 5410 5390 1225
f 5413 5391 1224
f 5396 5413 20
f 5391 5396 1567
f 5413 5383 20
f 5388 5413 1224
f 5383 5388 1221
f 5415 5370 1222
f 5414 5415 412
f 5370 5414 1233
f 5415 5412 412
f 5386 5415 1222
f 5412 5386 1221
f 5416 5407 1234
f 5414 5416 1233
f 5407 5414 412
f 5416 5382 1233
f 2348 5416 1234
f 5382 2348 1232
f 5381 5371 1233
f 5377 5381 416
f 5371 5377 1137
f 5417 5362 1238
f 5385 5417 20
f 5362 5385 1223
f 5417 5394 20
f 5357 5417 1238
f 5394 5357 1568
f 5419 5356 1238
f 5418 5419 78
f 5356 5418 1570
f 5420 5361 1044
f 5419 5420 78
f 5361 5419 1238
f 5422 5421 1046
f 5420 5422 78
f 5421 5420 1044
f 5424 5423 1571
f 5418 5424 1570
f 5423 5418 78
f 5426 5425 1573
f 5423 5426 1571
f 5425 5423 78
f 5429 5428 1575
f 5427 5429 86
f 5428 5427 1573
f 5431 5430 813
f 5429 5431 86
f 5430 5429 1575
f 5434 5433 1774
f 5432 5434 411
f 5433 5432 1028
f 5436 5435 1575
f 5434 5436 411
f 5435 5434 1774
f 5438 5437 1029
f 5432 5438 1028
f 5437 5432 411
f 5440 5439 1033
f 5433 5440 1774
f 5439 5433 1028
f 5442 5439 1028
f 5441 5442 421
f 5439 5441 1033
f 5445 5444 1031
f 5443 5445 421
f 5444 5443 1026
f 5447 5446 1030
f 5445 5447 421
f 5446 5445 1031
f 5448 5447 1030
f 5441 5448 1033
f 5447 5441 421
f 5451 5450 811
f 5449 5451 128
f 5450 5449 807
f 5454 5453 1021
f 5452 5454 366
f 5453 5452 1586
f 5456 5455 1709
f 5452 5456 1586
f 5455 5452 366
f 5459 5458 1706
f 5457 5459 414
f 5458 5457 1709
f 5462 5461 1587
f 5460 5462 1015
f 5461 5460 1016
f 5464 5463 1019
f 5460 5464 1016
f 5463 5460 1015
f 5466 5465 1018
f 5463 5466 1019
f 5465 5463 1015
f 5469 5468 899
f 5467 5469 224
f 5468 5467 1018
f 5471 5470 900
f 5469 5471 224
f 5470 5469 899
f 5473 5472 901
f 5471 5473 224
f 5472 5471 900
f 5475 4790 1716
f 5474 5475 900
f 4790 5474 908
f 5474 4783 908
f 5470 5474 900
f 4783 5470 899
f 5477 5475 1716
f 5476 5477 322
f 5475 5476 900
f 5479 5478 1723
f 5477 5479 322
f 5478 5477 1716
f 5481 5480 1722
f 5479 5481 322
f 5480 5479 1723
f 5483 5482 1721
f 5481 5483 322
f 5482 5481 1722
f 5486 5485 905
f 5484 5486 496
f 5485 5484 1723
f 5488 5487 894
f 5484 5488 1723
f 5487 5484 496
f 5491 5490 896
f 5489 5491 894
f 5490 5489 895
f 5493 5491 896
f 5492 5493 65
f 5491 5492 894
f 5495 5490 895
f 5494 5495 155
f 5490 5494 896
f 5496 5487 496
f 5489 5496 895
f 5487 5489 894
f 5498 5497 1722
f 5492 5498 894
f 5497 5492 65
f 5500 5499 898
f 5497 5500 1722
f 5499 5497 65
f 5503 5502 897
f 5501 5503 347
f 5502 5501 1721
f 5504 5502 1721
f 2515 5504 898
f 5502 2515 897
f 5504 5500 898
f 5482 5504 1721
f 5500 5482 1722
f 5498 5488 894
f 5480 5498 1722
f 5488 5480 1723
f 5505 5476 322
f 5472 5505 901
f 5476 5472 900
f 5508 5507 1018
f 5506 5508 219
f 5507 5506 1588
f 5507 5468 1018
f 4781 5507 1588
f 5468 4781 899
f 5511 5510 1589
f 5509 5511 1014
f 5510 5509 1017
f 5513 5509 1014
f 5512 5513 219
f 5509 5512 1017
f 5515 5510 1017
f 5514 5515 222
f 5510 5514 1589
f 5517 5516 1590
f 5514 5517 1589
f 5516 5514 222
f 5519 5518 1704
f 5516 5519 1590
f 5518 5516 222
f 5521 5520 1703
f 5518 5521 1704
f 5520 5518 222
f 5524 5523 1705
f 5522 5524 290
f 5523 5522 1703
f 5526 5525 1702
f 5519 5526 1590
f 5525 5519 1704
f 5529 5528 1010
f 5527 5529 112
f 5528 5527 1589
f 5530 5517 1590
f 5528 5530 1010
f 5517 5528 1589
f 5532 5530 1590
f 5531 5532 428
f 5530 5531 1010
f 5534 5533 1011
f 5531 5534 1010
f 5533 5531 428
f 5537 5536 1591
f 5535 5537 428
f 5536 5535 1597
f 5538 5537 1591
f 5533 5538 1011
f 5537 5533 428
f 5539 5538 1591
f 4758 5539 1592
f 5538 4758 1011
f 5541 5540 1596
f 5536 5541 1591
f 5540 5536 1597
f 5543 5542 1596
f 4904 5543 1008
f 5542 4904 593
f 5545 4906 592
f 5544 5545 329
f 4906 5544 593
f 5548 5547 1592
f 5546 5548 595
f 5547 5546 1919
f 5550 4756 1919
f 5549 5550 325
f 4756 5549 597
f 5553 5552 1987
f 5551 5553 325
f 5552 5551 1989
f 5554 5553 1987
f 5549 5554 597
f 5553 5549 325
f 5556 5555 1916
f 5551 5556 1989
f 5555 5551 325
f 5558 5557 594
f 5555 5558 1916
f 5557 5555 325
f 5560 5559 1990
f 5556 5560 1989
f 5559 5556 1916
f 5563 5562 1990
f 5561 5563 372
f 5562 5561 513
f 5566 5565 1987
f 5564 5566 481
f 5565 5564 1988
f 5568 5554 1987
f 5567 5568 596
f 5554 5567 597
f 5568 4747 596
f 5565 5568 1987
f 4747 5565 1988
f 5569 5562 513
f 5560 5569 1989
f 5562 5560 1990
f 5571 5569 513
f 5570 5571 481
f 5569 5570 1989
f 5570 5552 1989
f 5566 5570 481
f 5552 5566 1987
f 5572 5550 1919
f 5557 5572 594
f 5550 5557 325
f 5573 5546 595
f 5572 5573 594
f 5546 5572 1919
f 5575 5548 1592
f 5574 5575 329
f 5548 5574 595
f 5577 5573 595
f 5576 5577 255
f 5573 5576 594
f 5579 5578 592
f 5577 5579 255
f 5578 5577 595
f 5581 5580 1917
f 5576 5581 594
f 5580 5576 255
f 5582 5544 329
f 5542 5582 1596
f 5544 5542 593
f 5578 5545 592
f 5574 5578 595
f 5545 5574 329
f 5583 5582 329
f 5541 5583 1591
f 5582 5541 1596
f 5583 5539 1591
f 5575 5583 329
f 5539 5575 1592
f 5586 5585 1701
f 5584 5586 1700
f 5585 5584 1702
f 5588 5585 1702
f 5587 5588 290
f 5585 5587 1701
f 5589 5525 1704
f 5588 5589 290
f 5525 5588 1702
f 5590 5526 1702
f 5532 5590 428
f 5526 5532 1590
f 5589 5522 290
f 5521 5589 1704
f 5522 5521 1703
f 5591 5467 224
f 5466 5591 1019
f 5467 5466 1018
f 5593 5592 1717
f 5464 5593 1016
f 5592 5464 1019
f 5595 5594 1586
f 5461 5595 1587
f 5594 5461 1016
f 5596 5465 1015
f 5508 5596 219
f 5465 5508 1018
f 5597 5596 1015
f 5512 5597 1017
f 5596 5512 219
f 5598 5462 1587
f 5597 5598 1017
f 5462 5597 1015
f 5599 5598 1587
f 5515 5599 222
f 5598 5515 1017
f 5601 5600 414
f 5599 5601 222
f 5600 5599 1587
f 5602 5601 414
f 5520 5602 1703
f 5601 5520 222
f 5603 5457 414
f 5456 5603 1586
f 5457 5456 1709
f 5603 5595 1586
f 5600 5603 414
f 5595 5600 1587
f 5606 5605 1030
f 5604 5606 396
f 5605 5604 1032
f 5608 5607 1022
f 5606 5608 396
f 5607 5606 1030
f 5610 5609 1023
f 5607 5610 1022
f 5609 5607 1030
f 5611 5446 1031
f 5609 5611 1023
f 5446 5609 1030
f 5613 4818 1023
f 5612 5613 324
f 4818 5612 1024
f 5614 5611 1031
f 5613 5614 324
f 5611 5613 1023
f 5617 5616 1727
f 5615 5617 324
f 5616 5615 1585
f 5618 5614 1031
f 5615 5618 1585
f 5614 5615 324
f 5619 5444 1026
f 5618 5619 1585
f 5444 5618 1031
f 5621 5619 1026
f 5620 5621 279
f 5619 5620 1585
f 5623 5622 1025
f 5621 5623 279
f 5622 5621 1026
f 5625 5624 1252
f 5623 5625 279
f 5624 5623 1025
f 5627 5626 1027
f 5622 5627 1025
f 5626 5622 1026
f 5629 5628 1584
f 5620 5629 1585
f 5628 5620 279
f 5630 5629 1584
f 5616 5630 1727
f 5629 5616 1585
f 5633 5632 1719
f 5631 5633 396
f 5632 5631 1021
f 5634 5608 1022
f 5631 5634 1021
f 5608 5631 396
f 5635 5634 1022
f 5454 5635 366
f 5634 5454 1021
f 5637 5636 1021
f 5593 5637 1016
f 5636 5593 1717
f 5637 5594 1016
f 5453 5637 1021
f 5594 5453 1586
f 5638 5636 1717
f 5632 5638 1719
f 5636 5632 1021
f 5640 5639 1718
f 5592 5640 1717
f 5639 5592 1019
f 5642 5641 1718
f 5473 5642 224
f 5641 5473 901
f 5642 5591 224
f 5639 5642 1718
f 5591 5639 1019
f 5644 5638 1717
f 5643 5644 128
f 5638 5643 1719
f 5645 5640 1718
f 5644 5645 128
f 5640 5644 1717
f 5647 5646 1720
f 5641 5647 1718
f 5646 5641 901
f 5649 5647 1720
f 5648 5649 808
f 5647 5648 1718
f 5650 5505 322
f 5646 5650 1720
f 5505 5646 901
f 5651 5483 1721
f 5650 5651 1720
f 5483 5650 322
f 5652 5501 347
f 5651 5652 1720
f 5501 5651 1721
f 5653 5652 347
f 5649 5653 808
f 5652 5649 1720
f 5655 5654 809
f 5653 5655 808
f 5654 5653 347
f 5657 5656 1777
f 5654 5657 809
f 5656 5654 347
f 5660 5659 809
f 5658 5660 10
f 5659 5658 807
f 5662 5661 810
f 5658 5662 807
f 5661 5658 10
f 5665 5664 814
f 5663 5665 438
f 5664 5663 810
f 5667 5666 813
f 5665 5667 438
f 5666 5665 814
f 5669 5666 814
f 5668 5669 812
f 5666 5668 813
f 5670 5659 807
f 5655 5670 808
f 5659 5655 809
f 5671 5662 810
f 5450 5671 811
f 5662 5450 807
f 5672 5449 128
f 5670 5672 808
f 5449 5670 807
f 5672 5648 808
f 5645 5672 128
f 5648 5645 1718
f 5673 5451 811
f 5643 5673 1719
f 5451 5643 128
f 5674 5673 811
f 5633 5674 396
f 5673 5633 1719
f 5675 5674 811
f 5604 5675 1032
f 5674 5604 396
f 5677 5676 1032
f 5663 5677 810
f 5676 5663 438
f 5677 5671 810
f 5675 5677 1032
f 5671 5675 811
f 5678 5605 1032
f 5448 5678 1033
f 5605 5448 1030
f 5679 5676 438
f 5678 5679 1033
f 5676 5678 1032
f 5680 5679 438
f 5440 5680 1774
f 5679 5440 1033
f 5681 5667 813
f 5680 5681 1774
f 5667 5680 438
f 5683 5682 1027
f 5442 5683 421
f 5682 5442 1028
f 5683 5443 421
f 5626 5683 1027
f 5443 5626 1026
f 5684 5438 1029
f 5682 5684 1027
f 5438 5682 1028
f 5681 5435 1774
f 5430 5681 813
f 5435 5430 1575
f 5685 5668 812
f 5431 5685 86
f 5668 5431 813
f 5687 5686 1574
f 5428 5687 1575
f 5686 5428 1573
f 5688 5427 86
f 5426 5688 1571
f 5427 5426 1573
f 5689 5686 1573
f 2455 5689 1046
f 5686 2455 1574
f 5691 5690 823
f 5349 5691 1569
f 5690 5349 88
f 5692 5102 1765
f 5691 5692 1569
f 5102 5691 823
f 5694 5692 1765
f 5693 5694 410
f 5692 5693 1569
f 5695 5350 1569
f 5395 5695 1567
f 5350 5395 1568
f 5697 5392 1567
f 5696 5697 410
f 5392 5696 1566
f 5697 5693 410
f 5695 5697 1567
f 5693 5695 1569
f 5698 5106 1565
f 5694 5698 410
f 5106 5694 1765
f 5700 5699 1564
f 5698 5700 410
f 5699 5698 1565
f 5701 5700 1564
f 5696 5701 1566
f 5700 5696 410
f 5702 5398 1566
f 5400 5702 1534
f 5398 5400 337
f 5702 5347 1534
f 5701 5702 1566
f 5347 5701 1564
f 5703 5344 1562
f 5342 5703 1559
f 5344 5342 1539
f 5706 5705 1559
f 5704 5706 335
f 5705 5704 1557
f 5705 5339 1559
f 5333 5705 1557
f 5339 5333 1560
f 5708 5707 1561
f 5331 5708 226
f 5707 5331 838
f 5709 5154 836
f 5707 5709 1561
f 5154 5707 838
f 5708 5335 226
f 5328 5708 1561
f 5335 5328 1755
f 5712 5711 1556
f 5710 5712 62
f 5711 5710 1555
f 5714 5713 1366
f 5712 5714 62
f 5713 5712 1556
f 5717 5716 840
f 5715 5717 422
f 5716 5715 841
f 5719 5718 1753
f 5717 5719 422
f 5718 5717 840
f 5721 5720 1756
f 5715 5721 841
f 5720 5715 422
f 5723 5722 841
f 2960 5723 190
f 5722 2960 839
f 5725 5724 1757
f 5723 5725 190
f 5724 5723 841
f 5724 5324 1757
f 5721 5724 841
f 5324 5721 1756
f 5728 5727 1352
f 5726 5728 465
f 5727 5726 1753
f 5730 5729 1351
f 5728 5730 465
f 5729 5728 1352
f 5732 5731 1368
f 5730 5732 465
f 5731 5730 1351
f 8077 8382 8257
f 8078 8258 8383
f 8079 8260 8384
f 8080 8262 8385
f 8081 8386 8258
f 8082 8257 8387
f 8083 8266 8267
f 8084 8268 8264
f 8085 8263 8269
f 8086 8270 8271
f 8087 8272 8268
f 8088 8267 8273
f 8089 8269 8274
f 8090 8275 8276
f 8091 8277 8266
f 5746 5745 1357
f 1355 8279 8278
f 5745 5744 1356
f 5748 2996 1529
f 5747 5748 1356
f 2996 5747 1373
f 5750 5748 1529
f 5749 5750 450
f 5748 5749 1356
f 5753 5752 1357
f 5751 5753 450
f 5752 5751 1099
f 5755 5754 1100
f 5751 5755 1099
f 5754 5751 450
f 5757 5756 1528
f 5754 5757 1100
f 5756 5754 450
f 5760 5759 1527
f 5758 5760 292
f 5759 5758 1528
f 5762 5759 1528
f 5761 5762 89
f 5759 5761 1527
f 5763 5758 292
f 5757 5763 1100
f 5758 5757 1528
f 5765 5764 1097
f 5763 5765 1100
f 5764 5763 292
f 5767 5766 1098
f 5765 5767 1100
f 5766 5765 1097
f 5769 5768 1061
f 3451 5769 359
f 5768 3451 1062
f 5771 5770 1097
f 5769 5771 359
f 5770 5769 1061
f 5774 5773 1357
f 5772 5774 175
f 5773 5772 8388
f 5776 5775 1055
f 5772 5776 1353
f 5775 5772 175
f 5779 5778 1354
f 5777 5779 121
f 5778 5777 1353
f 5782 5781 1054
f 5780 5782 253
f 5781 5780 1055
f 5783 3437 1053
f 5782 5783 253
f 3437 5782 1054
f 5785 5784 1354
f 5780 5785 1055
f 5784 5780 253
f 5788 5787 1360
f 5786 5788 1354
f 5787 5786 1361
f 8092 5790 8281
f 5789 8093 8282
f 8094 8283 8284
f 5792 5787 1361
f 5791 5792 30
f 5787 5791 1360
f 8095 8285 8286
f 8096 8287 8283
f 8097 5789 8282
f 5795 5784 253
f 5786 5795 1361
f 5784 5786 1354
f 5785 5776 1055
f 5778 5785 1354
f 5776 5778 1353
f 5796 5752 1099
f 5774 5796 175
f 5752 5774 1357
f 5798 5797 1056
f 5781 5798 1054
f 5797 5781 1055
f 5800 5799 1098
f 5796 5800 175
f 5799 5796 1099
f 5802 5801 1056
f 5800 5802 175
f 5801 5800 1098
f 5802 5775 175
f 5797 5802 1056
f 5775 5797 1055
f 5804 5803 1061
f 5801 5804 1056
f 5803 5801 1098
f 5803 5770 1061
f 5766 5803 1098
f 5770 5766 1097
f 5799 5767 1098
f 5755 5799 1099
f 5767 5755 1100
f 5753 5749 450
f 5745 5753 1357
f 5749 5745 1356
f 5806 5747 1356
f 261 8289 8288
f 5747 5805 1373
f 8098 8290 8291
f 8099 8292 8293
f 8100 8294 8295
f 5811 5810 1370
f 8101 8296 8292
f 8102 8291 8297
f 5812 5811 1370
f 5805 5812 1373
f 261 8296 8289
f 1371 8298 8297
f 5813 5814 333
f 5810 5813 1370
f 8103 8280 8299
f 8104 8300 8278
f 5773 5746 1357
f 8105 8279 8301
f 8106 8302 8288
f 5744 5806 1356
f 8107 8301 8303
f 8108 8304 8294
f 8109 8293 8302
f 5818 8110 8305
f 8111 8306 8300
f 8112 5815 8299
f 8113 8307 8308
f 8114 8309 8306
f 8115 8305 8310
f 8116 8308 8311
f 8117 8312 8304
f 8118 8303 8309
f 8119 8311 8313
f 8120 8314 8315
f 8121 8316 8312
f 8122 8274 8317
f 8123 8318 8314
f 8124 8313 8275
f 8125 8310 8319
f 8126 8320 8277
f 8127 8276 8307
f 5827 8128 8321
f 8129 8322 8320
f 8130 5825 8319
f 5826 5788 1360
f 5779 5826 121
f 5788 5779 1354
f 8131 8273 8322
f 8132 8321 8281
f 8133 8284 8270
f 8134 8317 8323
f 8135 8324 8316
f 8136 8315 8318
f 8137 8295 8324
f 8138 8323 8262
f 8139 8265 8290
f 8140 5829 8325
f 8141 8326 8260
f 8142 8259 8327
f 8143 8261 8328
f 5814 5831 333
f 8144 8298 8256
f 5833 5832 1351
f 5831 5833 333
f 1369 8329 8328
f 5835 5834 1340
f 5833 5835 333
f 5834 5833 1351
f 5837 5834 1351
f 5836 5837 409
f 5834 5836 1340
f 5838 5729 1352
f 5837 5838 409
f 5729 5837 1351
f 5841 5840 1340
f 5839 5841 218
f 5840 5839 1339
f 5843 5842 1341
f 5841 5843 218
f 5842 5841 1340
f 5845 5844 840
f 5838 5845 409
f 5844 5838 1352
f 5844 5718 840
f 5727 5844 1352
f 5718 5727 1753
f 5832 5731 1351
f 1369 8326 8329
f 5731 5830 1368
f 8145 8271 8330
f 8146 8331 8325
f 8147 8327 8272
f 5848 5847 1367
f 8148 8332 8287
f 8149 8286 8333
f 5849 5848 1367
f 5846 8150 8331
f 8151 8330 8332
f 5850 5849 1367
f 5732 5850 465
f 5849 5732 1368
f 5852 5851 1367
f 5714 5852 62
f 5851 5714 1366
f 1365 8334 8333
f 5852 5853 62
f 5847 5852 1367
f 5855 5854 1366
f 5726 5855 1753
f 5854 5726 465
f 5854 5851 1366
f 5850 5854 465
f 5851 5850 1367
f 5857 5856 1754
f 5719 5857 422
f 5856 5719 1753
f 5859 5858 1754
f 5713 5859 1366
f 5858 5713 1556
f 5859 5855 1366
f 5856 5859 1754
f 5855 5856 1753
f 5861 5860 1755
f 5858 5861 1754
f 5860 5858 1556
f 5862 3404 1535
f 5711 5862 1556
f 3404 5711 1555
f 5863 5860 1556
f 5336 5863 137
f 5860 5336 1755
f 5864 5327 1760
f 5861 5864 1754
f 5327 5861 1755
f 5866 5865 1760
f 5720 5866 1756
f 5865 5720 422
f 5865 5864 1760
f 5857 5865 422
f 5864 5857 1754
f 5867 5322 483
f 5164 5867 835
f 5322 5164 1758
f 5868 5866 1760
f 5325 5868 483
f 5866 5325 1756
f 5870 5869 837
f 5868 5870 483
f 5869 5868 1760
f 5871 5326 1561
f 5869 5871 837
f 5326 5869 1760
f 5871 5160 837
f 5709 5871 1561
f 5160 5709 836
f 5870 5867 483
f 5162 5870 837
f 5867 5162 835
f 5872 5161 834
f 5321 5872 104
f 5161 5321 835
f 5874 5873 833
f 5872 5874 104
f 5873 5872 834
f 5874 5165 104
f 5143 5874 833
f 5165 5143 1759
f 5873 5146 833
f 5157 5873 834
f 5146 5157 832
f 5875 5142 786
f 5315 5875 426
f 5142 5315 1759
f 5876 5145 289
f 5144 5876 786
f 5145 5144 833
f 5877 5875 786
f 5312 5877 785
f 5875 5312 426
f 5879 5877 786
f 5878 5879 782
f 5877 5878 785
f 5881 5880 783
f 5879 5881 782
f 5880 5879 786
f 5882 5876 289
f 5880 5882 783
f 5876 5880 786
f 5878 5304 785
f 5256 5878 782
f 5304 5256 281
f 5883 5257 782
f 5273 5883 784
f 5257 5273 1798
f 5884 5881 783
f 5883 5884 784
f 5881 5883 782
f 5885 5884 783
f 5275 5885 389
f 5884 5275 784
f 5887 5886 771
f 5882 5887 783
f 5886 5882 289
f 5886 5139 771
f 5149 5886 289
f 5139 5149 831
f 5887 5885 783
f 5276 5887 771
f 5885 5276 389
f 5888 5138 476
f 5281 5888 772
f 5138 5281 771
f 5889 5135 1802
f 5888 5889 772
f 5135 5888 476
f 5892 5891 1763
f 5890 5892 215
f 5891 5890 1802
f 5895 5894 1764
f 5893 5895 762
f 5894 5893 766
f 5898 5897 765
f 5896 5898 215
f 5897 5896 766
f 5900 5899 1801
f 5898 5900 215
f 5899 5898 765
f 5902 5901 1803
f 5899 5902 1801
f 5901 5899 765
f 5904 5897 766
f 5903 5904 764
f 5897 5903 765
f 5906 5904 766
f 5905 5906 124
f 5904 5905 764
f 5906 5056 124
f 5893 5906 766
f 5056 5893 762
f 5908 5058 762
f 5907 5908 463
f 5058 5907 763
f 5911 5910 818
f 5909 5911 463
f 5910 5909 819
f 5912 5911 818
f 5907 5912 763
f 5911 5907 463
f 5913 5895 1764
f 5908 5913 463
f 5895 5908 762
f 5914 5896 215
f 5894 5914 1764
f 5896 5894 766
f 5914 5132 1764
f 5892 5914 215
f 5132 5892 1763
f 5915 5131 827
f 5913 5915 463
f 5131 5913 1764
f 5917 5916 824
f 5915 5917 463
f 5916 5915 827
f 5918 5917 824
f 5909 5918 819
f 5917 5909 463
f 5891 5127 1763
f 5134 5891 1802
f 5127 5134 1762
f 5919 5122 1761
f 5123 5919 828
f 5122 5123 240
f 5920 5137 830
f 5121 5920 1761
f 5137 5121 1762
f 5921 5151 69
f 5920 5921 1761
f 5151 5920 830
f 5923 5922 1558
f 5921 5923 1761
f 5922 5921 69
f 5924 5155 838
f 5922 5924 1558
f 5155 5922 69
f 5925 5330 1557
f 5924 5925 1558
f 5330 5924 838
f 5926 5703 1562
f 5706 5926 335
f 5703 5706 1559
f 5927 5704 335
f 5925 5927 1558
f 5704 5925 1557
f 5930 5929 828
f 5928 5930 335
f 5929 5928 829
f 5931 5923 1558
f 5919 5931 828
f 5923 5919 1761
f 5931 5930 828
f 5927 5931 1558
f 5930 5927 335
f 5929 5124 828
f 5112 5929 829
f 5124 5112 826
f 5928 5118 829
f 5926 5928 335
f 5118 5926 1562
f 5932 5343 100
f 5119 5932 1563
f 5343 5119 1562
f 5933 5348 1564
f 5932 5933 1563
f 5348 5932 100
f 5933 5115 1563
f 5699 5933 1564
f 5115 5699 1565
f 5916 5110 824
f 5130 5916 827
f 5110 5130 826
f 5116 5107 490
f 5105 5116 1565
f 5107 5105 825
f 5935 5934 819
f 5103 5935 825
f 5934 5103 127
f 5935 5108 825
f 5918 5935 819
f 5108 5918 824
f 5936 5095 822
f 5355 5936 88
f 5095 5355 1572
f 5938 5937 821
f 5936 5938 88
f 5937 5936 822
f 5938 5690 88
f 5099 5938 821
f 5690 5099 823
f 5939 5424 1571
f 5354 5939 1572
f 5424 5354 1570
f 5940 5939 1571
f 5096 5940 1768
f 5939 5096 1572
f 5941 5688 86
f 5940 5941 1768
f 5688 5940 1571
f 5944 5943 812
f 5942 5944 15
f 5943 5942 1768
f 5943 5685 812
f 5941 5943 1768
f 5685 5941 86
f 5946 5945 1767
f 5942 5946 1768
f 5945 5942 15
f 5947 5946 1767
f 5097 5947 822
f 5946 5097 1768
f 5950 5949 1769
f 5948 5950 436
f 5949 5948 1767
f 5952 5951 1772
f 5949 5952 1769
f 5951 5949 1767
f 5953 5945 15
f 5951 5953 1772
f 5945 5951 1767
f 5955 5094 1769
f 5954 5955 445
f 5094 5954 1770
f 5956 5952 1772
f 5955 5956 445
f 5952 5955 1769
f 5959 5958 1782
f 5957 5959 806
f 5958 5957 1770
f 5960 5959 1782
f 5078 5960 803
f 5959 5078 806
f 5961 5954 445
f 5958 5961 1782
f 5954 5958 1770
f 5962 5093 816
f 5950 5962 436
f 5093 5950 1769
f 5964 5963 815
f 5962 5964 436
f 5963 5962 816
f 5965 5948 436
f 5947 5965 822
f 5948 5947 1767
f 5966 5965 436
f 5937 5966 821
f 5965 5937 822
f 5966 5092 821
f 5964 5966 436
f 5092 5964 815
f 5967 5091 820
f 5100 5967 127
f 5091 5100 821
f 5968 5967 820
f 5934 5968 819
f 5967 5934 127
f 5968 5910 819
f 5088 5968 820
f 5910 5088 818
f 5969 5090 815
f 5089 5969 70
f 5090 5089 820
f 5970 5083 817
f 5963 5970 815
f 5083 5963 816
f 5971 5970 817
f 5969 5971 70
f 5970 5969 815
f 5957 5086 1770
f 5080 5957 806
f 5086 5080 404
f 5972 5216 208
f 5233 5972 759
f 5216 5233 755
f 5973 5074 753
f 5064 5973 742
f 5074 5064 760
f 5976 5975 759
f 5974 5976 757
f 5975 5974 758
f 5976 5072 757
f 5972 5976 759
f 5072 5972 208
f 5977 5075 301
f 5975 5977 759
f 5075 5975 758
f 5979 5978 761
f 5974 5979 758
f 5978 5974 757
f 5980 5979 761
f 5081 5980 404
f 5979 5081 758
f 5981 5980 761
f 5082 5981 817
f 5980 5082 404
f 5982 5068 1766
f 5981 5982 817
f 5068 5981 761
f 5983 5982 1766
f 5971 5983 70
f 5982 5971 817
f 5984 5983 1766
f 5087 5984 818
f 5983 5087 70
f 5984 5912 818
f 5069 5984 1766
f 5912 5069 763
f 5978 5066 761
f 5071 5978 757
f 5066 5071 760
f 5985 5047 1810
f 5054 5985 764
f 5047 5054 1812
f 5905 5052 764
f 5051 5905 124
f 5052 5051 1813
f 5986 5044 1803
f 5985 5986 764
f 5044 5985 1810
f 5986 5903 764
f 5901 5986 1803
f 5903 5901 765
f 5988 5987 749
f 5040 5988 302
f 5987 5040 746
f 5991 5990 745
f 5989 5991 25
f 5990 5989 748
f 5993 5992 1819
f 5991 5993 25
f 5992 5991 745
f 5995 5994 749
f 5990 5995 745
f 5994 5990 748
f 5996 5987 746
f 5995 5996 745
f 5987 5995 749
f 5998 5997 1804
f 5043 5998 1803
f 5997 5043 302
f 5998 5902 1803
f 5036 5998 1804
f 5902 5036 1801
f 5999 5034 772
f 5035 5999 1801
f 5034 5035 356
f 6000 5900 1801
f 5890 6000 1802
f 5900 5890 215
f 6000 5889 1802
f 5999 6000 1801
f 5889 5999 772
f 6001 5037 1804
f 5030 6001 1800
f 5037 5030 356
f 6002 5988 749
f 5997 6002 1804
f 5988 5997 302
f 6002 6001 1804
f 5028 6002 749
f 6001 5028 1800
f 5279 5026 774
f 5031 5279 770
f 5026 5031 1800
f 5283 5020 750
f 5250 5283 201
f 5020 5250 751
f 5994 5029 749
f 5022 5994 748
f 5029 5022 55
f 6003 5989 25
f 5019 6003 750
f 5989 5019 748
f 6004 6003 25
f 5016 6004 1816
f 6003 5016 750
f 5212 5011 114
f 5017 5212 1815
f 5011 5017 1816
f 6006 6005 1818
f 6004 6006 1816
f 6005 6004 25
f 6005 4983 1818
f 5993 6005 25
f 4983 5993 1819
f 6007 6006 1818
f 5012 6007 743
f 6006 5012 1816
f 6008 4987 1820
f 6007 6008 743
f 4987 6007 1818
f 6010 6008 1820
f 6009 6010 478
f 6008 6009 743
f 5211 5010 1814
f 5015 5211 114
f 5010 5015 744
f 6011 5004 305
f 5973 6011 742
f 5004 5973 753
f 6014 6013 738
f 6012 6014 305
f 6013 6012 739
f 6014 6011 305
f 5003 6014 738
f 6011 5003 742
f 6016 5014 743
f 6015 6016 739
f 5014 6015 744
f 6015 5008 744
f 6012 6015 739
f 5008 6012 305
f 6017 6009 478
f 6016 6017 739
f 6009 6016 743
f 6019 6018 1817
f 6017 6019 739
f 6018 6017 478
f 6020 6019 1817
f 6013 6020 738
f 6019 6013 739
f 6021 6020 1817
f 4999 6021 740
f 6020 4999 738
f 6023 5050 740
f 6022 6023 95
f 5050 6022 1813
f 6024 6021 1817
f 6023 6024 95
f 6021 6023 740
f 6026 6025 1939
f 6022 6026 1813
f 6025 6022 95
f 6027 6024 1817
f 4996 6027 1940
f 6024 4996 95
f 6025 4994 1939
f 4998 6025 95
f 4994 4998 582
f 6030 6029 1940
f 6028 6030 478
f 6029 6028 1821
f 6030 6018 478
f 6027 6030 1940
f 6018 6027 1817
f 6028 4992 1821
f 6010 6028 478
f 4992 6010 1820
f 6033 6032 736
f 6031 6033 731
f 6032 6031 734
f 6031 4985 734
f 4990 6031 731
f 4985 4990 140
f 6034 5992 745
f 4980 6034 747
f 5992 4980 1819
f 6035 5996 746
f 6034 6035 747
f 5996 6034 745
f 6037 6036 1806
f 6035 6037 747
f 6036 6035 746
f 6038 5039 1805
f 6036 6038 1806
f 5039 6036 746
f 6040 6039 1811
f 6038 6040 1806
f 6039 6038 1805
f 6041 5045 397
f 6039 6041 1811
f 5045 6039 1805
f 6043 6042 1937
f 6041 6043 1811
f 6042 6041 397
f 6045 6044 1938
f 6042 6045 1937
f 6044 6042 397
f 6046 5048 1812
f 6044 6046 1938
f 5048 6044 397
f 6047 6026 1939
f 5053 6047 1812
f 6026 5053 1813
f 6048 6047 1939
f 6046 6048 1938
f 6047 6046 1812
f 6049 4993 473
f 6048 6049 1938
f 4993 6048 1939
f 6051 6050 1935
f 6049 6051 1938
f 6050 6049 473
f 6054 6053 1936
f 6052 6054 473
f 6053 6052 581
f 6055 4951 1924
f 6053 6055 1936
f 4951 6053 581
f 6058 6057 1931
f 6056 6058 213
f 6057 6056 1934
f 6061 6060 769
f 6059 6061 213
f 6060 6059 767
f 6062 6060 767
f 4976 6062 768
f 6060 4976 769
f 6065 6064 1932
f 6063 6065 217
f 6064 6063 1933
f 6068 6067 1921
f 6066 6068 217
f 6067 6066 1922
f 6071 6070 587
f 6069 6071 170
f 6070 6069 588
f 6073 6072 1922
f 6071 6073 170
f 6072 6071 587
f 6075 6074 589
f 6070 6075 587
f 6074 6070 588
f 6078 6077 1933
f 6076 6078 1921
f 6077 6076 1928
f 6081 6080 1929
f 6079 6081 384
f 6080 6079 1930
f 6083 6082 584
f 6081 6083 384
f 6082 6081 1929
f 6085 6084 1615
f 6082 6085 584
f 6084 6082 1929
f 6088 6087 586
f 6086 6088 584
f 6087 6086 585
f 6091 6090 585
f 6089 6091 570
f 6090 6089 718
f 6094 6093 569
f 6092 6094 498
f 6093 6092 570
f 6097 6096 718
f 6095 6097 498
f 6096 6095 1823
f 6100 6099 1824
f 6098 6100 498
f 6099 6098 1825
f 6101 6100 1824
f 6095 6101 1823
f 6100 6095 498
f 6104 6103 723
f 6102 6104 252
f 6103 6102 722
f 6106 6105 1824
f 6104 6106 252
f 6105 6104 723
f 6108 6107 1826
f 6106 6108 252
f 6107 6106 1824
f 6110 6109 573
f 6102 6110 722
f 6109 6102 252
f 6112 6111 574
f 6108 6112 252
f 6111 6108 1826
f 6113 6112 574
f 6109 6113 573
f 6112 6109 252
f 6115 6113 574
f 6114 6115 572
f 6113 6114 573
f 6117 6115 574
f 6116 6117 2
f 6115 6116 572
f 6119 6118 1943
f 6117 6119 2
f 6118 6117 574
f 6122 6121 1943
f 6120 6122 338
f 6121 6120 555
f 6124 6123 1826
f 6122 6124 338
f 6123 6122 1943
f 6123 6111 1826
f 6118 6123 1943
f 6111 6118 574
f 6126 6110 573
f 6125 6126 429
f 6110 6125 722
f 6128 6127 721
f 6125 6128 722
f 6127 6125 429
f 6130 6129 576
f 6127 6130 721
f 6129 6127 429
f 6133 6132 577
f 6131 6133 43
f 6132 6131 429
f 6136 6135 576
f 6134 6136 43
f 6135 6134 575
f 6136 6131 43
f 6129 6136 576
f 6131 6129 429
f 6138 6135 575
f 6137 6138 115
f 6135 6137 576
f 6140 6139 730
f 6137 6140 576
f 6139 6137 115
f 6142 6141 728
f 6139 6142 730
f 6141 6139 115
f 6144 6143 729
f 6142 6144 730
f 6143 6142 728
f 6146 6145 1809
f 4974 6146 1808
f 6145 4974 768
f 6148 6147 1809
f 6096 6148 718
f 6147 6096 1823
f 6151 6150 1809
f 6149 6151 407
f 6150 6149 725
f 6152 6147 1823
f 6151 6152 407
f 6147 6151 1809
f 6154 6153 719
f 6149 6154 725
f 6153 6149 407
f 6157 6156 719
f 6155 6157 173
f 6156 6155 724
f 6159 6158 720
f 6157 6159 173
f 6158 6157 719
f 6161 6160 721
f 6159 6161 173
f 6160 6159 720
f 6163 6162 730
f 6161 6163 173
f 6162 6161 721
f 6162 6140 730
f 6130 6162 721
f 6140 6130 576
f 6164 6160 720
f 6128 6164 722
f 6160 6128 721
f 6165 6164 720
f 6103 6165 723
f 6164 6103 722
f 6167 6165 720
f 6166 6167 407
f 6165 6166 723
f 6167 6153 407
f 6158 6167 720
f 6153 6158 719
f 6169 6168 729
f 6155 6169 724
f 6168 6155 173
f 6168 6144 729
f 6163 6168 173
f 6144 6163 730
f 6171 6143 728
f 6170 6171 491
f 6143 6170 729
f 6172 6126 573
f 6132 6172 577
f 6126 6132 429
f 6173 6105 723
f 6101 6173 1823
f 6105 6101 1824
f 6173 6152 1823
f 6166 6173 723
f 6152 6166 407
f 6174 6107 1824
f 6124 6174 338
f 6107 6124 1826
f 6175 6099 1825
f 6174 6175 338
f 6099 6174 1824
f 6177 6176 556
f 6175 6177 338
f 6176 6175 1825
f 6180 6179 570
f 6178 6180 494
f 6179 6178 571
f 6182 6181 1614
f 6178 6182 571
f 6181 6178 494
f 6184 6183 1615
f 6181 6184 1614
f 6183 6181 494
f 6187 6186 1599
f 6185 6187 168
f 6186 6185 1600
f 6190 6189 1927
f 6188 6190 168
f 6189 6188 1928
f 6191 6190 1927
f 6185 6191 1600
f 6190 6185 168
f 6194 6193 1926
f 6192 6194 431
f 6193 6192 1927
f 6196 6195 1002
f 6194 6196 431
f 6195 6194 1926
f 6198 6197 1001
f 6196 6198 431
f 6197 6196 1002
f 6200 6199 1925
f 6195 6200 1002
f 6199 6195 1926
f 6202 6199 1926
f 6201 6202 142
f 6199 6201 1925
f 6204 6200 1925
f 6203 6204 63
f 6200 6203 1002
f 6207 6206 1000
f 6205 6207 196
f 6206 6205 1001
f 6209 6208 1004
f 6207 6209 196
f 6208 6207 1000
f 6211 6210 964
f 6209 6211 196
f 6210 6209 1004
f 6213 6212 967
f 6205 6213 1001
f 6212 6205 196
f 6215 6214 963
f 6212 6215 967
f 6214 6212 196
f 6217 6216 966
f 6215 6217 967
f 6216 6215 963
f 6220 6219 956
f 6218 6220 163
f 6219 6218 968
f 6222 6221 955
f 6220 6222 163
f 6221 6220 956
f 6224 6223 954
f 6222 6224 163
f 6223 6222 955
f 6226 6225 970
f 6224 6226 163
f 6225 6224 954
f 6229 6228 1616
f 6227 6229 102
f 6228 6227 976
f 6231 6230 972
f 6229 6231 102
f 6230 6229 1616
f 6233 6232 974
f 6231 6233 102
f 6232 6231 972
f 6236 6235 999
f 6234 6236 973
f 6235 6234 1602
f 6239 6238 1619
f 6237 6239 18
f 6238 6237 1603
f 6241 6240 1618
f 6238 6241 1619
f 6240 6238 1603
f 6244 6243 1082
f 6242 6244 4
f 6243 6242 1648
f 6246 6245 1617
f 6230 6246 972
f 6245 6230 1616
f 6248 6247 1648
f 6245 6248 1617
f 6247 6245 1616
f 6249 6242 4
f 6248 6249 1617
f 6242 6248 1648
f 6252 6251 1081
f 6250 6252 310
f 6251 6250 1617
f 6253 3687 1618
f 6252 6253 310
f 3687 6252 1081
f 6254 6250 310
f 6246 6254 972
f 6250 6246 1617
f 6256 6255 973
f 6254 6256 972
f 6255 6254 310
f 6257 6240 1603
f 6253 6257 310
f 6240 6253 1618
f 6259 6258 1602
f 6257 6259 310
f 6258 6257 1603
f 6261 6260 1601
f 6237 6261 1603
f 6260 6237 18
f 6262 6261 1601
f 6258 6262 1602
f 6261 6258 1603
f 6264 6263 1606
f 6260 6264 1601
f 6263 6260 18
f 6266 6265 1604
f 6263 6266 1606
f 6265 6263 18
f 6269 6268 1604
f 6267 6269 278
f 6268 6267 1605
f 6271 6270 1608
f 6269 6271 278
f 6270 6269 1604
f 6274 6273 1614
f 6272 6274 278
f 6273 6272 1612
f 6277 6276 1612
f 6275 6277 7
f 6276 6275 1827
f 6278 6272 278
f 6277 6278 7
f 6272 6277 1612
f 6280 3720 1613
f 6279 6280 7
f 3720 6279 1608
f 6279 6271 1608
f 6278 6279 7
f 6271 6278 278
f 6281 6274 1614
f 6267 6281 1605
f 6274 6267 278
f 6284 6283 1605
f 6282 6284 207
f 6283 6282 1606
f 6283 6268 1605
f 6266 6283 1606
f 6268 6266 1604
f 6287 6286 1598
f 6285 6287 166
f 6286 6285 1601
f 6290 6289 999
f 6288 6290 166
f 6289 6288 997
f 6292 6291 1600
f 6287 6292 166
f 6291 6287 1598
f 6293 6292 1600
f 6288 6293 997
f 6292 6288 166
f 6295 6294 998
f 6289 6295 999
f 6294 6289 997
f 6297 6296 998
f 6198 6297 431
f 6296 6198 1001
f 6298 6213 967
f 6296 6298 998
f 6213 6296 1001
f 6300 6298 967
f 6299 6300 316
f 6298 6299 998
f 6301 6299 316
f 6295 6301 999
f 6299 6295 998
f 6304 6303 1598
f 6302 6304 207
f 6303 6302 1599
f 6305 6264 1606
f 6286 6305 1598
f 6264 6286 1601
f 6306 6285 166
f 6262 6306 1602
f 6285 6262 1601
f 6306 6235 1602
f 6290 6306 166
f 6235 6290 999
f 6307 6301 316
f 6236 6307 973
f 6301 6236 999
f 6259 6255 310
f 6234 6259 1602
f 6255 6234 973
f 6309 6308 974
f 6307 6309 973
f 6308 6307 316
f 6309 6256 973
f 6232 6309 974
f 6256 6232 972
f 6312 8494 8681
f 8495 8682 8683
f 6311 6310 971
f 8496 6313 8684
f 6310 6314 971
f 8497 8683 8685
f 8498 8686 8687
f 8499 8688 8689
f 8500 8690 8691
f 8501 8681 8692
f 8502 8693 8690
f 8503 8689 8682
f 6319 8504 8694
f 8505 8695 8693
f 8506 6318 8692
f 8507 8696 8697
f 8508 8698 8699
f 8509 8700 8701
f 6324 6323 971
f 6227 6324 976
f 6323 6227 102
f 6326 6325 970
f 6323 6326 971
f 6325 6323 102
f 6326 6311 971
f 6225 6326 970
f 6311 6225 954
f 6328 6327 957
f 6221 6328 955
f 6327 6221 956
f 6330 6327 956
f 6329 6330 206
f 6327 6329 957
f 6331 6226 970
f 6218 6331 968
f 6226 6218 163
f 6333 6332 969
f 6331 6333 968
f 6332 6331 970
f 6335 6334 969
f 6233 6335 102
f 6334 6233 974
f 6335 6325 102
f 6332 6335 969
f 6325 6332 970
f 6338 6337 969
f 6336 6338 316
f 6337 6336 966
f 6338 6308 316
f 6334 6338 969
f 6308 6334 974
f 6336 6217 966
f 6300 6336 316
f 6217 6300 967
f 6340 6333 969
f 6339 6340 32
f 6333 6339 968
f 6341 6337 966
f 6340 6341 32
f 6337 6340 969
f 6342 6216 963
f 6341 6342 32
f 6216 6341 966
f 6344 6343 1003
f 6208 6344 1004
f 6343 6208 1000
f 6345 6197 1002
f 6206 6345 1000
f 6197 6206 1001
f 6346 6203 63
f 6345 6346 1000
f 6203 6345 1002
f 6348 6347 1928
f 6202 6348 142
f 6347 6202 1926
f 6347 6189 1928
f 6193 6347 1926
f 6189 6193 1927
f 6349 6294 997
f 6297 6349 431
f 6294 6297 998
f 6350 6349 997
f 6192 6350 1927
f 6349 6192 431
f 6350 6191 1927
f 6293 6350 997
f 6191 6293 1600
f 6303 6291 1598
f 6186 6303 1599
f 6291 6186 1600
f 6352 6351 1929
f 6302 6352 1599
f 6351 6302 207
f 6305 6304 1598
f 6282 6305 1606
f 6304 6282 207
f 6354 6353 1615
f 6284 6354 207
f 6353 6284 1605
f 6354 6351 207
f 6084 6354 1615
f 6351 6084 1929
f 6353 6184 1615
f 6281 6353 1605
f 6184 6281 1614
f 6355 6273 1612
f 6182 6355 571
f 6273 6182 1614
f 6356 6179 571
f 6093 6356 569
f 6179 6093 570
f 6097 6092 498
f 6089 6097 718
f 6092 6089 570
f 6358 6145 768
f 6357 6358 405
f 6145 6357 1809
f 6359 6357 405
f 6148 6359 718
f 6357 6148 1809
f 6360 6359 405
f 6090 6360 585
f 6359 6090 718
f 6361 6091 585
f 6180 6361 494
f 6091 6180 570
f 6362 6360 405
f 6087 6362 586
f 6360 6087 585
f 6363 6183 494
f 6085 6363 584
f 6183 6085 1615
f 6363 6086 584
f 6361 6363 494
f 6086 6361 585
f 6365 6364 1930
f 6187 6365 168
f 6364 6187 1599
f 6364 6080 1930
f 6352 6364 1599
f 6080 6352 1929
f 6367 6366 1933
f 6365 6367 168
f 6366 6365 1930
f 6367 6188 168
f 6077 6367 1933
f 6188 6077 1928
f 6368 6076 1921
f 6348 6368 142
f 6076 6348 1928
f 6370 6369 587
f 6368 6370 142
f 6369 6368 1921
f 6371 6075 589
f 6370 6371 142
f 6075 6370 587
f 6372 6371 589
f 6201 6372 1925
f 6371 6201 142
f 6369 6072 587
f 6067 6369 1921
f 6072 6067 1922
f 6078 6068 1921
f 6063 6078 1933
f 6068 6063 217
f 6373 6366 1930
f 6064 6373 1932
f 6366 6064 1933
f 6376 6375 1932
f 6374 6376 384
f 6375 6374 1931
f 6376 6079 384
f 6373 6376 1932
f 6079 6373 1930
f 6377 6088 586
f 6083 6377 384
f 6088 6083 584
f 6378 6377 586
f 6374 6378 1931
f 6377 6374 384
f 6380 6379 767
f 6378 6380 1931
f 6379 6378 586
f 6381 6362 405
f 6379 6381 767
f 6362 6379 586
f 6381 6062 767
f 6358 6381 405
f 6062 6358 768
f 6380 6058 1931
f 6059 6380 767
f 6058 6059 213
f 6382 6057 1934
f 6375 6382 1932
f 6057 6375 1931
f 6383 6382 1934
f 6065 6383 217
f 6382 6065 1932
f 6385 6384 1936
f 6383 6385 217
f 6384 6383 1934
f 6386 6055 1924
f 6385 6386 217
f 6055 6385 1936
f 6388 6387 1935
f 6056 6388 1934
f 6387 6056 213
f 6389 6054 1936
f 6050 6389 1935
f 6054 6050 473
f 6389 6388 1935
f 6384 6389 1936
f 6388 6384 1934
f 6390 4978 1937
f 6061 6390 213
f 4978 6061 769
f 6391 6390 1937
f 6387 6391 1935
f 6390 6387 213
f 6391 6051 1935
f 6045 6391 1937
f 6051 6045 1938
f 6392 4977 500
f 6043 6392 1811
f 4977 6043 1937
f 6393 4972 1807
f 6392 6393 1811
f 4972 6392 500
f 6394 6393 1807
f 6040 6394 1806
f 6393 6040 1811
f 6396 4981 747
f 6395 6396 188
f 4981 6395 734
f 6397 6037 1806
f 6396 6397 188
f 6037 6396 747
f 6398 6394 1807
f 6397 6398 188
f 6394 6397 1806
f 6399 6395 188
f 6032 6399 736
f 6395 6032 734
f 6401 6400 735
f 6398 6401 188
f 6400 6398 1807
f 6403 4971 1808
f 6402 6403 725
f 4971 6402 1807
f 6404 6402 725
f 6400 6404 735
f 6402 6400 1807
f 6403 6150 725
f 6146 6403 1808
f 6150 6146 1809
f 6405 6154 719
f 6404 6405 735
f 6154 6404 725
f 6405 4968 735
f 6156 6405 719
f 4968 6156 724
f 6406 6399 188
f 4966 6406 179
f 6399 4966 736
f 6406 4967 179
f 6401 6406 188
f 4967 6401 735
f 6407 4965 1822
f 6033 6407 731
f 4965 6033 736
f 6408 4969 724
f 4964 6408 1822
f 4969 4964 179
f 6409 6169 729
f 6408 6409 1822
f 6169 6408 724
f 6410 6170 491
f 6409 6410 1822
f 6170 6409 729
f 6413 6412 732
f 6411 6413 491
f 6412 6411 727
f 6414 6413 732
f 6410 6414 1822
f 6413 6410 491
f 6415 6414 732
f 6407 6415 731
f 6414 6407 1822
f 6415 4991 731
f 4960 6415 732
f 4991 4960 733
f 6418 6417 1940
f 6416 6418 381
f 6417 6416 583
f 6418 4957 381
f 6029 6418 1940
f 4957 6029 1821
f 6419 6417 583
f 4997 6419 582
f 6417 4997 1940
f 6421 6419 583
f 6420 6421 581
f 6419 6420 582
f 6420 4995 582
f 6052 6420 581
f 4995 6052 473
f 6416 4956 583
f 4963 6416 381
f 4956 4963 737
f 6421 4953 581
f 4955 6421 583
f 4953 4955 578
f 6422 6386 1924
f 6066 6422 1922
f 6386 6066 217
f 6423 4949 1923
f 6422 6423 1922
f 4949 6422 1924
f 6424 6423 1923
f 6073 6424 170
f 6423 6073 1922
f 6425 4946 1941
f 6424 6425 170
f 4946 6424 1923
f 6426 4948 59
f 4947 6426 580
f 4948 4947 1923
f 6426 4944 580
f 4954 6426 59
f 4944 4954 578
f 6412 4962 732
f 4940 6412 727
f 4962 4940 737
f 6411 4936 727
f 6171 6411 491
f 4936 6171 728
f 6427 6141 115
f 4934 6427 521
f 6141 4934 728
f 6429 6428 522
f 6427 6429 521
f 6428 6427 115
f 6430 6134 43
f 4931 6430 1991
f 6134 4931 575
f 6428 4930 522
f 6138 6428 115
f 4930 6138 575
f 6432 6114 572
f 6431 6432 43
f 6114 6431 573
f 6433 6432 572
f 6430 6433 1991
f 6432 6430 43
f 6431 6172 573
f 6133 6431 43
f 6172 6133 577
f 6435 6434 1992
f 6433 6435 1991
f 6434 6433 572
f 6436 6116 2
f 6434 6436 1992
f 6116 6434 572
f 6438 6429 522
f 6437 6438 53
f 6429 6437 521
f 6439 4926 520
f 6438 6439 53
f 4926 6438 522
f 6441 6440 524
f 6439 6441 53
f 6440 6439 520
f 6444 6443 515
f 6442 6444 372
f 6443 6442 523
f 6446 6445 514
f 6444 6446 372
f 6445 6444 515
f 6447 6446 514
f 5561 6447 513
f 6446 5561 372
f 6450 6449 516
f 6448 6450 61
f 6449 6448 514
f 6452 6451 524
f 6442 6452 523
f 6451 6442 372
f 6451 4920 524
f 5563 6451 372
f 4920 5563 1990
f 6453 5559 1916
f 4921 6453 1918
f 5559 4921 1990
f 6454 5581 1917
f 5558 6454 1916
f 5581 5558 594
f 6455 6454 1917
f 6453 6455 1918
f 6454 6453 1916
f 6456 4910 138
f 6455 6456 1918
f 4910 6455 1917
f 6452 4924 523
f 6440 6452 524
f 4924 6440 520
f 6457 4922 1918
f 6441 6457 53
f 4922 6441 524
f 6459 6458 1942
f 6457 6459 53
f 6458 6457 1918
f 6460 6459 1942
f 6437 6460 521
f 6459 6437 53
f 6460 4932 521
f 4918 6460 1942
f 4932 4918 726
f 6461 4917 579
f 4938 6461 198
f 4917 4938 726
f 6461 4943 198
f 4916 6461 579
f 4943 4916 580
f 6462 4919 1942
f 4914 6462 138
f 4919 4914 579
f 6462 6456 138
f 6458 6462 1942
f 6456 6458 1918
f 6463 5580 255
f 4911 6463 1920
f 5580 4911 1917
f 6464 6463 255
f 4909 6464 590
f 6463 4909 1920
f 4945 4908 1941
f 4915 4945 580
f 4908 4915 1920
f 6465 4907 590
f 6425 6465 170
f 4907 6425 1941
f 6466 6465 590
f 6069 6466 588
f 6465 6069 170
f 6468 6467 591
f 6466 6468 588
f 6467 6466 590
f 6469 6467 590
f 4905 6469 592
f 6467 4905 591
f 6469 5579 592
f 6464 6469 590
f 5579 6464 255
f 6471 6470 589
f 4901 6471 591
f 6470 4901 401
f 6471 6468 591
f 6074 6471 589
f 6468 6074 588
f 6473 6472 1925
f 4900 6473 401
f 6472 4900 1007
f 6473 6470 401
f 6372 6473 1925
f 6470 6372 589
f 6474 6472 1007
f 6204 6474 63
f 6472 6204 1925
f 6475 6346 63
f 6343 6475 1003
f 6346 6343 1000
f 6476 6474 1007
f 6475 6476 1003
f 6474 6475 63
f 6477 4896 1005
f 6476 6477 1003
f 4896 6476 1007
f 6479 4898 1008
f 6478 6479 187
f 4898 6478 1005
f 6480 6477 1005
f 4894 6480 1006
f 6477 4894 1003
f 6481 4893 189
f 6344 6481 1004
f 4893 6344 1003
f 6482 6210 1004
f 4891 6482 1649
f 6210 4891 964
f 6483 6481 189
f 6482 6483 1649
f 6481 6482 1004
f 6484 6211 964
f 6214 6484 963
f 6211 6214 196
f 6485 4889 965
f 6484 6485 963
f 4889 6484 964
f 6486 6485 965
f 6342 6486 32
f 6485 6342 963
f 6488 6487 1653
f 6486 6488 32
f 6487 6486 965
f 6490 6489 1653
f 6219 6490 956
f 6489 6219 968
f 6489 6488 1653
f 6339 6489 968
f 6488 6339 32
f 6491 6490 1653
f 6330 6491 206
f 6490 6330 956
f 6493 6492 1650
f 6491 6493 206
f 6492 6491 1653
f 6494 4884 1651
f 6493 6494 206
f 4884 6493 1650
f 6495 6487 965
f 6492 6495 1650
f 6487 6492 1653
f 6497 4880 960
f 6496 6497 439
f 4880 6496 961
f 6498 4885 1650
f 6497 6498 439
f 4885 6497 960
f 6498 4888 439
f 6495 6498 1650
f 4888 6495 965
f 6500 4878 1699
f 6499 6500 216
f 4878 6499 962
f 6502 6501 1197
f 6500 6502 216
f 6501 6500 1699
f 6504 6503 1698
f 6501 6504 1197
f 6503 6501 1699
f 6499 4882 962
f 4887 6499 216
f 4882 4887 960
f 6506 6503 1699
f 6505 6506 97
f 6503 6505 1698
f 6506 4876 97
f 4877 6506 1699
f 4876 4877 917
f 6507 4879 962
f 4859 6507 328
f 4879 4859 917
f 6508 4881 961
f 6507 6508 328
f 4881 6507 962
f 6511 6510 1595
f 6509 6511 961
f 6510 6509 1649
f 6509 4892 1649
f 6496 6509 961
f 4892 6496 439
f 6512 6511 1595
f 6508 6512 328
f 6511 6508 961
f 6513 6483 189
f 6510 6513 1595
f 6483 6510 1649
f 6515 6514 1593
f 4895 6515 189
f 6514 4895 1006
f 6515 6513 189
f 4856 6515 1593
f 6513 4856 1595
f 6517 6516 913
f 4857 6517 912
f 6516 4857 328
f 6516 4855 913
f 6512 6516 328
f 4855 6512 1595
f 6518 6517 913
f 4864 6518 911
f 6517 4864 912
f 6519 6514 1006
f 4854 6519 1594
f 6514 4854 1593
f 6520 6480 1005
f 6519 6520 1594
f 6480 6519 1006
f 6523 6522 1594
f 6521 6523 187
f 6522 6521 1700
f 6523 6478 187
f 6520 6523 1594
f 6478 6520 1005
f 6524 5543 1596
f 6479 6524 187
f 5543 6479 1008
f 6525 5540 1597
f 6524 6525 187
f 5540 6524 1596
f 6526 6525 1597
f 6521 6526 1700
f 6525 6521 187
f 6527 5590 1702
f 5535 6527 1597
f 5590 5535 428
f 6527 6526 1597
f 5584 6527 1702
f 6526 5584 1700
f 6528 5587 290
f 4848 6528 1899
f 5587 4848 1701
f 6522 4846 1594
f 5586 6522 1700
f 4846 5586 1701
f 6518 4850 911
f 4851 6518 913
f 4850 4851 27
f 6529 4844 1900
f 4865 6529 57
f 4844 4865 911
f 6531 6530 618
f 6529 6531 57
f 6530 6529 1900
f 6533 6530 1900
f 6532 6533 616
f 6530 6532 618
f 6528 4839 1899
f 5524 6528 290
f 4839 5524 1705
f 6533 4837 616
f 4841 6533 1900
f 4837 4841 266
f 6535 4836 1902
f 6534 6535 132
f 4836 6534 616
f 6538 6537 132
f 6536 6538 75
f 6537 6536 1901
f 6540 6539 1904
f 6536 6540 1901
f 6539 6536 75
f 6542 6541 1710
f 6539 6542 1904
f 6541 6539 75
f 6544 6543 1903
f 6540 6544 1901
f 6543 6540 1904
f 6546 6543 1904
f 6545 6546 223
f 6543 6545 1903
f 6548 6547 606
f 6545 6548 1903
f 6547 6545 223
f 6550 6549 604
f 6547 6550 606
f 6549 6547 223
f 6552 6551 601
f 6549 6552 604
f 6551 6549 223
f 6555 6554 602
f 6553 6555 601
f 6554 6553 910
f 6558 6557 603
f 6556 6558 204
f 6557 6556 602
f 6559 6556 204
f 6555 6559 601
f 6556 6555 602
f 6561 6552 601
f 6560 6561 600
f 6552 6560 604
f 6564 6563 604
f 6562 6564 284
f 6563 6562 605
f 6566 6565 608
f 6562 6566 605
f 6565 6562 284
f 6569 6568 1913
f 6567 6569 284
f 6568 6567 599
f 6570 6569 1913
f 6565 6570 608
f 6569 6565 284
f 6573 6572 1909
f 6571 6573 1907
f 6572 6571 1913
f 6575 6574 1910
f 6573 6575 1907
f 6574 6573 1909
f 6578 6577 613
f 6576 6578 609
f 6577 6576 611
f 6580 2153 613
f 6579 6580 296
f 2153 6579 612
f 6582 6581 625
f 6579 6582 612
f 6581 6579 296
f 6584 6583 1896
f 6581 6584 625
f 6583 6581 296
f 6586 6585 610
f 6583 6586 1896
f 6585 6583 296
f 6589 6588 1898
f 6587 6589 444
f 6588 6587 1897
f 6591 6590 1986
f 6589 6591 444
f 6590 6589 1898
f 6593 6592 630
f 6591 6593 444
f 6592 6591 1986
f 6596 6595 630
f 6594 6596 149
f 6595 6594 628
f 6599 6598 537
f 6597 6599 149
f 6598 6597 535
f 6600 6599 537
f 6594 6600 628
f 6599 6594 149
f 6602 6601 534
f 6597 6602 535
f 6601 6597 149
f 6604 6603 532
f 6601 6604 534
f 6603 6601 149
f 6607 6606 1986
f 6605 6607 468
f 6606 6605 532
f 6609 6608 538
f 6602 6609 535
f 6608 6602 534
f 6610 2039 536
f 6598 6610 537
f 2039 6598 535
f 6612 6600 537
f 6611 6612 270
f 6600 6611 628
f 6615 6614 628
f 6613 6615 205
f 6614 6613 629
f 6618 6617 1895
f 6616 6618 629
f 6617 6616 1883
f 6621 6620 631
f 6619 6621 71
f 6620 6619 1883
f 6622 6619 71
f 6617 6622 1895
f 6619 6617 1883
f 6624 6618 1895
f 6623 6624 444
f 6618 6623 629
f 6626 6625 1894
f 6611 6626 628
f 6625 6611 270
f 6627 6626 1894
f 6615 6627 205
f 6626 6615 628
f 6628 6614 629
f 6595 6628 630
f 6614 6595 628
f 6629 6596 630
f 6603 6629 532
f 6596 6603 149
f 6629 6606 532
f 6592 6629 630
f 6606 6592 1986
f 6628 6593 630
f 6623 6628 629
f 6593 6623 444
f 6630 6624 1895
f 6587 6630 1897
f 6624 6587 444
f 6633 6632 626
f 6631 6633 288
f 6632 6631 1898
f 6635 6634 627
f 6633 6635 288
f 6634 6633 626
f 6637 6636 1911
f 6635 6637 288
f 6636 6635 627
f 6639 6638 531
f 6637 6639 288
f 6638 6637 1911
f 6640 4745 530
f 4748 6640 525
f 4745 4748 220
f 6643 6642 1910
f 6641 6643 306
f 6642 6641 1911
f 6646 6645 1908
f 6644 6646 471
f 6645 6644 1906
f 6648 6647 627
f 6646 6648 471
f 6647 6646 1908
f 6651 6650 1908
f 6649 6651 227
f 6650 6649 1910
f 6652 6645 1906
f 6651 6652 227
f 6645 6651 1908
f 6653 6642 1911
f 6650 6653 1908
f 6642 6650 1910
f 6653 6647 1908
f 6636 6653 1911
f 6647 6636 627
f 6655 6634 626
f 6654 6655 610
f 6634 6654 627
f 6657 6656 531
f 6640 6657 525
f 6656 6640 530
f 6658 4738 529
f 6656 6658 531
f 4738 6656 530
f 6660 6657 531
f 6659 6660 306
f 6657 6659 525
f 6660 6641 306
f 6638 6660 531
f 6641 6638 1911
f 6661 6658 529
f 6639 6661 288
f 6658 6639 531
f 6662 6661 529
f 6631 6662 1898
f 6661 6631 288
f 6663 6662 529
f 6590 6663 1986
f 6662 6590 1898
f 6664 6588 1897
f 6632 6664 626
f 6588 6632 1898
f 6665 2139 1896
f 6664 6665 626
f 2139 6664 1897
f 6665 6655 626
f 6586 6665 1896
f 6655 6586 610
f 6666 6582 625
f 2149 6666 624
f 6582 2149 612
f 6668 6667 611
f 6585 6668 610
f 6667 6585 296
f 6669 6654 610
f 6648 6669 471
f 6654 6648 627
f 6670 6668 611
f 6669 6670 471
f 6668 6669 610
f 6671 6576 609
f 6670 6671 471
f 6576 6670 611
f 6667 6577 611
f 6580 6667 296
f 6577 6580 613
f 6673 6578 613
f 6672 6673 245
f 6578 6672 609
f 6676 6675 605
f 6674 6676 245
f 6675 6674 606
f 6675 6563 605
f 6550 6675 606
f 6563 6550 604
f 6678 6677 614
f 6674 6678 606
f 6677 6674 245
f 6679 6678 614
f 6548 6679 1903
f 6678 6548 606
f 6681 6680 607
f 6672 6681 609
f 6680 6672 245
f 6682 6681 607
f 6671 6682 471
f 6681 6671 609
f 6683 6682 607
f 6644 6683 1906
f 6682 6644 471
f 6685 6652 1906
f 6684 6685 203
f 6652 6684 227
f 6686 6683 607
f 6685 6686 203
f 6683 6685 1906
f 6687 6676 605
f 6680 6687 607
f 6676 6680 245
f 6689 6688 608
f 6686 6689 203
f 6688 6686 607
f 6691 6690 1907
f 6689 6691 203
f 6690 6689 608
f 6692 6691 1907
f 6684 6692 227
f 6691 6684 203
f 6692 6649 227
f 6575 6692 1907
f 6649 6575 1910
f 6693 6574 1909
f 6643 6693 306
f 6574 6643 1910
f 6695 6694 1912
f 6572 6695 1909
f 6694 6572 1913
f 6697 6696 526
f 6693 6697 306
f 6696 6693 1909
f 6700 6699 1912
f 6698 6700 225
f 6699 6698 526
f 6701 6697 526
f 6659 6701 525
f 6697 6659 306
f 6699 6695 1912
f 6696 6699 526
f 6695 6696 1909
f 6703 6702 313
f 6700 6703 225
f 6702 6700 1912
f 6705 4773 1013
f 6704 6705 313
f 4773 6704 599
f 6706 6704 313
f 6568 6706 1913
f 6704 6568 599
f 6706 6694 1913
f 6702 6706 313
f 6694 6702 1912
f 6690 6571 1907
f 6570 6690 608
f 6571 6570 1913
f 6688 6566 608
f 6687 6688 607
f 6566 6687 605
f 6707 6567 284
f 4775 6707 600
f 6567 4775 599
f 6707 6560 600
f 6564 6707 284
f 6560 6564 604
f 6708 6559 204
f 6561 6708 600
f 6559 6561 601
f 6709 6551 223
f 6553 6709 910
f 6551 6553 601
f 6710 6546 1904
f 6709 6710 910
f 6546 6709 223
f 6711 6535 1902
f 6538 6711 75
f 6535 6538 132
f 6711 6541 75
f 4833 6711 1902
f 6541 4833 1710
f 6712 4835 266
f 4834 6712 1707
f 4835 4834 1902
f 6714 6713 1706
f 4840 6714 266
f 6713 4840 1705
f 6715 6714 1706
f 6712 6715 1707
f 6714 6712 266
f 6716 5523 1703
f 6713 6716 1706
f 5523 6713 1705
f 6716 5459 1706
f 5602 6716 1703
f 5459 5602 414
f 6715 4829 1707
f 5458 6715 1706
f 4829 5458 1709
f 4832 4827 1710
f 4831 4832 1707
f 4827 4831 1708
f 6718 6717 910
f 4826 6718 1710
f 6717 4826 145
f 6718 6542 1710
f 6710 6718 910
f 6542 6710 1904
f 6720 6719 909
f 6717 6720 910
f 6719 6717 145
f 6720 6554 910
f 4825 6720 909
f 6554 4825 602
f 6721 4823 909
f 4809 6721 1712
f 4823 4809 1713
f 6722 6719 145
f 6721 6722 1712
f 6719 6721 909
f 6723 4828 1708
f 6722 6723 1712
f 4828 6722 145
f 6724 6723 1708
f 4811 6724 1711
f 6723 4811 1712
f 6725 4830 1709
f 6724 6725 1711
f 4830 6724 1708
f 6726 5455 366
f 6725 6726 1711
f 5455 6725 1709
f 6727 6726 366
f 4813 6727 1020
f 6726 4813 1711
f 6728 4817 1020
f 5610 6728 1022
f 4817 5610 1023
f 6728 5635 1022
f 6727 6728 1020
f 5635 6727 366
f 6729 4807 1715
f 4820 6729 1714
f 4807 4820 1713
f 6731 6729 1715
f 6730 6731 906
f 6729 6730 1714
f 6733 6732 1726
f 6731 6733 906
f 6732 6731 1715
f 6735 6732 1715
f 6734 6735 1024
f 6732 6734 1726
f 6735 4816 1024
f 4806 6735 1715
f 4816 4806 285
f 6736 4805 1726
f 5617 6736 324
f 4805 5617 1727
f 6736 5612 324
f 6734 6736 1726
f 5612 6734 1024
f 6737 4800 904
f 5486 6737 496
f 4800 5486 905
f 6733 4798 906
f 4803 6733 1726
f 4798 4803 77
f 6738 4793 907
f 4797 6738 906
f 4793 4797 365
f 6738 6730 906
f 4787 6738 907
f 6730 4787 1714
f 6739 4795 905
f 4789 6739 1716
f 4795 4789 365
f 6739 5478 1716
f 5485 6739 905
f 5478 5485 1723
f 6740 4786 902
f 4821 6740 387
f 4786 4821 1714
f 6742 6741 603
f 6740 6742 387
f 6741 6740 902
f 6742 4824 387
f 6557 6742 603
f 4824 6557 602
f 4792 4788 907
f 4785 4792 908
f 4788 4785 902
f 6744 6743 603
f 4779 6744 248
f 6743 4779 903
f 6744 4784 248
f 6741 6744 603
f 4784 6741 902
f 6745 6743 903
f 6558 6745 204
f 6743 6558 603
f 6747 6746 598
f 6745 6747 204
f 6746 6745 903
f 6747 6708 204
f 4776 6747 598
f 6708 4776 600
f 6748 6746 903
f 4771 6748 1905
f 6746 4771 598
f 6749 4778 1588
f 6748 6749 1905
f 4778 6748 903
f 6750 4770 1905
f 5513 6750 219
f 4770 5513 1014
f 6750 5506 219
f 6749 6750 1905
f 5506 6749 1588
f 6751 4767 1012
f 6705 6751 313
f 4767 6705 1013
f 6752 4766 1914
f 6751 6752 313
f 4766 6751 1012
f 5527 5511 1589
f 4764 5527 112
f 5511 4764 1014
f 6754 6753 1009
f 5529 6754 112
f 6753 5529 1010
f 6753 4761 1009
f 5534 6753 1010
f 4761 5534 1011
f 5547 4759 1592
f 4755 5547 1919
f 4759 4755 46
f 6755 4754 1915
f 4760 6755 1009
f 4754 4760 46
f 6756 6754 1009
f 4765 6756 1914
f 6754 4765 112
f 6757 6755 1915
f 6756 6757 1914
f 6755 6756 1009
f 6758 5567 596
f 4753 6758 1915
f 5567 4753 597
f 6761 6760 527
f 6759 6761 225
f 6760 6759 1915
f 6762 6759 225
f 6757 6762 1914
f 6759 6757 1915
f 6762 6752 1914
f 6703 6762 225
f 6752 6703 313
f 6763 6701 526
f 4749 6763 527
f 6701 4749 525
f 6763 6761 527
f 6698 6763 526
f 6761 6698 225
f 6760 4751 527
f 6758 6760 1915
f 4751 6758 596
f 6765 4737 528
f 6764 6765 468
f 4737 6764 529
f 6764 6663 529
f 6607 6764 468
f 6663 6607 1986
f 6767 6766 1996
f 6765 6767 468
f 6766 6765 528
f 6768 4735 533
f 6767 6768 468
f 4735 6767 1996
f 6769 6768 533
f 6605 6769 532
f 6768 6605 468
f 6770 6769 533
f 6604 6770 534
f 6769 6604 532
f 6772 6770 533
f 6771 6772 298
f 6770 6771 534
f 6773 6771 298
f 6608 6773 538
f 6771 6608 534
f 6774 4734 504
f 6773 6774 538
f 4734 6773 298
f 6775 4694 1983
f 6774 6775 538
f 4694 6774 504
f 6772 4730 298
f 4736 6772 533
f 4730 4736 1997
f 6777 6776 1995
f 4729 6777 470
f 6776 4729 1996
f 6779 6778 1994
f 6777 6779 470
f 6778 6777 1995
f 6776 4741 1995
f 6766 6776 1996
f 4741 6766 528
f 6780 4743 1988
f 6778 6780 1994
f 4743 6778 1995
f 6781 5564 481
f 6780 6781 1994
f 5564 6780 1988
f 6783 6782 512
f 5571 6783 481
f 6782 5571 513
f 6784 6783 512
f 6781 6784 1994
f 6783 6781 481
f 6785 6447 514
f 6782 6785 512
f 6447 6782 513
f 6786 4725 511
f 6784 6786 1994
f 4725 6784 512
f 6787 6786 511
f 6779 6787 470
f 6786 6779 1994
f 6787 4727 470
f 4724 6787 511
f 4727 4724 1997
f 4731 4722 505
f 4723 4731 1997
f 4722 4723 510
f 6785 4726 512
f 6448 6785 514
f 4726 6448 61
f 6449 4658 516
f 6445 6449 514
f 4658 6445 515
f 6788 4711 1999
f 4656 6788 516
f 4711 4656 1998
f 6790 6788 1999
f 6789 6790 509
f 6788 6789 516
f 6789 6450 516
f 4712 6789 509
f 6450 4712 61
f 6790 4718 509
f 4708 6790 1999
f 4718 4708 2003
f 6791 4703 507
f 4719 6791 233
f 4703 4719 2003
f 6792 4698 506
f 6791 6792 233
f 4698 6791 507
f 6793 6792 506
f 4721 6793 505
f 6792 4721 233
f 6793 4733 505
f 4696 6793 506
f 4733 4696 504
f 4700 4697 506
f 4691 4700 508
f 4697 4691 6
f 6794 4681 2006
f 4686 6794 2007
f 4681 4686 443
f 6794 4689 2007
f 2019 6794 2006
f 4689 2019 503
f 6796 4677 2005
f 6795 6796 336
f 4677 6795 2002
f 6796 4702 336
f 4701 6796 2005
f 4702 4701 507
f 6798 6797 548
f 6795 6798 2002
f 6797 6795 336
f 6797 4669 548
f 4706 6797 336
f 4669 4706 2001
f 4710 4707 1999
f 4667 4710 2000
f 4707 4667 2001
f 6799 4709 1998
f 4661 6799 518
f 4709 4661 2000
f 6802 6801 1954
f 6800 6802 424
f 6801 6800 1955
f 6803 6443 523
f 4653 6803 1993
f 6443 4653 515
f 6804 4923 23
f 6803 6804 1993
f 4923 6803 523
f 6805 6804 23
f 4650 6805 1992
f 6804 4650 1993
f 6805 6435 1992
f 4929 6805 23
f 6435 4929 1991
f 6806 6436 2
f 4651 6806 519
f 6436 4651 1992
f 6807 4649 519
f 4654 6807 315
f 4649 4654 1993
f 6808 4647 518
f 6807 6808 315
f 4647 6807 519
f 6808 4655 315
f 6799 6808 518
f 4655 6799 1998
f 6809 6806 2
f 4648 6809 517
f 6806 4648 519
f 6810 4646 517
f 4663 6810 424
f 4646 4663 518
f 6813 6812 1955
f 6811 6813 517
f 6812 6811 1943
f 6811 6119 1943
f 6809 6811 517
f 6119 6809 2
f 6813 6810 517
f 6800 6813 1955
f 6810 6800 424
f 6814 6121 555
f 6812 6814 1955
f 6121 6812 1943
f 6816 6815 557
f 6814 6816 1955
f 6815 6814 555
f 6817 6177 556
f 6120 6817 555
f 6177 6120 338
f 6818 6816 557
f 6801 6818 1954
f 6816 6801 1955
f 6819 6818 557
f 4618 6819 68
f 6818 4618 1954
f 6817 6815 555
f 4645 6817 556
f 6815 4645 557
f 6820 6176 1825
f 4641 6820 569
f 6176 4641 556
f 6820 6094 569
f 6098 6820 1825
f 6094 6098 498
f 6821 6356 571
f 4636 6821 1944
f 6356 4636 569
f 6822 4638 1944
f 4634 6822 1828
f 4638 4634 567
f 6824 6823 1828
f 6355 6824 571
f 6823 6355 1612
f 6824 6821 571
f 6822 6824 1828
f 6821 6822 1944
f 6823 4630 1828
f 6276 6823 1612
f 4630 6276 1827
f 6825 4624 568
f 4628 6825 267
f 4624 4628 717
f 6826 6825 568
f 4633 6826 567
f 6825 4633 267
f 6828 6826 568
f 6827 6828 558
f 6826 6827 567
f 6827 4639 567
f 4642 6827 558
f 4639 4642 458
f 6830 6829 559
f 6828 6830 558
f 6829 6828 568
f 6831 4619 68
f 6830 6831 558
f 4619 6830 559
f 6832 4623 254
f 6829 6832 559
f 4623 6829 568
f 6831 4643 558
f 6819 6831 68
f 4643 6819 557
f 6833 4662 424
f 4610 6833 554
f 4662 4610 553
f 6833 4612 554
f 6802 6833 424
f 4612 6802 1954
f 6834 4609 552
f 4665 6834 106
f 4609 4665 553
f 6835 6834 552
f 4670 6835 549
f 6834 4670 106
f 6837 6836 551
f 6835 6837 549
f 6836 6835 552
f 6839 6836 552
f 6838 6839 91
f 6836 6838 551
f 6839 4615 91
f 4611 6839 552
f 4615 4611 554
f 6841 6840 1959
f 6838 6841 551
f 6840 6838 91
f 6842 6840 91
f 4608 6842 562
f 6840 4608 1959
f 6843 4616 563
f 6842 6843 562
f 4616 6842 91
f 6844 4622 561
f 6843 6844 562
f 4622 6843 563
f 6847 6846 560
f 6845 6847 477
f 6846 6845 561
f 6848 6832 254
f 4621 6848 561
f 6832 4621 559
f 6849 6845 477
f 6844 6849 562
f 6845 6844 561
f 6850 6849 477
f 4606 6850 1961
f 6849 4606 562
f 6852 4607 1961
f 6851 6852 462
f 4607 6851 1959
f 6853 3846 1962
f 6852 6853 462
f 3846 6852 1961
f 6854 6853 1962
f 4604 6854 1964
f 6853 4604 462
f 6856 6854 1962
f 6855 6856 1952
f 6854 6855 1964
f 6857 6855 1952
f 4603 6857 1963
f 6855 4603 1964
f 6859 6857 1952
f 6858 6859 346
f 6857 6858 1963
f 6860 4595 542
f 4589 6860 1965
f 4595 4589 543
f 6861 4587 1960
f 4605 6861 462
f 4587 4605 1965
f 6862 6861 1960
f 6851 6862 1959
f 6861 6851 462
f 6863 6862 1960
f 6841 6863 551
f 6862 6841 1959
f 6865 6863 1960
f 6864 6865 492
f 6863 6864 551
f 6864 6837 551
f 4674 6864 492
f 6837 4674 549
f 6866 4586 1958
f 6865 6866 492
f 4586 6865 1960
f 6860 4588 1965
f 4584 6860 542
f 4588 4584 1958
f 6867 4592 134
f 4585 6867 259
f 4592 4585 542
f 6868 6867 134
f 4579 6868 1966
f 6867 4579 259
f 6869 4582 1956
f 6866 6869 492
f 4582 6866 1958
f 6870 4580 1957
f 4581 6870 1956
f 4580 4581 259
f 6869 4672 492
f 4577 6869 1956
f 4672 4577 550
f 6798 4575 2002
f 4675 6798 548
f 4575 4675 550
f 4569 2015 547
f 4565 4569 545
f 2015 4565 546
f 6871 4578 1956
f 4568 6871 545
f 4578 4568 1
f 6871 4567 545
f 6870 6871 1956
f 4567 6870 1957
f 4564 4558 72
f 3918 4564 1966
f 4558 3918 1967
f 6872 6868 134
f 3919 6872 692
f 6868 3919 1966
f 6873 4594 544
f 6872 6873 692
f 4594 6872 134
f 6873 3915 692
f 4598 6873 544
f 3915 4598 693
f 3912 3909 1969
f 3911 3912 39
f 3909 3911 1856
f 6874 3907 1856
f 3955 6874 323
f 3907 3955 1970
f 6876 6875 691
f 6874 6876 323
f 6875 6874 1856
f 6878 6877 1855
f 6876 6878 323
f 6877 6876 691
f 6879 6878 1855
f 3956 6879 683
f 6878 3956 323
f 6880 6879 1855
f 4529 6880 685
f 6879 4529 683
f 6880 4526 685
f 3905 6880 1855
f 4526 3905 1858
f 6877 3906 1855
f 3900 6877 691
f 3906 3900 392
f 6882 6881 1667
f 3902 6882 1857
f 6881 3902 392
f 6883 6882 1667
f 4415 6883 1663
f 6882 4415 1857
f 6884 6883 1667
f 4446 6884 486
f 6883 4446 1663
f 6886 6885 1666
f 6884 6886 486
f 6885 6884 1667
f 6887 4448 1669
f 3899 6887 1666
f 4448 3899 1670
f 6887 6886 1666
f 4454 6887 1669
f 6886 4454 486
f 6888 6885 1667
f 3895 6888 690
f 6885 3895 1666
f 6888 3901 690
f 6881 6888 1667
f 3901 6881 392
f 6875 3891 691
f 3910 6875 1856
f 3891 3910 689
f 6889 3916 693
f 3886 6889 695
f 3916 3886 39
f 6890 4597 327
f 6889 6890 695
f 4597 6889 693
f 6891 3887 695
f 3893 6891 358
f 3887 3893 689
f 6891 3896 358
f 3884 6891 695
f 3896 3884 696
f 6892 6890 327
f 3885 6892 694
f 6890 3885 695
f 6893 4602 1963
f 6892 6893 694
f 4602 6892 327
f 6894 6858 346
f 6893 6894 694
f 6858 6893 1963
f 6896 6895 1854
f 6894 6896 694
f 6895 6894 346
f 6897 6896 1854
f 3883 6897 696
f 6896 3883 694
f 6897 3897 696
f 3881 6897 1854
f 3897 3881 1670
f 6899 6898 697
f 4449 6899 699
f 6898 4449 44
f 6899 3876 699
f 3879 6899 697
f 3876 3879 698
f 6900 4451 269
f 3871 6900 1668
f 4451 3871 1664
f 4412 4411 1674
f 3869 4412 304
f 4411 3869 1672
f 6901 3872 1668
f 3867 6901 1671
f 3872 3867 304
f 6903 6901 1668
f 6902 6903 698
f 6901 6902 1671
f 6904 6902 698
f 3866 6904 701
f 6902 3866 1671
f 6903 3877 698
f 6900 6903 1668
f 3877 6900 269
f 6905 3878 700
f 6904 6905 701
f 3878 6904 698
f 6906 6905 700
f 3788 6906 703
f 6905 3788 701
f 6907 3864 702
f 6906 6907 703
f 3864 6906 700
f 6908 6898 44
f 3858 6908 1951
f 6898 3858 697
f 6909 3882 1854
f 6908 6909 1951
f 3882 6908 44
f 6911 3855 1951
f 6910 6911 346
f 3855 6910 1949
f 6911 6895 346
f 6909 6911 1951
f 6895 6909 1854
f 6910 3852 1949
f 6859 6910 346
f 3852 6859 1952
f 3859 3850 1948
f 3856 3859 109
f 3850 3856 1949
f 6912 3848 380
f 3843 6912 1953
f 3848 3843 1950
f 6913 6912 380
f 3845 6913 1962
f 6912 3845 1953
f 6913 6856 1962
f 3853 6913 380
f 6856 3853 1952
f 6915 3844 1953
f 6914 6915 477
f 3844 6914 1945
f 6915 6850 477
f 3847 6915 1953
f 6850 3847 1961
f 6914 3842 1945
f 6847 6914 477
f 3842 6847 560
f 6918 6917 560
f 6916 6918 254
f 6917 6916 564
f 6918 6848 254
f 6846 6918 560
f 6848 6846 561
f 6919 4625 717
f 6916 6919 564
f 4625 6916 254
f 6917 3841 560
f 3839 6917 564
f 3841 3839 566
f 6920 3840 564
f 3831 6920 1842
f 3840 3831 353
f 6922 6921 716
f 6919 6922 564
f 6921 6919 717
f 6922 6920 564
f 3836 6922 716
f 6920 3836 1842
f 6923 4627 715
f 6921 6923 716
f 4627 6921 717
f 6924 3737 348
f 6923 6924 716
f 3737 6923 715
f 6925 6924 348
f 3835 6925 1830
f 6924 3835 716
f 6928 6927 1830
f 6926 6928 714
f 6927 6926 1831
f 6930 6929 704
f 3826 6930 1840
f 6929 3826 73
f 6931 6927 1831
f 3834 6931 73
f 6927 3834 1830
f 6932 6931 1831
f 6929 6932 704
f 6931 6929 73
f 6935 6934 705
f 6933 6935 76
f 6934 6933 706
f 6936 6934 706
f 3741 6936 1834
f 6934 3741 705
f 6938 6936 706
f 6937 6938 704
f 6936 6937 1834
f 6939 6932 1831
f 6937 6939 1834
f 6932 6937 704
f 6941 6939 1831
f 6940 6941 369
f 6939 6940 1834
f 6942 6938 706
f 6930 6942 1840
f 6938 6930 704
f 6943 6942 706
f 3825 6943 1843
f 6942 3825 1840
f 6944 3824 158
f 3827 6944 1841
f 3824 3827 1840
f 6944 3816 1841
f 3821 6944 158
f 3816 3821 1850
f 3837 3815 565
f 3829 3837 353
f 3815 3829 1841
f 3813 3804 423
f 3798 3813 1946
f 3804 3798 1947
f 3860 3800 702
f 3801 3860 1948
f 3800 3801 1947
f 6945 3820 1848
f 3794 6945 1849
f 3820 3794 1850
f 6946 3765 1851
f 3796 6946 265
f 3765 3796 1849
f 6947 3790 703
f 6946 6947 265
f 3790 6946 1851
f 6947 3799 265
f 6907 6947 703
f 3799 6907 702
f 4406 3865 1853
f 3868 4406 1672
f 3865 3868 1671
f 6948 3784 1852
f 4407 6948 441
f 3784 4407 1853
f 6949 3781 1679
f 6948 6949 441
f 3781 6948 1852
f 6949 4408 441
f 4464 6949 1679
f 4408 4464 1676
f 6951 6950 1680
f 4465 6951 488
f 6950 4465 1679
f 6952 6951 1680
f 4466 6952 1677
f 6951 4466 488
f 6952 3594 1677
f 3779 6952 1680
f 3594 3779 1683
f 6954 3777 1680
f 6953 6954 449
f 3777 6953 1686
f 6954 3780 449
f 6950 6954 1680
f 3780 6950 1679
f 6955 6953 449
f 3772 6955 1681
f 6953 3772 1686
f 6956 3774 1688
f 3775 6956 1657
f 3774 3775 172
f 6958 6957 1689
f 6956 6958 1657
f 6957 6956 1688
f 6960 6959 1682
f 6955 6960 1681
f 6959 6955 449
f 6961 3782 1852
f 6959 6961 1682
f 3782 6959 449
f 6962 3783 341
f 6961 6962 1682
f 3783 6961 1852
f 6962 3768 1682
f 3791 6962 341
f 3768 3791 1851
f 6963 6945 1848
f 3766 6963 28
f 6945 3766 1849
f 6960 3763 1681
f 3767 6960 1682
f 3763 3767 28
f 6957 3759 1689
f 3769 6957 1688
f 3759 3769 1690
f 6965 6964 1845
f 3760 6965 177
f 6964 3760 1690
f 6966 6963 1848
f 3761 6966 1690
f 6963 3761 28
f 6966 6964 1690
f 3818 6966 1848
f 6964 3818 1845
f 6967 6965 1845
f 3755 6967 1844
f 6965 3755 177
f 6968 3823 1843
f 6967 6968 1844
f 3823 6967 1845
f 6970 6968 1843
f 6969 6970 76
f 6968 6969 1844
f 6970 6933 76
f 6943 6970 1843
f 6933 6943 706
f 6973 6972 707
f 6971 6973 76
f 6972 6971 1835
f 6973 6969 76
f 3752 6973 707
f 6969 3752 1844
f 3750 3552 709
f 3748 3750 707
f 3552 3748 708
f 6975 6974 982
f 6972 6975 707
f 6974 6972 1835
f 6976 6975 982
f 3749 6976 194
f 6975 3749 707
f 6979 6978 982
f 6977 6979 980
f 6978 6977 981
f 6981 6979 982
f 6980 6981 148
f 6979 6980 980
f 6984 6983 1624
f 6982 6984 148
f 6983 6982 1835
f 6986 6985 1626
f 6984 6986 148
f 6985 6984 1624
f 6987 6983 1835
f 3746 6987 705
f 6983 3746 1624
f 6987 6935 705
f 6971 6987 1835
f 6935 6971 76
f 6982 6974 1835
f 6981 6982 148
f 6974 6981 982
f 6988 6940 369
f 3743 6988 1833
f 6940 3743 1834
f 6989 6926 714
f 6941 6989 369
f 6926 6941 1831
f 6990 6925 348
f 6928 6990 714
f 6925 6928 1830
f 6991 4632 1827
f 3738 6991 1829
f 4632 3738 715
f 6992 6275 7
f 6991 6992 1829
f 6275 6991 1827
f 6992 3735 1829
f 6280 6992 7
f 3735 6280 1613
f 6993 3734 713
f 3739 6993 348
f 3734 3739 1829
f 6993 6990 348
f 3731 6993 713
f 6990 3731 714
f 6994 3730 710
f 6989 6994 369
f 3730 6989 714
f 6995 3726 712
f 6994 6995 369
f 3726 6994 710
f 6996 6995 712
f 6988 6996 1833
f 6995 6988 369
f 6998 6997 992
f 3723 6998 711
f 6997 3723 403
f 6999 3721 1611
f 3729 6999 403
f 3721 3729 1832
f 7000 6270 1604
f 3715 7000 1607
f 6270 3715 1608
f 7001 3710 1607
f 6239 7001 18
f 3710 6239 1619
f 7001 6265 18
f 7000 7001 1607
f 6265 7000 1604
f 7002 3713 1609
f 3716 7002 146
f 3713 3716 1607
f 7002 3717 146
f 3709 7002 1609
f 3717 3709 1611
f 7003 3708 993
f 6999 7003 403
f 3708 6999 1611
f 7003 6997 403
f 3707 7003 993
f 6997 3707 992
f 7004 3711 1619
f 3693 7004 246
f 3711 3693 1610
f 7004 3686 246
f 6241 7004 1619
f 3686 6241 1618
f 7005 6249 4
f 6251 7005 1081
f 6249 6251 1617
f 7006 7005 4
f 3689 7006 1080
f 7005 3689 1081
f 7007 3678 996
f 3690 7007 994
f 3678 3690 995
f 7008 3697 994
f 3700 7008 1620
f 3697 3700 51
f 7009 7007 996
f 7008 7009 1620
f 7007 7008 994
f 7012 7011 1071
f 7010 7012 249
f 7011 7010 996
f 7014 7013 1545
f 7012 7014 249
f 7013 7012 1071
f 7010 7009 996
f 3706 7010 249
f 7009 3706 1620
f 3684 3679 995
f 3680 3684 1080
f 3679 3680 209
f 7015 7006 4
f 3681 7015 1084
f 7006 3681 1080
f 7017 7016 1085
f 3682 7017 209
f 7016 3682 1084
f 7019 7018 1072
f 7017 7019 209
f 7018 7017 1085
f 7020 3677 209
f 7011 7020 1071
f 3677 7011 996
f 7021 7019 1072
f 7020 7021 1071
f 7019 7020 209
f 7022 3664 1070
f 7021 7022 1071
f 3664 7021 1072
f 7023 7018 1085
f 3661 7023 1073
f 7018 3661 1072
f 3665 3659 1075
f 3662 3665 19
f 3659 3662 1073
f 7025 3673 1086
f 7024 7025 1078
f 3673 7024 1083
f 7026 3675 1083
f 7023 7026 1073
f 3675 7023 1085
f 7027 7026 1083
f 3657 7027 357
f 7026 3657 1073
f 7027 3652 357
f 7024 7027 1083
f 3652 7024 1078
f 7029 7025 1086
f 7028 7029 311
f 7025 7028 1078
f 7031 7030 978
f 7029 7031 311
f 7030 7029 1086
f 7033 7032 1079
f 7028 7033 1078
f 7032 7028 311
f 7034 7033 1079
f 3653 7034 1077
f 7033 3653 1078
f 7036 7034 1079
f 7035 7036 178
f 7034 7035 1077
f 7038 7037 1060
f 7036 7038 178
f 7037 7036 1079
f 7040 7039 1087
f 7037 7040 1060
f 7039 7037 1079
f 7041 7032 311
f 7039 7041 1087
f 7032 7039 1079
f 7043 7042 977
f 7041 7043 1087
f 7042 7041 311
f 7042 3649 977
f 7031 7042 311
f 3649 7031 978
f 7044 7030 1086
f 3645 7044 275
f 7030 3645 978
f 7046 7045 1645
f 7044 7046 275
f 7045 7044 1086
f 7047 3672 199
f 7045 7047 1645
f 3672 7045 1086
f 7048 7016 1084
f 3676 7048 199
f 7016 3676 1085
f 7050 7049 1082
f 7048 7050 199
f 7049 7048 1084
f 7050 7047 199
f 3642 7050 1082
f 7047 3642 1645
f 7049 6244 1082
f 7015 7049 1084
f 6244 7015 4
f 7052 7051 1646
f 3641 7052 1645
f 7051 3641 1647
f 8510 7054 8702
f 7053 8511 8703
f 8512 8704 8705
f 8513 8705 8706
f 8514 8707 8613
f 8515 8616 8702
f 8516 8620 8708
f 8517 8709 8624
f 8518 8627 8617
f 8519 8708 8710
f 8520 8711 8712
f 8521 8713 8709
f 8522 8714 8715
f 8523 8716 8713
f 8524 8712 8717
f 8525 8706 8718
f 8526 8719 8711
f 8527 8710 8707
f 7065 7064 1640
f 7063 7065 275
f 7064 7063 1646
f 7063 7052 1646
f 7046 7063 275
f 7052 7046 1645
f 7067 7064 1646
f 7066 7067 157
f 7064 7066 1640
f 7069 7068 1636
f 7067 7069 8720
f 7068 7067 1646
f 7070 7051 1647
f 7068 7070 1636
f 7051 7068 1646
f 6243 3640 1082
f 3636 6243 1648
f 3640 3636 1647
f 6247 3638 1648
f 6228 6247 1616
f 3638 6228 976
f 7070 3634 1636
f 3635 7070 1647
f 3634 3635 374
f 8528 8662 8721
f 8529 8722 8723
f 8530 8724 8660
f 7071 8531 8724
f 8532 8723 8704
f 8533 8703 8720
f 8534 8721 8725
f 8535 8726 8719
f 8536 8718 8722
f 7075 8537 8727
f 8538 8728 8661
f 7074 3632 374
f 7076 3639 976
f 7074 7076 975
f 3639 7074 374
f 7076 6314 975
f 6324 7076 976
f 6314 6324 971
f 8539 8729 8730
f 8540 8731 8684
f 8541 8685 8732
f 8542 8730 8733
f 8543 8734 8728
f 8544 8727 8731
f 8545 8733 8735
f 8546 8736 8726
f 8547 8725 8734
f 8548 8717 8736
f 8549 8735 8656
f 8550 8659 8714
f 8551 8657 8729
f 8552 8732 8688
f 8553 8687 8658
f 8554 8691 8696
f 8555 8701 8642
f 8556 8647 8686
f 8557 8678 8737
f 8558 8738 8739
f 8559 8740 8679
f 8560 8680 8741
f 8561 8742 8650
f 8562 8649 8677
f 8563 8741 8743
f 8564 8744 8640
f 8565 8639 8742
f 8566 8676 8745
f 8567 8746 8744
f 8568 8743 8673
f 7087 3617 943
f 7086 7087 191
f 3617 7086 947
f 8569 8745 8747
f 3619 7088 943
f 8570 8635 8746
f 7089 3614 942
f 7087 7089 191
f 3614 7087 943
f 7088 3615 943
f 320 8663 8747
f 3615 4147 944
f 7090 4148 141
f 3616 7090 942
f 4148 3616 944
f 7091 3613 1691
f 7089 7091 191
f 3613 7089 942
f 7092 7090 141
f 3612 7092 1693
f 7090 3612 942
f 7094 3608 1693
f 7093 7094 940
f 3608 7093 941
f 7095 7092 141
f 7094 7095 940
f 7092 7094 1693
f 7095 4141 940
f 4341 7095 141
f 4141 4341 938
f 7096 4124 641
f 4125 7096 940
f 4124 4125 238
f 7096 7093 940
f 3605 7096 641
f 7093 3605 941
f 4377 4123 642
f 3602 4377 640
f 4123 3602 641
f 7097 4054 1873
f 3603 7097 385
f 4054 3603 640
f 7099 7098 1874
f 7097 7099 385
f 7098 7097 1873
f 7098 3600 1874
f 4484 7098 1873
f 3600 4484 1871
f 4467 4391 645
f 3596 4467 1677
f 4391 3596 1678
f 7101 7100 1874
f 3588 7101 1684
f 7100 3588 1694
f 7101 3592 1684
f 3599 7101 1874
f 3592 3599 457
f 7102 7100 1694
f 7099 7102 385
f 7100 7099 1874
f 7102 3604 385
f 3609 7102 1694
f 3604 3609 941
f 7104 3590 1683
f 7103 7104 172
f 3590 7103 1685
f 7104 3773 172
f 3778 7104 1683
f 3773 3778 1686
f 7103 3584 1685
f 3776 7103 172
f 3584 3776 1687
f 7105 3582 1658
f 3611 7105 1691
f 3582 3611 90
f 7106 7105 1658
f 7091 7106 191
f 7105 7091 1691
f 7108 7107 945
f 7106 7108 191
f 7107 7106 1658
f 7109 6958 1689
f 3576 7109 1847
f 6958 3576 1657
f 7110 3757 1846
f 7109 7110 1847
f 3757 7109 1689
f 7112 7111 945
f 3574 7112 364
f 7111 3574 946
f 7112 3579 364
f 7107 7112 945
f 3579 7107 1658
f 7113 7108 945
f 7086 7113 947
f 7108 7086 191
f 7113 3568 947
f 7111 7113 945
f 3568 7111 946
f 8571 8632 8636
f 8572 8641 8634
f 3570 8573 8633
f 8574 8637 8748
f 8575 8749 8652
f 8576 8655 8638
f 8577 8715 8749
f 8578 8748 8628
f 8579 8631 8716
f 7115 3569 946
f 3560 7115 1838
f 3569 3560 221
f 7115 3559 1838
f 3573 7115 946
f 3559 3573 1839
f 7110 3554 1847
f 3753 7110 1846
f 3554 3753 709
f 7117 7116 1836
f 3549 7117 1837
f 7116 3549 708
f 1656 8622 8621
f 3557 3561 1838
f 3546 3557 1837
f 7118 7117 1836
f 3547 7118 183
f 7117 3547 1837
f 7120 7119 1630
f 7118 7120 183
f 7119 7118 1836
f 7123 7122 1836
f 7121 7123 194
f 7122 7121 981
f 7123 3747 194
f 7116 7123 1836
f 3747 7116 708
f 7124 7122 981
f 7119 7124 1630
f 7122 7119 1836
f 7121 6978 981
f 6976 7121 194
f 6978 6976 982
f 7125 7124 981
f 3540 7125 446
f 7124 3540 1630
f 7126 7120 1630
f 3541 7126 1629
f 7120 3541 183
f 7127 3539 1631
f 7126 7127 1629
f 3539 7126 1630
f 7129 7128 1633
f 7055 7129 157
f 7128 7055 1629
f 7130 7127 1631
f 7128 7130 1633
f 7127 7128 1629
f 7132 7130 1631
f 7131 7132 459
f 7130 7131 1633
f 7129 7066 157
f 3537 7129 1633
f 7066 3537 1640
f 7133 7131 459
f 3535 7133 1639
f 7131 3535 1633
f 7134 3536 1639
f 7065 7134 275
f 3536 7065 1640
f 7136 7135 1643
f 7133 7136 1639
f 7135 7133 459
f 7138 7136 1643
f 7137 7138 979
f 7136 7137 1639
f 7137 7134 1639
f 3643 7137 979
f 7134 3643 275
f 8152 8252 8335
f 8153 8336 8337
f 3533 7139 1643
f 7139 7138 1643
f 186 8253 8337
f 7138 3648 979
f 7141 7135 459
f 3534 7141 1642
f 7135 3534 1643
f 7142 3496 1642
f 3531 7142 1632
f 3496 3531 1641
f 7143 7141 459
f 7142 7143 1632
f 7141 7142 1642
f 7144 7132 1631
f 7143 7144 1632
f 7132 7143 459
f 7146 3532 1632
f 7145 7146 446
f 3532 7145 1628
f 7146 3538 446
f 7144 7146 1632
f 3538 7144 1631
f 7147 6977 980
f 7125 7147 446
f 6977 7125 981
f 7148 7147 980
f 7145 7148 1628
f 7147 7145 446
f 7149 3530 1627
f 6986 7149 148
f 3530 6986 1626
f 7150 7149 1627
f 6980 7150 980
f 7149 6980 148
f 7150 7148 980
f 3517 7150 1627
f 7148 3517 1628
f 7151 3525 1625
f 3744 7151 334
f 3525 3744 1833
f 7152 7151 1625
f 3745 7152 1624
f 7151 3745 334
f 7153 7152 1625
f 6985 7153 1626
f 7152 6985 1624
f 7154 7153 1625
f 3529 7154 495
f 7153 3529 1626
f 7156 7155 984
f 3724 7156 712
f 7155 3724 711
f 7156 6996 712
f 3526 7156 984
f 6996 3526 1833
f 7158 7155 711
f 7157 7158 420
f 7155 7157 984
f 7160 7159 985
f 7157 7160 984
f 7159 7157 420
f 7154 3527 495
f 3521 7154 1625
f 3527 3521 983
f 7160 3524 984
f 3522 7160 985
f 3524 3522 1625
f 7161 3523 985
f 3520 7161 274
f 3523 3520 983
f 7162 7161 985
f 3511 7162 987
f 7161 3511 274
f 7163 7159 420
f 7162 7163 987
f 7159 7162 985
f 7165 7164 1623
f 7163 7165 987
f 7164 7163 420
f 7166 3510 1623
f 6998 7166 711
f 3510 6998 992
f 7166 7158 711
f 7164 7166 1623
f 7158 7164 420
f 7168 7167 988
f 3506 7168 406
f 8154 8251 8338
f 8155 8338 8339
f 8156 7169 8340
f 7167 3502 988
f 7170 7168 988
f 3509 7170 1623
f 7168 3509 406
f 7171 3512 987
f 3500 7171 988
f 3512 3500 986
f 7171 7170 988
f 7165 7171 987
f 7170 7165 1623
f 8157 8341 8342
f 8158 8343 8249
f 8159 8248 8344
f 8160 8342 8345
f 8161 8346 8336
f 8162 8335 8343
f 8163 8245 8341
f 8164 8344 8340
f 8165 8339 8246
f 7176 7175 1622
f 263 8240 8347
f 7175 3488 1621
f 7177 3704 249
f 7175 7177 1622
f 3704 7175 1621
f 7178 7014 1545
f 7177 7178 1622
f 7014 7177 249
f 7022 7013 1071
f 3670 7022 1070
f 7013 3670 1545
f 7178 3482 1622
f 3484 7178 1545
f 3482 3484 1549
f 8166 8239 8348
f 8167 8349 8347
f 3481 7176 1622
f 8168 8350 8351
f 8169 8352 8349
f 8170 8348 8353
f 8171 8351 8354
f 8172 8355 8244
f 8173 8247 8352
f 8174 8354 8356
f 8175 8357 8346
f 8176 8345 8355
f 8177 8233 8358
f 8178 8359 8357
f 8179 8356 8228
f 8180 8358 8360
f 8181 8361 8255
f 8182 8254 8359
f 8183 8360 8362
f 8184 7186 8363
f 7185 8185 8361
f 8186 8235 8364
f 8187 8365 8363
f 8188 8362 8236
f 8189 8364 8366
f 8190 7189 8367
f 7187 8191 8365
f 8192 8368 8369
f 8193 8370 8226
f 8194 8225 8371
f 8195 8353 8368
f 8196 8371 8230
f 8197 8229 8350
f 8198 8223 8372
f 8199 8373 8234
f 8200 8237 8224
f 8201 7193 8374
f 7189 8202 8367
f 8203 8366 8375
f 8204 8218 8374
f 8205 8375 8373
f 8206 8372 8219
f 8207 8227 8376
f 8208 8377 8216
f 8209 8215 8222
f 8210 8221 8370
f 8211 8369 8238
f 3472 3483 1549
f 7197 7196 1051
f 3470 7197 258
f 7196 3470 1544
f 7196 3466 1051
f 3671 7196 1544
f 3466 3671 1551
f 7200 7199 1553
f 7198 7200 1075
f 7199 7198 1552
f 7200 3666 1075
f 3467 7200 1553
f 3666 3467 1551
f 7202 7199 1552
f 7201 7202 1538
f 7199 7201 1553
f 7203 7201 1538
f 3465 7203 185
f 7201 3465 1553
f 7205 7202 1552
f 7204 7205 58
f 7202 7204 1538
f 7207 7206 1540
f 7205 7207 58
f 7206 7205 1552
f 7208 3462 1540
f 3658 7208 1075
f 3462 3658 1074
f 7208 7198 1075
f 7206 7208 1540
f 7198 7206 1552
f 7210 3452 1094
f 7209 7210 1076
f 3452 7209 1543
f 7211 7210 1094
f 3459 7211 1542
f 7210 3459 1076
f 7212 3655 1077
f 7209 7212 1543
f 3655 7209 1076
f 7213 7035 178
f 7212 7213 1543
f 7035 7212 1077
f 7213 3450 1543
f 3446 7213 178
f 3450 3446 1062
f 7214 7038 1060
f 3444 7214 1059
f 7038 3444 178
f 7215 7188 363
f 7040 7215 1060
f 7188 7040 1087
f 7217 7216 1057
f 7194 7217 363
f 7216 7194 1058
f 7218 7217 1057
f 7215 7218 1060
f 7217 7215 363
f 7219 3445 1059
f 5768 7219 1061
f 3445 5768 1062
f 7218 7214 1060
f 3440 7218 1057
f 7214 3440 1059
f 7220 3439 74
f 7219 7220 1061
f 3439 7219 1059
f 7221 3438 1054
f 3443 7221 74
f 3438 3443 1052
f 7222 5798 1056
f 7221 7222 74
f 5798 7221 1054
f 7222 7220 74
f 5804 7222 1056
f 7220 5804 1061
f 7216 3442 1057
f 3434 7216 1058
f 3442 3434 1052
f 7225 7224 1546
f 7223 7225 258
f 7224 7223 1050
f 7225 3471 258
f 7195 8212 8377
f 8213 8376 8220
f 7228 7227 1050
f 7226 7228 185
f 7227 7226 1048
f 7229 7228 1050
f 3463 7229 1051
f 7228 3463 185
f 7229 7197 1051
f 7223 7229 1050
f 7197 7223 258
f 7224 3427 1546
f 3424 7224 1050
f 3427 3424 1068
f 7231 3422 1069
f 7230 7231 1053
f 3422 7230 1068
f 7230 3428 1068
f 3435 7230 1053
f 3428 3435 452
f 7232 7231 1069
f 5783 7232 253
f 7231 5783 1053
f 7233 7232 1069
f 5795 7233 1361
f 7232 5795 253
f 7234 3420 1550
f 7233 7234 1361
f 3420 7233 1069
f 7235 7234 1550
f 5792 7235 30
f 7234 5792 1361
f 7236 3418 1554
f 7235 7236 30
f 3418 7235 1550
f 7237 7236 1554
f 1365 8285 8378
f 7236 5793 30
f 7238 7237 1554
f 5853 7238 62
f 1365 8378 8334
f 7239 7238 1554
f 5710 7239 1555
f 7238 5710 62
f 7240 3419 344
f 3416 7240 1048
f 3419 3416 1550
f 7240 7227 1048
f 3425 7240 344
f 7227 3425 1050
f 7241 3417 1047
f 7239 7241 1555
f 3417 7239 1554
f 7242 7226 185
f 3414 7242 1049
f 7226 3414 1048
f 7242 3411 1049
f 7203 7242 185
f 3411 7203 1538
f 7241 3405 1555
f 3406 7241 1047
f 3405 3406 154
f 7243 5862 1535
f 5863 7243 137
f 5862 5863 1556
f 7245 7244 1537
f 5337 7245 1560
f 7244 5337 137
f 7246 7243 1535
f 7244 7246 1537
f 7243 7244 137
f 7247 7245 1537
f 5340 7247 294
f 7245 5340 1560
f 7248 3400 1090
f 7247 7248 294
f 3400 7247 1537
f 7249 3401 1537
f 3410 7249 154
f 3401 3410 1536
f 7249 3403 154
f 7246 7249 1537
f 3403 7246 1535
f 7250 7204 58
f 3412 7250 1536
f 7204 3412 1538
f 7251 7250 58
f 3402 7251 1090
f 7250 3402 1536
f 7252 7251 58
f 3399 7252 1088
f 7251 3399 1090
f 7253 3398 1089
f 7248 7253 294
f 3398 7248 1090
f 7254 7253 1089
f 5341 7254 1539
f 7253 5341 294
f 7255 3396 1533
f 7254 7255 1539
f 3396 7254 1089
f 7256 7255 1533
f 5345 7256 100
f 7255 5345 1539
f 7257 7256 1533
f 5346 7257 1534
f 7256 5346 100
f 7257 5401 1534
f 3394 7257 1533
f 5401 3394 1532
f 7258 7207 1540
f 7252 7258 1088
f 7207 7252 58
f 7260 7259 1541
f 3461 7260 1540
f 7259 3461 312
f 7260 7258 1540
f 3389 7260 1541
f 7258 3389 1088
f 7259 3383 1541
f 3460 7259 312
f 3383 3460 1542
f 7262 3384 1542
f 7261 7262 276
f 3384 7261 1093
f 7262 3454 276
f 7211 7262 1542
f 3454 7211 1094
f 7264 7263 1091
f 7261 7264 1093
f 7263 7261 276
f 3390 3385 350
f 3382 3390 1541
f 3385 3382 1093
f 7265 7264 1091
f 3386 7265 1092
f 7264 3386 1093
f 7266 3380 1226
f 3395 7266 1532
f 3380 3395 1092
f 7266 5402 1532
f 5403 7266 1226
f 5402 5403 337
f 5411 3378 1227
f 5404 5411 1225
f 3378 5404 1226
f 7267 3376 1237
f 5409 7267 1236
f 3376 5409 1227
f 7270 7269 1236
f 7268 7270 184
f 7269 7268 1235
f 7272 7271 1517
f 7268 7272 1235
f 7271 7268 184
f 7273 7267 1237
f 7270 7273 184
f 7267 7270 1236
f 7275 7274 1530
f 7273 7275 184
f 7274 7273 1237
f 7276 7265 1091
f 3381 7276 474
f 7265 3381 1092
f 7277 7276 1091
f 3375 7277 1237
f 7276 3375 474
f 7278 7277 1091
f 7274 7278 1530
f 7277 7274 1237
f 7279 7263 276
f 7278 7279 1530
f 7263 7278 1091
f 7281 7280 1519
f 7275 7281 184
f 7280 7275 1530
f 7283 7282 1531
f 7280 7283 1519
f 7282 7280 1530
f 7285 7284 1526
f 3372 7285 1531
f 7284 3372 1095
f 7286 7285 1526
f 7283 7286 1519
f 7285 7283 1531
f 7287 3369 117
f 7286 7287 1519
f 3369 7286 1526
f 7288 3373 1531
f 3455 7288 276
f 3373 3455 1096
f 7288 7279 276
f 7282 7288 1531
f 7279 7282 1530
f 7289 3447 359
f 3374 7289 1095
f 3447 3374 1096
f 7290 5771 1097
f 7289 7290 1095
f 5771 7289 359
f 7291 5764 292
f 7290 7291 1095
f 5764 7290 1097
f 7292 3370 1526
f 5760 7292 292
f 3370 5760 1527
f 7292 7291 292
f 7284 7292 1526
f 7291 7284 1095
f 7293 7281 1519
f 7271 7293 1517
f 7281 7271 184
f 7295 7294 1518
f 7287 7295 1519
f 7294 7287 117
f 7295 7293 1519
f 3367 7295 1518
f 7293 3367 1517
f 7272 2346 1235
f 3365 7272 1517
f 2346 3365 1516
f 7296 3368 1518
f 3360 7296 1522
f 3368 3360 371
f 7297 7296 1518
f 3357 7297 1524
f 7296 3357 1522
f 7298 7294 117
f 7297 7298 1524
f 7294 7297 1518
f 7300 7299 1524
f 5761 7300 1527
f 7299 5761 89
f 7300 3371 1527
f 7298 7300 1524
f 3371 7298 117
f 7301 7299 89
f 3359 7301 1523
f 7299 3359 1524
f 7303 7302 1520
f 3361 7303 1515
f 7302 3361 1522
f 7302 3351 1520
f 3356 7302 1522
f 3351 3356 1521
f 7305 7303 1520
f 7304 7305 1513
f 7303 7304 1515
f 7306 7304 1513
f 2331 7306 1512
f 7304 2331 1515
f 7308 7305 1520
f 7307 7308 131
f 7305 7307 1513
f 7308 3165 131
f 3350 7308 1520
f 3165 3350 1382
f 7309 3002 1377
f 3355 7309 49
f 3002 3355 1523
f 7310 7301 89
f 3003 7310 1525
f 7301 3003 1523
f 7311 5762 1528
f 7310 7311 1525
f 5762 7310 89
f 7312 5750 1529
f 5756 7312 1528
f 5750 5756 450
f 7312 7311 1528
f 2999 7312 1529
f 7311 2999 1525
f 7314 7313 1372
f 5812 7314 1373
f 7313 5812 1370
f 7316 7313 1370
f 7315 7316 1339
f 7313 7315 1372
f 7314 2997 1373
f 2992 7314 1372
f 2997 2992 379
f 7317 5840 1339
f 5835 7317 333
f 5840 5835 1340
f 7317 5813 333
f 7316 7317 1339
f 5813 7316 1370
f 7319 7318 1376
f 7315 7319 1372
f 7318 7315 1339
f 7320 7319 1376
f 2993 7320 1375
f 7319 2993 1372
f 7321 2994 1375
f 3000 7321 1377
f 2994 3000 379
f 7323 7322 1378
f 7321 7323 1377
f 7322 7321 1375
f 7324 7320 1376
f 7322 7324 1378
f 7320 7322 1375
f 7323 7309 1377
f 3004 7323 1378
f 7309 3004 49
f 7326 7324 1376
f 7325 7326 236
f 7324 7325 1378
f 7327 7326 1376
f 2986 7327 1374
f 7326 2986 236
f 7328 7318 1339
f 7327 7328 1374
f 7318 7327 1376
f 7329 5839 218
f 7328 7329 1374
f 5839 7328 1339
f 7325 3346 1378
f 2991 7325 236
f 3346 2991 1379
f 3034 2981 1383
f 2984 3034 1384
f 2981 2984 1403
f 7330 7329 218
f 2983 7330 1403
f 7329 2983 1374
f 7332 7331 1405
f 3291 7332 1407
f 7331 3291 1313
f 7333 3039 345
f 7331 7333 1405
f 3039 7331 1313
f 7334 2977 1408
f 7332 7334 1407
f 2977 7332 1405
f 7334 3288 1407
f 3041 7334 1408
f 3288 3041 123
f 7335 2971 1404
f 2982 7335 345
f 2971 2982 1403
f 7335 7333 345
f 2974 7335 1404
f 7333 2974 1405
f 7330 2972 1403
f 5843 7330 218
f 2972 5843 1341
f 7338 7337 1341
f 7336 7338 409
f 7337 7336 843
f 7338 5836 409
f 5842 7338 1341
f 5836 5842 1340
f 7339 5845 840
f 7336 7339 843
f 5845 7336 409
f 7341 7339 840
f 7340 7341 839
f 7339 7340 843
f 7341 5722 839
f 5716 7341 840
f 5722 5716 841
f 7342 7337 843
f 2970 7342 1404
f 7337 2970 1341
f 7343 7342 843
f 2975 7343 332
f 7342 2975 1404
f 7345 7344 842
f 7343 7345 332
f 7344 7343 843
f 7344 2959 842
f 7340 7344 843
f 2959 7340 839
f 7347 7346 845
f 7345 7347 332
f 7346 7345 842
f 7348 7347 845
f 2976 7348 1408
f 7347 2976 332
f 7348 3042 1408
f 2968 7348 845
f 3042 2968 1417
f 7349 2957 844
f 7346 7349 845
f 2957 7346 842
f 7352 7351 1749
f 7350 7352 435
f 7351 7350 844
f 7350 7349 844
f 2969 7350 435
f 7349 2969 845
f 5725 2961 190
f 2954 5725 1757
f 2961 2954 1752
f 7353 2962 1752
f 7351 7353 1749
f 2962 7351 844
f 7353 2946 1749
f 2952 7353 1752
f 2946 2952 130
f 7354 2939 847
f 2945 7354 1749
f 2939 2945 1747
f 7355 2963 435
f 2942 7355 847
f 2963 2942 846
f 7355 7354 847
f 7352 7355 435
f 7354 7352 1749
f 7356 2943 848
f 3052 7356 60
f 2943 3052 846
f 2949 2944 130
f 2936 2949 1748
f 2944 2936 1747
f 7357 2846 1744
f 2931 7357 264
f 2846 2931 1745
f 7358 7357 1744
f 2940 7358 848
f 7357 2940 264
f 7360 7359 1742
f 7358 7360 848
f 7359 7358 1744
f 7361 7360 1742
f 7356 7361 60
f 7360 7356 848
f 7363 7362 854
f 7361 7363 60
f 7362 7361 1742
f 7365 7364 851
f 7363 7365 60
f 7364 7363 854
f 7366 7365 851
f 3051 7366 849
f 7365 3051 60
f 7367 2927 852
f 7366 7367 849
f 2927 7366 851
f 7368 3278 466
f 3280 7368 852
f 3278 3280 1410
f 7368 7367 852
f 3054 7368 466
f 7367 3054 849
f 7370 7369 853
f 7364 7370 851
f 7369 7364 854
f 7370 2928 851
f 2920 7370 853
f 2928 2920 454
f 7372 7369 854
f 7371 7372 5
f 7369 7371 853
f 7373 7371 5
f 2918 7373 857
f 7371 2918 853
f 2922 2913 1412
f 2921 2922 454
f 2913 2921 1413
f 7374 2915 377
f 2914 7374 1303
f 2915 2914 1413
f 7376 7375 1300
f 7374 7376 1303
f 7375 7374 377
f 7377 2906 1302
f 2907 7377 1300
f 2906 2907 181
f 7378 7377 1302
f 7376 7378 1303
f 7377 7376 1300
f 7379 7378 1302
f 3068 7379 321
f 7378 3068 1303
f 7380 2903 1306
f 7379 7380 321
f 2903 7379 1302
f 7381 2901 1305
f 7380 7381 321
f 2901 7380 1306
f 7381 3065 321
f 3071 7381 1305
f 3065 3071 1414
f 7382 3073 1304
f 3274 7382 293
f 3073 3274 1308
f 7382 3083 293
f 2899 7382 1304
f 3083 2899 1307
f 3276 3072 273
f 2900 3276 1305
f 3072 2900 1304
f 7384 7383 1309
f 3262 7384 1310
f 7383 3262 1307
f 7385 2898 11
f 7383 7385 1309
f 2898 7383 1307
f 7386 7384 1309
f 3258 7386 256
f 7384 3258 1310
f 7386 3102 256
f 2892 7386 1309
f 3102 2892 1424
f 7387 2889 1423
f 2895 7387 11
f 2889 2895 1425
f 7387 7385 11
f 2891 7387 1423
f 7385 2891 1309
f 3253 2884 1428
f 3103 3253 1284
f 2884 3103 1424
f 2911 2904 181
f 2880 2911 1429
f 2904 2880 1426
f 7388 2875 1286
f 2882 7388 442
f 2875 2882 1287
f 7388 2883 442
f 2878 7388 1286
f 2883 2878 1428
f 7390 7389 1444
f 2910 7390 1429
f 7389 2910 1299
f 7391 7390 1444
f 2873 7391 103
f 7390 2873 1429
f 7393 7392 1298
f 2866 7393 1297
f 7392 2866 37
f 7394 7393 1298
f 2695 7394 1296
f 7393 2695 1297
f 7397 7396 1437
f 7395 7397 287
f 7396 7395 1298
f 7398 7395 287
f 7394 7398 1296
f 7395 7394 1298
f 7399 7396 1298
f 2860 7399 1432
f 7396 2860 1437
f 7402 7401 1431
f 7400 7402 135
f 7401 7400 1740
f 7404 7403 859
f 7400 7404 1740
f 7403 7400 135
f 7406 7405 855
f 7403 7406 859
f 7405 7403 135
f 7409 7408 859
f 7407 7409 417
f 7408 7407 1741
f 7410 7408 1741
f 7404 7410 1740
f 7408 7404 859
f 7412 7410 1741
f 7411 7412 41
f 7410 7411 1740
f 7414 7413 862
f 7411 7414 1740
f 7413 7411 41
f 7414 7401 1740
f 2865 7414 862
f 7401 2865 1431
f 7415 2854 1430
f 7402 7415 135
f 2854 7402 1431
f 7417 7416 856
f 7415 7417 135
f 7416 7415 1430
f 7418 7392 37
f 7399 7418 1432
f 7392 7399 1298
f 7419 7418 37
f 2856 7419 1430
f 7418 2856 1432
f 7421 7420 1301
f 7419 7421 1430
f 7420 7419 37
f 7422 7389 1299
f 2868 7422 37
f 7389 2868 1444
f 7423 7422 1299
f 7420 7423 1301
f 7422 7420 37
f 7424 2908 1300
f 7423 7424 1301
f 2908 7423 1299
f 7425 7375 377
f 7424 7425 1301
f 7375 7424 1300
f 7427 7426 856
f 7425 7427 1301
f 7426 7425 377
f 7426 2852 856
f 2917 7426 377
f 2852 2917 857
f 7427 7421 1301
f 7416 7427 856
f 7421 7416 1430
f 7417 7405 135
f 2851 7417 856
f 7405 2851 855
f 7428 7373 5
f 2853 7428 855
f 7373 2853 857
f 7430 7429 858
f 7428 7430 855
f 7429 7428 5
f 7431 7372 854
f 7429 7431 858
f 7372 7429 5
f 7431 2849 858
f 7362 7431 854
f 2849 7362 1742
f 7432 7409 859
f 2848 7432 858
f 7409 2848 417
f 7432 7430 858
f 7406 7432 859
f 7430 7406 855
f 7433 7359 1744
f 2850 7433 417
f 7359 2850 1742
f 7434 2845 1743
f 7433 7434 417
f 2845 7433 1744
f 7436 2847 1745
f 7435 7436 232
f 2847 7435 1743
f 7434 7407 417
f 2843 7434 1743
f 7407 2843 1741
f 7437 7435 232
f 2844 7437 1738
f 7435 2844 1743
f 7438 2842 1738
f 7412 7438 41
f 2842 7412 1741
f 7439 2831 864
f 7438 7439 41
f 2831 7438 1738
f 7441 7440 860
f 7439 7441 41
f 7440 7439 864
f 7442 7441 860
f 7413 7442 862
f 7441 7413 41
f 7442 2864 862
f 2706 7442 860
f 2864 2706 861
f 7440 2708 860
f 2836 7440 864
f 2708 2836 866
f 7437 2832 1738
f 2829 7437 232
f 2832 2829 863
f 7444 2833 863
f 7443 7444 147
f 2833 7443 865
f 7445 2828 1739
f 7444 7445 147
f 2828 7444 863
f 7436 2826 232
f 2824 7436 1745
f 2826 2824 792
f 7446 2930 1746
f 2825 7446 1795
f 2930 2825 1745
f 7446 2822 1795
f 2934 7446 1746
f 2822 2934 1796
f 7447 2821 34
f 2820 7447 791
f 2821 2820 1795
f 7449 7448 790
f 7447 7449 791
f 7448 7447 34
f 7448 5310 790
f 5179 7448 34
f 5310 5179 1794
f 7452 7451 790
f 7450 7452 368
f 7451 7450 1793
f 7454 7453 1793
f 2816 7454 1739
f 7453 2816 791
f 7453 7451 1793
f 7449 7453 791
f 7451 7449 790
f 7455 7454 1793
f 7445 7455 147
f 7454 7445 1739
f 7457 7456 868
f 7455 7457 147
f 7456 7455 1793
f 7459 7458 867
f 7457 7459 147
f 7458 7457 868
f 7459 7443 147
f 2839 7459 867
f 7443 2839 865
f 7460 7458 868
f 2812 7460 869
f 7458 2812 867
f 7461 2543 1737
f 2814 7461 873
f 2543 2814 869
f 2815 2806 21
f 2802 2815 873
f 2806 2802 870
f 7462 2552 349
f 7461 7462 873
f 2552 7461 1737
f 7463 7462 349
f 2803 7463 874
f 7462 2803 873
f 7465 2723 1465
f 7464 7465 1458
f 2723 7464 1462
f 7465 2731 1458
f 2789 7465 1465
f 2731 2789 1267
f 7467 2715 1462
f 7466 7467 460
f 2715 7466 1461
f 7467 2744 460
f 7464 7467 1462
f 2744 7464 1458
f 7468 2717 440
f 2716 7468 1435
f 2717 2716 1461
f 7469 2714 1435
f 2724 7469 1436
f 2714 2724 1462
f 7470 7469 1435
f 2804 7470 871
f 7469 2804 1436
f 7471 7470 1435
f 2838 7471 408
f 7470 2838 871
f 7472 7471 1435
f 2712 7472 1434
f 7471 2712 408
f 7473 7468 440
f 7472 7473 1434
f 7468 7472 1435
f 2841 2710 866
f 2837 2841 872
f 2710 2837 408
f 7474 2704 1433
f 2862 7474 1437
f 2704 2862 861
f 7475 7474 1433
f 7397 7475 287
f 7474 7397 1437
f 2713 2703 386
f 2701 2713 1434
f 2703 2701 1433
f 7476 2700 1294
f 7475 7476 287
f 2700 7475 1433
f 7473 2702 1434
f 2721 7473 440
f 2702 2721 1294
f 7478 7477 1293
f 7476 7478 287
f 7477 7476 1294
f 7478 7398 287
f 2699 7478 1293
f 7398 2699 1296
f 7480 7479 1443
f 7391 7480 103
f 7479 7391 1444
f 7479 2693 1443
f 2867 7479 1444
f 2693 2867 1297
f 7481 2869 103
f 2666 7481 1442
f 2869 2666 1285
f 7481 2690 1442
f 7480 7481 103
f 2690 7480 1443
f 7482 2692 22
f 2691 7482 1290
f 2692 2691 1443
f 7483 2686 1288
f 2698 7483 22
f 2686 2698 1291
f 7484 7483 1288
f 7482 7484 1290
f 7483 7482 22
f 7486 7485 1295
f 2684 7486 234
f 7485 2684 1293
f 7485 2720 1295
f 7477 7485 1293
f 2720 7477 1294
f 7488 7487 1460
f 7486 7488 234
f 7487 7486 1295
f 7489 2718 1461
f 7487 7489 1460
f 2718 7487 1295
f 7490 7466 460
f 7489 7490 1460
f 7466 7489 1461
f 7491 2743 1459
f 7490 7491 1460
f 2743 7490 460
f 7493 7492 1292
f 7488 7493 234
f 7492 7488 1460
f 7494 7493 1292
f 2685 7494 1288
f 7493 2685 234
f 7495 2679 1289
f 7494 7495 1288
f 2679 7494 1292
f 7496 7495 1289
f 7484 7496 1290
f 7495 7484 1288
f 7497 7496 1289
f 2689 7497 497
f 7496 2689 1290
f 7498 2681 1438
f 7497 7498 497
f 2681 7497 1289
f 7492 2677 1292
f 7491 7492 1460
f 2677 7491 1459
f 2746 2742 1457
f 2674 2746 1440
f 2742 2674 1459
f 7500 7499 1439
f 2680 7500 1438
f 7499 2680 47
f 7501 2675 1440
f 7499 7501 1439
f 2675 7499 47
f 7502 7501 1440
f 2669 7502 1441
f 7501 2669 1439
f 7503 2745 99
f 7502 7503 1441
f 2745 7502 1440
f 7504 2785 1455
f 7503 7504 1441
f 2785 7503 99
f 7507 7506 1438
f 7505 7507 29
f 7506 7505 1274
f 7507 2668 29
f 7500 7507 1438
f 2668 7500 1439
f 7508 7506 1274
f 7498 7508 497
f 7506 7498 1438
f 7509 2655 1273
f 7508 7509 497
f 2655 7508 1274
f 7509 2687 497
f 2667 7509 1273
f 2687 2667 1442
f 7510 2663 120
f 2874 7510 1286
f 2663 2874 1285
f 7510 2876 1286
f 2662 7510 120
f 2876 2662 1427
f 2665 2657 120
f 2654 2665 1273
f 2657 2654 1272
f 7511 2656 1274
f 2649 7511 1453
f 2656 2649 1272
f 7512 7505 29
f 7511 7512 1453
f 7505 7511 1274
f 7512 2647 1453
f 2672 7512 29
f 2647 2672 1454
f 7504 2671 1441
f 2645 7504 1455
f 2671 2645 1454
f 7513 2754 1261
f 2749 7513 1264
f 2754 2749 38
f 7515 7514 1263
f 7513 7515 1264
f 7514 7513 1261
f 7516 7515 1263
f 2787 7516 129
f 7515 2787 1264
f 7519 7518 1263
f 7517 7519 26
f 7518 7517 1387
f 7519 2779 26
f 7514 7519 1263
f 2779 7514 1261
f 7520 2639 1270
f 7518 7520 1263
f 2639 7518 1387
f 7521 7520 1270
f 7516 7521 129
f 7520 7516 1263
f 7522 7521 1270
f 2641 7522 1269
f 7521 2641 129
f 7523 2637 1271
f 7522 7523 1269
f 2637 7522 1270
f 7524 2644 1269
f 2648 7524 111
f 2644 2648 1454
f 7525 7523 1271
f 7524 7525 111
f 7523 7524 1269
f 7528 7527 1452
f 7526 7528 111
f 7527 7526 1451
f 7528 2646 111
f 2650 7528 1452
f 2646 2650 1453
f 7526 2635 1451
f 7525 7526 111
f 2635 7525 1271
f 7529 7527 1451
f 3247 7529 447
f 7527 3247 1452
f 7529 3241 447
f 2632 7529 1451
f 3241 2632 1450
f 7530 2631 1388
f 3127 7530 355
f 2631 3127 1450
f 7530 3238 355
f 2629 7530 1388
f 3238 2629 1328
f 2636 2634 1271
f 2630 2636 136
f 2634 2630 1388
f 7533 7532 1387
f 7531 7533 1331
f 7532 7531 1386
f 7533 2768 1331
f 7517 7533 1387
f 2768 7517 26
f 7532 2640 1387
f 2627 7532 1386
f 2640 2627 136
f 7535 2626 1386
f 7534 7535 291
f 2626 7534 1324
f 7535 2769 291
f 7531 7535 1386
f 2769 7531 1331
f 7536 2624 1324
f 3239 7536 1327
f 2624 3239 1328
f 7537 7536 1324
f 3237 7537 231
f 7536 3237 1327
f 7539 7538 1326
f 7537 7539 231
f 7538 7537 1324
f 7540 7539 1326
f 3150 7540 1321
f 7539 3150 231
f 7541 7540 1326
f 3153 7541 1322
f 7540 3153 1321
f 7542 7541 1326
f 2622 7542 1325
f 7541 2622 1322
f 7543 7534 291
f 7538 7543 1326
f 7534 7538 1324
f 7545 7544 1325
f 2771 7545 291
f 7544 2771 1330
f 7545 7543 291
f 7542 7545 1325
f 7543 7542 1326
f 7547 7546 1385
f 2623 7547 402
f 7546 2623 1325
f 7548 7544 1330
f 7546 7548 1385
f 7544 7546 1325
f 7549 2772 260
f 7548 7549 1385
f 2772 7548 1330
f 7551 7550 1125
f 7547 7551 402
f 7550 7547 1385
f 7551 2617 402
f 3178 7551 1125
f 2617 3178 1124
f 7553 7552 1476
f 7549 7553 1385
f 7552 7549 260
f 7554 7553 1476
f 7550 7554 1125
f 7553 7550 1385
f 7555 7554 1476
f 3180 7555 1478
f 7554 3180 1125
f 7557 7556 1259
f 7552 7557 1476
f 7556 7552 260
f 7558 2776 1466
f 7556 7558 1259
f 2776 7556 260
f 7560 7559 1257
f 2615 7560 1466
f 7559 2615 9
f 7563 7562 1472
f 7561 7563 251
f 7562 7561 1254
f 7564 7563 1472
f 2760 7564 1468
f 7563 2760 251
f 7565 7564 1472
f 2609 7565 1470
f 7564 2609 1468
f 7559 2600 1257
f 2610 7559 9
f 2600 2610 1470
f 7566 7560 1257
f 7558 7566 1259
f 7560 7558 1466
f 7565 2602 1470
f 2595 7565 1472
f 2602 2595 1471
f 7562 2597 1472
f 2592 7562 1254
f 2597 2592 1474
f 7568 7567 1248
f 2594 7568 1471
f 7567 2594 24
f 7570 7569 1246
f 7567 7570 1248
f 7569 7567 24
f 7570 2465 1248
f 2473 7570 1246
f 2465 2473 1247
f 7572 7571 1732
f 2598 7572 24
f 7571 2598 1474
f 7573 7572 1732
f 7569 7573 1246
f 7572 7569 24
f 7574 7573 1732
f 2475 7574 1731
f 7573 2475 1246
f 7576 7574 1732
f 7575 7576 343
f 7574 7575 1731
f 7578 7577 1733
f 7576 7578 343
f 7577 7576 1732
f 7577 2590 1733
f 7571 7577 1732
f 2590 7571 1474
f 7579 2593 1254
f 2576 7579 1256
f 2593 2576 40
f 7580 7579 1254
f 2564 7580 1255
f 7579 2564 1256
f 7580 2764 1255
f 7561 7580 1254
f 2764 7561 251
f 7581 2734 448
f 2765 7581 1469
f 2734 2765 1268
f 7582 7581 448
f 2574 7582 1463
f 7581 2574 1469
f 2733 2725 448
f 2732 2733 125
f 2725 2732 1267
f 2575 2565 1255
f 2571 2575 1463
f 2565 2571 432
f 7583 2727 1464
f 7582 7583 1463
f 2727 7582 448
f 7583 2572 1463
f 2794 7583 1464
f 2572 2794 876
f 7584 2568 879
f 2561 7584 878
f 2568 2561 432
f 7586 7584 879
f 7585 7586 877
f 7584 7585 878
f 7585 2588 878
f 2585 7585 877
f 2588 2585 464
f 7588 7587 882
f 2586 7588 12
f 7587 2586 877
f 7590 7589 1735
f 7587 7590 882
f 7589 7587 877
f 7589 2560 1735
f 7586 7589 877
f 2560 7586 879
f 7592 7590 1735
f 7591 7592 152
f 7590 7591 882
f 2567 2558 879
f 2556 2567 875
f 2558 2556 1736
f 7463 2797 874
f 2557 7463 349
f 2797 2557 875
f 7593 2554 1784
f 2555 7593 1736
f 2554 2555 349
f 7595 7593 1784
f 7594 7595 152
f 7593 7594 1736
f 7596 2551 1783
f 7595 7596 152
f 2551 7595 1784
f 7594 2559 1736
f 7592 7594 152
f 2559 7592 1735
f 2553 2548 1784
f 2546 2553 1737
f 2548 2546 1785
f 7599 7598 1791
f 7597 7599 480
f 7598 7597 868
f 7597 7460 868
f 2544 7597 480
f 7460 2544 869
f 7601 7598 868
f 7600 7601 368
f 7598 7600 1791
f 7601 7450 368
f 7456 7601 868
f 7450 7456 1793
f 7602 7600 368
f 2540 7602 1792
f 7600 2540 1791
f 7603 5311 797
f 7452 7603 368
f 5311 7452 790
f 7604 7603 797
f 7602 7604 1792
f 7603 7602 368
f 7605 5190 796
f 7604 7605 1792
f 5190 7604 797
f 7607 7606 1792
f 5239 7607 798
f 7606 5239 174
f 7607 5193 798
f 7605 7607 1792
f 5193 7605 796
f 7608 7606 174
f 2541 7608 1787
f 7606 2541 1792
f 7609 2539 1787
f 7599 7609 480
f 2539 7599 1791
f 7610 7609 1787
f 2545 7610 1785
f 7609 2545 480
f 7612 7611 1786
f 7610 7612 1785
f 7611 7610 1787
f 7613 7608 174
f 7611 7613 1786
f 7608 7611 1787
f 7614 5238 802
f 7613 7614 1786
f 5238 7613 174
f 7615 7612 1786
f 2549 7615 472
f 7612 2549 1785
f 7617 7616 804
f 7615 7617 472
f 7616 7615 1786
f 7619 7618 805
f 5235 7619 802
f 7618 5235 801
f 7620 2535 804
f 7619 7620 802
f 2535 7619 805
f 7620 7614 802
f 7616 7620 804
f 7614 7616 1786
f 7621 5977 301
f 5234 7621 801
f 5977 5234 759
f 7622 7621 301
f 7618 7622 805
f 7621 7618 801
f 7622 2537 805
f 5079 7622 301
f 2537 5079 803
f 7623 2533 1779
f 7617 7623 472
f 2533 7617 804
f 7624 7623 1779
f 2550 7624 1783
f 7623 2550 472
f 7626 7625 1780
f 2538 7626 484
f 7625 2538 803
f 7625 2529 1780
f 5960 7625 803
f 2529 5960 1782
f 7627 7626 1780
f 2531 7627 1781
f 7626 2531 484
f 7629 7627 1780
f 7628 7629 453
f 7627 7628 1781
f 7630 2528 1776
f 7629 7630 453
f 2528 7629 1780
f 7631 5961 445
f 2530 7631 1776
f 5961 2530 1782
f 7633 7632 1771
f 7631 7633 1776
f 7632 7631 445
f 7634 5956 1772
f 7632 7634 1771
f 5956 7632 445
f 7637 7636 1773
f 7635 7637 15
f 7636 7635 814
f 7638 7637 1773
f 5953 7638 1772
f 7637 5953 15
f 7639 7638 1773
f 7634 7639 1771
f 7638 7634 1772
f 7635 5669 814
f 5944 7635 15
f 5669 5944 812
f 7640 5664 810
f 7636 7640 1773
f 5664 7636 814
f 7642 7639 1773
f 7641 7642 10
f 7639 7641 1771
f 7642 5661 10
f 7640 7642 1773
f 5661 7640 810
f 7644 7643 1775
f 7641 7644 1771
f 7643 7641 10
f 7645 7644 1775
f 7633 7645 1776
f 7644 7633 1771
f 7646 7645 1775
f 7630 7646 453
f 7645 7630 1776
f 7648 7647 1777
f 7646 7648 453
f 7647 7646 1775
f 7649 5660 809
f 7643 7649 1775
f 5660 7643 10
f 7649 7647 1775
f 5657 7649 809
f 7647 5657 1777
f 7650 5503 897
f 5656 7650 1777
f 5503 5656 347
f 7652 7651 1778
f 7648 7652 453
f 7651 7648 1777
f 7652 7628 453
f 2526 7652 1778
f 7628 2526 1781
f 7653 7624 1779
f 7596 7653 152
f 7624 7596 1783
f 7654 2523 883
f 7653 7654 152
f 2523 7653 1779
f 7655 7654 883
f 7591 7655 882
f 7654 7591 152
f 7657 7656 884
f 7655 7657 882
f 7656 7655 883
f 7656 2522 884
f 2527 7656 883
f 2522 2527 1778
f 7658 7657 884
f 7588 7658 12
f 7657 7588 882
f 7651 2520 1778
f 7650 7651 1777
f 2520 7650 897
f 7660 7659 885
f 2518 7660 499
f 7659 2518 886
f 7662 7661 885
f 7658 7662 12
f 7661 7658 884
f 7663 7662 885
f 2582 7663 880
f 7662 2582 12
f 7661 7660 885
f 2521 7661 884
f 7660 2521 499
f 7665 7664 887
f 7663 7665 880
f 7664 7663 885
f 7667 7665 887
f 7666 7667 33
f 7665 7666 880
f 7668 7659 886
f 7664 7668 887
f 7659 7664 885
f 7670 7668 886
f 7669 7670 65
f 7668 7669 887
f 7670 5499 65
f 2517 7670 886
f 5499 2517 898
f 7669 2511 887
f 5493 7669 65
f 2511 5493 896
f 7671 2513 1734
f 7667 7671 33
f 2513 7667 887
f 7673 7672 888
f 7671 7673 33
f 7672 7671 1734
f 7675 7674 890
f 7673 7675 33
f 7674 7673 888
f 7676 2509 881
f 7675 7676 33
f 2509 7675 890
f 7677 7676 881
f 7666 7677 880
f 7676 7666 33
f 7677 2583 880
f 2579 7677 881
f 2583 2579 464
f 7679 7678 891
f 2578 7679 40
f 7678 2578 1473
f 7680 7679 891
f 2589 7680 1733
f 7679 2589 40
f 7678 2510 891
f 2580 7678 1473
f 2510 2580 881
f 7681 7680 891
f 7578 7681 343
f 7680 7578 1733
f 7682 2507 889
f 7681 7682 343
f 2507 7681 891
f 7674 2505 890
f 2502 7674 888
f 2505 2502 892
f 7683 2503 888
f 2500 7683 1730
f 2503 2500 467
f 7686 7685 1734
f 7684 7686 155
f 7685 7684 1730
f 7686 5494 155
f 2512 7686 1734
f 5494 2512 896
f 7685 7672 1734
f 7683 7685 1730
f 7672 7683 888
f 7687 2499 1729
f 2506 7687 889
f 2499 2506 892
f 7688 2493 893
f 7687 7688 889
f 2493 7687 1729
f 7689 7688 893
f 7682 7689 343
f 7688 7682 889
f 7689 7575 343
f 2496 7689 893
f 7575 2496 1731
f 7690 7684 155
f 2498 7690 1729
f 7684 2498 1730
f 7691 7690 155
f 2490 7691 1728
f 7690 2490 1729
f 7692 5495 895
f 7691 7692 1728
f 5495 7691 155
f 7693 7692 895
f 2482 7693 1725
f 7692 2482 1728
f 7695 7694 1725
f 6737 7695 496
f 7694 6737 904
f 7695 5496 496
f 7693 7695 1725
f 5496 7693 895
f 7694 2488 1725
f 4802 7694 904
f 2488 4802 1724
f 7696 5630 1584
f 2486 7696 182
f 5630 2486 1727
f 7697 2487 182
f 2483 7697 1251
f 2487 2483 1725
f 7698 2481 1251
f 2491 7698 351
f 2481 2491 1728
f 7699 7698 1251
f 2494 7699 1250
f 7698 2494 351
f 7701 7700 1249
f 7697 7701 1251
f 7700 7697 182
f 7702 7696 1584
f 7700 7702 1249
f 7696 7700 182
f 7701 7699 1251
f 2479 7701 1249
f 7699 2479 1250
f 7703 2480 1249
f 2471 7703 1253
f 2480 2471 319
f 7704 7702 1584
f 7703 7704 1253
f 7702 7703 1249
f 7705 5628 279
f 7704 7705 1253
f 5628 7704 1584
f 7705 2470 1253
f 5625 7705 279
f 2470 5625 1252
f 7706 2463 1475
f 7568 7706 1471
f 2463 7568 1248
f 7707 7706 1475
f 2603 7707 107
f 7706 2603 1471
f 7707 2604 107
f 2461 7707 1475
f 2604 2461 1581
f 7708 2462 370
f 2460 7708 1580
f 2462 2460 1475
f 7709 7708 370
f 2427 7709 1583
f 7708 2427 1580
f 7710 2468 1252
f 7709 7710 1583
f 2468 7709 370
f 7712 7710 1252
f 7711 7712 210
f 7710 7711 1583
f 7713 5624 1025
f 7712 7713 210
f 5624 7712 1252
f 7714 5627 1027
f 7713 7714 210
f 5627 7713 1025
f 7715 5684 1029
f 7714 7715 210
f 5684 7714 1027
f 7717 7716 1036
f 7711 7717 1583
f 7716 7711 210
f 7719 7718 1035
f 7715 7719 210
f 7718 7715 1029
f 7720 7719 1035
f 7716 7720 1036
f 7719 7716 210
f 7722 7721 1034
f 5437 7722 1029
f 7721 5437 411
f 7723 7722 1034
f 7718 7723 1035
f 7722 7718 1029
f 7724 7721 411
f 2459 7724 1574
f 7721 2459 1034
f 7724 5687 1574
f 5436 7724 411
f 5687 5436 1575
f 5689 5422 1046
f 5425 5689 1573
f 5422 5425 78
f 5421 2452 1046
f 5359 5421 1044
f 2452 5359 1045
f 7727 7726 1134
f 7725 7727 1045
f 7726 7725 1136
f 7725 5367 1136
f 5358 7725 1045
f 5367 5358 487
f 7729 7726 1136
f 7728 7729 342
f 7726 7728 1134
f 7730 7728 342
f 2450 7730 1133
f 7728 2450 1134
f 7731 7727 1134
f 2453 7731 169
f 7727 2453 1045
f 7731 2456 169
f 2449 7731 1134
f 2456 2449 1135
f 7723 2435 1035
f 2457 7723 1034
f 2435 2457 1135
f 7720 2430 1036
f 2433 7720 1035
f 2430 2433 1037
f 7717 2428 1583
f 2429 7717 1036
f 2428 2429 195
f 2605 2416 1258
f 2421 2605 1581
f 2416 2421 1582
f 7566 2414 1259
f 2607 7566 1257
f 2414 2607 1258
f 7733 7732 1477
f 7555 7733 1478
f 7732 7555 1476
f 7735 7732 1476
f 7734 7735 119
f 7732 7734 1477
f 7735 2413 119
f 7557 7735 1476
f 2413 7557 1259
f 7736 7733 1477
f 3218 7736 394
f 7733 3218 1478
f 7736 3187 394
f 2412 7736 1477
f 3187 2412 1578
f 7737 7734 119
f 2410 7737 1579
f 7734 2410 1477
f 7738 2417 1582
f 7737 7738 1579
f 2417 7737 119
f 7739 2418 297
f 7738 7739 1579
f 2418 7738 1582
f 3214 2408 1577
f 2411 3214 1578
f 2408 2411 1579
f 7740 7739 297
f 2409 7740 1038
f 7739 2409 1579
f 7741 2405 1576
f 2407 7741 1577
f 2405 2407 1038
f 7741 3216 1577
f 3207 7741 1576
f 3216 3207 64
f 7743 7742 1040
f 7740 7743 1038
f 7742 7740 297
f 7744 2420 1039
f 7742 7744 1040
f 2420 7742 297
f 7745 2425 195
f 7744 7745 1040
f 2425 7744 1039
f 7746 2431 1037
f 7745 7746 1040
f 2431 7745 195
f 7746 2448 1040
f 2443 7746 1037
f 2448 2443 1041
f 7743 2406 1038
f 2447 7743 1040
f 2406 2447 14
f 7747 2403 1131
f 3208 7747 1127
f 2403 3208 1576
f 7749 7747 1131
f 7748 7749 425
f 7747 7748 1127
f 7749 4276 425
f 2400 7749 1131
f 4276 2400 1130
f 2446 2402 14
f 2401 2446 1043
f 2402 2401 1131
f 7752 7751 1042
f 7750 7752 360
f 7751 7750 1043
f 7753 7752 1042
f 2396 7753 1132
f 7752 2396 360
f 7751 2441 1042
f 2445 7751 1043
f 2441 2445 1041
f 7754 2439 1133
f 7753 7754 1132
f 2439 7753 1042
f 7755 7730 342
f 7754 7755 1132
f 7730 7754 1133
f 7756 7750 360
f 2399 7756 1130
f 7750 2399 1043
f 7757 7756 360
f 4278 7757 1140
f 7756 4278 1130
f 7758 4281 1140
f 2390 7758 1141
f 4281 2390 1139
f 7758 2398 1141
f 7757 7758 1140
f 2398 7757 360
f 7759 2397 1132
f 2392 7759 1239
f 2397 2392 1141
f 7760 7755 342
f 7759 7760 1239
f 7755 7759 1132
f 7761 5373 1138
f 7729 7761 342
f 5373 7729 1136
f 7761 7760 342
f 2394 7761 1138
f 7760 2394 1239
f 5375 2395 1138
f 2387 5375 1240
f 2395 2387 108
f 7762 5380 1231
f 2388 7762 1506
f 5380 2388 1240
f 7765 7764 1506
f 7763 7765 485
f 7764 7763 1107
f 7766 7762 1231
f 7765 7766 485
f 7762 7765 1506
f 7768 7767 1107
f 2381 7768 300
f 7767 2381 1505
f 7767 7764 1107
f 2385 7767 1505
f 7764 2385 1506
f 7769 2386 1505
f 2389 7769 1139
f 2386 2389 108
f 7770 7769 1505
f 4282 7770 143
f 7769 4282 1139
f 7771 2380 1504
f 7770 7771 143
f 2380 7770 1505
f 7772 7771 1504
f 4287 7772 1153
f 7771 4287 143
f 7773 7772 1504
f 4212 7773 8
f 7772 4212 1153
f 7773 4216 8
f 2383 7773 1504
f 4216 2383 1503
f 7775 2378 1499
f 7774 7775 300
f 2378 7774 1108
f 7775 2382 300
f 4220 7775 1499
f 2382 4220 1503
f 7777 2377 1500
f 7776 7777 17
f 2377 7776 1499
f 7779 7778 1112
f 7777 7779 17
f 7778 7777 1500
f 7780 2371 1121
f 7778 7780 1112
f 2371 7778 1500
f 7782 7780 1121
f 7781 7782 180
f 7780 7781 1112
f 7785 7784 1120
f 7783 7785 180
f 7784 7783 1123
f 7787 7786 1123
f 2374 7787 1121
f 7786 2374 1122
f 7789 2325 1509
f 7788 7789 1103
f 2325 7788 1511
f 7792 7791 1496
f 7790 7792 1101
f 7791 7790 1495
f 7794 7792 1496
f 7793 7794 214
f 7792 7793 1101
f 7796 7791 1495
f 7795 7796 242
f 7791 7795 1496
f 7798 7790 1101
f 7797 7798 118
f 7790 7797 1495
f 7800 7799 1103
f 7798 7800 118
f 7799 7798 1101
f 7801 7789 1509
f 7800 7801 118
f 7789 7800 1103
f 7803 7802 1102
f 7799 7803 1103
f 7802 7799 1101
f 7804 7793 214
f 7802 7804 1102
f 7793 7802 1101
f 7806 7805 1122
f 7804 7806 1102
f 7805 7804 214
f 7807 7805 214
f 7786 7807 1123
f 7805 7786 1122
f 7787 7782 1121
f 7783 7787 1123
f 7782 7783 180
f 7808 2369 1104
f 2373 7808 1122
f 2369 2373 331
f 7808 7806 1122
f 2360 7808 1104
f 7806 2360 1102
f 2376 2368 331
f 2365 2376 1108
f 2368 2365 1105
f 7774 2366 1108
f 7768 7774 300
f 2366 7768 1107
f 7809 7763 485
f 2367 7809 1105
f 7763 2367 1107
f 7811 7810 1103
f 2358 7811 307
f 7810 2358 1507
f 7811 2359 307
f 7803 7811 1103
f 2359 7803 1102
f 7810 7788 1103
f 2333 7810 1507
f 7788 2333 1511
f 2364 2361 1104
f 2356 2364 1106
f 2361 2356 307
f 7812 7809 485
f 2363 7812 1106
f 7809 2363 1105
f 7815 7814 1228
f 7813 7815 485
f 7814 7813 1229
f 7816 7815 1228
f 7812 7816 1106
f 7815 7812 485
f 7813 2354 1229
f 7766 7813 485
f 2354 7766 1231
f 7269 5406 1236
f 2350 7269 1235
f 5406 2350 1234
f 7814 2337 1228
f 2351 7814 1229
f 2337 2351 1230
f 7816 2357 1106
f 2335 7816 1228
f 2357 2335 1507
f 7817 2329 1512
f 2340 7817 151
f 2329 2340 1514
f 3363 2330 1514
f 3362 3363 371
f 2330 3362 1515
f 7817 2332 151
f 2327 7817 1512
f 2332 2327 1511
f 7818 7306 1513
f 2328 7818 286
f 7306 2328 1512
f 7818 2321 286
f 2315 7818 1513
f 2321 2315 1510
f 7819 7307 131
f 2316 7819 1349
f 7307 2316 1513
f 7820 3162 1350
f 3167 7820 131
f 3162 3167 1381
f 7820 7819 131
f 2312 7820 1350
f 7819 2312 1349
f 2318 2308 16
f 2311 2318 1349
f 2308 2311 1342
f 7821 3159 419
f 2313 7821 1342
f 3159 2313 1350
f 7823 7822 1343
f 3331 7823 419
f 7822 3331 1332
f 7824 7823 1343
f 7821 7824 1342
f 7823 7821 419
f 7826 7825 1343
f 3170 7826 427
f 7825 3170 1347
f 7826 3222 427
f 7822 7826 1343
f 3222 7822 1332
f 7827 2305 1344
f 7825 7827 1343
f 2305 7825 1347
f 7830 7829 1344
f 7828 7830 326
f 7829 7828 1346
f 7831 2307 1345
f 7830 7831 326
f 2307 7830 1344
f 7832 7829 1346
f 2310 7832 16
f 7829 2310 1344
f 7827 7824 1343
f 2309 7827 1344
f 7824 2309 1342
f 7832 2319 16
f 2304 7832 1346
f 2319 2304 1508
f 7833 2323 1508
f 7801 7833 118
f 2323 7801 1509
f 7834 2303 1493
f 7833 7834 118
f 2303 7833 1508
f 7837 7836 1493
f 7835 7837 326
f 7836 7835 1494
f 7837 7828 326
f 2302 7837 1493
f 7828 2302 1346
f 7839 7838 1495
f 7836 7839 1493
f 7838 7836 1494
f 7839 7834 1493
f 7797 7839 1495
f 7834 7797 118
f 7840 7838 1494
f 7796 7840 242
f 7838 7796 1495
f 7841 7835 326
f 2301 7841 1484
f 7835 2301 1494
f 7842 7831 1345
f 7841 7842 1484
f 7831 7841 326
f 7843 7842 1345
f 2298 7843 1485
f 7842 2298 1484
f 7843 3173 1485
f 3219 7843 1345
f 3173 3219 101
f 7844 2296 1485
f 3195 7844 161
f 2296 3195 1486
f 7844 3196 161
f 3172 7844 1485
f 3196 3172 1480
f 7846 7845 1491
f 2289 7846 1492
f 7845 2289 164
f 7847 2300 1492
f 7840 7847 242
f 2300 7840 1494
f 7848 7846 1491
f 7847 7848 242
f 7846 7847 1492
f 2299 2290 1492
f 2297 2299 1484
f 2290 2297 66
f 7849 2286 1497
f 7848 7849 242
f 2286 7848 1491
f 7850 7849 1497
f 7795 7850 1496
f 7849 7795 242
f 7851 7845 164
f 2287 7851 1490
f 7845 2287 1491
f 7853 7852 1488
f 3191 7853 164
f 7852 3191 1487
f 7853 7851 164
f 2279 7853 1488
f 7851 2279 1490
f 7852 2285 1488
f 3193 7852 1487
f 2285 3193 1483
f 3201 3199 1481
f 2282 3201 1244
f 3199 2282 1483
f 7854 3211 1129
f 2283 7854 243
f 3211 2283 1244
f 7856 7855 1243
f 7854 7856 243
f 7855 7854 1129
f 7859 7858 1128
f 7857 7859 165
f 7858 7857 1243
f 7858 3210 1128
f 7855 7858 1243
f 3210 7855 1129
f 7861 7860 1117
f 7857 7861 1243
f 7860 7857 165
f 7863 7862 1245
f 7861 7863 1243
f 7862 7861 1117
f 7864 7863 1245
f 7856 7864 243
f 7863 7856 1243
f 7864 2284 243
f 2280 7864 1245
f 2284 2280 1488
f 7865 2273 1498
f 7850 7865 1496
f 2273 7850 1497
f 7866 7865 1498
f 7794 7866 214
f 7865 7794 1496
f 7867 7866 1498
f 7807 7867 1123
f 7866 7807 214
f 7867 7784 1123
f 2270 7867 1498
f 7784 2270 1120
f 7868 2272 67
f 2271 7868 1116
f 2272 2271 1498
f 7869 7862 1117
f 2278 7869 67
f 7862 2278 1245
f 7869 7868 67
f 2266 7869 1117
f 7868 2266 1116
f 7871 2269 1116
f 7870 7871 48
f 2269 7870 1120
f 7872 2268 1118
f 7871 7872 48
f 2268 7871 1116
f 7873 7860 165
f 2267 7873 1118
f 7860 2267 1117
f 7875 7874 1217
f 7873 7875 1118
f 7874 7873 165
f 7877 7876 1219
f 7859 7877 165
f 7876 7859 1128
f 7878 7877 1219
f 7874 7878 1217
f 7877 7874 165
f 7880 7876 1128
f 7879 7880 425
f 7876 7879 1219
f 7880 7748 425
f 3209 7880 1128
f 7748 3209 1127
f 7879 2264 1219
f 4277 7879 425
f 2264 4277 1242
f 7882 7881 1220
f 4289 7882 299
f 7881 4289 1214
f 7883 4196 1145
f 7881 7883 1220
f 4196 7881 1214
f 7885 7884 1217
f 7882 7885 299
f 7884 7882 1220
f 7885 2263 299
f 7878 7885 1217
f 2263 7878 1219
f 7886 4293 133
f 7883 7886 1220
f 4293 7883 1145
f 7888 7887 1218
f 7886 7888 1220
f 7887 7886 133
f 7889 7888 1218
f 7884 7889 1217
f 7888 7884 1220
f 7890 7889 1218
f 7875 7890 1118
f 7889 7875 1217
f 7891 7890 1218
f 7872 7891 48
f 7890 7872 1118
f 7893 7892 1501
f 7891 7893 48
f 7892 7891 1218
f 7894 2262 1119
f 7893 7894 48
f 2262 7893 1501
f 7895 7894 1119
f 7870 7895 1120
f 7894 7870 48
f 7896 7895 1119
f 7785 7896 180
f 7895 7785 1120
f 7897 7896 1119
f 7781 7897 1112
f 7896 7781 180
f 7898 2261 1113
f 7897 7898 1112
f 2261 7897 1119
f 7899 7887 133
f 7892 7899 1501
f 7887 7892 1218
f 7900 7899 133
f 2260 7900 1144
f 7899 2260 1501
f 7902 2255 1144
f 7901 7902 1142
f 2255 7901 1216
f 7902 4295 1142
f 7900 7902 1144
f 4295 7900 133
f 7904 7903 1216
f 4184 7904 1143
f 7903 4184 96
f 7904 4297 1143
f 7901 7904 1216
f 4297 7901 1142
f 7903 2257 1216
f 4182 7903 96
f 2257 4182 1502
f 7905 2251 1114
f 2252 7905 1113
f 2251 2252 415
f 7906 7905 1114
f 7898 7906 1112
f 7905 7898 1113
f 7908 2248 1109
f 7907 7908 17
f 2248 7907 1114
f 7907 7906 1114
f 7779 7907 17
f 7906 7779 1112
f 7909 7776 17
f 4221 7909 1111
f 7776 4221 1499
f 7909 2247 1111
f 7908 7909 17
f 2247 7908 1109
f 4223 2246 1110
f 4218 4223 1201
f 2246 4218 1111
f 7910 2258 1502
f 2250 7910 1115
f 2258 2250 415
f 7910 2240 1115
f 2237 7910 1502
f 2240 2237 1174
f 7912 7911 1167
f 2234 7912 378
f 7911 2234 1168
f 7914 7913 1167
f 4332 7914 1164
f 7913 4332 193
f 7914 4302 1164
f 7911 7914 1167
f 4302 7911 1168
f 7913 2229 1167
f 4337 7913 193
f 2229 4337 1169
f 7915 4165 1171
f 2230 7915 1172
f 4165 2230 1169
f 7916 2231 1172
f 7912 7916 378
f 2231 7912 1167
f 7918 7917 1174
f 2220 7918 1172
f 7917 2220 1173
f 7918 7916 1172
f 2235 7918 1174
f 7916 2235 378
f 7919 7917 1173
f 2241 7919 308
f 7917 2241 1174
f 7920 7919 1173
f 2244 7920 1110
f 7919 2244 308
f 7922 7921 1156
f 4224 7922 352
f 7921 4224 1110
f 7921 2228 1156
f 7920 7921 1110
f 2228 7920 1173
f 7923 7922 1156
f 4228 7923 1155
f 7922 4228 352
f 7924 2226 1154
f 7923 7924 1155
f 2226 7923 1156
f 7915 2221 1172
f 2222 7915 1171
f 2221 2222 79
f 8580 8739 8750
f 8581 8751 8669
f 8582 8668 8740
f 8583 8750 8752
f 8584 7926 8753
f 7925 8585 8751
f 8586 8754 8755
f 8587 8756 8757
f 8588 8758 8759
f 8589 8755 8760
f 7926 8590 8753
f 8591 8752 8756
f 8592 8737 8761
f 8593 8762 8758
f 8594 8757 8738
f 8595 8651 8763
f 8596 8764 8762
f 8597 8761 8648
f 8598 6319 8694
f 8599 8765 8698
f 8600 8697 8695
f 8601 8699 8766
f 8602 8767 8764
f 8603 8763 8700
f 7936 8604 8768
f 8605 8769 8767
f 8606 8766 8770
f 7938 7937 957
f 7935 7938 959
f 393 8771 8770
f 7937 6328 957
f 393 8765 8771
f 6328 7933 955
f 8607 8759 8769
f 8608 7936 8768
f 8609 8612 8754
f 7930 2224 1157
f 1158 8610 8760
f 2224 2212 1154
f 7924 2210 1155
f 2211 7924 1154
f 2210 2211 257
f 7940 7939 958
f 7938 7940 959
f 7939 7938 957
f 7940 2215 959
f 2206 7940 958
f 2215 2206 257
f 7941 6329 206
f 7939 7941 958
f 6329 7939 957
f 7943 7942 1652
f 7941 7943 958
f 7942 7941 206
f 7944 6494 1651
f 7942 7944 1652
f 6494 7942 206
f 7947 7946 1652
f 7945 7947 216
f 7946 7945 1196
f 7947 4886 216
f 7944 7947 1652
f 4886 7944 1651
f 7949 2207 958
f 7948 7949 139
f 2207 7948 1213
f 7950 7943 1652
f 7949 7950 139
f 7943 7949 958
f 7948 4271 1213
f 2205 7948 139
f 4271 2205 1200
f 7951 7946 1196
f 7950 7951 139
f 7946 7950 1652
f 7951 2202 139
f 2198 7951 1196
f 2202 2198 1195
f 7945 2199 1196
f 6502 7945 216
f 2199 6502 1197
f 4263 4257 1205
f 2192 4263 1198
f 4257 2192 1203
f 4256 4253 1180
f 2188 4256 1204
f 4253 2188 262
f 4252 4092 921
f 2187 4252 262
f 4092 2187 922
f 7952 2190 1203
f 2186 7952 1697
f 2190 2186 262
f 7953 2191 116
f 7952 7953 1697
f 2191 7952 1203
f 7954 7953 116
f 2184 7954 1698
f 7953 2184 1697
f 7954 6504 1698
f 2197 7954 116
f 6504 2197 1197
f 7955 6505 97
f 2185 7955 918
f 6505 2185 1698
f 7956 4875 915
f 7955 7956 918
f 4875 7955 97
f 7956 2180 918
f 4872 7956 915
f 2180 4872 919
f 4086 2175 923
f 2176 4086 920
f 2175 2176 52
f 4087 4083 924
f 2171 4087 923
f 4083 2171 925
f 4870 2174 919
f 2172 4870 475
f 2174 2172 923
f 6531 4866 57
f 2162 6531 618
f 4866 2162 914
f 7958 7957 617
f 6534 7958 616
f 7957 6534 132
f 7958 6532 616
f 2159 7958 617
f 6532 2159 618
f 7960 7959 623
f 2160 7960 373
f 7959 2160 617
f 7961 7960 623
f 2165 7961 619
f 7960 2165 373
f 7962 2151 623
f 2156 7962 615
f 2151 2156 479
f 7963 7959 617
f 7962 7963 615
f 7959 7962 623
f 7964 7957 132
f 7963 7964 615
f 7957 7963 617
f 7965 6537 1901
f 7964 7965 615
f 6537 7964 132
f 7966 7965 1901
f 2157 7966 614
f 7965 2157 615
f 7966 6679 614
f 6544 7966 1901
f 6679 6544 1903
f 6677 2155 614
f 6673 6677 245
f 2155 6673 613
f 7967 2146 622
f 7961 7967 619
f 2146 7961 623
f 7968 2168 619
f 2169 7968 620
f 2168 2169 475
f 7969 7967 622
f 7968 7969 620
f 7967 7968 619
f 7970 6666 625
f 2143 7970 45
f 6666 2143 624
f 7972 7971 1881
f 7970 7972 45
f 7971 7970 625
f 7971 2138 1881
f 6584 7971 625
f 2138 6584 1896
f 7973 6630 1895
f 2140 7973 1881
f 6630 2140 1897
f 7974 6622 71
f 7973 7974 1881
f 6622 7973 1895
f 7976 7975 633
f 7972 7976 45
f 7975 7972 1881
f 7976 2144 45
f 2130 7976 633
f 2144 2130 1882
f 7969 2136 620
f 2145 7969 622
f 2136 2145 1882
f 7977 2129 632
f 2137 7977 399
f 2129 2137 1882
f 7978 7974 71
f 7975 7978 633
f 7974 7975 1881
f 7978 2128 633
f 6621 7978 71
f 2128 6621 631
f 7979 2123 1880
f 7977 7979 399
f 2123 7977 632
f 7980 7979 1880
f 2131 7980 1696
f 7979 2131 399
f 7981 7980 1880
f 4085 7981 317
f 7980 4085 1696
f 7982 2120 928
f 7981 7982 317
f 2120 7981 1880
f 7982 4078 317
f 4374 7982 928
f 4078 4374 926
f 7983 2122 482
f 2121 7983 635
f 2122 2121 1880
f 7985 7984 636
f 7983 7985 635
f 7984 7983 482
f 7986 7985 636
f 4490 7986 634
f 7985 4490 635
f 7986 4042 634
f 2118 7986 636
f 4042 2118 1879
f 7988 2116 636
f 7987 7988 83
f 2116 7987 1878
f 7989 7988 636
f 2113 7989 1885
f 7988 2113 83
f 7990 7984 482
f 7989 7990 1885
f 7984 7989 636
f 7991 2126 631
f 7990 7991 1885
f 2126 7990 482
f 7992 6620 1883
f 7991 7992 1885
f 6620 7991 631
f 7993 7992 1883
f 2114 7993 1884
f 7992 2114 1885
f 7995 7994 1887
f 7987 7995 1878
f 7994 7987 83
f 7995 4020 1878
f 2112 7995 1887
f 4020 2112 1888
f 7997 7996 1886
f 2115 7997 83
f 7996 2115 1884
f 7997 7994 83
f 2107 7997 1886
f 7994 2107 1887
f 7999 7993 1883
f 7998 7999 205
f 7993 7998 1884
f 8000 2103 1886
f 6627 8000 205
f 2103 6627 1894
f 8000 7998 205
f 7996 8000 1886
f 7998 7996 1884
f 7999 6613 205
f 6616 7999 1883
f 6613 6616 629
f 4007 2105 1891
f 2108 4007 171
f 2105 2108 1886
f 8001 6625 270
f 2104 8001 1891
f 6625 2104 1894
f 8003 8002 1892
f 8001 8003 1891
f 8002 8001 270
f 8005 8004 1893
f 8002 8005 1892
f 8004 8002 270
f 8003 4008 1891
f 2099 8003 1892
f 4008 2099 1890
f 4010 2089 655
f 2097 4010 153
f 2089 2097 656
f 8006 2091 144
f 2086 8006 657
f 2091 2086 654
f 8007 8006 144
f 2077 8007 1864
f 8006 2077 657
f 8008 2088 654
f 4006 8008 212
f 2088 4006 655
f 8009 2087 658
f 8008 8009 212
f 2087 8008 654
f 8010 8009 658
f 4014 8010 661
f 8009 4014 212
f 8011 2082 660
f 8010 8011 661
f 2082 8010 658
f 8013 8012 660
f 4498 8013 659
f 8012 4498 314
f 8012 8011 660
f 3999 8012 314
f 8011 3999 661
f 8013 4502 659
f 2080 8013 660
f 4502 2080 652
f 8014 2076 653
f 2085 8014 247
f 2076 2085 657
f 8015 2079 247
f 4507 8015 651
f 2079 4507 652
f 8016 8014 653
f 8015 8016 651
f 8014 8015 247
f 8016 4509 651
f 2073 8016 653
f 4509 2073 239
f 8017 2075 1861
f 3991 8017 679
f 2075 3991 239
f 8017 3964 679
f 2072 8017 1861
f 3964 2072 676
f 4537 2070 674
f 3960 4537 675
f 2070 3960 676
f 2078 2074 653
f 2068 2078 1864
f 2074 2068 1861
f 8018 8007 144
f 2065 8018 671
f 8007 2065 1864
f 8018 2062 671
f 2094 8018 144
f 2062 2094 672
f 8019 2063 673
f 2066 8019 13
f 2063 2066 671
f 8019 2069 13
f 2061 8019 673
f 2069 2061 674
f 8020 2060 1863
f 4538 8020 362
f 2060 4538 674
f 8020 4540 362
f 2059 8020 1863
f 4540 2059 1984
f 8022 4542 1984
f 8021 8022 390
f 4542 8021 1979
f 8021 4548 1979
f 4545 8021 390
f 4548 4545 1980
f 8023 2058 1985
f 8022 8023 390
f 2058 8022 1984
f 8026 8025 670
f 8024 8026 539
f 8025 8024 1985
f 8024 8023 1985
f 4546 8024 539
f 8023 4546 390
f 8027 2102 669
f 2096 8027 668
f 2102 2096 153
f 8028 2047 670
f 8027 8028 668
f 2047 8027 669
f 8029 8028 670
f 2051 8029 56
f 8028 2051 668
f 8029 2056 56
f 8025 8029 670
f 2056 8025 1985
f 8030 8005 1893
f 2101 8030 669
f 8005 2101 1892
f 8030 2048 669
f 2042 8030 1893
f 2048 2042 461
f 8031 6612 537
f 8004 8031 1893
f 6612 8004 270
f 8031 2043 1893
f 6610 8031 537
f 2043 6610 536
f 8032 2046 461
f 8026 8032 539
f 2046 8026 670
f 8033 2045 540
f 8032 8033 539
f 2045 8032 461
f 8034 8033 540
f 4547 8034 541
f 8033 4547 539
f 8035 6609 538
f 2040 8035 413
f 6609 2040 535
f 8036 6775 1983
f 8035 8036 413
f 6775 8035 538
f 8034 2034 541
f 2036 8034 540
f 2034 2036 1982
f 4549 2032 1978
f 4544 4549 1980
f 2032 4544 541
f 8036 2035 413
f 2027 8036 1983
f 2035 2027 1982
f 8037 2023 1981
f 4692 8037 6
f 2023 4692 2008
f 8037 4693 6
f 2028 8037 1981
f 4693 2028 1983
f 8040 8039 2009
f 8038 8040 211
f 8039 8038 2010
f 8042 8039 2010
f 8041 8042 87
f 8039 8041 2009
f 8043 8042 2010
f 2031 8043 1978
f 8042 2031 87
f 8041 2025 2009
f 2030 8041 87
f 2025 2030 1981
f 8044 8043 2010
f 3940 8044 126
f 8043 3940 1978
f 8045 8044 2010
f 4550 8045 502
f 8044 4550 126
f 8046 2020 501
f 3937 8046 92
f 2020 3937 1976
f 8047 8046 501
f 3929 8047 1974
f 8046 3929 92
f 8049 2022 502
f 8048 8049 211
f 2022 8048 501
f 8049 8038 211
f 8045 8049 502
f 8038 8045 2010
f 8050 4690 503
f 8048 8050 501
f 4690 8048 211
f 8051 8040 2009
f 4688 8051 2007
f 8040 4688 211
f 8051 4687 2007
f 2024 8051 2009
f 4687 2024 2008
f 4680 2017 2006
f 4571 4680 2004
f 2017 4571 547
f 4560 2012 546
f 3932 4560 1968
f 2012 3932 1974
f 8052 2013 1974
f 2018 8052 503
f 2013 2018 31
f 8052 8050 503
f 8047 8052 1974
f 8050 8047 501
f 3429 8053 8055
f 8053 3430 8054
f 8055 8054 3426
f 3431 8056 8058
f 8056 3432 8057
f 8058 8057 3429
f 3474 8059 8061
f 8059 3475 8060
f 8061 8060 3473
f 3477 8062 8064
f 8062 3478 8063
f 8064 8063 3476
f 3479 8065 8067
f 8065 3480 8066
f 8067 8066 3476
f 3487 3488 8389
f 8068 8069 8389
f 3489 8070 8072
f 8070 3490 8071
f 8072 8071 3486
f 3492 3493 8074
f 8073 8074 3493
f 3647 3648 8390
f 8075 8076 8390
f 5734 8077 8391
f 8077 5735 8379
f 8079 8078 8392
f 5736 8393 8082
f 8080 8394 8081
f 8082 8380 5735
f 5738 8083 8085
f 8083 5739 8084
f 8085 8084 5737
f 5740 8086 8088
f 8086 5741 8087
f 8088 8087 5739
f 5738 8089 8091
f 8089 5743 8090
f 8091 8090 5742
f 5790 8092 8094
f 8092 5791 8093
f 8094 8093 5789
f 5793 8095 8097
f 8095 5794 8096
f 8097 8096 5789
f 5808 8098 8100
f 8098 5809 8099
f 8100 8099 5807
f 5810 5811 8395
f 8101 8102 8395
f 5773 8396 5746
f 8104 8396 8103
f 5744 8397 5806
f 8106 8397 8105
f 5816 8107 8109
f 8107 5817 8108
f 8109 8108 5807
f 5777 8110 8112
f 8110 5818 8111
f 8112 8111 5815
f 5819 8113 8115
f 8113 5820 8114
f 8115 8114 5818
f 5820 8116 8118
f 8116 5821 8117
f 8118 8117 5817
f 5821 8119 8121
f 8119 5823 8120
f 8121 8120 5822
f 5743 8122 8124
f 8122 5824 8123
f 8124 8123 5823
f 5819 8125 8127
f 8125 5825 8126
f 8127 8126 5742
f 5826 8128 8130
f 8128 5827 8129
f 8130 8129 5825
f 5740 8131 8133
f 8131 5827 8132
f 8133 8132 5790
f 5824 8134 8136
f 8134 5828 8135
f 8136 8135 5822
f 5808 8137 8139
f 8137 5828 8138
f 8139 8138 5736
f 5829 8140 8142
f 8140 5830 8141
f 8142 8141 5733
f 8143 8398 8144
f 5814 8398 5831
f 5741 8145 8147
f 8145 5846 8146
f 8147 8146 5829
f 5847 5848 8399
f 8148 8149 8399
f 5848 8400 8151
f 8150 8400 5849
f 3533 8152 8401
f 8153 7139 8401
f 8154 8381 3506
f 7167 8155 8402
f 8156 3502 8402
f 7172 8157 8159
f 8157 7173 8158
f 8159 8158 3491
f 7173 8160 8162
f 8160 7174 8161
f 8162 8161 7140
f 3490 8163 8165
f 8163 7172 8164
f 8165 8164 7169
f 3481 8403 7176
f 8167 8403 8166
f 7180 8168 8170
f 8168 7181 8169
f 8170 8169 7179
f 7181 8171 8173
f 8171 7182 8172
f 8173 8172 3489
f 7182 8174 8176
f 8174 7183 8175
f 8176 8175 7174
f 3477 8177 8179
f 8177 7184 8178
f 8179 8178 7183
f 7184 8180 8182
f 8180 7185 8181
f 8182 8181 3646
f 7185 8183 8185
f 8183 7186 8184
f 8185 8184 7043
f 3480 8186 8188
f 8186 7187 8187
f 8188 8187 7186
f 7187 8189 8191
f 8189 7189 8190
f 8191 8190 7188
f 7190 8192 8194
f 8192 7191 8193
f 8194 8193 3473
f 7180 8195 8197
f 8195 7190 8196
f 8197 8196 3478
f 3475 8198 8200
f 8198 7192 8199
f 8200 8199 3479
f 7193 8201 8203
f 8201 7194 8202
f 8203 8202 7189
f 3432 8204 8206
f 8204 7193 8205
f 8206 8205 7192
f 3474 8207 8209
f 8207 7195 8208
f 8209 8208 3430
f 3472 8210 8404
f 8211 3483 8404
f 3471 8405 8213
f 8212 8405 7225
f 3430 8053 8215
f 8053 3429 8214
f 8215 8214 1547
f 3426 8406 1546
f 8216 8406 8054
f 8055 8407 8217
f 452 8407 3426
f 8056 8408 8218
f 1058 8408 3431
f 3429 8057 8214
f 8057 3432 8219
f 8214 8219 1547
f 3431 8409 452
f 8217 8409 8058
f 3472 8410 8221
f 8220 8410 3471
f 3475 8059 8223
f 8059 3474 8222
f 8223 8222 1547
f 3473 8060 8225
f 8060 3475 8224
f 8225 8224 418
f 3474 8061 8227
f 8061 3473 8226
f 8227 8226 1548
f 3478 8062 8229
f 8062 3477 8228
f 8229 8228 1065
f 3476 8063 8231
f 8063 3478 8230
f 8231 8230 418
f 3477 8064 8233
f 8064 3476 8232
f 8233 8232 1067
f 3480 8065 8235
f 8065 3479 8234
f 8235 8234 1066
f 3476 8066 8232
f 8066 3480 8236
f 8232 8236 1067
f 3479 8067 8237
f 8067 3476 8231
f 8237 8231 418
f 3481 3483 8411
f 8238 8239 8411
f 3486 8068 8241
f 8068 3488 8240
f 8241 8240 263
f 3487 8069 8243
f 8069 3486 8242
f 8243 8242 989
f 3490 8070 8245
f 8070 3489 8244
f 8245 8244 1063
f 3486 8071 8242
f 8071 3490 8246
f 8242 8246 989
f 3489 8072 8247
f 8072 3486 8241
f 8247 8241 263
f 8073 8412 8248
f 990 8412 3493
f 3492 8074 8250
f 8074 3491 8249
f 8250 8249 1644
f 3506 8413 8251
f 8243 8413 3487
f 3533 8414 8252
f 8250 8414 3492
f 3646 8075 8254
f 8075 3648 8253
f 8254 8253 186
f 3647 8415 977
f 8255 8415 8076
f 5735 8077 8416
f 8077 5734 8382
f 8257 8256 8417
f 5733 8078 8383
f 8078 5735 8418
f 8259 8258 8419
f 5734 8391 8261
f 8079 8392 8260
f 8261 8384 1369
f 5737 8394 8263
f 8080 8393 8262
f 8263 8385 1364
f 5735 8081 8418
f 8081 5737 8386
f 8258 8264 8419
f 5736 8082 8387
f 8082 5735 8416
f 8265 8257 8417
f 5739 8083 8267
f 8083 5738 8266
f 8267 8266 1363
f 5737 8084 8264
f 8084 5739 8268
f 8264 8268 159
f 5738 8085 8269
f 8085 5737 8263
f 8269 8263 1364
f 5741 8086 8271
f 8086 5740 8270
f 8271 8270 1362
f 5739 8087 8268
f 8087 5741 8272
f 8268 8272 159
f 5740 8088 8273
f 8088 5739 8267
f 8273 8267 1363
f 5743 8089 8274
f 8089 5738 8269
f 8274 8269 1364
f 5742 8090 8276
f 8090 5743 8275
f 8276 8275 1359
f 5738 8091 8266
f 8091 5742 8277
f 8266 8277 1363
f 5744 5746 8420
f 8278 8279 8420
f 8280 8388 1353
f 5791 8421 1360
f 8281 8421 8092
f 8093 8422 8282
f 30 8422 5791
f 5790 8094 8284
f 8094 5789 8283
f 8284 8283 1362
f 5794 8095 8286
f 8095 5793 8285
f 8286 8285 1365
f 5789 8096 8283
f 8096 5794 8287
f 8283 8287 1362
f 5793 8423 30
f 8282 8423 8097
f 5805 5806 8424
f 8288 8289 8424
f 5809 8098 8291
f 8098 5808 8290
f 8291 8290 1371
f 5807 8099 8293
f 8099 5809 8292
f 8293 8292 261
f 5808 8100 8295
f 8100 5807 8294
f 8295 8294 1358
f 5809 8101 8292
f 8101 5811 8296
f 8292 8296 261
f 5810 8102 8297
f 8102 5809 8291
f 8297 8291 1371
f 5811 5805 8425
f 8289 8296 8425
f 5814 5810 8426
f 8297 8298 8426
f 5815 8103 8299
f 8103 5773 8280
f 8299 8280 1353
f 5746 8104 8278
f 8104 5815 8300
f 8278 8300 1355
f 5816 8105 8301
f 8105 5744 8279
f 8301 8279 1355
f 5806 8106 8288
f 8106 5816 8302
f 8288 8302 261
f 5817 8107 8303
f 8107 5816 8301
f 8303 8301 1355
f 5807 8108 8294
f 8108 5817 8304
f 8294 8304 1358
f 5816 8109 8302
f 8109 5807 8293
f 8302 8293 261
f 8110 5777 8427
f 121 8305 8427
f 5815 8111 8300
f 8111 5818 8306
f 8300 8306 1355
f 5777 8112 8428
f 8299 1353 8428
f 5820 8113 8308
f 8113 5819 8307
f 8308 8307 1359
f 5818 8114 8306
f 8114 5820 8309
f 8306 8309 1355
f 5819 8115 8310
f 8115 5818 8305
f 8310 8305 121
f 5821 8116 8311
f 8116 5820 8308
f 8311 8308 1359
f 5817 8117 8304
f 8117 5821 8312
f 8304 8312 1358
f 5820 8118 8309
f 8118 5817 8303
f 8309 8303 1355
f 5823 8119 8313
f 8119 5821 8311
f 8313 8311 1359
f 5822 8120 8315
f 8120 5823 8314
f 8315 8314 98
f 5821 8121 8312
f 8121 5822 8316
f 8312 8316 1358
f 5824 8122 8317
f 8122 5743 8274
f 8317 8274 1364
f 5823 8123 8314
f 8123 5824 8318
f 8314 8318 98
f 5743 8124 8275
f 8124 5823 8313
f 8275 8313 1359
f 5825 8125 8319
f 8125 5819 8310
f 8319 8310 121
f 5742 8126 8277
f 8126 5825 8320
f 8277 8320 1363
f 5819 8127 8307
f 8127 5742 8276
f 8307 8276 1359
f 8128 8429 8321
f 1360 8429 5826
f 5825 8129 8320
f 8129 5827 8322
f 8320 8322 1363
f 5826 8430 121
f 8319 8430 8130
f 5827 8131 8322
f 8131 5740 8273
f 8322 8273 1363
f 5790 8132 8281
f 8132 5827 8321
f 8281 8321 1360
f 5740 8133 8270
f 8133 5790 8284
f 8270 8284 1362
f 5828 8134 8323
f 8134 5824 8317
f 8323 8317 1364
f 5822 8135 8316
f 8135 5828 8324
f 8316 8324 1358
f 5824 8136 8318
f 8136 5822 8315
f 8318 8315 98
f 5828 8137 8324
f 8137 5808 8295
f 8324 8295 1358
f 5736 8138 8262
f 8138 5828 8323
f 8262 8323 1364
f 5808 8139 8290
f 8139 5736 8265
f 8290 8265 1371
f 5830 8140 8431
f 8325 1368 8431
f 5733 8141 8260
f 8141 5830 8326
f 8260 8326 1369
f 5829 8142 8327
f 8142 5733 8259
f 8327 8259 159
f 5831 8143 8328
f 8143 5734 8261
f 8328 8261 1369
f 5734 8144 8256
f 8144 5814 8298
f 8256 8298 1371
f 5832 8432 8329
f 8328 8432 5831
f 5830 5832 8433
f 8329 8326 8433
f 5846 8145 8330
f 8145 5741 8271
f 8330 8271 1362
f 5829 8146 8325
f 8146 5846 8331
f 8325 8331 1368
f 5741 8147 8272
f 8147 5829 8327
f 8272 8327 159
f 5794 8148 8287
f 8148 5848 8332
f 8287 8332 1362
f 5847 8149 8333
f 8149 5794 8286
f 8333 8286 1365
f 8150 5849 8434
f 1368 8331 8434
f 5848 8151 8332
f 8151 5846 8330
f 8332 8330 1362
f 5853 5847 8435
f 8333 8334 8435
f 7140 8152 8335
f 8152 3533 8252
f 8335 8252 1644
f 7139 8153 8337
f 8153 7140 8336
f 8337 8336 186
f 3648 8436 8253
f 8337 8436 7139
f 7167 8154 8338
f 8154 3506 8251
f 8338 8251 989
f 7169 8155 8339
f 8155 7167 8338
f 8339 8338 989
f 3502 8437 990
f 8340 8437 8156
f 7173 8157 8342
f 8157 7172 8341
f 8342 8341 1063
f 3491 8158 8249
f 8158 7173 8343
f 8249 8343 1644
f 7172 8159 8344
f 8159 3491 8248
f 8344 8248 990
f 7174 8160 8345
f 8160 7173 8342
f 8345 8342 1063
f 7140 8161 8336
f 8161 7174 8346
f 8336 8346 186
f 7173 8162 8343
f 8162 7140 8335
f 8343 8335 1644
f 7172 8163 8341
f 8163 3490 8245
f 8341 8245 1063
f 7169 8164 8340
f 8164 7172 8344
f 8340 8344 990
f 3490 8165 8246
f 8165 7169 8339
f 8246 8339 989
f 3488 7176 8438
f 8347 8240 8438
f 7179 8166 8348
f 8166 3481 8239
f 8348 8239 1064
f 7176 8167 8347
f 8167 7179 8349
f 8347 8349 263
f 7181 8168 8351
f 8168 7180 8350
f 8351 8350 1065
f 7179 8169 8349
f 8169 7181 8352
f 8349 8352 263
f 7180 8170 8353
f 8170 7179 8348
f 8353 8348 1064
f 7182 8171 8354
f 8171 7181 8351
f 8354 8351 1065
f 3489 8172 8244
f 8172 7182 8355
f 8244 8355 1063
f 7181 8173 8352
f 8173 3489 8247
f 8352 8247 263
f 7183 8174 8356
f 8174 7182 8354
f 8356 8354 1065
f 7174 8175 8346
f 8175 7183 8357
f 8346 8357 186
f 7182 8176 8355
f 8176 7174 8345
f 8355 8345 1063
f 7184 8177 8358
f 8177 3477 8233
f 8358 8233 1067
f 7183 8178 8357
f 8178 7184 8359
f 8357 8359 186
f 3477 8179 8228
f 8179 7183 8356
f 8228 8356 1065
f 7185 8180 8360
f 8180 7184 8358
f 8360 8358 1067
f 3646 8181 8255
f 8181 7185 8361
f 8255 8361 977
f 7184 8182 8359
f 8182 3646 8254
f 8359 8254 186
f 7186 8183 8362
f 8183 7185 8360
f 8362 8360 1067
f 7043 8439 1087
f 8363 8439 8184
f 8185 8440 8361
f 977 8440 7043
f 7187 8186 8364
f 8186 3480 8235
f 8364 8235 1066
f 7186 8187 8363
f 8187 7187 8365
f 8363 8365 1087
f 3480 8188 8236
f 8188 7186 8362
f 8236 8362 1067
f 7189 8189 8366
f 8189 7187 8364
f 8366 8364 1066
f 7188 8190 8441
f 8367 363 8441
f 8191 7188 8442
f 1087 8365 8442
f 7191 8192 8369
f 8192 7190 8368
f 8369 8368 1064
f 3473 8193 8226
f 8193 7191 8370
f 8226 8370 1548
f 7190 8194 8371
f 8194 3473 8225
f 8371 8225 418
f 7190 8195 8368
f 8195 7180 8353
f 8368 8353 1064
f 3478 8196 8230
f 8196 7190 8371
f 8230 8371 418
f 7180 8197 8350
f 8197 3478 8229
f 8350 8229 1065
f 7192 8198 8372
f 8198 3475 8223
f 8372 8223 1547
f 3479 8199 8234
f 8199 7192 8373
f 8234 8373 1066
f 3475 8200 8224
f 8200 3479 8237
f 8224 8237 418
f 7194 8374 1058
f 8374 7194 8201
f 8202 363 8367
f 363 8202 7194
f 7193 8203 8375
f 8203 7189 8366
f 8375 8366 1066
f 7193 8204 8374
f 8204 3432 8218
f 8374 8218 1058
f 7192 8205 8373
f 8205 7193 8375
f 8373 8375 1066
f 3432 8206 8219
f 8206 7192 8372
f 8219 8372 1547
f 7195 8207 8376
f 8207 3474 8227
f 8376 8227 1548
f 3430 8208 8216
f 8208 7195 8377
f 8216 8377 1546
f 3474 8209 8222
f 8209 3430 8215
f 8222 8215 1547
f 7191 8210 8370
f 8210 3472 8221
f 8370 8221 1548
f 3483 8211 8238
f 8211 7191 8369
f 8238 8369 1064
f 8212 8443 8377
f 1546 8443 7225
f 3471 8213 8220
f 8213 7195 8376
f 8220 8376 1548
f 5793 7237 8444
f 8378 8285 8444
f 7237 8445 8378
f 8334 8445 5853
f 8379 8078 8079
f 8080 8380 8082
f 7167 8381 8154
f 8382 8256 8257
f 8383 8258 8259
f 8079 8384 8261
f 8080 8385 8263
f 8386 8264 8258
f 8387 8257 8265
f 5773 8388 8280
f 3487 8389 8069
f 8068 8389 3488
f 3647 8390 8076
f 8075 8390 3648
f 8391 8077 8079
f 8379 5735 8078
f 8392 8078 5733
f 8393 8080 8082
f 8394 5737 8081
f 8380 8081 5735
f 5810 8395 8102
f 8101 8395 5811
f 8396 8104 5746
f 8396 5773 8103
f 8397 8106 5806
f 8397 5744 8105
f 8398 5814 8144
f 8398 8143 5831
f 5847 8399 8149
f 8148 8399 5848
f 8400 8150 8151
f 8400 5848 5849
f 3533 8401 7139
f 8153 8401 8152
f 8381 7168 3506
f 7167 8402 3502
f 8156 8402 8155
f 8403 8167 7176
f 8403 3481 8166
f 3472 8404 3483
f 8211 8404 8210
f 8405 8212 8213
f 8405 3471 7225
f 8406 8216 1546
f 8406 3426 8054
f 8407 452 8217
f 8407 8055 3426
f 8408 1058 8218
f 8408 8056 3431
f 8409 8217 452
f 8409 3431 8058
f 8410 8220 8221
f 8410 3472 3471
f 3481 8411 8239
f 8238 8411 3483
f 8412 990 8248
f 8412 8073 3493
f 8413 8243 8251
f 8413 3506 3487
f 8414 8250 8252
f 8414 3533 3492
f 8415 8255 977
f 8415 3647 8076
f 8416 8077 8257
f 8382 5734 8256
f 8417 8256 1371
f 5733 8383 8259
f 8078 8418 8258
f 8259 8419 159
f 8391 8079 8261
f 8392 5733 8260
f 8384 8260 1369
f 8394 8080 8263
f 8393 5736 8262
f 8385 8262 1364
f 8418 8081 8258
f 8386 5737 8264
f 8419 8264 159
f 5736 8387 8265
f 8082 8416 8257
f 8265 8417 1371
f 5744 8420 8279
f 8278 8420 5746
f 8388 5772 1353
f 8421 8281 1360
f 8421 5791 8092
f 8422 30 8282
f 8422 8093 5791
f 8423 8282 30
f 8423 5793 8097
f 5805 8424 8289
f 8288 8424 5806
f 5811 8425 8296
f 8289 8425 5805
f 5814 8426 8298
f 8297 8426 5810
f 8110 8427 8305
f 121 8427 5777
f 5777 8428 1353
f 8299 8428 8112
f 8429 1360 8321
f 8429 8128 5826
f 8430 8319 121
f 8430 5826 8130
f 5830 8431 1368
f 8325 8431 8140
f 8432 8328 8329
f 8432 5832 5831
f 5830 8433 8326
f 8329 8433 5832
f 8150 8434 8331
f 1368 8434 5849
f 5853 8435 8334
f 8333 8435 5847
f 8436 8337 8253
f 8436 3648 7139
f 8437 8340 990
f 8437 3502 8156
f 3488 8438 8240
f 8347 8438 7176
f 8439 8363 1087
f 8439 7043 8184
f 8440 977 8361
f 8440 8185 7043
f 7188 8441 363
f 8367 8441 8190
f 8191 8442 8365
f 1087 8442 7188
f 8443 1546 8377
f 8443 8212 7225
f 5793 8444 8285
f 8378 8444 7237
f 8445 8334 8378
f 8445 7237 5853
f 3542 8446 8448
f 8446 3543 8447
f 8448 8447 3541
f 3544 8449 8451
f 8449 3545 8450
f 8451 8450 3543
f 3546 3547 8453
f 8452 8453 3547
f 3563 8454 8456
f 8454 3564 8455
f 8456 8455 3562
f 3565 8457 8459
f 8457 3566 8458
f 8459 8458 3564
f 3566 8460 8462
f 8460 3570 8461
f 8462 8461 3567
f 3621 8463 8465
f 8463 3622 8464
f 8465 8464 3620
f 3624 8466 8468
f 8466 3625 8467
f 8468 8467 3623
f 3626 8469 8471
f 8469 3627 8470
f 8471 8470 3625
f 3628 8472 8474
f 8472 3629 8473
f 8474 8473 3623
f 3630 8475 8477
f 8475 3631 8476
f 8477 8476 3629
f 8478 3632 8479
f 3632 8478 3634
f 4146 8480 8481
f 8480 4146 4147
f 4153 8482 8484
f 8482 4154 8483
f 8484 8483 4152
f 4145 8485 8487
f 8485 4155 8486
f 8487 8486 4153
f 4156 8488 8490
f 8488 4157 8489
f 8490 8489 4155
f 4158 8491 8493
f 8491 4159 8492
f 8493 8492 4157
f 6311 8494 6310
f 8495 6310 8494
f 8496 6310 8497
f 6310 8496 6314
f 6316 8498 8500
f 8498 6317 8499
f 8500 8499 6315
f 6312 8501 8503
f 8501 6318 8502
f 8503 8502 6315
f 6223 8504 8506
f 8504 6319 8505
f 8506 8505 6318
f 6321 8507 8509
f 8507 6322 8508
f 8509 8508 6320
f 7054 8510 8512
f 8510 7055 8511
f 8512 8511 7053
f 7054 8513 8515
f 8513 7056 8514
f 8515 8514 3542
f 3544 8516 8518
f 8516 7057 8517
f 8518 8517 3563
f 7057 8519 8521
f 8519 7059 8520
f 8521 8520 7058
f 7060 8522 8524
f 8522 7061 8523
f 8524 8523 7058
f 7056 8525 8527
f 8525 7062 8526
f 8527 8526 7059
f 3633 8528 8530
f 8528 7072 8529
f 8530 8529 7071
f 7069 8531 8533
f 8531 7071 8532
f 8533 8532 7053
f 7072 8534 8536
f 8534 7073 8535
f 8536 8535 7062
f 7074 8537 3632
f 8538 3632 8537
f 7077 8539 8541
f 8539 7078 8540
f 8541 8540 6313
f 7078 8542 8544
f 8542 7079 8543
f 8544 8543 7075
f 7079 8545 8547
f 8545 7080 8546
f 8547 8546 7073
f 7060 8548 8550
f 8548 7080 8549
f 8550 8549 3630
f 3631 8551 8553
f 8551 7077 8552
f 8553 8552 6317
f 6316 8554 8556
f 8554 6321 8555
f 8556 8555 3624
f 4159 8557 8559
f 8557 7082 8558
f 8559 8558 7081
f 4158 8560 8562
f 8560 7083 8561
f 8562 8561 3627
f 7083 8563 8565
f 8563 7084 8564
f 8565 8564 3620
f 4156 8566 8568
f 8566 7085 8567
f 8568 8567 7084
f 8569 3619 8570
f 3619 8569 7088
f 3570 8571 8573
f 8571 3621 8572
f 8573 8572 3618
f 3622 8574 8576
f 8574 7114 8575
f 8576 8575 3628
f 7061 8577 8579
f 8577 7114 8578
f 8579 8578 3565
f 7081 8580 8582
f 8580 7925 8581
f 8582 8581 4154
f 7925 8583 8585
f 8583 7926 8584
f 8585 8584 2218
f 7928 8586 8588
f 8586 7929 8587
f 8588 8587 7927
f 7929 8589 8591
f 8589 7930 8590
f 8591 8590 7926
f 7082 8592 8594
f 8592 7931 8593
f 8594 8593 7927
f 3626 8595 8597
f 8595 7932 8596
f 8597 8596 7931
f 6319 8598 8600
f 8598 7933 8599
f 8600 8599 6322
f 6320 8601 8603
f 8601 7934 8602
f 8603 8602 7932
f 7935 8604 8606
f 8604 7936 8605
f 8606 8605 7934
f 7928 8607 8609
f 8607 7936 8608
f 8609 8608 2214
f 2213 2212 8611
f 8610 8611 2212
f 2214 8611 8612
f 8611 2214 2213
f 3543 8446 8614
f 8446 3542 8613
f 8614 8613 1635
f 3541 8447 183
f 8615 183 8447
f 8448 3541 8616
f 1629 8616 3541
f 3545 8449 8618
f 8449 3544 8617
f 8618 8617 1656
f 3543 8450 8615
f 8450 3545 8619
f 8615 8619 183
f 3544 8451 8620
f 8451 3543 8614
f 8620 8614 1635
f 8452 3547 8619
f 183 8619 3547
f 3546 8453 8621
f 8453 3545 8618
f 8621 8618 1656
f 3562 3561 8623
f 8622 8623 3561
f 3564 8454 8625
f 8454 3563 8624
f 8625 8624 1655
f 3562 8626 221
f 8626 3562 8455
f 3563 8456 8627
f 8456 3562 8623
f 8627 8623 1656
f 3566 8457 8629
f 8457 3565 8628
f 8629 8628 949
f 3564 8458 8626
f 8458 3566 8630
f 8626 8630 221
f 3565 8459 8631
f 8459 3564 8625
f 8631 8625 1655
f 3570 8460 8632
f 8460 3566 8629
f 8632 8629 949
f 3567 8633 947
f 8633 3567 8461
f 8462 221 8630
f 221 8462 3567
f 3619 3618 8635
f 8634 8635 3618
f 3622 8463 8637
f 8463 3621 8636
f 8637 8636 949
f 3620 8464 8639
f 8464 3622 8638
f 8639 8638 280
f 3621 8465 8641
f 8465 3620 8640
f 8641 8640 948
f 3625 8466 8643
f 8466 3624 8642
f 8643 8642 952
f 3623 8467 8645
f 8467 3625 8644
f 8645 8644 280
f 3624 8468 8647
f 8468 3623 8646
f 8647 8646 953
f 3627 8469 8649
f 8469 3626 8648
f 8649 8648 1160
f 3625 8470 8644
f 8470 3627 8650
f 8644 8650 280
f 3626 8471 8651
f 8471 3625 8643
f 8651 8643 952
f 3629 8472 8653
f 8472 3628 8652
f 8653 8652 1654
f 3623 8473 8646
f 8473 3629 8654
f 8646 8654 953
f 3628 8474 8655
f 8474 3623 8645
f 8655 8645 280
f 3631 8475 8657
f 8475 3630 8656
f 8657 8656 1638
f 3629 8476 8654
f 8476 3631 8658
f 8654 8658 953
f 3630 8477 8659
f 8477 3629 8653
f 8659 8653 1654
f 3634 8478 1636
f 8660 1636 8478
f 3633 8479 8662
f 8479 3632 8661
f 8662 8661 1637
f 4145 8480 8664
f 8480 4147 8663
f 8664 8663 320
f 4146 8481 8666
f 8481 4145 8665
f 8666 8665 1162
f 4151 8666 1162
f 4154 8482 8668
f 8482 4153 8667
f 8668 8667 1163
f 4152 8483 1161
f 8669 1161 8483
f 8484 4152 8670
f 1162 8670 4152
f 4155 8485 8671
f 8485 4145 8664
f 8671 8664 320
f 4153 8486 8667
f 8486 4155 8672
f 8667 8672 1163
f 4145 8487 8665
f 8487 4153 8670
f 8665 8670 1162
f 4157 8488 8674
f 8488 4156 8673
f 8674 8673 950
f 4155 8489 8672
f 8489 4157 8675
f 8672 8675 1163
f 4156 8490 8676
f 8490 4155 8671
f 8676 8671 320
f 4159 8491 8678
f 8491 4158 8677
f 8678 8677 1160
f 4157 8492 8675
f 8492 4159 8679
f 8675 8679 1163
f 4158 8493 8680
f 8493 4157 8674
f 8680 8674 950
f 8494 954 8681
f 954 8494 6311
f 6310 8495 8683
f 8495 6312 8682
f 8683 8682 156
f 6314 8496 975
f 8684 975 8496
f 6313 8497 8685
f 8497 6310 8683
f 8685 8683 156
f 6317 8498 8687
f 8498 6316 8686
f 8687 8686 953
f 6315 8499 8689
f 8499 6317 8688
f 8689 8688 156
f 6316 8500 8691
f 8500 6315 8690
f 8691 8690 951
f 6318 8501 8692
f 8501 6312 8681
f 8692 8681 954
f 6315 8502 8690
f 8502 6318 8693
f 8690 8693 951
f 6312 8503 8682
f 8503 6315 8689
f 8682 8689 156
f 8504 955 8694
f 955 8504 6223
f 6318 8505 8693
f 8505 6319 8695
f 8693 8695 951
f 6223 8692 954
f 8692 6223 8506
f 6322 8507 8697
f 8507 6321 8696
f 8697 8696 951
f 6320 8508 8699
f 8508 6322 8698
f 8699 8698 393
f 6321 8509 8701
f 8509 6320 8700
f 8701 8700 952
f 7055 8702 1629
f 8702 7055 8510
f 8511 157 8703
f 157 8511 7055
f 7054 8512 8705
f 8512 7053 8704
f 8705 8704 1634
f 7056 8513 8706
f 8513 7054 8705
f 8706 8705 1634
f 3542 8514 8613
f 8514 7056 8707
f 8613 8707 1635
f 7054 8515 8702
f 8515 3542 8616
f 8702 8616 1629
f 7057 8516 8708
f 8516 3544 8620
f 8708 8620 1635
f 3563 8517 8624
f 8517 7057 8709
f 8624 8709 1655
f 3544 8518 8617
f 8518 3563 8627
f 8617 8627 1656
f 7059 8519 8710
f 8519 7057 8708
f 8710 8708 1635
f 7058 8520 8712
f 8520 7059 8711
f 8712 8711 455
f 7057 8521 8709
f 8521 7058 8713
f 8709 8713 1655
f 7061 8522 8715
f 8522 7060 8714
f 8715 8714 1654
f 7058 8523 8713
f 8523 7061 8716
f 8713 8716 1655
f 7060 8524 8717
f 8524 7058 8712
f 8717 8712 455
f 7062 8525 8718
f 8525 7056 8706
f 8718 8706 1634
f 7059 8526 8711
f 8526 7062 8719
f 8711 8719 455
f 7056 8527 8707
f 8527 7059 8710
f 8707 8710 1635
f 7067 8720 157
f 7072 8528 8721
f 8528 3633 8662
f 8721 8662 1637
f 7071 8529 8723
f 8529 7072 8722
f 8723 8722 1634
f 3633 8530 8660
f 8530 7071 8724
f 8660 8724 1636
f 8531 7069 8724
f 1636 8724 7069
f 7053 8532 8704
f 8532 7071 8723
f 8704 8723 1634
f 7069 8533 8720
f 8533 7053 8703
f 8720 8703 157
f 7073 8534 8725
f 8534 7072 8721
f 8725 8721 1637
f 7062 8535 8719
f 8535 7073 8726
f 8719 8726 455
f 7072 8536 8722
f 8536 7062 8718
f 8722 8718 1634
f 8537 975 8727
f 975 8537 7074
f 3632 8538 8661
f 8538 7075 8728
f 8661 8728 1637
f 7078 8539 8730
f 8539 7077 8729
f 8730 8729 1638
f 6313 8540 8684
f 8540 7078 8731
f 8684 8731 975
f 7077 8541 8732
f 8541 6313 8685
f 8732 8685 156
f 7079 8542 8733
f 8542 7078 8730
f 8733 8730 1638
f 7075 8543 8728
f 8543 7079 8734
f 8728 8734 1637
f 7078 8544 8731
f 8544 7075 8727
f 8731 8727 975
f 7080 8545 8735
f 8545 7079 8733
f 8735 8733 1638
f 7073 8546 8726
f 8546 7080 8736
f 8726 8736 455
f 7079 8547 8734
f 8547 7073 8725
f 8734 8725 1637
f 7080 8548 8736
f 8548 7060 8717
f 8736 8717 455
f 3630 8549 8656
f 8549 7080 8735
f 8656 8735 1638
f 7060 8550 8714
f 8550 3630 8659
f 8714 8659 1654
f 7077 8551 8729
f 8551 3631 8657
f 8729 8657 1638
f 6317 8552 8688
f 8552 7077 8732
f 8688 8732 156
f 3631 8553 8658
f 8553 6317 8687
f 8658 8687 953
f 6321 8554 8696
f 8554 6316 8691
f 8696 8691 951
f 3624 8555 8642
f 8555 6321 8701
f 8642 8701 952
f 6316 8556 8686
f 8556 3624 8647
f 8686 8647 953
f 7082 8557 8737
f 8557 4159 8678
f 8737 8678 1160
f 7081 8558 8739
f 8558 7082 8738
f 8739 8738 84
f 4159 8559 8679
f 8559 7081 8740
f 8679 8740 1163
f 7083 8560 8741
f 8560 4158 8680
f 8741 8680 950
f 3627 8561 8650
f 8561 7083 8742
f 8650 8742 280
f 4158 8562 8677
f 8562 3627 8649
f 8677 8649 1160
f 7084 8563 8743
f 8563 7083 8741
f 8743 8741 950
f 3620 8564 8640
f 8564 7084 8744
f 8640 8744 948
f 7083 8565 8742
f 8565 3620 8639
f 8742 8639 280
f 7085 8566 8745
f 8566 4156 8676
f 8745 8676 320
f 7084 8567 8744
f 8567 7085 8746
f 8744 8746 948
f 4156 8568 8673
f 8568 7084 8743
f 8673 8743 950
f 7088 8569 8747
f 8569 7085 8745
f 8747 8745 320
f 7085 8570 8746
f 8570 3619 8635
f 8746 8635 948
f 4147 8747 8663
f 8747 4147 7088
f 3621 8571 8636
f 8571 3570 8632
f 8636 8632 949
f 3618 8572 8634
f 8572 3621 8641
f 8634 8641 948
f 8573 3618 8633
f 947 8633 3618
f 7114 8574 8748
f 8574 3622 8637
f 8748 8637 949
f 3628 8575 8652
f 8575 7114 8749
f 8652 8749 1654
f 3622 8576 8638
f 8576 3628 8655
f 8638 8655 280
f 7114 8577 8749
f 8577 7061 8715
f 8749 8715 1654
f 3565 8578 8628
f 8578 7114 8748
f 8628 8748 949
f 7061 8579 8716
f 8579 3565 8631
f 8716 8631 1655
f 3561 8621 8622
f 8621 3561 3546
f 7925 8580 8750
f 8580 7081 8739
f 8750 8739 84
f 4154 8581 8669
f 8581 7925 8751
f 8669 8751 1161
f 7081 8582 8740
f 8582 4154 8668
f 8740 8668 1163
f 7926 8583 8752
f 8583 7925 8750
f 8752 8750 84
f 2218 8584 1157
f 8753 1157 8584
f 8585 2218 8751
f 1161 8751 2218
f 7929 8586 8755
f 8586 7928 8754
f 8755 8754 1158
f 7927 8587 8757
f 8587 7929 8756
f 8757 8756 84
f 7928 8588 8759
f 8588 7927 8758
f 8759 8758 1159
f 7930 8589 8760
f 8589 7929 8755
f 8760 8755 1158
f 8590 1157 8753
f 1157 8590 7930
f 7929 8591 8756
f 8591 7926 8752
f 8756 8752 84
f 7931 8592 8761
f 8592 7082 8737
f 8761 8737 1160
f 7927 8593 8758
f 8593 7931 8762
f 8758 8762 1159
f 7082 8594 8738
f 8594 7927 8757
f 8738 8757 84
f 7932 8595 8763
f 8595 3626 8651
f 8763 8651 952
f 7931 8596 8762
f 8596 7932 8764
f 8762 8764 1159
f 3626 8597 8648
f 8597 7931 8761
f 8648 8761 1160
f 7933 8694 955
f 8694 7933 8598
f 6322 8599 8698
f 8599 7933 8765
f 8698 8765 393
f 6319 8600 8695
f 8600 6322 8697
f 8695 8697 951
f 7934 8601 8766
f 8601 6320 8699
f 8766 8699 393
f 7932 8602 8764
f 8602 7934 8767
f 8764 8767 1159
f 6320 8603 8700
f 8603 7932 8763
f 8700 8763 952
f 8604 7935 8768
f 959 8768 7935
f 7934 8605 8767
f 8605 7936 8769
f 8767 8769 1159
f 7935 8606 8770
f 8606 7934 8766
f 8770 8766 393
f 7937 7935 8771
f 8770 8771 7935
f 7933 8771 8765
f 8771 7933 7937
f 7936 8607 8769
f 8607 7928 8759
f 8769 8759 1159
f 2214 8768 959
f 8768 2214 8608
f 7928 8609 8754
f 8609 2214 8612
f 8754 8612 1158
f 2212 8760 8610
f 8760 2212 7930
